wo,at,side,ask,strike,distance,won,ticker,graded_ms,exited_ms,status,created_ms,settled_ms,facts_synced_ms,day,known,timing_source,er15,er60,crossings,trend15,trend60,locked,release_side,adx,chop,regime_chop,ohlc_valid,postshock,postshock_coverage,postshock_reason,recent_shock_ms,recent_shock_bps,shock_range,postshock_range,postshock_range_ratio,postshock_er60,postshock_breakout
1790136000000,1790136239731,DOWN,0.76,86698.29,6.6230641150355485,0,KXBTC15M-26SEP230015-15,,,,,1790136908289,1790294816587,2026-09-23,1790137230428,shadow_official_arrival,0.783420599154605,,1,-15.346180599895565,21.449353529123805,False,,,,,False,False,False,missing_current_hour,,,,,,,
1790136900000,1790137266446,UP,0.79,86841.04,5.028363701462535,1,KXBTC15M-26SEP230030-30,,,,,,,2026-09-23,1790137889355,shadow_official_arrival,0.5139716218731722,0.22408990271786383,3,27.83517995893714,36.268997259016885,False,,,,,False,False,True,no_recent_shock,,,,311.83999999998196,,0.22408990271786383,False
1790137800000,1790138039348,UP,0.84,87061.36,19.132827697614374,1,KXBTC15M-26SEP230045-45,,,,,1790138708240,1790294816542,2026-09-23,1790138958526,shadow_official_arrival,0.5802305555355844,0.3089729829426912,3,49.405544509280034,63.542050292058065,False,,,35.641235130609985,,False,False,True,no_recent_shock,,,,520.9118333334482,,0.3089729829426912,False
1790138700000,1790138949164,UP,0.65,87161.65,3.7901798937189923,1,KXBTC15M-26SEP230100-00,,,,,,,2026-09-23,1790139866237,shadow_official_arrival,0.1053542068769836,0.2571799668566091,4,-3.81152751454672,48.92482378726637,False,,,35.97970926192437,,False,False,True,no_recent_shock,,,,604.8179999999556,,0.2571799668566091,False
1790139600000,1790139841819,DOWN,0.926,87176.95,26.934585346244376,1,KXBTC15M-26SEP230115-15,,,,,1790140508235,1790294816489,2026-09-23,1790140510375,shadow_official_arrival,0.5539533699184833,0.16760515258952477,5,-26.694223093820526,36.21781918297317,False,,,32.91279469359979,,False,False,True,no_recent_shock,,,,604.8179999999556,,0.16760515258952477,False
1790140500000,1790140743621,DOWN,0.66,86935.98,4.477662758273215,1,KXBTC15M-26SEP230130-30,,,,,,,2026-09-23,1790141709506,shadow_official_arrival,0.21155012418606764,0.0636227914568728,7,-3.8826970476235623,12.590933549359029,False,,,38.48748734184714,,False,False,True,no_recent_shock,,,,446.58983333328797,,0.0636227914568728,False
1790141400000,1790141721449,DOWN,0.65,86766.64,3.982233263832846,1,KXBTC15M-26SEP230145-45,,,,,,,2026-09-23,1790142338673,shadow_official_arrival,0.5634322347861034,0.39830966893053477,1,-16.352557306941186,-59.02947063549102,False,,44.80950664877843,35.11709611303833,,False,False,True,no_recent_shock,,,,518.2114999998594,,0.39830966893053477,False
1790142300000,1790142605903,DOWN,0.8,86730.52,8.412820923172637,1,KXBTC15M-26SEP230200-00,,,,,1790143208227,1790294816429,2026-09-23,1790143455634,shadow_official_arrival,0.11904531108447491,0.3985267239623433,5,-5.1447368321544396,-58.95610470451062,False,,36.28316505025427,28.69614428346756,,False,False,True,no_recent_shock,,,,493.6743333331833,,0.3985267239623433,False
1790143200000,1790143446339,UP,0.68,86478.37,5.591802898230469,1,KXBTC15M-26SEP230215-15,,,,,1790144108227,1790294816365,2026-09-23,1790144110160,shadow_official_arrival,0.46932556473750714,0.3342240259793384,4,-25.218967147035976,-47.780683573555024,False,,34.686609166173,18.079404930045815,,False,False,True,no_recent_shock,,,,504.26050000006217,,0.3342240259793384,False
1790144100000,1790144343379,DOWN,0.69,86598.61,4.965572388131445,1,KXBTC15M-26SEP230230-30,,,,,1790145008232,1790294816282,2026-09-23,1790145309400,shadow_official_arrival,0.17007255338994526,0.25910379066357087,0,4.143465816917047,-40.59178693024301,False,,32.4317156025453,28.01646204578114,,False,False,True,no_recent_shock,,,,457.9825000001583,,0.25910379066357087,False
1790145000000,1790145344395,UP,0.67,86436.3,1.7730012352012992,1,KXBTC15M-26SEP230245-45,,,,,1790145908230,1790294816218,2026-09-23,1790145968099,shadow_official_arrival,0.3823800223909239,0.2207121049688274,2,-7.818701171378173,-33.26289382552194,False,,31.01115647374279,30.951447367654954,,False,False,True,no_recent_shock,,,,423.02649999996356,,0.2207121049688274,False
1790145900000,1790146145333,DOWN,0.8,86553.08,7.08867514208622,1,KXBTC15M-26SEP230300-00,,,,,1790146808229,1790294816152,2026-09-23,1790146874881,shadow_official_arrival,0.27040786110000653,0.20822023138164655,2,6.058119866210188,-29.25395116747054,False,,28.889065188874437,32.90494482079983,,False,False,True,no_recent_shock,,,,357.1193333333649,,0.20822023138164655,False
1790146800000,1790147084913,DOWN,0.68,86477.69,3.8714224057856406,1,KXBTC15M-26SEP230315-15,,,,,,,2026-09-23,1790147949641,shadow_official_arrival,0.3483042604784163,0.12203346990913487,5,-5.058553727788073,-11.484637949348286,False,,27.271750233187902,47.70118350719995,,False,False,True,no_recent_shock,,,,210.237999999983,,0.12203346990913487,False
1790147700000,1790147940074,UP,0.7,86360.37,6.273710962569901,1,KXBTC15M-26SEP230330-30,,,,,,,2026-09-23,1790148855446,shadow_official_arrival,0.046392454760324095,0.1323900094987889,2,1.9796495605683972,-17.105266760387707,False,,28.87906965988437,45.74218175034452,,False,False,True,no_recent_shock,,,,230.28349999987404,,0.1323900094987889,False
1790148600000,1790148846393,DOWN,0.78,86387.64,9.95715359280891,1,KXBTC15M-26SEP230345-45,,,,,1790149508224,1790294816079,2026-09-23,1790149801506,shadow_official_arrival,0.3393060858358574,0.11208587829533184,3,-13.068111793682613,-15.934504188330756,False,,30.846980033693473,48.95055074351246,,False,False,True,no_recent_shock,,,,244.2311666666501,,0.11208587829533184,False
1790149500000,1790149791006,UP,0.65,86085.81,4.802475576415333,1,KXBTC15M-26SEP230400-00,,,,,1790150408227,1790294816005,2026-09-23,1790150651517,shadow_official_arrival,0.5113489485710937,0.2959107583246367,1,-18.872946244171686,-40.51523148377534,False,,35.378564184180526,32.36262513014237,False,True,False,True,no_recent_shock,,,,409.0954999999667,,0.2959107583246367,False
1790150400000,1790150641836,UP,0.68,86132.91,7.567722952825928,1,KXBTC15M-26SEP230415-15,,,,,,,2026-09-23,1790151550738,shadow_official_arrival,0.3265730744561556,0.12237406257102752,1,14.131778317776345,-23.07398445135278,False,,38.41361842659217,36.18794860671405,False,True,False,True,no_recent_shock,,,,365.00950000001467,,0.12237406257102752,False
1790151300000,1790151541410,UP,0.79,86160.18,9.265223602514805,0,KXBTC15M-26SEP230430-30,,,,,1790152208221,1790294815935,2026-09-23,1790152459802,shadow_official_arrival,0.085453406628409,0.11479827462500483,2,3.599779834204675,-20.19806463920193,False,,38.08199557681837,43.12476244300776,False,True,False,True,no_recent_shock,,,,338.0795000000362,,0.11479827462500483,False
1790152200000,1790152450107,UP,0.65,86152.73,2.9241866934048844,0,KXBTC15M-26SEP230445-45,,,,,,,2026-09-23,1790153356980,shadow_official_arrival,0.3142416580880079,0.09249635453217686,0,-7.199288027285311,-14.333430791908519,False,,36.14321596885079,44.55277229899918,False,True,False,True,no_recent_shock,,,,232.29483333327516,,0.09249635453217686,False
1790153100000,1790153347942,DOWN,0.82,86093.07,14.931031421383523,1,KXBTC15M-26SEP230500-00,,,,,1790154008215,1790294815873,2026-09-23,1790154253226,shadow_official_arrival,0.6214388625392413,0.08800177076742116,1,-24.827986461467553,-14.050047405596011,False,,36.454966736202415,60.36777454861979,False,True,False,True,no_recent_shock,,,,199.6304999999702,,0.08800177076742116,True
1790154000000,1790154244115,UP,0.65,85890.34,5.723848960590416,1,KXBTC15M-26SEP230515-15,,,,,,,2026-09-23,1790155167688,shadow_official_arrival,0.040570223194434624,0.19009606876201707,4,-2.595919990089346,-29.99958092653965,False,,41.85111627715566,34.38454112612791,False,True,False,True,no_recent_shock,,,,531.2868333333317,,0.19009606876201707,False
1790154900000,1790155263666,DOWN,0.66,85939.87,3.598097134658307,1,KXBTC15M-26SEP230530-30,,,,,,,2026-09-23,1790156116032,shadow_official_arrival,0.05846339642884028,0.254747639015212,4,2.195305587777696,-39.3491878487029,False,,43.73039407735127,31.990135424289114,False,True,False,True,no_recent_shock,,,,531.2868333333317,,0.254747639015212,False
1790155800000,1790156080758,DOWN,0.71,85883.15,4.549087917703476,1,KXBTC15M-26SEP230545-45,,,,,1790156708225,1790294815786,2026-09-23,1790157036297,shadow_official_arrival,0.21610955548706423,0.22200769409373186,1,-8.016466791325172,-37.939846650855145,False,,44.19766151258094,33.39936239641472,False,True,False,True,no_recent_shock,,,,477.562333333306,,0.22200769409373186,False
1790156700000,1790156974198,UP,0.65,85796.47,1.380981447520746,1,KXBTC15M-26SEP230600-00,,,,,,,2026-09-23,1790157646482,shadow_official_arrival,0.337411386005278,0.1250915667858945,0,-4.8106213263299225,-17.473989727525563,False,,45.58364729964717,37.160288186369684,False,True,False,True,no_recent_shock,,,,265.63016666666954,,0.1250915667858945,False
1790157600000,1790157893516,UP,0.67,85836.89,4.28337590827832,0,KXBTC15M-26SEP230615-15,,,,,,,2026-09-23,1790158563662,shadow_official_arrival,0.18135375898673572,0.06683192818017183,3,6.878217069881121,-7.53471784838311,False,,45.748463146826104,56.091933261964144,False,True,False,True,no_recent_shock,,,,220.1710000000603,,0.06683192818017183,False
1790158500000,1790158745146,DOWN,0.66,85833.66,2.6900091797599224,1,KXBTC15M-26SEP230630-30,,,,,1790159408227,1790294815734,2026-09-23,1790159489272,shadow_official_arrival,0.386846127766696,0.11808066514013203,5,-6.751521565108165,-12.82511082544624,False,,43.973350459419905,49.96086914948083,False,True,False,True,no_recent_shock,,,,217.6155000000872,,0.11808066514013203,False
1790159400000,1790159676352,UP,0.66,85772.68,0.2614468849571061,1,KXBTC15M-26SEP230645-45,,,,,,,2026-09-23,1790160410267,shadow_official_arrival,0.15724192667246178,0.10228242966801905,3,-5.1610431412973945,-8.700660020805051,False,,45.12826119065147,39.2062608486214,False,True,False,True,no_recent_shock,,,,241.16433333339228,,0.10228242966801905,False
1790160300000,1790160701491,DOWN,0.68,85860.26,2.339110860674065,0,KXBTC15M-26SEP230700-00,,,,,,,2026-09-23,1790161324962,shadow_official_arrival,0.5135135694626007,0.027264981176031763,3,6.9083742235998,3.206189582209973,False,,42.06472723794176,45.84281429050408,False,True,False,True,no_recent_shock,,,,241.16433333339228,,0.027264981176031763,False
1790161200000,1790161441910,DOWN,0.77,85902.52,8.752420767172975,1,KXBTC15M-26SEP230715-15,,,,,,,2026-09-23,1790162240288,shadow_official_arrival,0.10409678972479113,0.03797169468746921,2,-3.67145192783469,-4.79925448835905,False,,39.8085263397798,48.619213053733425,False,True,False,True,no_recent_shock,,,,272.5006666666741,,0.03797169468746921,False
1790162100000,1790162346582,DOWN,0.68,85739.6,4.802040130821306,1,KXBTC15M-26SEP230730-30,,,,,1790163008222,1790294815670,2026-09-23,1790163324309,shadow_official_arrival,0.4179462528381606,0.09708488410100634,3,-15.019340953668081,-13.068689066577655,False,,35.826856333513064,44.45430174333693,False,True,False,True,no_recent_shock,,,,272.5006666666741,,0.09708488410100634,False
1790163000000,1790163242504,UP,0.65,85492.25,6.172586793924406,0,KXBTC15M-26SEP230745-45,,,,,,,2026-09-23,1790163933374,shadow_official_arrival,0.5238175801303189,0.19278341984927788,0,-18.16876815307955,-23.900436797452684,False,,37.80824326250306,33.68486430848431,False,True,False,True,no_recent_shock,,,,430.69950000003155,,0.19278341984927788,False
1790163900000,1790164145773,UP,0.9,85486.96,15.232167182772649,1,KXBTC15M-26SEP230800-00,,,,,1790164808223,1790294815601,2026-09-23,1790165133036,shadow_official_arrival,0.2936394236769255,0.2198410775772556,2,8.434661962850587,-28.148755757456676,False,,41.344798288986624,24.717566711118696,False,True,False,True,no_recent_shock,,,,461.60766666672134,,0.2198410775772556,False
1790164800000,1790165048618,DOWN,0.74,85641.64,15.389359661965862,1,KXBTC15M-26SEP230815-15,,,,,1790165708226,1790294815528,2026-09-23,1790165746071,shadow_official_arrival,0.42135691314448265,0.29025061537681635,6,-12.536289180041793,-36.99188630867045,False,,36.725975266122944,27.46246108898365,False,True,False,True,no_recent_shock,,,,402.4323333334323,,0.29025061537681635,False
1790165700000,1790165944266,DOWN,0.83,85462.47,14.353922448844258,1,KXBTC15M-26SEP230830-30,,,,,1790166608233,1790294815479,2026-09-23,1790166663261,shadow_official_arrival,0.4847190134774953,0.31720414629320753,1,-21.653009699141855,-42.1152390398416,False,,36.5473655766175,35.783683832598754,False,True,False,True,no_recent_shock,,,,237.88849999994272,,0.31720414629320753,True
1790166600000,1790166871108,UP,0.67,85457.37,6.191742151671065,0,KXBTC15M-26SEP230845-45,,,,,,,2026-09-23,1790167568132,shadow_official_arrival,0.4815584091348613,0.008363349387159538,3,22.340078798825935,-2.7633871471755,False,,39.19668878635958,42.69739593673277,False,True,False,True,no_recent_shock,,,,354.85466666652064,,0.008363349387159538,False
1790167500000,1790167742504,UP,0.79,85451.95,8.022188688112664,1,KXBTC15M-26SEP230900-00,,,,,1790168408237,1790294815400,2026-09-23,1790168552990,shadow_official_arrival,0.12999461623039713,0.09043867758774143,0,-1.9279767561675154,-11.113544401947228,False,,38.13305382899127,43.06780950520966,False,True,False,True,no_recent_shock,,,,354.85466666652064,,0.09043867758774143,False
1790168400000,1790168647042,DOWN,0.77,85473.0,7.791875797025227,1,KXBTC15M-26SEP230915-15,,,,,1790169308224,1790294815338,2026-09-23,1790169430393,shadow_official_arrival,0.33392940079509964,0.08944860504683491,3,-13.34190809338831,-13.865499822703908,False,,37.193329623063526,43.352610298501986,False,True,False,True,no_recent_shock,,,,247.19599999992352,,0.08944860504683491,False
1790169300000,1790169548054,UP,0.67,85343.71,7.204026322893409,1,KXBTC15M-26SEP230930-30,,,,,1790170208228,1790294815271,2026-09-23,1790170349787,shadow_official_arrival,0.00023287783832273042,0.04916137425281078,2,-0.14151944815243844,7.662778874601983,False,,39.02720965876393,58.31578490761082,False,True,False,True,no_recent_shock,,,,239.42299999995157,,0.04916137425281078,False
1790170200000,1790170443579,UP,0.67,85532.1,11.133071677187356,1,KXBTC15M-26SEP230945-45,,,,,,,2026-09-23,1790171266402,shadow_official_arrival,0.6629320946182856,0.07684287327229582,3,25.318641747007486,11.020027387576015,False,,35.890872467136695,56.47879857775722,False,True,False,True,no_recent_shock,,,,261.4689999999682,,0.07684287327229582,True
1790171100000,1790171347988,DOWN,0.87,85829.1,19.059716731674172,1,KXBTC15M-26SEP231000-00,,,,,1790172008233,1790294815187,2026-09-23,1790172127710,shadow_official_arrival,0.08130065374294738,0.10331109696475937,2,6.517604161691004,19.016590304610226,False,,32.18880629364039,32.24894563336853,False,True,False,True,no_recent_shock,,,,537.5166666666482,,0.10331109696475937,False
1790172000000,1790172377838,DOWN,0.68,85773.17,5.2114198414243695,1,KXBTC15M-26SEP231015-15,,,,,1790172908285,1790294815132,2026-09-23,1790173002003,shadow_official_arrival,,,,10.141214168317703,43.88275647138728,False,,,,,False,False,False,missing_current_hour,,,,,,,
1790172900000,1790173144649,DOWN,0.88,84830.29,39.41349644489001,1,KXBTC15M-26SEP231030-30,,,,,1790173808235,1790294815070,2026-09-23,1790173909343,shadow_official_arrival,0.7848665280691917,,1,-149.2674651456616,-107.59833950469088,False,,,,,False,False,False,missing_current_hour,,,,,,,
1790173800000,1790174040628,UP,0.75,84036.84,23.6057781325405,1,KXBTC15M-26SEP231045-45,,,,,1790174708239,1790294814982,2026-09-23,1790174826659,shadow_official_arrival,0.18893406921022823,,2,-32.29405399254759,-163.02914258952916,False,,,,,False,False,False,missing_current_hour,,,,,,,
1790174700000,1790175071487,DOWN,0.75,84332.26,7.716758292342085,0,KXBTC15M-26SEP231100-00,,,,,,,2026-09-23,1790175817555,shadow_official_arrival,0.21135216297286558,,3,-17.733774294342865,-163.02413230427248,False,,,,,False,False,False,missing_current_hour,,,,,,,
1790175600000,1790175933923,UP,0.66,84507.03,3.9394750156596103,1,KXBTC15M-26SEP231115-15,,,,,,,2026-09-23,1790177118365,shadow_official_arrival,0.3751237363804731,0.28191772704701956,5,25.77800141229325,-142.761535410606,False,,,,,False,False,True,conditions_not_met,1790175900000,-142.2495104440835,1811.5969999999215,1811.5969999999215,1.0,0.28191772704701956,False
1790176500000,1790176885749,DOWN,0.75,84645.21,6.0315482313455515,1,KXBTC15M-26SEP231130-30,,,,,,,2026-09-23,1790177721173,shadow_official_arrival,0.1049460047967625,0.08538956172461923,4,4.717522604500424,20.50147502553168,False,,,32.269953360499045,,False,True,True,flagged,1790176080000,-123.2197915013744,1651.5985000000219,800.4078333333309,0.48462615661937225,0.08538956172461923,False
1790177400000,1790177639196,DOWN,0.74,84523.09,13.02342354023489,1,KXBTC15M-26SEP231145-45,,,,,,,2026-09-23,1790178327664,shadow_official_arrival,0.4736747484561057,0.1559101520375346,1,-29.410849822307796,20.84509118879918,False,,,41.16370537477223,,False,True,True,flagged,1790176080000,-123.2197915013744,1651.5985000000219,697.3634999999922,0.4222354888309616,0.1559101520375346,False
1790178300000,1790178547917,DOWN,0.69,84309.98,8.004864904485043,1,KXBTC15M-26SEP231200-00,,,,,,,2026-09-23,1790179243889,shadow_official_arrival,0.3356981670111513,0.0030076088030974576,3,-20.20079558351151,-1.916282276132053,False,,,45.275813709634726,,False,True,True,flagged,1790176080000,-123.2197915013744,1651.5985000000219,493.2160000000731,0.2986294792590733,0.0030076088030974576,False
1790179200000,1790179440797,DOWN,0.83,84005.77,40.300545228422195,0,KXBTC15M-26SEP231215-15,,,,,1790180108230,1790294814883,2026-09-23,1790180159758,shadow_official_arrival,0.7040725180328423,0.37894974037872575,1,-68.47906382417834,-104.60451673510617,False,,,31.213922760551924,,False,False,True,conditions_not_met,1790179440000,-106.27745824655533,1120.3678333332937,924.3690000000643,0.8250584964135412,0.37894974037872575,True
1790180100000,1790180473429,DOWN,0.74,84321.36,5.956122307950729,1,KXBTC15M-26SEP231230-30,,,,,1790181008243,1790294814791,2026-09-23,1790181072888,shadow_official_arrival,0.5022554269000464,0.11830516511336359,6,24.766302796608297,-39.35867849409358,False,,56.628927297822315,21.14890404441327,,False,False,True,conditions_not_met,1790179440000,-106.27745824655533,1120.3678333332937,1020.4474999999657,0.9108147071341318,0.11830516511336359,False
1790181000000,1790181247123,UP,0.68,84200.6,6.90644326366785,0,KXBTC15M-26SEP231245-45,,,,,,,2026-09-23,1790182205344,shadow_official_arrival,0.10944315651264318,0.05685080290557956,4,-6.17838679385363,-18.274354827355623,False,,55.92853996067023,24.232392142203086,,False,False,True,conditions_not_met,1790179440000,-106.27745824655533,1120.3678333332937,878.860833333194,0.7844395449291208,0.05685080290557956,False
1790181900000,1790182145240,DOWN,0.8,84095.35,16.339785731310783,1,KXBTC15M-26SEP231300-00,,,,,1790182808237,1790294814717,2026-09-23,1790182814302,shadow_official_arrival,0.48656631635550934,0.09766541913650352,3,-35.47721027399086,-33.97008678991287,False,,54.950102122834735,31.30140527574589,,False,False,True,conditions_not_met,1790179440000,-106.27745824655533,1120.3678333332937,706.5948333332781,0.630681114104314,0.09766541913650352,False
1790182800000,1790183041230,DOWN,0.74,84017.64,11.402744312588586,1,KXBTC15M-26SEP231315-15,,,,,1790183708244,1790294814631,2026-09-23,1790183734724,shadow_official_arrival,0.06653436185312372,0.10908603015589151,2,-5.351164588603963,30.431829822130663,False,,54.66067409021468,40.024401971275026,,False,False,True,conditions_not_met,1790179440000,-106.27745824655533,1120.3678333332937,676.9073333333072,0.6041831202163198,0.10908603015589151,False
1790183700000,1790183948897,UP,0.907,83771.23,29.434687780045543,1,KXBTC15M-26SEP231330-30,,,,,1790184608232,1790294814586,2026-09-23,1790184642166,shadow_official_arrival,0.17345331804140474,0.1356833720127191,0,11.588858991087303,-34.60414924604138,False,,51.59794624519589,44.21729195162464,,False,True,True,flagged,1790179440000,-106.27745824655533,1120.3678333332937,543.4978333333274,0.48510660263810385,0.1356833720127191,False
1790184600000,1790184924692,DOWN,0.69,84055.8,5.8025343482071,0,KXBTC15M-26SEP231345-45,,,,,,,2026-09-23,1790185561121,shadow_official_arrival,0.06266261453191155,0.10777830386152086,4,1.1200753755402637,-26.830934804158435,False,,42.26633852422623,44.36500503690883,,False,True,True,flagged,1790179440000,-106.27745824655533,1120.3678333332937,486.30533333333733,0.43405863580221904,0.10777830386152086,False
1790185500000,1790185784051,UP,0.7,84226.51,8.649988386486562,1,KXBTC15M-26SEP231400-00,,,,,1790186408237,1790294814508,2026-09-23,1790186476981,shadow_official_arrival,0.5221398646963472,0.17173143936846935,1,30.45911234137222,44.52977297180638,False,,37.602740485490486,49.97268348763662,,False,True,True,flagged,1790179440000,-106.27745824655533,1120.3678333332937,531.7725000000501,0.4746409921623082,0.17173143936846935,False
1790186400000,1790186644476,DOWN,0.74,84315.32,14.577244088019858,1,KXBTC15M-26SEP231415-15,,,,,,,2026-09-23,1790187400420,shadow_official_arrival,0.2952423505902675,0.16094831872726365,4,-11.545218871134022,32.2412707915487,False,,31.387602632194085,36.321507997240445,,False,False,True,conditions_not_met,1790179440000,-106.27745824655533,1120.3678333332937,581.6128333334345,0.5191266796753998,0.16094831872726365,False
1790187300000,1790187716097,DOWN,0.7,84213.56,4.995810650908483,1,KXBTC15M-26SEP231430-30,,,,,,,2026-09-23,1790188320042,shadow_official_arrival,0.096773256482564,0.1411058391357873,4,-12.413522615940531,16.36969782236708,False,,23.917239495858883,32.05944300336307,,False,True,True,flagged,1790179440000,-106.27745824655533,1120.3678333332937,359.17616666667163,0.320587717694517,0.1411058391357873,False
1790188200000,1790188739319,DOWN,0.64,84161.61,3.1156525324727014,0,KXBTC15M-26SEP231445-45,,,,,,,2026-09-23,1790189147167,shadow_official_arrival,0.1740390149886655,0.08685057031326444,3,-4.223171969439665,11.27103161887577,False,,20.68140050757799,39.73410596339346,False,True,True,True,flagged,1790179440000,-106.27745824655533,1120.3678333332937,334.41849999999977,0.2984899155887448,0.08685057031326444,False
1790189100000,1790189341355,UP,0.69,84208.4,1.0666988091467822,1,KXBTC15M-26SEP231500-00,,,,,1790190008286,1790294814429,2026-09-23,1790190059567,shadow_official_arrival,0.25345744603369613,0.08320361898820607,2,6.352940471028301,-8.582698854243676,False,,18.647780067513654,39.00099779238051,False,True,True,True,flagged,1790179440000,-106.27745824655533,1120.3678333332937,218.46966666671506,0.19499816057439717,0.08320361898820607,False
1790190000000,1790190246488,DOWN,0.71,84333.88,6.62881078558164,0,KXBTC15M-26SEP231515-15,,,,,1790190908252,1790294814382,2026-09-23,1790190945755,shadow_official_arrival,0.17040003806509926,0.07726482177963845,4,7.1949714973151835,10.16304975022031,False,,17.809535163298328,46.860562193068915,False,True,True,True,flagged,1790179440000,-106.27745824655533,1120.3678333332937,251.6760000000795,0.22463693843413785,0.07726482177963845,False
1790190900000,1790191142586,DOWN,0.74,84361.36,5.402591897516462,0,KXBTC15M-26SEP231530-30,,,,,,,2026-09-23,1790191859369,shadow_official_arrival,0.0939698443719375,0.10193827658234829,4,3.929099657422608,14.716957981175671,False,,15.653615691435238,48.319051222325214,True,True,True,True,flagged,1790179440000,-106.27745824655533,1120.3678333332937,251.6760000000795,0.22463693843413785,0.10193827658234829,False
1790191800000,1790192046814,UP,0.72,84401.48,5.602231935579738,1,KXBTC15M-26SEP231545-45,,,,,1790192708248,1790294814298,2026-09-23,1790192781593,shadow_official_arrival,0.3816840330202287,0.2205143014799963,1,15.771740703227621,33.84467137876879,True,,15.18019218855567,42.304500041282324,True,True,True,True,flagged,1790179440000,-106.27745824655533,1120.3678333332937,300.9321666667238,0.2686012198077814,0.2205143014799963,False
1790192700000,1790192945876,UP,0.67,84448.59,6.068800754011061,1,KXBTC15M-26SEP231600-00,,,,,1790193608243,1790294814228,2026-09-23,1790193687073,shadow_official_arrival,0.3012187677600811,0.22804087143829466,5,6.685524640035467,33.53911725607395,False,UP,15.880138428768602,36.85916607953349,False,True,False,True,conditions_not_met,1790179440000,-106.27745824655533,1120.3678333332937,256.9648333333462,0.22935756069399998,0.22804087143829466,True
1790193600000,1790193842550,DOWN,0.86,84476.4,12.637415104491678,1,KXBTC15M-26SEP231615-15,,,,,1790194508244,1790294814144,2026-09-23,1790194609120,shadow_official_arrival,0.3032840855667179,0.0787041041591038,3,-15.50067424353374,10.319579249995492,True,,18.143067456300802,41.82586669010388,False,True,True,True,flagged,1790179440000,-106.27745824655533,1120.3678333332937,307.39383333321894,0.27436867088433586,0.0787041041591038,False
1790194500000,1790194998668,DOWN,0.73,84372.17,2.0936603463772574,1,KXBTC15M-26SEP231630-30,,,,,,,2026-09-23,1790195538938,shadow_official_arrival,0.02507590511545649,0.0035687626783895495,6,-3.349901460628635,-2.175867586903246,True,,14.461759509183604,53.72960512670724,False,True,True,True,flagged,1790179440000,-106.27745824655533,1120.3678333332937,229.04016666654206,0.20443300838538608,0.0035687626783895495,False
1790195400000,1790195643757,UP,0.71,84284.28,5.808299404517214,1,KXBTC15M-26SEP231645-45,,,,,,,2026-09-23,1790196517178,shadow_official_arrival,0.18008890505241926,0.09531086471110618,2,-5.2872289836625175,-13.044301760888333,True,,14.686865416925261,46.41284011710818,False,True,True,True,flagged,1790179440000,-106.27745824655533,1120.3678333332937,275.591833333252,0.2459833504085147,0.09531086471110618,False
1790196300000,1790196540641,DOWN,0.82,84393.67,7.343481250828843,1,KXBTC15M-26SEP231700-00,,,,,1790197208232,1790294814065,2026-09-23,1790197506577,shadow_official_arrival,0.03298567681588448,0.12792174910090157,2,0.007885534833995678,-19.99152858340958,True,,12.786028402642458,46.22501824421779,False,True,True,True,flagged,1790179440000,-106.27745824655533,1120.3678333332937,275.591833333252,0.2459833504085147,0.12792174910090157,False
1790197200000,1790197447565,UP,0.7,84224.07,4.399910065295831,1,KXBTC15M-26SEP231715-15,,,,,,,2026-09-23,1790198424367,shadow_official_arrival,0.38145366939509,0.1191534164055536,2,-8.367889768545744,-12.861952310964098,True,,13.27005450046877,42.46704499189196,False,True,True,True,flagged,1790179440000,-106.27745824655533,1120.3678333332937,191.09566666673345,0.17056511351114914,0.1191534164055536,False
1790198100000,1790198364792,DOWN,0.72,84362.95,3.099543895362933,0,KXBTC15M-26SEP231730-30,,,,,,,2026-09-23,1790199344103,shadow_official_arrival,0.38605757703728805,0.03757190852941662,2,7.910275092131158,-4.212438840758281,True,,12.74223585641189,55.71347855402769,False,True,True,True,flagged,1790179440000,-106.27745824655533,1120.3678333332937,191.09566666673345,0.17056511351114914,0.03757190852941662,False
1790199000000,1790199344103,UP,0.73,84406.62,4.560384797620554,1,KXBTC15M-26SEP231745-45,,,,,1790199908232,1790294814007,2026-09-23,1790199959257,shadow_official_arrival,0.5701940166790895,0.09113761207646856,1,13.821434723875203,11.96834398742741,True,,10.98350369772856,47.77760857932018,True,True,True,True,flagged,1790179440000,-106.27745824655533,1120.3678333332937,199.1053333333839,0.17771425366703905,0.09113761207646856,False
1790199900000,1790200146846,DOWN,0.7,84481.84,3.370053650978422,1,KXBTC15M-26SEP231800-00,,,,,1790200808236,1790294813930,2026-09-23,1790200862788,shadow_official_arrival,0.3047532303962821,0.15640353119915404,2,3.9447374209089503,14.427967923347218,True,,12.478164181759933,36.22955494531324,True,True,True,True,flagged,1790179440000,-106.27745824655533,1120.3678333332937,267.91450000008626,0.2391308390236383,0.15640353119915404,False
1790200800000,1790201050078,DOWN,0.69,84415.13,4.6779528740859,0,KXBTC15M-26SEP231815-15,,,,,,,2026-09-23,1790201778798,shadow_official_arrival,0.533123014009747,0.19652270995623794,3,-9.20367860200444,13.590272241930101,True,,12.313256843553726,27.446849160395303,True,True,True,True,flagged,1790179440000,-106.27745824655533,1120.3678333332937,239.53750000006403,0.21380255026369094,0.19652270995623794,False
1790201700000,1790201948060,DOWN,0.67,84591.12,5.150875568653568,1,KXBTC15M-26SEP231830-30,,,,,1790202608241,1790294813882,2026-09-23,1790202727442,shadow_official_arrival,0.38479352662571564,0.24053506483655188,2,19.89272047687285,24.645157682290364,True,,14.358593407300745,28.744042999478726,True,True,True,True,flagged,1790179440000,-106.27745824655533,1120.3678333332937,296.2869999999821,0.2644551112454519,0.24053506483655188,False
1790202600000,1790202843381,DOWN,0.71,84484.97,7.549725511333261,0,KXBTC15M-26SEP231845-45,,,,,1790203508244,1790294813814,2026-09-23,1790203581541,shadow_official_arrival,0.5278068651174624,0.004041677222712718,1,-14.961065232950155,0.1324921942114088,True,,14.031846561171136,35.22267576845098,True,True,True,True,flagged,1790179440000,-106.27745824655533,1120.3678333332937,278.0104999999312,0.2481421652144372,0.004041677222712718,False
1790203500000,1790203748122,UP,0.85,84490.27,10.594139025306148,1,KXBTC15M-26SEP231900-00,,,,,1790204408241,1790294813770,2026-09-23,1790204508016,shadow_official_arrival,0.5991697239312558,0.11226806723922347,1,18.786042603899933,14.968141738720409,True,,12.510271210536526,42.40585358640589,True,True,True,True,flagged,1790179440000,-106.27745824655533,1120.3678333332937,278.0104999999312,0.2481421652144372,0.11226806723922347,False
1790204400000,1790204644802,DOWN,0.71,84553.11,5.12062773327604,1,KXBTC15M-26SEP231915-15,,,,,,,2026-09-23,1790205430117,shadow_official_arrival,0.3578330580823407,0.10755811479701818,1,-8.5508793944844,15.42071247613741,True,,13.28980546365405,44.54584602902198,True,True,True,True,flagged,1790179440000,-106.27745824655533,1120.3678333332937,278.0104999999312,0.2481421652144372,0.10755811479701818,False
1790205300000,1790205580969,DOWN,0.68,84493.95,3.3636925089475245,1,KXBTC15M-26SEP231930-30,,,,,1790206208241,1790294813695,2026-09-23,1790206353772,shadow_official_arrival,0.16296311810158098,0.07675030906888569,3,-7.787110536571218,-9.52122406255862,True,,11.02463720657165,46.43643273833915,True,True,True,True,flagged,1790179440000,-106.27745824655533,1120.3678333332937,204.32333333337738,0.18237165264329225,0.07675030906888569,False
1790206200000,1790206569617,UP,0.69,84471.09,2.5503991957442906,0,KXBTC15M-26SEP231945-45,,,,,,,2026-09-23,1790207323854,shadow_official_arrival,0.17248589094998643,0.10996178784148711,3,3.6441894822680787,10.682329304281257,True,,10.286614422333,45.05496484017534,True,True,True,True,flagged,1790179440000,-106.27745824655533,1120.3678333332937,191.88466666670865,0.17126934651079515,0.10996178784148711,False
1790207100000,1790207347400,DOWN,0.69,84450.73,4.464003251744009,1,KXBTC15M-26SEP232000-00,,,,,1790208008245,1790294813644,2026-09-23,1790208063337,shadow_official_arrival,0.20316845546638693,0.23163121376393322,3,-5.327794255948204,-19.993287314028496,True,,10.00355590208383,46.39268726490197,True,True,True,True,flagged,1790179440000,-106.27745824655533,1120.3678333332937,162.47183333338762,0.1450165102027296,0.23163121376393322,False
1790208000000,1790208248759,UP,0.83,84380.99,7.987541585692259,0,KXBTC15M-26SEP232015-15,,,,,1790208908248,1790294813592,2026-09-23,1790208988924,shadow_official_arrival,0.1407668924454512,0.08104272015091737,2,4.188749001334813,-7.2682485961528265,True,,12.91681418978898,33.46486080655653,True,True,True,True,flagged,1790179440000,-106.27745824655533,1120.3678333332937,191.71033333337982,0.17111374285265532,0.08104272015091737,False
1790208900000,1790209149241,UP,0.78,84345.33,7.722221649186789,0,KXBTC15M-26SEP232030-30,,,,,1790209808242,1790294813517,2026-09-23,1790209899221,shadow_official_arrival,0.12525591192786384,0.07945904625703895,2,-4.491066494342055,-7.652234681814196,True,,13.632833115703457,39.551315427741265,True,True,False,True,no_recent_shock,,,,181.548166666631,,0.07945904625703895,False
1790209800000,1790210040494,UP,0.66,84341.96,7.829475783263096,1,KXBTC15M-26SEP232045-45,,,,,,,2026-09-23,1790210737271,shadow_official_arrival,0.04054262764016977,0.03739722691709847,2,0.009754219756352711,-5.417284843647341,True,,14.255572633079096,51.432771816780736,True,True,False,True,no_recent_shock,,,,181.548166666631,,0.03739722691709847,False
1790210700000,1790210942944,DOWN,0.65,84342.32,4.026586732109871,1,KXBTC15M-26SEP232100-00,,,,,1790211608251,1790294813438,2026-09-23,1790211649956,shadow_official_arrival,0.36495685745322226,0.0950563712993298,1,-11.43981281457429,-11.862927338891494,True,,14.00885177752111,50.37425699260965,True,True,False,True,no_recent_shock,,,,185.3116666666465,,0.0950563712993298,False
1790211600000,1790211903544,DOWN,0.65,84310.98,3.1848955695479297,1,KXBTC15M-26SEP232115-15,,,,,,,2026-09-23,1790212553356,shadow_official_arrival,0.03509245984774883,0.1263422362157227,4,-1.7822465110295393,-17.875941663929584,True,,15.90461603781372,52.32002411735647,True,True,False,True,no_recent_shock,,,,233.3389999999781,,0.1263422362157227,False
1790212500000,1790212818227,UP,0.68,84266.56,3.676230919278378,0,KXBTC15M-26SEP232130-30,,,,,,,2026-09-23,1790213677022,shadow_official_arrival,0.049132928043545285,0.11305171262222323,6,2.2902907731059408,-14.169276990613211,True,,17.59755468551891,52.84546555583274,True,True,False,True,no_recent_shock,,,,197.74383333329752,,0.11305171262222323,False
1790213400000,1790213664642,UP,0.73,84263.4,5.06944098307649,0,KXBTC15M-26SEP232145-45,,,,,1790214308246,1790294813387,2026-09-23,1790214603474,shadow_official_arrival,0.16927139199449048,0.09993469346739058,7,8.531307623778073,-10.323003453338586,True,,18.4900546156656,53.56436294434656,False,True,False,True,no_recent_shock,,,,218.93466666662425,,0.09993469346739058,False
1790214300000,1790214545156,DOWN,0.66,84156.9,6.478454727619765,1,KXBTC15M-26SEP232200-00,,,,,1790215208248,1790294813316,2026-09-23,1790215510718,shadow_official_arrival,0.3618127820413415,0.12922163314572638,1,-21.76721735349996,-24.431681846298623,False,DOWN,17.59719268950993,51.106074155088706,False,True,False,True,no_recent_shock,,,,282.7035000000469,,0.12922163314572638,False
1790215200000,1790215441209,DOWN,0.66,84100.7,6.0978683887302765,1,KXBTC15M-26SEP232215-15,,,,,1790216108242,1790294813222,2026-09-23,1790216419281,shadow_official_arrival,0.13313290322321775,0.16044713716536546,3,-7.217601231168658,-31.138704615236712,False,DOWN,18.72068101335926,44.545792619086406,False,True,False,True,no_recent_shock,,,,378.3721666666388,,0.16044713716536546,False
1790216100000,1790216348379,UP,0.916,83914.1,33.573380397335924,1,KXBTC15M-26SEP232230-30,,,,,1790217008243,1790294813146,2026-09-23,1790217334390,shadow_official_arrival,0.1688782426926148,0.0048429760836881195,4,17.419692616189586,-2.664089569307526,False,DOWN,23.842068140787717,27.92302247508244,False,True,False,True,no_recent_shock,,,,659.487666666726,,0.0048429760836881195,False
1790217000000,1790217241539,UP,0.81,84151.27,13.358285224527311,1,KXBTC15M-26SEP232245-45,,,,,,,2026-09-23,1790217946317,shadow_official_arrival,0.1819218896515389,0.008751708461802912,4,8.902200496492263,-1.879855556061738,True,,20.80789123159908,35.790289084796115,False,True,False,True,no_recent_shock,,,,659.487666666726,,0.008751708461802912,False
1790217900000,1790218142471,UP,0.65,84321.57,4.106995794004309,1,KXBTC15M-26SEP232300-00,,,,,,,2026-09-23,1790218878002,shadow_official_arrival,0.3467722264766069,0.14126084178138093,3,10.979720424839634,29.256525705239067,True,,18.201319254700827,35.76748834359921,False,True,False,True,no_recent_shock,,,,577.5465000000695,,0.14126084178138093,False
1790218800000,1790219040804,UP,0.82,84349.74,11.626216433304748,0,KXBTC15M-26SEP232315-15,,,,,1790219708245,1790294813076,2026-09-23,1790219792644,shadow_official_arrival,0.48638085976153406,0.23773726391748476,6,10.676415718378074,45.547580613742866,True,,17.99627785912934,33.282815281877305,False,True,False,True,no_recent_shock,,,,626.2640000000101,,0.23773726391748476,True
1790219700000,1790220000310,DOWN,0.67,84274.9,3.353568697987974,1,KXBTC15M-26SEP232330-30,,,,,1790220608242,1790294813006,2026-09-23,1790220640416,shadow_official_arrival,0.5082852549798096,0.02385974122275611,3,-21.19618051735994,3.199627836847352,True,,17.611982873447108,25.91690787641425,False,True,False,True,no_recent_shock,,,,354.0509999999631,,0.02385974122275611,False
1790220600000,1790220841863,DOWN,0.72,84027.6,8.530768461790794,1,KXBTC15M-26SEP232345-45,,,,,1790221508246,1790294812946,2026-09-23,1790221571078,shadow_official_arrival,0.933922882683106,0.27259915361473414,3,-34.6815912450682,-36.58628413833909,False,DOWN,17.163962451431534,36.24479596696394,False,True,False,True,no_recent_shock,,,,431.2384999998758,,0.27259915361473414,False
1790221500000,1790221745001,DOWN,0.69,83987.85,5.203490743017625,1,KXBTC15M-26SEP240000-00,,,,,1790222408240,1790294812880,2026-09-23,1790222488169,shadow_official_arrival,0.030595868137636813,0.3537122016173658,6,-1.402045297164145,-48.846893205586326,True,,18.9564273855614,25.79328152555662,True,True,False,True,no_recent_shock,,,,535.4765000000043,,0.3537122016173658,False
1790222400000,1790222648717,DOWN,0.68,83903.22,7.7356188872479414,1,KXBTC15M-26SEP240015-15,,,,,,,2026-09-24,1790223402137,shadow_official_arrival,0.3592915148443305,0.4692124154867786,3,-12.607351091816765,-72.17371173054765,False,DOWN,21.63490808179002,21.329842077813698,False,True,False,True,no_recent_shock,,,,591.4626666665863,,0.4692124154867786,False
1790223300000,1790223748556,UP,0.68,83817.71,4.037491997017639,1,KXBTC15M-26SEP240030-30,,,,,,,2026-09-24,1790224316306,shadow_official_arrival,0.03674631115407057,0.28178412789110496,4,-1.0482308809967034,-38.28269998245148,False,DOWN,24.418585963079956,29.59280060866277,False,True,False,True,no_recent_shock,,,,379.9906666666211,,0.28178412789110496,False
1790224200000,1790224674157,DOWN,0.77,83904.29,3.414247352545585,1,KXBTC15M-26SEP240045-45,,,,,,,2026-09-24,1790225235721,shadow_official_arrival,0.47167446832117793,0.09122799041241064,0,2.3159680738693567,-11.191151351549466,False,DOWN,25.092601910985785,47.499546002307056,False,True,False,True,no_recent_shock,,,,194.21716666671273,,0.09122799041241064,False
1790225100000,1790225340238,DOWN,0.81,83861.37,7.527601802831407,0,KXBTC15M-26SEP240100-00,,,,,1790226008237,1790294812825,2026-09-24,1790226146671,shadow_official_arrival,0.582603333171814,0.16125456473022756,5,-10.356167835998686,-17.580723370964613,False,DOWN,25.57213132160141,55.65940250711458,False,True,False,True,no_recent_shock,,,,144.07416666665813,,0.16125456473022756,False
1790226000000,1790226240838,UP,0.9,84020.67,19.805047178664825,1,KXBTC15M-26SEP240115-15,,,,,1790226908232,1790294812745,2026-09-24,1790227055676,shadow_official_arrival,0.8795815958723638,0.3249289996176265,3,46.40083392360994,41.01266319993968,True,,25.70588233572393,53.385293113134644,False,True,False,True,no_recent_shock,,,,303.1536666666361,,0.3249289996176265,True
1790226900000,1790227267220,DOWN,0.65,84194.9,2.499577369490247,1,KXBTC15M-26SEP240130-30,,,,,1790227808286,1790294812667,2026-09-24,1790227977206,shadow_official_arrival,0.312480367282835,0.32342749975110824,1,-10.742759490980358,41.006326897610194,True,,26.65633694011182,28.106020508349097,False,True,False,True,no_recent_shock,,,,567.1449999999895,,0.32342749975110824,False
1790227800000,1790228046829,DOWN,0.72,84173.45,6.01818823710909,0,KXBTC15M-26SEP240145-45,,,,,1790228708236,1790294812577,2026-09-24,1790228887591,shadow_official_arrival,0.26491960992138847,0.22125549965500912,6,-5.7395984166663805,28.171168292550064,True,,25.96575693405591,24.426871225597715,False,True,False,True,no_recent_shock,,,,567.1449999999895,,0.22125549965500912,False
1790228700000,1790229005945,DOWN,0.72,84191.53,4.554219013085392,1,KXBTC15M-26SEP240200-00,,,,,,,2026-09-24,1790229794571,shadow_official_arrival,0.19700557269606014,0.3049043874665867,6,6.066550033649865,44.43840169726654,True,,23.282694288687072,27.109822258791073,False,True,False,True,no_recent_shock,,,,567.1449999999895,,0.3049043874665867,False
1790229600000,1790229841364,DOWN,0.66,83994.31,5.535791650647104,0,KXBTC15M-26SEP240215-15,,,,,,,2026-09-24,1790230703565,shadow_official_arrival,0.7725081973377376,0.21120199192940786,3,-26.749679061178753,-28.420139085481022,True,,21.85979172276211,30.877087396850644,False,True,False,True,no_recent_shock,,,,384.20666666670877,,0.21120199192940786,True
1790230500000,1790230796862,UP,0.74,84119.17,6.118106015544633,1,KXBTC15M-26SEP240230-30,,,,,,,2026-09-24,1790231610778,shadow_official_arrival,0.5176018144160831,0.023537825867490574,3,20.207444467095215,0.025226596997995898,True,,19.247550330025813,37.187492641039384,True,True,False,True,no_recent_shock,,,,289.2359999999753,,0.023537825867490574,False
1790231400000,1790231935733,UP,0.52,84171.06,0.07666926534311003,1,KXBTC15M-26SEP240245-45,,,,,,,2026-09-24,1790232516942,shadow_official_arrival,0.2968016742504088,0.0511278615736112,4,10.487290329188603,2.797149433675372,True,,15.293296176862528,48.895032659697634,False,True,False,True,no_recent_shock,,,,289.2359999999753,,0.0511278615736112,False
1790232300000,1790232549550,DOWN,0.78,84179.19,9.34130315739079,1,KXBTC15M-26SEP240300-00,,,,,,,2026-09-24,1790240728037,shadow_official_arrival,0.3863631842475108,0.06354602283352881,4,-7.560480093112831,-8.568912287354458,True,,13.934106911122637,47.508994960081274,True,True,False,True,no_recent_shock,,,,271.02483333328564,,0.06354602283352881,False
1790240400000,1790240938025,DOWN,0.49,83599.88,1.0318595353642213,1,KXBTC15M-26SEP240515-15,,,,,,,2026-09-24,1790241333933,shadow_official_arrival,,,,,,False,DOWN,,,,False,False,False,missing_current_hour,,,,,,,
1790241300000,1790241544510,DOWN,0.7,83471.49,10.251823706506347,1,KXBTC15M-26SEP240530-30,,,,,1790242208111,1790294812516,2026-09-24,1790242403545,shadow_official_arrival,0.5968591139688783,,1,-22.948540689611274,,False,DOWN,,,,False,False,False,missing_current_hour,,,,,,,
1790242200000,1790242439784,DOWN,0.915,83331.38,37.516639390020586,1,KXBTC15M-26SEP240545-45,,,,,1790243108112,1790294812436,2026-09-24,1790243319081,shadow_official_arrival,0.5311296089077737,,1,-41.41923182034546,,False,DOWN,,,,False,False,False,missing_current_hour,,,,,,,
1790243100000,1790243376842,DOWN,0.69,83125.85,7.931908866702919,0,KXBTC15M-26SEP240600-00,,,,,,,2026-09-24,1790244224156,shadow_official_arrival,0.07011013659157157,,4,8.960515168852101,,False,DOWN,,,,False,False,False,missing_current_hour,,,,,,,
1790244000000,1790244247314,UP,0.79,83234.03,13.90553038621345,0,KXBTC15M-26SEP240615-15,,,,,1790244908166,1790294812377,2026-09-24,1790245133268,shadow_official_arrival,0.6758918365272795,0.1115909558642804,3,34.178157873712145,-26.22756345274979,False,DOWN,,,,False,False,True,no_recent_shock,,,,638.9235000000044,,0.1115909558642804,False
1790244900000,1790245167941,UP,0.72,83214.38,8.632762750850898,1,KXBTC15M-26SEP240630-30,,,,,,,2026-09-24,1790246046923,shadow_official_arrival,0.1000334602400484,0.041905519672329784,4,-8.22718122110655,-11.540518756854024,False,DOWN,,42.563001443390284,,False,False,True,no_recent_shock,,,,508.8153333334194,,0.041905519672329784,False
1790245800000,1790246295287,UP,0.72,83232.53,1.9435509970255893,1,KXBTC15M-26SEP240645-45,,,,,,,2026-09-24,1790247015772,shadow_official_arrival,0.1056780930925234,0.021798817408780185,5,4.439416282622233,-4.32212221764261,False,DOWN,,58.50743850926016,,False,False,True,no_recent_shock,,,,287.6356666667707,,0.021798817408780185,False
1790246700000,1790246989336,UP,0.74,83380.22,7.578336124962615,1,KXBTC15M-26SEP240700-00,,,,,1790247608117,1790294812307,2026-09-24,1790247911348,shadow_official_arrival,0.5515291777052691,0.18119932353129065,2,21.512445882891917,43.31186832398748,False,DOWN,,51.09188645876971,,False,False,True,no_recent_shock,,,,345.26233333331766,,0.18119932353129065,False
1790247600000,1790247850101,UP,0.72,83490.45,8.20712628410103,1,KXBTC15M-26SEP240715-15,,,,,1790248508164,1790294812215,2026-09-24,1790248527883,shadow_official_arrival,0.4605631019548397,0.12686409007289412,5,22.040805112566453,25.09908905410363,False,DOWN,,44.760933112711605,,False,False,True,no_recent_shock,,,,386.8668333333917,,0.12686409007289412,False
1790248500000,1790248871763,DOWN,0.66,83547.02,2.7051633120278584,1,KXBTC15M-26SEP240730-30,,,,,,,2026-09-24,1790249443298,shadow_official_arrival,0.07637198482638766,0.2053456713655073,4,-2.405025324315746,32.463749002127344,False,DOWN,26.834475034239894,39.81559908834024,,False,False,True,no_recent_shock,,,,403.47216666679014,,0.2053456713655073,False
1790249400000,1790249649817,DOWN,0.71,83515.11,4.583042916829205,1,KXBTC15M-26SEP240745-45,,,,,1790250308116,1790294812162,2026-09-24,1790250356999,shadow_official_arrival,0.3085761406248938,0.23698702559430335,3,-5.7862402369934784,30.395023681222266,False,DOWN,23.380321305460278,32.57691652112992,,False,False,True,no_recent_shock,,,,355.3168333333888,,0.23698702559430335,False
1790250300000,1790250724453,UP,0.69,83427.33,2.584824421445475,1,KXBTC15M-26SEP240800-00,,,,,1790251208117,1790294812100,2026-09-24,1790251279132,shadow_official_arrival,0.09820146444229771,0.07671046506948673,4,-1.8073065987012082,-7.504449603257246,False,DOWN,21.489295115992295,46.29058587915105,,False,False,True,no_recent_shock,,,,171.5033333334286,,0.07671046506948673,False
1790251200000,1790251444621,DOWN,0.74,83491.93,8.814724169549093,0,KXBTC15M-26SEP240815-15,,,,,1790252108123,1790294812020,2026-09-24,1790252185775,shadow_official_arrival,0.03044154069493293,0.13270952553214937,0,-1.282706903470432,-16.392337206689866,False,DOWN,20.09208096241341,55.4262636153099,,False,False,True,no_recent_shock,,,,182.4558333333989,,0.13270952553214937,False
1790252100000,1790252486988,UP,0.67,83508.63,5.020139834646109,1,KXBTC15M-26SEP240830-30,,,,,1790253008129,1790294811959,2026-09-24,1790253097407,shadow_official_arrival,0.43363488578696974,0.0068050938931907765,3,18.020627273822587,3.973464976101404,False,DOWN,16.64816423088991,57.3998536243919,,False,False,True,no_recent_shock,,,,178.4516666666459,,0.0068050938931907765,False
1790253000000,1790253250225,DOWN,0.88,83525.7,20.05809788683588,1,KXBTC15M-26SEP240845-45,,,,,1790253908121,1790294811895,2026-09-24,1790253924842,shadow_official_arrival,0.4548017994106404,0.08345721172130509,5,-21.63773814208514,-14.216079683322391,False,DOWN,16.438663745920802,52.964197952344705,,False,False,True,no_recent_shock,,,,218.4263333333074,,0.08345721172130509,False
1790253900000,1790254232947,DOWN,0.67,83456.74,3.433615227895759,0,KXBTC15M-26SEP240900-00,,,,,,,2026-09-24,1790254911982,shadow_official_arrival,0.2255353078949701,0.024694610482097687,6,5.822211781503217,1.154800472911166,False,DOWN,14.474784696644678,53.779217259147075,,False,False,True,no_recent_shock,,,,263.0958333333547,,0.024694610482097687,False
1790254800000,1790255045490,UP,0.71,83597.51,10.038137898289445,1,KXBTC15M-26SEP240915-15,,,,,1790255708181,1790294811825,2026-09-24,1790255836566,shadow_official_arrival,0.5733870039617751,0.18189139244416455,3,25.896936810214655,31.538890016797883,False,DOWN,14.301214333756997,57.82299946507015,,False,False,True,no_recent_shock,,,,304.97433333333174,,0.18189139244416455,False
1790255700000,1790255940244,UP,0.72,83731.52,8.217017120109027,1,KXBTC15M-26SEP240930-30,,,,,1790256608129,1790294811749,2026-09-24,1790256887948,shadow_official_arrival,0.4521627794816551,0.1867278861331689,1,15.033547275435932,30.51110947047686,False,DOWN,18.377758072476873,43.942878098117056,,False,False,True,no_recent_shock,,,,407.7016666667769,,0.1867278861331689,True
1790256600000,1790256841235,UP,0.88,83766.14,42.08796855945663,1,KXBTC15M-26SEP240945-45,,,,,,,2026-09-24,1790257808423,shadow_official_arrival,0.4845359353427617,0.4635052776235012,0,37.99177908493378,90.07216452747934,True,,24.004408667722107,31.673603231902188,False,True,False,True,no_recent_shock,,,,560.6073333332606,,0.4635052776235012,True
1790257500000,1790257831801,DOWN,0.68,83940.75,7.887587375615679,0,KXBTC15M-26SEP241000-00,,,,,1790258408124,1790294811679,2026-09-24,1790258516254,shadow_official_arrival,0.18476189647839558,0.19840007467996915,5,-26.41058584756495,53.05161707223949,True,,32.91320235747186,31.81836584980966,False,True,False,True,conditions_not_met,1790257200000,104.832673592683,873.9318333332485,819.2361666666984,0.9374142643849736,0.19840007467996915,False
1790258400000,1790258767495,DOWN,0.65,84218.66,6.58092478159622,0,KXBTC15M-26SEP241015-15,,,,,,,2026-09-24,1790259445116,shadow_official_arrival,0.5262457298771813,0.18148238209540238,0,32.50244079374687,54.29066372979019,True,,37.33140514554229,38.8917423731405,False,True,False,True,conditions_not_met,1790257200000,104.832673592683,873.9318333332485,565.3994999999704,0.6469606420485793,0.18148238209540238,False
1790259300000,1790259596105,UP,0.69,84230.59,7.699241649223865,1,KXBTC15M-26SEP241030-30,,,,,,,2026-09-24,1790260246202,shadow_official_arrival,0.14713047267759358,0.1665322377301078,3,12.142566827055834,55.71213520754181,True,,40.87688253699009,46.162007041109405,False,True,False,True,conditions_not_met,1790257200000,104.832673592683,873.9318333332485,544.1501666666445,0.6226460072877888,0.1665322377301078,False
1790260200000,1790260444677,DOWN,0.75,84855.42,10.479530948058757,1,KXBTC15M-26SEP241045-45,,,,,1790261108128,1790294811599,2026-09-24,1790261248309,shadow_official_arrival,0.5094296568779864,0.20434123493985176,2,60.04762775586592,77.01032878603797,False,UP,46.70456319565358,35.00557876504885,False,True,False,True,conditions_not_met,1790260260000,115.70627659565736,1075.2771666666522,974.7851666666393,0.9065431656923051,0.20434123493985176,False
1790261100000,1790261341343,DOWN,0.955,84401.51,41.21977991467962,1,KXBTC15M-26SEP241100-00,,,,,,,2026-09-24,1790262247665,shadow_official_arrival,0.8641337771707258,0.03516972930755103,1,-85.06624323610824,7.55125925287814,True,,48.29467096749463,38.03678079843188,False,True,False,True,conditions_not_met,1790260260000,115.70627659565736,1075.2771666666522,974.7851666666393,0.9065431656923051,0.03516972930755103,False
1790262000000,1790262281809,UP,0.71,83600.41,7.027138583013404,1,KXBTC15M-26SEP241115-15,,,,,1790262908130,1790294811526,2026-09-24,1790263149506,shadow_official_arrival,0.47467081635838015,0.18429581401988968,5,-37.10327220900589,-62.35552632093855,False,DOWN,41.23224099820518,30.356276694783098,False,True,False,True,conditions_not_met,1790260260000,115.70627659565736,1075.2771666666522,1336.3070000000735,1.2427558600008322,0.18429581401988968,False
1790262900000,1790263149506,UP,0.66,83854.03,8.692843981394915,1,KXBTC15M-26SEP241130-30,,,,,1790263808125,1790294811460,2026-09-24,1790264110625,shadow_official_arrival,0.55680767311677,0.08596947536419008,3,44.25470425569955,-39.78054718431822,True,,35.46244078101605,30.42293662589179,False,True,False,True,conditions_not_met,1790260260000,115.70627659565736,1075.2771666666522,1336.3070000000735,1.2427558600008322,0.08596947536419008,False
1790263800000,1790264049830,UP,0.71,84086.82,11.063386628256122,1,KXBTC15M-26SEP241145-45,,,,,1790264708125,1790294811395,2026-09-24,1790264721768,shadow_official_arrival,0.5467333144779163,0.19043227052499667,3,30.136396159781143,-69.20741462054237,True,,29.746713090702922,31.846279478381913,False,True,False,True,conditions_not_met,1790260260000,115.70627659565736,1075.2771666666522,1253.3961666666582,1.1656493837325432,0.19043227052499667,False
1790264700000,1790264953665,DOWN,0.74,84358.74,4.306054515909041,0,KXBTC15M-26SEP241200-00,,,,,,,2026-09-24,1790265634769,shadow_official_arrival,0.3735427499362213,0.0901096327385625,4,16.93590202488826,31.98028461411262,True,,27.390442359582437,29.92794112817381,False,True,False,True,conditions_not_met,1790260260000,115.70627659565736,1075.2771666666522,872.4486666665762,0.8113709597044246,0.0901096327385625,False
1790265600000,1790265840419,DOWN,0.86,84395.81,18.339852021871383,1,KXBTC15M-26SEP241215-15,,,,,1790266508126,1790294811311,2026-09-24,1790266566801,shadow_official_arrival,0.25114395305125575,0.3618830262773816,2,-12.310313402749129,84.54542226350003,True,,26.81687035883279,30.82123125182873,False,True,False,True,conditions_not_met,1790260260000,115.70627659565736,1075.2771666666522,882.7380000000558,0.8209399654012316,0.3618830262773816,False
1790266500000,1790266742254,UP,0.95,84132.49,69.50834332848154,1,KXBTC15M-26SEP241230-30,,,,,,,2026-09-24,1790267496789,shadow_official_arrival,0.4807330585562222,0.3543908337524964,2,56.534407335187,92.37049068417713,False,UP,22.53989285205881,35.032365599869294,False,True,False,True,conditions_not_met,1790260260000,115.70627659565736,1075.2771666666522,584.1803333332355,0.5432834914036055,0.3543908337524964,True
1790267400000,1790267646539,DOWN,0.86,84697.09,22.546209478193635,1,KXBTC15M-26SEP241245-45,,,,,1790268308132,1790294811225,2026-09-24,1790268407038,shadow_official_arrival,0.31358501639742337,0.12378136956714009,3,-24.619180117455564,39.20302506898787,False,UP,24.272371009964793,39.23822691212738,False,True,False,True,conditions_not_met,1790260260000,115.70627659565736,1075.2771666666522,699.2190000000701,0.6502686206642345,0.12378136956714009,False
1790268300000,1790268650787,DOWN,0.67,84606.17,0.7035341906347359,1,KXBTC15M-26SEP241300-00,,,,,,,2026-09-24,1790269292051,shadow_official_arrival,0.16297439039727094,0.10911576060821358,3,16.578423622535254,33.66441376106977,False,UP,25.63199687849336,41.77609927888327,False,True,False,True,conditions_not_met,1790260260000,115.70627659565736,1075.2771666666522,801.377333333352,0.7452751329386201,0.10911576060821358,False
1790269200000,1790269491993,DOWN,0.68,84496.53,5.73092567628164,1,KXBTC15M-26SEP241315-15,,,,,,,2026-09-24,1790270206406,shadow_official_arrival,0.3054579378895679,0.07913472348742351,4,-22.72117778119864,27.986825245296387,True,,25.29494177211856,42.702240111603295,False,True,False,True,conditions_not_met,1790260260000,115.70627659565736,1075.2771666666522,801.377333333352,0.7452751329386201,0.07913472348742351,False
1790270100000,1790270414989,DOWN,0.78,84444.24,9.769346020516156,1,KXBTC15M-26SEP241330-30,,,,,1790271008178,1790294811119,2026-09-24,1790271218731,shadow_official_arrival,0.12417744530434001,0.0549652634784352,5,-6.738207799791285,-17.543920634439658,True,,23.073042904274534,42.01358046425708,False,True,True,True,flagged,1790260260000,115.70627659565736,1075.2771666666522,484.776499999949,0.45083864423788617,0.0549652634784352,False
1790271000000,1790271241528,UP,0.65,84308.55,5.351711066075016,0,KXBTC15M-26SEP241345-45,,,,,,,2026-09-24,1790272212471,shadow_official_arrival,0.10886703256829122,0.06467327645815857,2,-5.9346289786166295,-18.34656956204772,True,,20.31088399746659,40.92759493554572,False,True,False,True,conditions_not_met,1790260260000,115.70627659565736,1075.2771666666522,638.0863333332527,0.5934156821271612,0.06467327645815857,False
1790271900000,1790272144292,UP,0.69,84134.34,5.9033762749804986,0,KXBTC15M-26SEP241400-00,,,,,,,2026-09-24,1790272841086,shadow_official_arrival,0.41500713965165914,0.2635849618490595,2,-20.09205222937016,-57.043801926212055,True,,17.652947979333415,32.51546042201341,False,True,False,True,conditions_not_met,1790260260000,115.70627659565736,1075.2771666666522,544.2956666666141,0.5061910394265368,0.2635849618490595,False
1790272800000,1790273039837,DOWN,0.87,84074.78,20.365956751042802,0,KXBTC15M-26SEP241415-15,,,,,1790273708137,1790294810952,2026-09-24,1790273763670,shadow_official_arrival,0.5503621363282835,0.28108421005859224,1,-31.772416384601154,-70.29268536976718,True,,16.813883497178388,31.5841896198556,False,True,False,True,conditions_not_met,1790260260000,115.70627659565736,1075.2771666666522,484.8353333332925,0.45089335881303694,0.28108421005859224,False
1790273700000,1790273940209,UP,0.82,84204.35,17.098978061504955,1,KXBTC15M-26SEP241430-30,,,,,1790274608128,1790294810883,2026-09-24,1790274905874,shadow_official_arrival,0.9226491792538336,0.03295585525284214,1,51.43417270798256,-6.567144244127299,True,,17.101983551768505,35.89326689254232,False,True,True,True,flagged,1790260260000,115.70627659565736,1075.2771666666522,487.2528333332739,0.4531416163552998,0.03295585525284214,False
1790274600000,1790274845555,DOWN,0.73,84417.6,7.205724872539898,1,KXBTC15M-26SEP241445-45,,,,,,,2026-09-24,1790275820540,shadow_official_arrival,0.034806595966210774,0.0004570496944600526,2,1.0006323282607532,0.36767813639926317,True,,15.031625045179918,40.567787635465656,True,True,True,True,flagged,1790260260000,115.70627659565736,1075.2771666666522,534.7311666665191,0.49729612349547053,0.0004570496944600526,False
1790275500000,1790275878503,UP,0.73,84395.31,6.019884280299426,1,KXBTC15M-26SEP241500-00,,,,,,,2026-09-24,1790276425766,shadow_official_arrival,0.35526453834652566,0.15340785288616846,5,22.175416911969226,30.90952356903598,True,,12.082940226091088,38.3021339505729,True,True,False,True,conditions_not_met,1790260260000,115.70627659565736,1075.2771666666522,554.5953333332145,0.515769655048525,0.15340785288616846,False
1790276400000,1790276646187,DOWN,0.88,84465.57,17.47560179451102,0,KXBTC15M-26SEP241515-15,,,,,1790277308136,1790294810543,2026-09-24,1790277350575,shadow_official_arrival,0.10917402508667631,0.2445185647408774,2,-5.352807131963067,50.06955188123996,True,,11.334000524990527,36.45428503869692,True,True,False,True,conditions_not_met,1790260260000,115.70627659565736,1075.2771666666522,583.4126666665688,0.542569566947229,0.2445185647408774,False
1790277300000,1790277575850,DOWN,0.68,84583.69,3.333522889190643,0,KXBTC15M-26SEP241530-30,,,,,,,2026-09-24,1790278264771,shadow_official_arrival,0.5360956639222673,0.13058513514584763,2,29.726497271995722,26.52016743630803,False,UP,10.41971493471429,35.948816941741704,False,True,True,True,flagged,1790260260000,115.70627659565736,1075.2771666666522,322.27366666673333,0.2997121827349671,0.13058513514584763,False
1790278200000,1790278440934,DOWN,0.7,84615.76,5.871148195876197,1,KXBTC15M-26SEP241545-45,,,,,1790279108129,1790294810407,2026-09-24,1790279207017,shadow_official_arrival,0.005519839984507176,0.13067835803851902,0,-0.1366830141436015,24.059157405713627,False,UP,10.788332095752368,49.350599136217696,False,True,True,True,flagged,1790260260000,115.70627659565736,1075.2771666666522,353.38083333335817,0.3286416230978242,0.13067835803851902,False
1790279100000,1790279370499,UP,0.67,84439.63,2.450922629568808,0,KXBTC15M-26SEP241600-00,,,,,1790280008134,1790294810251,2026-09-24,1790280118116,shadow_official_arrival,0.46258272933396294,0.055818405166933906,2,-14.919618445563554,9.251393218889792,True,,9.935901511215608,49.211021767341435,False,True,True,True,flagged,1790260260000,115.70627659565736,1075.2771666666522,324.79600000004575,0.3020579345201851,0.055818405166933906,False
1790280000000,1790280362737,DOWN,0.66,84372.51,2.310724982174106,1,KXBTC15M-26SEP241615-15,,,,,,,2026-09-24,1790281092006,shadow_official_arrival,0.4106052108557249,0.054106553637865415,3,-19.11354467563409,8.261275540608626,True,,10.33274512055999,50.97136447166099,True,True,True,True,flagged,1790260260000,115.70627659565736,1075.2771666666522,324.79600000004575,0.3020579345201851,0.054106553637865415,False
1790280900000,1790281255541,DOWN,0.65,84286.75,2.4362864467564194,1,KXBTC15M-26SEP241630-30,,,,,,,2026-09-24,1790282008488,shadow_official_arrival,0.2701257318141993,0.19767657717405437,2,-10.299677713803135,-35.0700667452275,True,,13.054089023546256,40.234939612744284,True,True,True,True,flagged,1790260260000,115.70627659565736,1075.2771666666522,375.9820000000036,0.349660544885877,0.19767657717405437,False
1790281800000,1790282228784,UP,0.66,84251.87,1.7220587111776986,1,KXBTC15M-26SEP241645-45,,,,,,,2026-09-24,1790282919481,shadow_official_arrival,0.08213382411033406,0.21392865037998265,3,2.824534169143522,-33.639698682641495,True,,17.086435509263005,34.2834480389188,True,True,True,True,flagged,1790260260000,115.70627659565736,1075.2771666666522,370.1329999998852,0.3442210171236999,0.21392865037998265,False
1790282700000,1790282990791,UP,0.77,84386.84,4.791979412912539,0,KXBTC15M-26SEP241700-00,,,,,,,2026-09-24,1790283672857,shadow_official_arrival,0.5416660897665883,0.05350211716486457,4,21.415770703656634,-7.770970802321031,True,,16.493338413495525,40.386235614669815,True,True,True,True,flagged,1790260260000,115.70627659565736,1075.2771666666522,362.65099999986705,0.3372628111541523,0.05350211716486457,False
1790283600000,1790284018607,DOWN,0.75,84351.59,6.014844138290121,1,KXBTC15M-26SEP241715-15,,,,,,,2026-09-24,1790284593955,shadow_official_arrival,0.4780169840684175,0.024814769763184464,3,-16.033591966412295,-0.11890395156921585,True,,14.247621303765596,45.73123870706889,True,True,True,True,flagged,1790260260000,115.70627659565736,1075.2771666666522,268.4128333332628,0.24962199668513352,0.024814769763184464,False
1790284500000,1790284745667,UP,0.77,84334.81,7.173668856310655,1,KXBTC15M-26SEP241730-30,,,,,1790285408139,1790294810001,2026-09-24,1790285465537,shadow_official_arrival,0.2515501016357708,0.10666732005961284,6,5.834978397207813,13.689464648236616,True,,14.63514102700851,48.11721288693289,True,True,True,True,flagged,1790260260000,115.70627659565736,1075.2771666666522,268.4128333332628,0.24962199668513352,0.10666732005961284,False
1790285400000,1790285639454,UP,0.78,84411.33,6.831626354750764,1,KXBTC15M-26SEP241745-45,,,,,,,2026-09-24,1790286375027,shadow_official_arrival,0.5214704911130825,0.22953369543822022,5,9.63220798757547,30.49925878180426,True,,12.581956519844635,42.361685910766624,True,True,True,True,flagged,1790260260000,115.70627659565736,1075.2771666666522,236.00466666671855,0.21948263571738486,0.22953369543822022,False
1790286300000,1790286552872,DOWN,0.7,84457.78,3.60170095244583,1,KXBTC15M-26SEP241800-00,,,,,1790287208137,1790294809860,2026-09-24,1790287289295,shadow_official_arrival,0.21417465005351097,0.07479048619882907,5,-5.150040078336637,7.0091948696027195,True,,11.36008055945166,44.18540008780571,True,True,True,True,flagged,1790260260000,115.70627659565736,1075.2771666666522,177.07666666668956,0.16468002125965842,0.07479048619882907,False
1790287200000,1790287576764,DOWN,0.81,84331.82,5.345945733572499,1,KXBTC15M-26SEP241815-15,,,,,,,2026-09-24,1790288207102,shadow_official_arrival,0.34522787885561484,0.024543833051293595,3,-13.015755339972346,-3.9072502897352646,True,,11.545460637443258,44.43776554962348,True,True,True,True,flagged,1790260260000,115.70627659565736,1075.2771666666522,217.55066666664788,0.20232054898092242,0.024543833051293595,False
1790288100000,1790288346361,DOWN,0.87,84319.53,19.520210798140702,1,KXBTC15M-26SEP241830-30,,,,,,,2026-09-24,1790289126493,shadow_official_arrival,0.49058019748239484,0.2576564185954531,4,-20.012032522813694,-28.481737059579125,True,,13.273194089037505,41.74990875282027,True,True,False,True,conditions_not_met,1790260260000,115.70627659565736,1075.2771666666522,217.55066666664788,0.20232054898092242,0.2576564185954531,True
1790289000000,1790289243340,UP,0.71,84122.85,4.907505313158644,0,KXBTC15M-26SEP241845-45,,,,,,,2026-09-24,1790290046503,shadow_official_arrival,0.02160091162632017,0.28205746767627937,2,-0.13629927446245915,-36.09174316779429,True,,20.581214334100572,25.965835759603134,False,True,False,True,no_recent_shock,,,,459.0134999999136,,0.28205746767627937,False
1790289900000,1790290140290,UP,0.82,84109.35,10.908081761029642,1,KXBTC15M-26SEP241900-00,,,,,,,2026-09-24,1790290953114,shadow_official_arrival,0.16782496072536757,0.19207460318585093,2,5.261288796452046,-27.243569238071252,True,,24.48505312590186,28.754891082582887,False,True,False,True,no_recent_shock,,,,412.2006666665984,,0.19207460318585093,False
1790290800000,1790291049335,UP,0.73,84244.82,5.474738189632511,1,KXBTC15M-26SEP241915-15,,,,,1790291708134,1790294809613,2026-09-24,1790291868436,shadow_official_arrival,0.6523352930635105,0.020861039023215393,1,10.670248926654136,-3.883072694306211,True,,23.4916362486889,33.94046864390111,False,True,False,True,no_recent_shock,,,,320.63883333322883,,0.020861039023215393,False
1790291700000,1790291940238,UP,0.73,84278.84,4.801580879227885,1,KXBTC15M-26SEP241930-30,,,,,1790292608132,1790294809570,2026-09-24,1790292910073,shadow_official_arrival,0.12303387274851227,0.14945503710623786,2,3.5515945025599294,18.30049941635048,True,,19.686595220398434,41.473954212357185,False,True,False,True,no_recent_shock,,,,319.9734999999637,,0.14945503710623786,False
1790292600000,1790293004104,UP,0.65,84405.96,1.6356862319577559,0,KXBTC15M-26SEP241945-45,,,,,,,2026-09-24,1790293527946,shadow_official_arrival,0.8070703242573861,0.3678195370735474,3,9.89623231261838,33.05203754940811,True,,16.548885068147733,27.035993454895337,False,True,False,True,no_recent_shock,,,,351.69866666673624,,0.3678195370735474,False
1790293500000,1790293761726,DOWN,0.65,84391.1,1.6908576062357739,1,KXBTC15M-26SEP242000-00,,,,,,,2026-09-24,1790294444843,shadow_official_arrival,0.24766510236696254,0.3099132748017136,1,-4.003307348338092,20.916668231205637,True,,16.14759200397504,20.929980444809008,True,True,False,True,no_recent_shock,,,,234.33949999997276,,0.3099132748017136,False
1790294400000,1790294644384,UP,0.82,84379.39,7.712902404244382,1,KXBTC15M-26SEP242015-15,,,,,,,2026-09-24,1790295367807,shadow_official_arrival,0.3697334113430162,0.24937504673853406,6,7.558601291854927,18.400896597035032,True,,14.517353566987364,29.957967965929633,True,True,False,True,no_recent_shock,,,,174.44983333339042,,0.24937504673853406,False
1790295300000,1790295546338,DOWN,0.77,84630.33,9.360946601528752,0,KXBTC15M-26SEP242030-30,,,,,1790296208139,1790296300874,2026-09-24,1790296271650,shadow_official_arrival,0.3037472087065488,0.31142926044007335,2,12.62806181828724,27.49083704816302,False,UP,19.242796654458527,23.500741816396435,False,True,False,True,no_recent_shock,,,,347.5958333333401,,0.31142926044007335,False
1790296200000,1790296442325,DOWN,0.75,84639.58,8.943176072788717,1,KXBTC15M-26SEP242045-45,,,,,1790297108187,1790297185784,2026-09-24,1790297209673,shadow_official_arrival,0.004881024676653629,0.15368961109837337,0,0.1734726037261325,17.576220327002456,False,UP,22.149211873586104,31.54832599813555,False,True,False,True,no_recent_shock,,,,307.3340000000462,,0.15368961109837337,False
1790298000000,1790298246580,UP,0.81,84558.38,12.962306830692771,1,KXBTC15M-26SEP242115-15,,,,,1790298908187,1790298976429,2026-09-24,1790299208182,shadow_official_arrival,0.28168143266532625,0.1796992182849665,2,10.869190822360153,26.469011413035037,False,UP,24.974713294234355,43.37012123377492,False,True,False,True,no_recent_shock,,,,223.38866666668036,,0.1796992182849665,False
1790298900000,1790299195867,DOWN,0.66,84708.99,3.4760970077285513,1,KXBTC15M-26SEP242130-30,,,,,,,2026-09-24,1790300136612,shadow_official_arrival,0.14227299356515452,0.12838246505419929,4,0.9027000980399436,16.483145385366438,False,UP,27.80765212336834,50.40823484992396,False,True,False,True,no_recent_shock,,,,210.7748333333875,,0.12838246505419929,False
1790299800000,1790300043680,DOWN,0.82,84507.42,10.526038226382761,1,KXBTC15M-26SEP242145-45,,,,,,,2026-09-24,1790300757321,shadow_official_arrival,0.726138353862668,0.11620413673935129,1,-32.20217152767546,-16.581053812817494,True,,25.288162877116914,48.71110951706513,False,True,False,True,no_recent_shock,,,,354.40349999997125,,0.11620413673935129,False
1790300700000,1790300942082,UP,0.71,84473.36,4.249169994736679,1,KXBTC15M-26SEP242200-00,,,,,1790301608142,1790301672667,2026-09-24,1790301661141,shadow_official_arrival,0.27027078919191333,0.06040211333939785,3,10.13752033920401,-7.898886138516525,True,,23.161789258168255,33.016138155087226,False,True,False,True,no_recent_shock,,,,390.63766666676383,,0.06040211333939785,False
1790301600000,1790301848425,UP,0.89,84567.71,18.10145188197554,1,KXBTC15M-26SEP242215-15,,,,,,,2026-09-24,1790302577249,shadow_official_arrival,0.47466198626920597,0.03582542074846726,3,25.031065384810702,6.236438166744573,False,UP,19.69664352597191,34.74778879110923,False,True,False,True,no_recent_shock,,,,390.63766666676383,,0.03582542074846726,False
1790302500000,1790302992366,DOWN,0.67,84813.92,2.383629951314692,1,KXBTC15M-26SEP242230-30,,,,,,,2026-09-24,1790303500449,shadow_official_arrival,0.007067100017581569,0.12384491610795408,6,-1.635329599926072,20.38490258305048,False,UP,23.153831819042704,32.66902446916316,False,True,False,True,no_recent_shock,,,,476.1983333334356,,0.12384491610795408,False
1790303400000,1790303709849,DOWN,0.68,84654.22,3.075668682943622,1,KXBTC15M-26SEP242245-45,,,,,,,2026-09-24,1790304403885,shadow_official_arrival,0.6341177305601317,0.17804056981054056,3,-22.29320049161654,29.46538247798669,False,UP,22.224617231362306,33.116307854620615,False,True,False,True,no_recent_shock,,,,476.1983333334356,,0.17804056981054056,False
1790304300000,1790304542558,DOWN,0.9,84475.73,23.754830726732123,1,KXBTC15M-26SEP242300-00,,,,,,,2026-09-24,1790305314847,shadow_official_arrival,0.7474215228909911,0.1438936861426436,3,-48.6990328902992,-27.71232992679229,True,,21.5134055051858,36.34085858722929,False,True,False,True,no_recent_shock,,,,490.65800000001036,,0.1438936861426436,True
1790305200000,1790305499980,UP,0.65,84194.85,2.9206655751501387,1,KXBTC15M-26SEP242315-15,,,,,,,2026-09-24,1790306295573,shadow_official_arrival,0.46461699857181016,0.3890264656138112,1,-12.9375446365243,-65.1497021181513,True,,24.075379556689818,28.905328708250305,False,True,False,True,no_recent_shock,,,,644.2521666667744,,0.3890264656138112,False
1790306100000,1790306632601,UP,0.44,84226.54,0.15195131288558983,0,KXBTC15M-26SEP242330-30,,,,,,,2026-09-24,1790307210559,shadow_official_arrival,0.11127442800892216,0.4224449737509156,2,-6.247156975339729,-65.6240525640972,True,,25.053698952183506,24.200158469572628,False,True,False,True,no_recent_shock,,,,639.9639999999636,,0.4224449737509156,False
1790307000000,1790307245886,UP,0.69,84142.15,5.664243980771921,1,KXBTC15M-26SEP242345-45,,,,,,,2026-09-24,1790308131063,shadow_official_arrival,0.15504429316947235,0.3534480546702707,2,-5.13528238637595,-59.161756251358,True,,25.616378611936227,22.69812179336407,False,True,False,True,no_recent_shock,,,,594.4226666665782,,0.3534480546702707,False
1790307900000,1790308165278,DOWN,0.69,84218.05,3.7191354268206744,1,KXBTC15M-26SEP250000-00,,,,,,,2026-09-24,1790309053549,shadow_official_arrival,0.010937025627838867,0.07035920105831768,2,-0.4727956401540112,-11.884804346877775,True,,25.10125150689698,34.48615451381095,False,True,False,True,no_recent_shock,,,,242.57933333326946,,0.07035920105831768,False
1790308800000,1790309040781,DOWN,0.71,84211.53,6.911939493315922,1,KXBTC15M-26SEP250015-15,,,,,1790309708137,1790309782418,2026-09-25,1790310006692,shadow_official_arrival,0.13375814365186084,0.009789052728980506,2,-3.444052693736266,-2.055388512688383,True,,23.993984243515875,53.96727392580148,False,True,False,True,no_recent_shock,,,,242.57933333326946,,0.009789052728980506,False
1790309700000,1790310120752,UP,0.67,84089.41,2.0021149710292008,1,KXBTC15M-26SEP250030-30,,,,,,,2026-09-25,1790310937811,shadow_official_arrival,0.18444213125896794,0.11144648941512966,4,-7.235307717086137,-15.629575692415187,True,,24.60636354511387,53.31119103517223,False,True,False,True,no_recent_shock,,,,269.7938333332422,,0.11144648941512966,False
1790310600000,1790310879148,UP,0.71,84109.91,4.180403157409973,1,KXBTC15M-26SEP250045-45,,,,,1790311508184,1790311578061,2026-09-25,1790311555105,shadow_official_arrival,0.10718134224664766,0.04689471276535435,4,2.824675064787563,-5.852367528556002,True,,25.471812032109103,48.67293878103943,False,True,False,True,no_recent_shock,,,,269.7938333332422,,0.04689471276535435,False
1790311500000,1790311741370,DOWN,0.77,84266.72,6.792697441326823,1,KXBTC15M-26SEP250100-00,,,,,,,2026-09-25,1790312468456,shadow_official_arrival,0.3885446400122916,0.04407943946386778,2,8.33916542661406,3.2267861608636927,True,,22.59640760838362,46.45510310071519,False,True,False,True,no_recent_shock,,,,211.99049999989802,,0.04407943946386778,False
1790312400000,1790312656626,UP,0.67,84197.14,3.9094756266955244,0,KXBTC15M-26SEP250115-15,,,,,,,2026-09-25,1790313375533,shadow_official_arrival,0.06506096203808398,0.08579106935005526,4,3.521835889246372,9.713999224671976,True,,18.482908090019546,49.50076861180741,False,True,False,True,no_recent_shock,,,,211.99049999989802,,0.08579106935005526,False
1790313300000,1790313737686,DOWN,0.72,84182.75,1.4276875804841715,1,KXBTC15M-26SEP250130-30,,,,,,,2026-09-25,1790314287973,shadow_official_arrival,0.08863868027563894,0.08765804493202868,7,-3.389795690612596,7.001888039859239,True,,14.650571437294175,49.16793261613479,False,True,False,True,no_recent_shock,,,,178.26566666671715,,0.08765804493202868,False
1790314200000,1790314590928,UP,0.67,84166.12,3.013682940353757,1,KXBTC15M-26SEP250145-45,,,,,,,2026-09-25,1790315219785,shadow_official_arrival,0.006299538782524144,0.006676551979618899,4,1.7680485797400003,1.7516902951886237,True,,13.711040003566632,54.52075131091003,False,True,False,True,no_recent_shock,,,,172.07699999996112,,0.006676551979618899,False
1790315100000,1790315597995,DOWN,0.7,84249.88,0.9212278205394941,1,KXBTC15M-26SEP250200-00,,,,,,,2026-09-25,1790316132864,shadow_official_arrival,0.10402096397042512,0.08407896145987498,3,1.0012621474819738,8.204584875997067,True,,14.57046977278826,52.856645169655785,False,True,False,True,no_recent_shock,,,,203.8493333333463,,0.08407896145987498,False
1790316000000,1790316355488,UP,0.65,84192.19,1.7267239000018364,0,KXBTC15M-26SEP250215-15,,,,,,,2026-09-25,1790317042818,shadow_official_arrival,0.6830186003562901,0.048096627236022496,1,-6.048251188980336,0.781847430979532,True,,12.620518266128686,49.521798329730444,False,True,False,True,no_recent_shock,,,,203.8493333333463,,0.048096627236022496,False
1790316900000,1790317148359,UP,0.73,84048.16,7.410057122805291,1,KXBTC15M-26SEP250230-30,,,,,,,2026-09-25,1790317961609,shadow_official_arrival,0.1875261770758668,0.09189570828962011,2,-9.38520165635337,-10.868749739245676,True,,13.238221474279573,41.28991209045713,True,True,False,True,no_recent_shock,,,,319.259000000151,,0.09189570828962011,False
1790317800000,1790318043673,DOWN,0.78,84102.63,7.821396310674356,1,KXBTC15M-26SEP250245-45,,,,,,,2026-09-25,1790318874735,shadow_official_arrival,0.1478468678401599,0.06626089847151673,1,-8.410992509736426,-11.254915110749941,True,,13.705898772342122,47.13063054457703,True,True,False,True,no_recent_shock,,,,319.259000000151,,0.06626089847151673,False
1790318700000,1790319096062,UP,0.65,84014.1,1.2178709684818045,1,KXBTC15M-26SEP250300-00,,,,,,,2026-09-25,1790319783964,shadow_official_arrival,0.09237708165004967,0.21038529671952497,2,-0.881492327401423,-27.48732382478636,True,,17.45512804914547,40.001459848203076,True,True,False,True,no_recent_shock,,,,314.5524999999907,,0.21038529671952497,False
1790319600000,1790319888594,DOWN,0.65,84029.91,1.9752688854102196,1,KXBTC15M-26SEP250315-15,,,,,,,2026-09-25,1790320692132,shadow_official_arrival,0.0682173007968566,0.14487689687659427,2,-0.71285849119751,-20.550144426673135,True,,18.377730900154535,43.8376862506742,True,True,False,True,no_recent_shock,,,,306.7729999999865,,0.14487689687659427,False
1790320500000,1790320739109,UP,0.88,83815.07,13.465796385621065,1,KXBTC15M-26SEP250330-30,,,,,1790321408114,1790321479686,2026-09-25,1790321608569,shadow_official_arrival,0.3455343644721211,0.19184814613827392,4,-11.482733689507363,-21.36063589676884,False,DOWN,22.87336636378049,37.127575195201004,False,True,False,True,no_recent_shock,,,,452.46616666656337,,0.19184814613827392,False
1790321400000,1790321644316,DOWN,0.89,84036.19,14.702733032835313,1,KXBTC15M-26SEP250345-45,,,,,,,2026-09-25,1790322525188,shadow_official_arrival,0.014680703835574058,0.11146635935168893,2,-1.8229727177709876,-14.781154537165664,True,,23.12965881398331,33.412241986733655,False,True,False,True,no_recent_shock,,,,268.98216666659573,,0.11146635935168893,False
1790322300000,1790322549278,UP,0.72,83893.2,7.671022999087285,1,KXBTC15M-26SEP250400-00,,,,,,,2026-09-25,1790323511704,shadow_official_arrival,0.10580864672296482,0.047778017739466126,2,5.353286064475604,-7.501435764272202,True,,24.38004249109557,53.468920930083435,False,True,False,True,no_recent_shock,,,,268.98216666659573,,0.047778017739466126,False
1790323200000,1790323440080,UP,0.84,84052.01,10.525367963627463,1,KXBTC15M-26SEP250415-15,,,,,,,2026-09-25,1790324122464,shadow_official_arrival,0.67938907175193,0.07909756213501311,3,21.339246566187686,13.433972069625266,True,,21.140426239848484,52.978926000762726,False,True,False,True,no_recent_shock,,,,293.19349999996484,,0.07909756213501311,True
1790324100000,1790324346311,UP,0.84,84119.61,10.816681152003849,1,KXBTC15M-26SEP250430-30,,,,,,,2026-09-25,1790325038838,shadow_official_arrival,0.22601446485705748,0.22477549222430268,2,8.33388025270887,33.67958926000503,True,,19.073254125952065,49.87759349440564,False,True,False,True,no_recent_shock,,,,350.9924999999639,,0.22477549222430268,True
1790325000000,1790325249332,DOWN,0.65,84435.95,3.7327504852291415,1,KXBTC15M-26SEP250445-45,,,,,1790325908117,1790325987692,2026-09-25,1790325952712,shadow_official_arrival,0.5864891596887424,0.3886361728557133,2,23.017609162914177,58.608377650275486,True,,22.084908190085844,25.633386875054207,False,True,False,True,no_recent_shock,,,,625.0055000000284,,0.3886361728557133,False
1790325900000,1790326141183,DOWN,0.65,84317.79,1.3355623607569367,0,KXBTC15M-26SEP250500-00,,,,,,,2026-09-25,1790326870283,shadow_official_arrival,0.6544606667732211,0.3311096970187035,3,-11.878309813455612,41.49619752846778,True,,25.051581023262717,18.913860272535732,False,True,False,True,no_recent_shock,,,,488.2066666666942,,0.3311096970187035,False
1790326800000,1790327046916,UP,0.86,84402.43,10.919472342216796,1,KXBTC15M-26SEP250515-15,,,,,1790327708114,1790327783773,2026-09-25,1790327783773,shadow_official_arrival,0.5734523310929839,0.3186695189487551,1,22.3071889294002,42.08618441272405,True,,26.691718493807773,29.08745101395928,False,True,False,True,no_recent_shock,,,,374.5293333333975,,0.3186695189487551,True
1790327700000,1790328042913,DOWN,0.65,84603.51,2.236057739610775,0,KXBTC15M-26SEP250530-30,,,,,,,2026-09-25,1790328705008,shadow_official_arrival,0.25908114692934514,0.32328823476351204,3,0.8389938602548774,41.139171514839035,False,UP,33.35731899846412,22.022502407796402,False,True,False,True,no_recent_shock,,,,470.5961666667572,,0.32328823476351204,False
1790328600000,1790328845200,DOWN,0.8,84806.82,11.685656098568975,1,KXBTC15M-26SEP250545-45,,,,,,,2026-09-25,1790329618201,shadow_official_arrival,0.32102509519327704,0.23940026991536295,2,16.7368522297906,35.652088407527316,False,UP,36.5510704796962,26.980679270503654,False,True,False,True,no_recent_shock,,,,518.1258333334554,,0.23940026991536295,False
1790329500000,1790329890309,DOWN,0.69,84629.23,3.3323592805911684,1,KXBTC15M-26SEP250600-00,,,,,1790330408107,1790330479294,2026-09-25,1790330540261,shadow_official_arrival,0.5053035397147028,0.23478258928379778,1,-12.73007280991445,34.9390147636397,False,UP,39.411967798904634,28.553327268373195,False,True,False,True,no_recent_shock,,,,518.1258333334554,,0.23478258928379778,False
1790330400000,1790330647838,DOWN,0.94,84583.18,18.823541512625887,1,KXBTC15M-26SEP250615-15,,,,,,,2026-09-25,1790331466926,shadow_official_arrival,0.7216041867447235,0.0486968002316819,1,-22.1840366995496,-8.358937239933972,True,,38.99305163943104,29.115712650770188,False,True,False,True,no_recent_shock,,,,313.08099999999104,,0.0486968002316819,True
1790331300000,1790331548741,DOWN,0.7,84484.73,3.7133534860966932,0,KXBTC15M-26SEP250630-30,,,,,,,2026-09-25,1790332387970,shadow_official_arrival,0.13897330269422098,0.09628284574452074,2,3.97207517224496,-14.558061113876253,True,,32.83044570045833,37.980439353444694,False,True,False,True,no_recent_shock,,,,410.5735000001441,,0.09628284574452074,False
1790332200000,1790332645572,UP,0.69,84711.66,1.2105574761833715,1,KXBTC15M-26SEP250645-45,,,,,,,2026-09-25,1790333299711,shadow_official_arrival,0.6592641722718187,0.0014535333229493252,2,30.870949421692995,4.744155362910174,False,UP,31.345388580279774,37.665578140766996,False,True,False,True,no_recent_shock,,,,318.1656666666968,,0.0014535333229493252,False
1790333100000,1790333540262,UP,0.68,84767.14,2.741274508029079,0,KXBTC15M-26SEP250700-00,,,,,,,2026-09-25,1790334204573,shadow_official_arrival,0.33152641637225916,0.16912186194591097,5,9.350675961068422,23.134317216397804,False,UP,33.52027401041416,34.17024383687499,False,True,False,True,no_recent_shock,,,,389.71699999996054,,0.16912186194591097,False
1790334000000,1790334241219,UP,0.73,84713.8,6.378457032185647,1,KXBTC15M-26SEP250715-15,,,,,,,2026-09-25,1790335118265,shadow_official_arrival,0.04914255067606044,0.32456834748350744,2,-1.5419586348053294,39.585525061724965,False,UP,34.590567956959134,33.28934115390273,False,True,False,True,no_recent_shock,,,,430.60700000012,,0.32456834748350744,False
1790334900000,1790335142438,DOWN,0.7,85187.07,8.511033423269643,1,KXBTC15M-26SEP250730-30,,,,,,,2026-09-25,1790336112192,shadow_official_arrival,0.5371427984067073,0.44273677367396885,2,40.903801470637546,77.79873659925273,False,UP,38.00353689421831,20.016084707682893,False,True,False,True,no_recent_shock,,,,783.2211666666117,,0.44273677367396885,False
1790335800000,1790336042470,DOWN,0.8,84935.61,9.61481291534061,1,KXBTC15M-26SEP250745-45,,,,,,,2026-09-25,1790337036655,shadow_official_arrival,0.6664920657113589,0.10747581956259586,5,-30.62002300969202,19.70945197541818,False,UP,38.65091985299411,28.12368840182658,False,True,False,True,no_recent_shock,,,,547.3799999999319,,0.10747581956259586,False
1790336700000,1790336943802,DOWN,0.84,84715.57,6.569532220186414,1,KXBTC15M-26SEP250800-00,,,,,,,2026-09-25,1790337648666,shadow_official_arrival,0.3751995055423319,0.053549059497677264,3,-22.86636931022712,-13.99210243918092,False,UP,34.71780742822353,42.50727754304081,False,True,False,True,no_recent_shock,,,,548.4724999999162,,0.053549059497677264,False
1790337600000,1790337847158,UP,0.69,84590.58,8.489203722998884,0,KXBTC15M-26SEP250815-15,,,,,,,2026-09-25,1790338555814,shadow_official_arrival,0.05999297158594396,0.05528173965079575,2,0.2923264580334539,-12.439112960231924,False,UP,28.374376324978464,36.62532797465139,False,True,False,True,no_recent_shock,,,,645.0196666666889,,0.05528173965079575,False
1790338500000,1790338746000,DOWN,0.901,84329.55,38.67541093246718,0,KXBTC15M-26SEP250830-30,,,,,,,2026-09-25,1790339473457,shadow_official_arrival,0.8412334755138133,0.5677610253497802,1,-77.660814760514,-130.54933358234265,True,,24.780634017943168,27.403893669227113,False,True,False,True,conditions_not_met,1790338740000,-133.68104472387122,1138.04366666665,985.8538333333272,0.8662706556954096,0.5677610253497802,True
1790339400000,1790339640425,UP,0.65,84377.89,8.026707786443765,1,KXBTC15M-26SEP250845-45,,,,,,,2026-09-25,1790340385363,shadow_official_arrival,0.6633225710415965,0.18584099960910416,1,53.86085335322033,-48.68574232603229,True,,28.060259284480132,22.58993406045115,False,True,False,True,conditions_not_met,1790338920000,-105.4415588155222,1078.6833333333634,964.6176666665851,0.8942547241234452,0.18584099960910416,False
1790340300000,1790340834554,DOWN,0.63,84431.5,5.931060484928308,0,KXBTC15M-26SEP250900-00,,,,,,,2026-09-25,1790341307387,shadow_official_arrival,0.22712762324470337,0.12464551214024251,5,-12.518170556340413,-30.257857927222798,True,,26.09021747864335,29.870009060064177,False,True,False,True,conditions_not_met,1790338920000,-105.4415588155222,1078.6833333333634,714.8856666666688,0.6627391418550228,0.12464551214024251,False
1790341200000,1790341533215,UP,0.65,84474.26,1.8673932943213956,0,KXBTC15M-26SEP250915-15,,,,,,,2026-09-25,1790342228189,shadow_official_arrival,0.10332765781885463,0.07592729209256693,2,8.250876190210032,-19.345345310491922,True,,25.13959795362836,36.830060020256184,False,True,False,True,conditions_not_met,1790338920000,-105.4415588155222,1078.6833333333634,714.8856666666688,0.6627391418550228,0.07592729209256693,False
1790342100000,1790342346657,DOWN,0.68,84426.42,2.8544777017980305,1,KXBTC15M-26SEP250930-30,,,,,,,2026-09-25,1790343152588,shadow_official_arrival,0.055238589303202607,0.2158171205421659,3,-3.085103412390211,49.471944798940015,True,,23.80433819385606,37.22201286802414,False,True,False,True,conditions_not_met,1790338920000,-105.4415588155222,1078.6833333333634,585.9318333333649,0.5431916997574344,0.2158171205421659,False
1790343000000,1790343248821,DOWN,0.7,84130.18,22.407495938631115,1,KXBTC15M-26SEP250945-45,,,,,,,2026-09-25,1790344080275,shadow_official_arrival,0.7762010255444978,0.2633628268281548,1,-56.191187981643466,-61.28958268855178,True,,25.336939354157725,37.57132200300696,False,True,False,True,conditions_not_met,1790338920000,-105.4415588155222,1078.6833333333634,597.0239999999612,0.553474760896721,0.2633628268281548,True
1790343900000,1790344140016,DOWN,0.74,83884.91,18.082870923984416,0,KXBTC15M-26SEP251000-00,,,,,,,2026-09-25,1790344989789,shadow_official_arrival,0.1636520638532733,0.26945649063542865,3,-23.214168649732247,-89.46971932867753,False,DOWN,28.206843466223923,35.64741145061596,False,True,False,True,conditions_not_met,1790338920000,-105.4415588155222,1078.6833333333634,686.6069999999891,0.6365232304815778,0.26945649063542865,True
1790344800000,1790345049147,DOWN,0.903,83912.84,45.07728892662488,1,KXBTC15M-26SEP251015-15,,,,,,,2026-09-25,1790346016424,shadow_official_arrival,0.18113534640730822,0.2743123897284953,2,-23.72276243393201,-107.8158903093418,False,DOWN,31.74978058359314,33.524999659555874,False,True,False,True,conditions_not_met,1790345040000,-103.02433173238312,969.6245000000781,910.583166666649,0.9391090743546349,0.2743123897284953,False
1790345700000,1790346003966,UP,0.66,83547.01,4.610099152566605,1,KXBTC15M-26SEP251030-30,,,,,,,2026-09-25,1790346932421,shadow_official_arrival,0.16008200188088884,0.2043619133148783,5,25.41402774306256,-87.90614700172172,False,DOWN,37.62016977410359,30.655494124266614,False,True,False,True,conditions_not_met,1790345940000,-106.53283178711726,1167.2056666667922,1075.033000000054,0.9210313406634179,0.2043619133148783,False
1790346600000,1790346847120,UP,0.78,83661.01,18.524479523576165,1,KXBTC15M-26SEP251045-45,,,,,1790347508119,1790347573116,2026-09-25,1790347549306,shadow_official_arrival,0.4558511029942766,0.029799199885597077,3,34.16572317342714,-13.3526667177708,False,DOWN,37.76397448315917,38.16164260896317,False,True,False,True,conditions_not_met,1790345940000,-106.53283178711726,1167.2056666667922,948.0445000000327,0.8122343191730541,0.029799199885597077,False
1790347500000,1790347740475,UP,0.67,83686.24,11.094814790739704,1,KXBTC15M-26SEP251100-00,,,,,,,2026-09-25,1790348481984,shadow_official_arrival,0.07819590267775502,0.015254580201456591,2,-4.378451219374524,5.477674480667272,False,DOWN,34.731381916238284,41.33787094415288,False,True,False,True,conditions_not_met,1790345940000,-106.53283178711726,1167.2056666667922,789.6025000000664,0.6764896046597741,0.015254580201456591,False
1790348400000,1790348648889,DOWN,0.74,83997.68,14.781241577145332,1,KXBTC15M-26SEP251115-15,,,,,,,2026-09-25,1790349406412,shadow_official_arrival,0.14656330821512287,0.10364750751932683,2,11.271627388800276,35.71341139316786,True,,32.35275456445206,46.037663773231,False,True,False,True,conditions_not_met,1790345940000,-106.53283178711726,1167.2056666667922,759.2435000001569,0.6504796212721796,0.10364750751932683,False
1790349300000,1790349539480,DOWN,0.65,83959.84,7.892483676319451,1,KXBTC15M-26SEP251130-30,,,,,1790350208136,1790350286749,2026-09-25,1790350321750,shadow_official_arrival,0.19223727535317287,0.15376276346806703,3,0.9132443062243034,44.77162291858461,True,,27.93901198472421,40.108981873113564,False,True,True,True,flagged,1790345940000,-106.53283178711726,1167.2056666667922,516.1876666666067,0.4422422555064284,0.15376276346806703,False
1790350200000,1790350668577,DOWN,0.69,83745.68,5.96788992577979,1,KXBTC15M-26SEP251145-45,,,,,,,2026-09-25,1790351243901,shadow_official_arrival,0.20062845324473766,0.06574921534644981,3,-22.250094464152383,-18.41883149068635,False,DOWN,24.622255467724617,59.608494567171576,False,True,True,True,flagged,1790345940000,-106.53283178711726,1167.2056666667922,396.0274999999383,0.33929538838761836,0.06574921534644981,False
1790351100000,1790351395724,DOWN,0.65,83468.66,5.575146408248743,0,KXBTC15M-26SEP251200-00,,,,,,,2026-09-25,1790352155742,shadow_official_arrival,0.5983843745092517,0.1303715226539634,5,-40.537711783377176,-46.4297407012515,False,DOWN,25.81549627054983,50.50947115573162,False,True,True,True,flagged,1790345940000,-106.53283178711726,1167.2056666667922,572.0201666665962,0.4900765846177934,0.1303715226539634,False
1790352000000,1790352248526,UP,0.86,83753.38,24.022473282074852,1,KXBTC15M-26SEP251215-15,,,,,1790352908127,1790352990679,2026-09-25,1790353076580,shadow_official_arrival,0.8307447337277469,0.029238533848470357,1,60.93767717280541,8.185204173050131,True,,26.32871362793178,46.122301874349816,False,True,True,True,flagged,1790345940000,-106.53283178711726,1167.2056666667922,568.360499999777,0.48694117603357173,0.029238533848470357,False
1790352900000,1790353207016,UP,0.66,83967.51,5.134565341609054,1,KXBTC15M-26SEP251230-30,,,,,,,2026-09-25,1790354000767,shadow_official_arrival,0.14814095739594715,0.07397141860179578,7,9.513375509622168,22.97574054823892,True,,22.370273855733362,38.423052080573484,False,True,False,True,conditions_not_met,1790345940000,-106.53283178711726,1167.2056666667922,668.3896666665241,0.5726408684900024,0.07397141860179578,False
1790353800000,1790354050736,DOWN,0.71,83972.53,0.5523631755977032,1,KXBTC15M-26SEP251245-45,,,,,,,2026-09-25,1790354922111,shadow_official_arrival,0.12496938908452028,0.09201360381051585,4,-5.920047142174978,19.673933422308387,True,,20.85743986744784,36.00128936919287,False,True,False,True,conditions_not_met,1790345940000,-106.53283178711726,1167.2056666667922,668.3896666665241,0.5726408684900024,0.09201360381051585,False
1790354700000,1790354946236,DOWN,0.911,83928.15,20.109998850194046,1,KXBTC15M-26SEP251300-00,,,,,1790355608134,1790355678739,2026-09-25,1790355914794,shadow_official_arrival,0.3671325757983396,0.16709766945856136,5,-27.62093542652888,37.54462572569173,False,DOWN,17.13027597198898,34.86410190496895,False,True,False,True,conditions_not_met,1790345940000,-106.53283178711726,1167.2056666667922,668.3896666665241,0.5726408684900024,0.16709766945856136,False
1790355600000,1790355840372,UP,0.89,83730.65,19.038806777054162,1,KXBTC15M-26SEP251315-15,,,,,1790356508176,1790356569575,2026-09-25,1790356534201,shadow_official_arrival,0.272420130005268,0.037032786077500116,0,14.29450231720919,-7.7367224874225204,False,DOWN,16.592682815289475,34.306239289416965,False,True,True,True,flagged,1790345940000,-106.53283178711726,1167.2056666667922,333.3905000000814,0.28563132404261704,0.037032786077500116,False
1790356500000,1790356858046,DOWN,0.66,83936.51,3.8614305026474227,1,KXBTC15M-26SEP251330-30,,,,,,,2026-09-25,1790357737236,shadow_official_arrival,0.11032236682124606,0.051150581363645795,2,0.45522295888833497,-14.517773343700746,True,,13.556677447078028,52.15697292529588,True,True,True,True,flagged,1790345940000,-106.53283178711726,1167.2056666667922,292.36766666675976,0.2504851330114587,0.051150581363645795,False
1790357400000,1790357642844,UP,0.7,83697.45,7.69567451975206,1,KXBTC15M-26SEP251345-45,,,,,,,2026-09-25,1790358351318,shadow_official_arrival,0.36799771317525926,0.12812668991804596,2,-19.419994663996132,-27.324436684385,True,,13.636394943456034,56.25319021661109,False,True,True,True,flagged,1790345940000,-106.53283178711726,1167.2056666667922,349.9996666665975,0.2998611784211921,0.12812668991804596,False
1790358300000,1790358544394,DOWN,0.71,83802.22,6.845085169981946,1,KXBTC15M-26SEP251400-00,,,,,1790359208133,1790359283283,2026-09-25,1790359453941,shadow_official_arrival,0.07757681293351883,0.018760211058756797,2,-2.2539892434958464,-3.26328793159969,True,,15.72446305095582,55.90894440034163,True,True,True,True,flagged,1790345940000,-106.53283178711726,1167.2056666667922,323.4918333332753,0.2771506706757825,0.018760211058756797,False
1790359200000,1790359453941,UP,0.77,83768.0,5.760891191544104,1,KXBTC15M-26SEP251415-15,,,,,1790360108132,1790360179035,2026-09-25,1790360410032,shadow_official_arrival,0.23257283990875863,0.06700249135779406,1,8.526036046712093,-8.797863602361122,True,,16.064317258019464,50.48325711040357,True,True,True,True,flagged,1790345940000,-106.53283178711726,1167.2056666667922,323.4918333332753,0.2771506706757825,0.06700249135779406,False
1790360100000,1790360370876,UP,0.65,83986.5,3.381555369015299,0,KXBTC15M-26SEP251430-30,,,,,,,2026-09-25,1790361025584,shadow_official_arrival,0.8787226184547873,0.07298025697949981,3,23.05037878720162,10.2427528940785,True,,14.157567683466638,43.16817732433005,True,True,True,True,flagged,1790345940000,-106.53283178711726,1167.2056666667922,350.49249999997846,0.30028341192078467,0.07298025697949981,False
1790361000000,1790361241367,UP,0.66,83939.73,3.4452497444736885,1,KXBTC15M-26SEP251445-45,,,,,,,2026-09-25,1790361946293,shadow_official_arrival,0.1905341819390584,0.18833572948222643,2,-5.537115135694215,24.107189692152975,True,,13.967826230658954,39.76512139987695,True,True,True,True,flagged,1790345940000,-106.53283178711726,1167.2056666667922,352.20850000002247,0.30175358984148004,0.18833572948222643,False
1790361900000,1790362149605,DOWN,0.68,83955.99,2.214850899872056,1,KXBTC15M-26SEP251500-00,,,,,,,2026-09-25,1790363084800,shadow_official_arrival,0.13032319527750855,0.1880654769547784,5,-3.7221431548106754,22.991063689989932,True,,11.715625428364898,37.73961708226286,True,True,True,True,flagged,1790345940000,-106.53283178711726,1167.2056666667922,334.0368333333172,0.28618506821272677,0.1880654769547784,False
1790362800000,1790363260558,UP,0.75,83950.62,3.0432374015432195,1,KXBTC15M-26SEP251515-15,,,,,,,2026-09-25,1790364019902,shadow_official_arrival,,,,,13.077988962169051,True,,,,,False,False,False,missing_current_hour,,,,,,,
1790363700000,1790363946058,DOWN,0.69,84031.05,5.726256346116898,1,KXBTC15M-26SEP251530-30,,,,,,,2026-09-25,1790364633438,shadow_official_arrival,0.1901228141835461,,2,6.354035415172543,-3.8371443544293893,True,,,,,False,False,False,missing_current_hour,,,,,,,
1790364600000,1790365034619,UP,0.68,83986.92,2.240646519720002,0,KXBTC15M-26SEP251545-45,,,,,,,2026-09-25,1790365545620,shadow_official_arrival,0.08404913008683576,,4,-0.8931809224743681,2.449581499943676,True,,,,,False,False,False,missing_current_hour,,,,,,,
1790365500000,1790365834054,UP,0.68,83970.57,4.03258347934532,1,KXBTC15M-26SEP251600-00,,,,,,,2026-09-25,1790366761147,shadow_official_arrival,0.021034800959203605,,2,1.0883745187850735,7.171805331096515,True,,,,,False,False,False,missing_current_hour,,,,,,,
1790366400000,1790366685788,DOWN,0.8,84028.57,7.6298652549577906,1,KXBTC15M-26SEP251615-15,,,,,1790367308136,1790367374080,2026-09-25,1790367374080,shadow_official_arrival,0.20989392711733543,0.051170597387347756,2,-3.892188215719461,5.131311185582188,True,,,,,False,True,True,flagged,1790345940000,-106.53283178711726,1167.2056666667922,128.63466666662134,0.11020736990933688,0.051170597387347756,False
1790367300000,1790367539631,UP,0.72,83963.17,3.9291036772448606,1,KXBTC15M-26SEP251630-30,,,,,,,2026-09-25,1790368300351,shadow_official_arrival,0.1700805569895107,0.0007987462357328288,4,2.2344107931071555,1.662237153303714,True,,,65.74223806542432,,False,True,True,flagged,1790345940000,-106.53283178711726,1167.2056666667922,102.92750000003434,0.08818283096068753,0.0007987462357328288,False
1790368200000,1790368730008,UP,0.44,84053.39,0.24922651344905233,1,KXBTC15M-26SEP251645-45,,,,,,,2026-09-25,1790369211156,shadow_official_arrival,0.40596727702926905,0.04545344843797613,3,5.14389149176564,0.4826806759328228,True,,,58.4463292624554,,False,True,True,flagged,1790345940000,-106.53283178711726,1167.2056666667922,129.11233333345444,0.11061660941225773,0.04545344843797613,False
1790369100000,1790369355608,DOWN,0.65,84104.45,3.6537305695460986,1,KXBTC15M-26SEP251700-00,,,,,,,2026-09-25,1790370131315,shadow_official_arrival,0.012373416593097758,0.07773869556615766,4,0.5265497620920989,7.630892529477684,True,,,49.566263154778646,,False,True,True,flagged,1790345940000,-106.53283178711726,1167.2056666667922,203.88916666671867,0.1746814400318739,0.07773869556615766,False
1790370000000,1790370248880,DOWN,0.65,83880.37,2.2753237736183873,1,KXBTC15M-26SEP251715-15,,,,,,,2026-09-25,1790371055274,shadow_official_arrival,0.5373740974898372,0.11569410184862469,3,-24.319382904439692,-12.841173752685675,True,,,35.70425755140028,,False,True,True,flagged,1790345940000,-106.53283178711726,1167.2056666667922,305.52050000001327,0.2617537840374722,0.11569410184862469,False
1790370900000,1790371148932,DOWN,0.67,83705.19,7.039607301139172,0,KXBTC15M-26SEP251730-30,,,,,,,2026-09-25,1790371981292,shadow_official_arrival,0.6519201815634532,0.29842733482148787,3,-26.624002266381062,-41.65609078637944,True,,35.23865616820526,24.401805498575612,,False,False,True,conditions_not_met,1790345940000,-106.53283178711726,1167.2056666667922,492.4393333334301,0.42189594121805196,0.29842733482148787,False
1790371800000,1790372097524,UP,0.66,83766.08,1.2920106404190612,1,KXBTC15M-26SEP251745-45,,,,,,,2026-09-25,1790372899952,shadow_official_arrival,0.6726913216968132,0.25536908510142603,1,16.93918356168611,-35.0925080738762,True,,36.20087403460366,27.42149950473022,,False,False,True,conditions_not_met,1790345940000,-106.53283178711726,1167.2056666667922,520.0796666667011,0.44557671498622936,0.25536908510142603,False
1790372700000,1790372958444,UP,0.71,83807.07,2.353858689962962,0,KXBTC15M-26SEP251800-00,,,,,,,2026-09-25,1790373825677,shadow_official_arrival,0.21077128188037372,0.22532537111061848,1,6.182531940872593,-29.978789071597454,True,,34.93026535676172,26.53012567845047,,False,True,True,flagged,1790345940000,-106.53283178711726,1167.2056666667922,439.72983333341836,0.37673723311262003,0.22532537111061848,False
1790373600000,1790373848612,UP,0.78,83787.46,4.0593584449588604,1,KXBTC15M-26SEP251815-15,,,,,1790374508136,1790374583424,2026-09-25,1790374820050,shadow_official_arrival,0.02139443037681361,0.05675052313167092,4,-0.02449644758484304,-5.7335264202140745,True,,32.099245822105736,30.656458775169995,,False,True,True,flagged,1790345940000,-106.53283178711726,1167.2056666667922,242.1989999999205,0.20750327634338173,0.05675052313167092,False
1790374500000,1790374747433,UP,0.67,83922.0,2.507367952782058,0,KXBTC15M-26SEP251830-30,,,,,,,2026-09-25,1790375438707,shadow_official_arrival,0.9431554538637162,0.3778762124289974,3,15.351125108384878,34.968017876628736,True,,28.732144139149256,38.60585054514248,,False,False,True,conditions_not_met,1790345940000,-106.53283178711726,1167.2056666667922,303.2395000000688,0.2597995440392563,0.3778762124289974,False
1790375400000,1790375649581,UP,0.87,83898.72,11.128119713865736,1,KXBTC15M-26SEP251845-45,,,,,1790376306484,1790376384616,2026-09-25,1790376338298,shadow_official_arrival,0.22038234110707883,0.2710148666089311,2,5.492970636389316,26.15152076880234,True,,23.69094544440452,25.155019651246924,,False,False,True,no_recent_shock,,,,233.52350000001024,,0.2710148666089311,False
1790376300000,1790376555412,DOWN,0.65,84067.39,0.3275348503151143,0,KXBTC15M-26SEP251900-00,,,,,,,2026-09-25,1790377251623,shadow_official_arrival,0.5990776541313974,0.35143001514964317,5,8.638075992004612,28.985202885052352,True,,21.190950367301728,25.418546408681696,,False,False,True,no_recent_shock,,,,305.333500000037,,0.35143001514964317,False
1790377200000,1790377530735,UP,0.66,84068.24,2.272300851466902,0,KXBTC15M-26SEP251915-15,,,,,,,2026-09-25,1790378239663,shadow_official_arrival,0.25750489959854367,0.4045316009118161,3,3.903319099576308,27.280514518017718,True,,20.89898139440294,23.507195411249064,,False,False,True,no_recent_shock,,,,265.8905000000086,,0.4045316009118161,False
1790378100000,1790378535052,UP,0.66,84062.88,1.072808037660966,1,KXBTC15M-26SEP251930-30,,,,,,,2026-09-25,1790379160345,shadow_official_arrival,,,,-2.5524565354717588,16.491651557999365,True,,,,,False,False,False,missing_current_hour,,,,,,,
1790379000000,1790379532029,DOWN,0.5,84076.95,0.15079440124354804,1,KXBTC15M-26SEP251945-45,,,,,,,2026-09-25,1790380095121,shadow_official_arrival,0.0009350878989176169,,2,1.3174390951564696,2.693695922098005,True,,,,,False,False,False,missing_current_hour,,,,,,,
1790380800000,1790381039264,DOWN,0.68,84091.04,3.8816858490542394,1,KXBTC15M-26SEP252015-15,,,,,1790381706495,1790381777692,2026-09-25,1790381923564,shadow_official_arrival,0.027676222205513596,,0,-1.2866580579606879,-2.7820530296795987,True,,,,,False,False,False,missing_current_hour,,,,,,,
1790381700000,1790381988899,DOWN,0.69,84077.82,4.102489019505162,1,KXBTC15M-26SEP252030-30,,,,,1790382606497,1790382690371,2026-09-25,1790382843058,shadow_official_arrival,0.029125861114363376,0.02659784266438373,4,-1.1205555477866724,-2.5274474384406886,True,,,,,False,False,True,no_recent_shock,,,,95.14583333331393,,0.02659784266438373,False
1790382600000,1790382843058,DOWN,0.76,83937.53,11.643004029311399,1,KXBTC15M-26SEP252045-45,,,,,,,2026-09-25,1790383761331,shadow_official_arrival,0.78545884658787,0.40758933711663814,3,-24.7283920132646,-28.41716667635108,True,,,41.14597284620487,,False,False,True,no_recent_shock,,,,197.95349999981408,,0.40758933711663814,True
1790383500000,1790383835046,UP,0.69,83889.72,2.3387251739448445,0,KXBTC15M-26SEP252100-00,,,,,,,2026-09-25,1790384682679,shadow_official_arrival,0.3149522212629587,0.2287508437301905,3,9.821337200217606,-19.103003584546308,True,,,28.60083961579158,,False,False,True,no_recent_shock,,,,314.0673333333252,,0.2287508437301905,False
1790384400000,1790384642441,UP,0.83,83885.1,8.82121298457994,1,KXBTC15M-26SEP252115-15,,,,,1790385306493,1790385384599,2026-09-25,1790385602624,shadow_official_arrival,0.37929272695633537,0.12298296362516908,2,8.220334715642874,-11.813414059593796,True,,,31.103017260714378,,False,False,True,no_recent_shock,,,,314.0673333333252,,0.12298296362516908,False
1790385300000,1790385541888,UP,0.65,83925.95,2.145760637806138,1,KXBTC15M-26SEP252130-30,,,,,,,2026-09-25,1790386526028,shadow_official_arrival,0.041781898176927644,0.12101216339856878,6,-1.5768749308120444,-13.042453810855337,True,,,33.070722345375785,,False,False,True,no_recent_shock,,,,258.2686666667287,,0.12101216339856878,False
1790386200000,1790386538214,UP,0.67,83939.7,1.7802462164362431,1,KXBTC15M-26SEP252145-45,,,,,1790387106488,1790387191456,2026-09-25,1790387144693,shadow_official_arrival,0.008813148449722552,0.17909649452834628,4,1.0892968748676957,15.235740638628315,True,,29.903788168715938,39.13652649885301,,False,False,True,no_recent_shock,,,,177.03333333335468,,0.17909649452834628,False
1790387100000,1790387580787,UP,0.7,84034.01,1.8257885507777516,1,KXBTC15M-26SEP252200-00,,,,,,,2026-09-25,1790388064233,shadow_official_arrival,0.377710170310965,0.2103307824765585,5,7.943960867944355,15.522180355933557,True,,28.803670914056315,30.705324537777678,,False,False,True,no_recent_shock,,,,172.1333333333314,,0.2103307824765585,False
1790388000000,1790388241083,DOWN,0.67,84065.39,5.98514243891235,0,KXBTC15M-26SEP252215-15,,,,,,,2026-09-25,1790388952322,shadow_official_arrival,0.18910694702320058,0.07651519157314202,2,-2.452390726144227,6.893770681992706,True,,29.047410779137802,37.88589649051404,,False,False,True,no_recent_shock,,,,147.51416666677687,,0.07651519157314202,False
1790388900000,1790389295883,DOWN,0.72,84097.55,2.3939262598482447,1,KXBTC15M-26SEP252230-30,,,,,,,2026-09-25,1790389868489,shadow_official_arrival,0.3940413740397184,0.26463268564218034,3,7.0807638788417115,16.168027537601937,True,,25.532915119462587,35.57000650410734,,False,False,True,no_recent_shock,,,,172.42183333342837,,0.26463268564218034,False
1790389800000,1790390252441,DOWN,0.73,84025.97,1.6680755564701943,1,KXBTC15M-26SEP252245-45,,,,,,,2026-09-25,1790390796861,shadow_official_arrival,0.4184149495562412,0.07901936737284469,1,-4.989675631996704,4.593697882933068,True,,21.782667328500146,40.31205603068457,,False,False,True,no_recent_shock,,,,156.48266666660493,,0.07901936737284469,False
1790390700000,1790390951943,UP,0.67,84021.54,0.2343446692365525,0,KXBTC15M-26SEP252300-00,,,,,,,2026-09-25,1790391716546,shadow_official_arrival,0.04180459220462956,0.027235778390758338,6,1.2768890409819988,-0.8492933274639736,True,,19.236272577465883,44.631162816115626,,False,False,True,no_recent_shock,,,,125.07383333335747,,0.027235778390758338,False
1790391600000,1790392137008,DOWN,0.61,84008.94,1.3764408089689262,1,KXBTC15M-26SEP252315-15,,,,,,,2026-09-25,1790392637079,shadow_official_arrival,0.3916492967028227,0.03943773293905484,1,-3.3127063350557595,-3.273940636367989,True,,15.91877320931431,46.91967081412175,,False,False,True,no_recent_shock,,,,136.78066666670202,,0.03943773293905484,False
1790392500000,1790392919086,UP,0.66,83920.25,0.326083394650567,1,KXBTC15M-26SEP252330-30,,,,,,,2026-09-25,1790393557666,shadow_official_arrival,0.5780717872974518,0.37711066152360617,2,-8.31769220354106,-17.443931630152232,True,,16.908605622827807,31.617016531713876,,False,False,True,no_recent_shock,,,,185.34666666662088,,0.37711066152360617,False
1790393400000,1790393721749,DOWN,0.7,84017.38,2.41136615622084,1,KXBTC15M-26SEP252345-45,,,,,,,2026-09-25,1790394482517,shadow_official_arrival,0.49249515512552317,0.02817131129034114,4,8.81353907484117,-3.615225253155163,True,,15.945369265449575,44.177801565131375,True,True,False,True,no_recent_shock,,,,123.15033333328029,,0.02817131129034114,False
1790394300000,1790394743742,DOWN,0.66,83953.14,0.03247843578968457,1,KXBTC15M-26SEP260000-00,,,,,,,2026-09-25,1790395403251,shadow_official_arrival,0.33420307477535144,0.16855507335194264,2,-4.407674798686534,-9.3674353721529,True,,14.210301453661572,48.90223255794055,True,True,False,True,no_recent_shock,,,,122.43066666653613,,0.16855507335194264,False
1790395200000,1790395439885,UP,0.82,83934.82,5.705180916970587,1,KXBTC15M-26SEP260015-15,,,,,1790396106483,1790396187318,2026-09-26,1790396272471,shadow_official_arrival,0.4481293347650199,0.0014878836985985982,2,4.761340979999584,-0.024052513061256775,True,,13.690853856554131,46.40710266233481,True,True,False,True,no_recent_shock,,,,122.43066666653613,,0.0014878836985985982,False
1790396100000,1790396345307,UP,0.84,83980.55,3.005775345203965,0,KXBTC15M-26SEP260030-30,,,,,1790397006478,1790397077641,2026-09-26,1790397183200,shadow_official_arrival,0.314494092716852,0.18042849815899237,4,2.748938959133973,10.017509490949372,True,,11.876522881927402,49.38032811623107,True,True,False,True,no_recent_shock,,,,119.3339999999589,,0.18042849815899237,False
1790397000000,1790397404839,UP,0.66,83892.5,1.6414657647256803,1,KXBTC15M-26SEP260045-45,,,,,,,2026-09-26,1790398095227,shadow_official_arrival,0.6409094103329199,0.20034447196495087,3,-14.356968473225873,-10.370361571904185,True,,12.449999664546267,43.94469051321645,True,True,False,True,no_recent_shock,,,,160.899000000034,,0.20034447196495087,False
1790397900000,1790398327505,UP,0.66,83964.68,1.3909817000823388,1,KXBTC15M-26SEP260100-00,,,,,,,2026-09-26,1790399007675,shadow_official_arrival,0.7128137398249244,0.042503776831560126,1,8.104485869597777,2.611115154851351,True,,11.330225242845502,43.2786723681686,True,True,False,True,no_recent_shock,,,,160.899000000034,,0.042503776831560126,False
1790398800000,1790399229218,UP,0.69,83972.06,0.8733063513344241,0,KXBTC15M-26SEP260115-15,,,,,,,2026-09-26,1790399918356,shadow_official_arrival,0.06666050722771538,0.004097668311362154,2,0.3612921569873251,-0.18466490806612335,True,,9.25322237516295,37.667727491120424,True,True,False,True,no_recent_shock,,,,160.899000000034,,0.004097668311362154,False
1790399700000,1790399943220,DOWN,0.79,83959.3,4.799746226243906,1,KXBTC15M-26SEP260130-30,,,,,1790400606482,1790400683858,2026-09-26,1790400836154,shadow_official_arrival,0.4422516857293146,0.15529574967894863,1,-7.0160108195382875,-10.11592948799267,True,,8.994338547695405,37.64675467422587,True,True,False,True,no_recent_shock,,,,160.899000000034,,0.15529574967894863,False
1790400600000,1790400847575,DOWN,0.68,83920.08,3.267533427828706,0,KXBTC15M-26SEP260145-45,,,,,,,2026-09-26,1790401746919,shadow_official_arrival,0.17073533376638272,0.035588163500474855,5,-3.1390784935614313,-2.044814378988624,True,,9.328702871320404,45.39896009882069,True,True,False,True,no_recent_shock,,,,104.06133333337493,,0.035588163500474855,False
1790401500000,1790401746919,UP,0.67,83945.29,2.423086115579398,0,KXBTC15M-26SEP260200-00,,,,,,,2026-09-26,1790402654171,shadow_official_arrival,0.7920307179586593,0.016512061701291512,3,8.64526771377161,-0.9064395341973341,True,,9.445168973663934,53.64133715164028,True,True,False,True,no_recent_shock,,,,99.6476666667586,,0.016512061701291512,False
1790402400000,1790402676864,DOWN,0.65,83915.31,2.2888155530476073,1,KXBTC15M-26SEP260215-15,,,,,,,2026-09-26,1790403564953,shadow_official_arrival,0.6709031056336512,0.16975284499314125,5,-8.200762061535416,-9.845105952638322,True,,9.318491101007425,54.69234193836887,True,True,False,True,no_recent_shock,,,,99.6476666667586,,0.16975284499314125,False
1790403300000,1790403765307,UP,0.65,83895.29,1.0266368946343363,1,KXBTC15M-26SEP260230-30,,,,,,,2026-09-26,1790404484649,shadow_official_arrival,0.19478559501426643,0.07667413819265814,2,-2.7128047003099898,-5.320261625673117,True,,11.450306153586611,59.46688648765504,True,True,False,True,no_recent_shock,,,,100.81716666655848,,0.07667413819265814,False
1790404200000,1790404448659,UP,0.65,83927.82,3.133466352400749,0,KXBTC15M-26SEP260245-45,,,,,,,2026-09-26,1790405412272,shadow_official_arrival,0.6808109424632414,0.13509748117923795,1,8.815531740218319,7.325988652802096,True,,11.651432014111014,57.02293170403306,True,True,False,True,no_recent_shock,,,,87.98883333330741,,0.13509748117923795,False
1790405100000,1790405341173,UP,0.68,83906.92,2.299909630019137,0,KXBTC15M-26SEP260300-00,,,,,,,2026-09-26,1790406023852,shadow_official_arrival,0.2405527943623593,0.08725645965671668,6,-3.3014732027392135,-4.736163868013232,True,,11.016357410745098,55.78132699404364,True,True,False,True,no_recent_shock,,,,87.98883333330741,,0.08725645965671668,False
1790406000000,1790406247130,UP,0.82,83888.15,5.386954732784499,1,KXBTC15M-26SEP260315-15,,,,,1790406906481,1790406988653,2026-09-26,1790406942227,shadow_official_arrival,0.007736916090693896,0.06502803952852701,0,0.8486422380582503,4.537383136893336,True,,10.932395132733062,54.85577189454536,True,True,False,True,no_recent_shock,,,,75.93833333328075,,0.06502803952852701,False
1790406900000,1790407436277,UP,0.62,83994.3,1.235440976352642,1,KXBTC15M-26SEP260330-30,,,,,,,2026-09-26,1790407860602,shadow_official_arrival,0.12248101885331916,0.2108824778141953,5,1.3727905764349124,11.105809691500657,True,,12.717293571175643,42.7921618425696,True,True,False,True,no_recent_shock,,,,118.53866666665999,,0.2108824778141953,False
1790407800000,1790408328040,UP,0.72,83997.61,1.065308088337158,1,KXBTC15M-26SEP260345-45,,,,,,,2026-09-26,1790408776815,shadow_official_arrival,0.00022654617578435636,0.3072404632558701,4,0.1805447192992915,12.107765354842925,True,,14.563146334096913,41.17648816819116,True,True,False,True,no_recent_shock,,,,118.53866666665999,,0.3072404632558701,False
1790408700000,1790408942330,UP,0.77,84022.19,4.233226960632663,1,KXBTC15M-26SEP260400-00,,,,,1790409606469,1790409679943,2026-09-26,1790409693319,shadow_official_arrival,0.542718706443361,0.3601378559314915,3,6.977670090622112,15.6733700222067,True,,17.17332664096835,30.149937979263015,True,True,False,True,no_recent_shock,,,,156.62050000003364,,0.3601378559314915,False
1790409600000,1790409846834,DOWN,0.77,84100.46,5.318381532440908,1,KXBTC15M-26SEP260415-15,,,,,,,2026-09-26,1790410615915,shadow_official_arrival,0.027235851388842634,0.32026991259919296,2,-0.24106440255744488,15.636036549473431,True,,22.950363139658176,21.474360708496672,False,True,False,True,no_recent_shock,,,,180.6720000000205,,0.32026991259919296,False
1790410500000,1790410896940,DOWN,0.68,84046.27,1.0964595256190979,0,KXBTC15M-26SEP260430-30,,,,,1790411406467,1790411483413,2026-09-26,1790411542434,shadow_official_arrival,0.16232178636751168,0.09386367149234992,1,-1.4590200350383942,3.6906954932747205,True,,29.925814956189576,36.51899999824979,False,True,False,True,no_recent_shock,,,,109.02500000008149,,0.09386367149234992,False
1790411400000,1790411648376,UP,0.946,84086.05,17.1449366452614,1,KXBTC15M-26SEP260445-45,,,,,,,2026-09-26,1790412463005,shadow_official_arrival,0.8921385431337937,0.4274458913126248,1,22.54499682954547,27.50045595666606,False,UP,32.47891235435766,44.57395880874097,False,True,False,True,no_recent_shock,,,,128.51583333349845,,0.4274458913126248,True
1790412300000,1790412547519,DOWN,0.77,84278.34,4.972531099524113,1,KXBTC15M-26SEP260500-00,,,,,1790413206467,1790413282245,2026-09-26,1790413378278,shadow_official_arrival,0.048847668653291466,0.279465200150984,2,1.2587811825737205,21.2349623067154,False,UP,41.23016738562858,27.365273988238787,False,True,False,True,no_recent_shock,,,,267.2443333333358,,0.279465200150984,False
1790413200000,1790413730954,DOWN,0.55,84200.93,0.3432266128189365,1,KXBTC15M-26SEP260515-15,,,,,,,2026-09-26,1790414298179,shadow_official_arrival,0.4244129586903346,0.2530613739433632,3,-1.6580573865476733,18.02598543286127,False,UP,46.13008612196723,30.472472767365012,False,True,False,True,no_recent_shock,,,,267.2443333333358,,0.2530613739433632,False
1790414100000,1790414345959,DOWN,0.69,83995.58,3.7625194087509417,0,KXBTC15M-26SEP260530-30,,,,,,,2026-09-26,1790415216341,shadow_official_arrival,0.9123209296555074,0.10476479753678594,1,-28.40657660096335,-9.275361895738632,True,,43.59764407022324,31.40315324185386,False,True,False,True,no_recent_shock,,,,308.9678333333286,,0.10476479753678594,True
1790415000000,1790415380488,UP,0.68,84009.42,1.932600732954537,0,KXBTC15M-26SEP260545-45,,,,,,,2026-09-26,1790416130156,shadow_official_arrival,0.14620438043682527,0.30917980692620595,7,3.639200894622885,-26.666978963494348,True,,35.97478443799207,31.376076590189783,False,True,False,True,no_recent_shock,,,,335.433166666553,,0.30917980692620595,False
1790415900000,1790416435534,UP,0.51,84001.25,0.06043560860202746,0,KXBTC15M-26SEP260600-00,,,,,,,2026-09-26,1790417046282,shadow_official_arrival,0.15029049768784497,0.3597610997630928,2,-1.476417755517101,-24.9702821088138,True,,31.03887387450998,19.527428208003368,False,True,False,True,no_recent_shock,,,,251.36166666653298,,0.3597610997630928,False
1790416800000,1790417046282,UP,0.79,83996.59,8.103086883248789,1,KXBTC15M-26SEP260615-15,,,,,1790417706465,1790417784423,2026-09-26,1790418009113,shadow_official_arrival,0.45639891677722977,0.2062143549033076,4,6.279586794153413,-16.288368326238256,True,,28.458556880174882,23.32648998817731,False,True,False,True,no_recent_shock,,,,239.18849999997474,,0.2062143549033076,False
1790417700000,1790417949453,UP,0.77,84104.46,4.2496953590065445,1,KXBTC15M-26SEP260630-30,,,,,,,2026-09-26,1790418930148,shadow_official_arrival,0.7125346012323571,0.3610506587449979,3,8.998292443249678,20.999541392610066,False,UP,24.904694293412785,32.87221611672883,False,True,False,True,no_recent_shock,,,,147.51499999995576,,0.3610506587449979,True
1790418600000,1790418882669,DOWN,0.68,84132.38,0.851396335151966,0,KXBTC15M-26SEP260645-45,,,,,,,2026-09-26,1790419536493,shadow_official_arrival,0.08841186576936888,0.2909852678347765,5,-1.9655718537903155,12.481778520363473,False,UP,25.06600219505747,32.48162715740988,False,True,False,True,no_recent_shock,,,,168.4591666667111,,0.2909852678347765,False
1790419500000,1790419880535,UP,0.7,84139.2,1.104558477702522,1,KXBTC15M-26SEP260700-00,,,,,,,2026-09-26,1790420458889,shadow_official_arrival,0.2924656603974283,0.3005353748012657,3,3.5301704796952826,16.052172154423783,False,UP,25.644256990471035,27.163806626345686,False,True,False,True,no_recent_shock,,,,174.64516666663985,,0.3005353748012657,False
1790420400000,1790420741237,DOWN,0.8,84166.78,2.811520966671255,0,KXBTC15M-26SEP260715-15,,,,,,,2026-09-26,1790421373368,shadow_official_arrival,0.08900357713044771,0.20686431440540687,2,0.18431239353633444,8.933699168072184,False,UP,26.26581717724721,29.91337182415855,False,True,False,True,no_recent_shock,,,,106.81466666664346,,0.20686431440540687,False
1790421300000,1790421548881,UP,0.67,84167.4,2.167446461842637,0,KXBTC15M-26SEP260730-30,,,,,,,2026-09-26,1790422283980,shadow_official_arrival,0.17593862480770198,0.09337202114125873,3,2.9157372702437456,5.389312249892697,False,UP,25.712835432372145,48.25103785039996,False,True,False,True,no_recent_shock,,,,61.296333333229995,,0.09337202114125873,False
1790422200000,1790422561048,UP,0.73,84151.82,1.7855030744762246,1,KXBTC15M-26SEP260745-45,,,,,1790423106473,1790423183848,2026-09-26,1790423209115,shadow_official_arrival,0.21166967689921123,0.11473752479014149,2,-1.2395070779935846,6.191937312167717,False,UP,25.238249983262303,55.07363672141087,False,True,False,True,no_recent_shock,,,,73.11066666644183,,0.11473752479014149,False
1790423100000,1790423605013,UP,0.67,84163.19,1.0716680296884995,1,KXBTC15M-26SEP260800-00,,,,,,,2026-09-26,1790424120782,shadow_official_arrival,0.09639338879019992,0.03833512808538617,2,-0.6780677776485611,2.083980162312926,False,UP,25.7105080747665,61.302540868330176,False,True,False,True,no_recent_shock,,,,57.301666666491656,,0.03833512808538617,False
1790424000000,1790424243868,DOWN,0.86,84166.95,4.060778409260557,1,KXBTC15M-26SEP260815-15,,,,,,,2026-09-26,1790425037333,shadow_official_arrival,0.3890573469874712,0.0646604252535137,2,-2.667895792139996,-2.5070567931440024,True,,26.188668545698388,60.68953130557624,False,True,False,True,no_recent_shock,,,,54.1441666665487,,0.0646604252535137,False
1790424900000,1790425142806,UP,0.79,84127.65,6.203172599419382,0,KXBTC15M-26SEP260830-30,,,,,1790425806466,1790425808363,2026-09-26,1790425946872,shadow_official_arrival,0.1831698591418139,0.012266918554954867,4,4.7339947040270225,-0.6828564178495977,True,,22.725804321717185,55.62242851539071,False,True,False,True,no_recent_shock,,,,76.5336666668154,,0.012266918554954867,False
1790425800000,1790426051334,UP,0.67,84092.0,1.4579270322934157,0,KXBTC15M-26SEP260845-45,,,,,,,2026-09-26,1790426862810,shadow_official_arrival,0.6705352665021933,0.12607683486936808,2,-8.97790220012018,-6.627096525128051,False,DOWN,20.07248619539456,56.85580065579304,False,True,False,True,no_recent_shock,,,,96.46749999992608,,0.12607683486936808,False
1790426700000,1790426943231,UP,0.68,84045.45,1.879379946605475,1,KXBTC15M-26SEP260900-00,,,,,,,2026-09-26,1790427775740,shadow_official_arrival,0.38624012345784087,0.20205852554850776,2,-4.808821416240061,-12.02582910946881,False,DOWN,20.492867437764044,45.18911273508414,False,True,False,True,no_recent_shock,,,,138.28116666672577,,0.20205852554850776,False
1790427600000,1790427939647,UP,0.68,84054.58,1.1159613987254957,0,KXBTC15M-26SEP260915-15,,,,,1790428506472,1790428581239,2026-09-26,1790428685987,shadow_official_arrival,0.022368429033581418,0.09567899683654339,2,0.19719501099579873,-5.094613266923842,False,DOWN,22.343548460650958,47.74259164724126,False,True,False,True,no_recent_shock,,,,138.8888333334471,,0.09567899683654339,False
1790428500000,1790428986192,DOWN,0.76,83998.08,3.323032304231033,1,KXBTC15M-26SEP260930-30,,,,,,,2026-09-26,1790429596204,shadow_official_arrival,0.4895032108486568,0.2415452181157019,3,-16.55079079383559,-16.83962923556659,False,DOWN,22.49240604684376,35.57941711514578,False,True,False,True,no_recent_shock,,,,145.58900000002177,,0.2415452181157019,False
1790429400000,1790429936889,UP,0.71,83889.87,2.4951761160196817,1,KXBTC15M-26SEP260945-45,,,,,,,2026-09-26,1790430550083,shadow_official_arrival,,,,,,False,DOWN,25.442975179354562,31.025346574992277,False,True,False,False,missing_current_hour,,,,,,,
1790430300000,1790430550083,UP,0.71,83909.34,2.800125309851964,1,KXBTC15M-26SEP261000-00,,,,,,,2026-09-26,1790431459608,shadow_official_arrival,,,,5.242452303131362,-15.275727376802273,False,DOWN,,,,False,False,False,missing_current_hour,,,,,,,
1790431200000,1790431494882,UP,0.72,83933.37,1.3119533585692622,1,KXBTC15M-26SEP261015-15,,,,,,,2026-09-26,1790432373301,shadow_official_arrival,0.0014829132534985676,,4,-1.2447695230410893,-14.838572335286182,False,DOWN,,,,False,False,False,missing_current_hour,,,,,,,
1790432100000,1790432490004,UP,0.72,83938.13,1.497491862951783,1,KXBTC15M-26SEP261030-30,,,,,,,2026-09-26,1790433305495,shadow_official_arrival,0.38231803710769935,,1,4.309463885456832,-7.083206864736402,False,DOWN,,,,False,False,False,missing_current_hour,,,,,,,
1790433000000,1790433244936,UP,0.83,83963.76,5.239403285417499,1,KXBTC15M-26SEP261045-45,,,,,,,2026-09-26,1790434219805,shadow_official_arrival,0.8898190545191756,,1,7.026945027195364,14.172879503446811,False,DOWN,,,,False,False,False,missing_current_hour,,,,,,,
1790433900000,1790434219805,UP,0.65,84007.65,1.0338740975801564,1,KXBTC15M-26SEP261100-00,,,,,,,2026-09-26,1790435124079,shadow_official_arrival,0.14096216485110558,0.17473424222847236,3,2.3464037617171307,8.714922852475215,False,DOWN,,40.1328659597834,,False,False,True,no_recent_shock,,,,107.77200000011362,,0.17473424222847236,False
1790434800000,1790435111769,UP,0.67,84014.24,1.5613226202204622,1,KXBTC15M-26SEP261115-15,,,,,,,2026-09-26,1790435725373,shadow_official_arrival,0.10982086561480903,0.23799340791850102,3,1.413906132006204,9.691507917473086,False,DOWN,,31.871183308982825,,False,False,True,no_recent_shock,,,,126.66500000015367,,0.23799340791850102,False
1790435700000,1790436041448,UP,0.68,84015.87,1.61699609053656,1,KXBTC15M-26SEP261130-30,,,,,,,2026-09-26,1790436640938,shadow_official_arrival,0.07611458273633372,0.2669950895174834,2,-0.12904038670269458,9.37148319481107,False,DOWN,,31.160523777819307,,False,False,True,no_recent_shock,,,,88.04783333333035,,0.2669950895174834,False
1790436600000,1790436848760,UP,0.86,84045.99,10.726845306165966,1,KXBTC15M-26SEP261145-45,,,,,,,2026-09-26,1790437551551,shadow_official_arrival,0.7398367745770876,0.3460128136549758,1,12.887075376568635,15.283450666954135,True,,,34.594205486029104,,False,False,True,no_recent_shock,,,,88.84049999993294,,0.3460128136549758,True
1790437500000,1790437749067,DOWN,0.66,84107.22,2.2876355521717073,0,KXBTC15M-26SEP261200-00,,,,,1790438406492,1790438483699,2026-09-26,1790438460697,shadow_official_arrival,0.33016543793314806,0.19313572887745056,3,-5.7247096471335635,10.266076722555972,True,,,27.387059492677068,,False,False,True,no_recent_shock,,,,158.2363333333633,,0.19313572887745056,False
1790438400000,1790438869465,DOWN,0.66,84143.81,1.2790206037249785,1,KXBTC15M-26SEP261215-15,,,,,,,2026-09-26,1790439366913,shadow_official_arrival,0.4194463402158426,0.2096555246691554,0,5.322758596248978,13.203210972234647,True,,63.1149016922643,38.97845759287983,,False,False,True,no_recent_shock,,,,145.27350000006845,,0.2096555246691554,False
1790439300000,1790439668865,DOWN,0.69,84118.48,0.8109593357774614,1,KXBTC15M-26SEP261230-30,,,,,,,2026-09-26,1790440277570,shadow_official_arrival,0.32630894717768893,0.1620943073130059,7,-2.9484441162686004,9.441684921895899,True,,57.39932547689927,38.425413555863244,,False,False,True,no_recent_shock,,,,145.27350000006845,,0.1620943073130059,False
1790440200000,1790440442114,UP,0.77,84104.04,5.324912651833991,1,KXBTC15M-26SEP261245-45,,,,,1790441106487,1790441184047,2026-09-26,1790441196990,shadow_official_arrival,0.2027078299414357,0.023301613051176152,4,2.638819750109267,1.388922916210067,True,,51.91977827279852,40.51105720135854,,False,False,True,no_recent_shock,,,,88.14899999999034,,0.023301613051176152,False
1790441100000,1790441347146,DOWN,0.67,84140.86,1.2317241983683669,1,KXBTC15M-26SEP261300-00,,,,,,,2026-09-26,1790442101195,shadow_official_arrival,0.2139437872690579,0.11465456793071804,7,-2.1781052881697516,4.921068936121209,True,,48.038866060869466,52.796842819384416,,False,False,True,no_recent_shock,,,,78.22816666662402,,0.11465456793071804,False
1790442000000,1790442240541,DOWN,0.69,84103.03,0.9472706671087572,1,KXBTC15M-26SEP261315-15,,,,,1790442906492,1790442980366,2026-09-26,1790443015763,shadow_official_arrival,0.33107144154196094,0.041132345261731276,3,-4.59550148578125,-2.4776527348224775,True,,41.663320769289605,54.802906048820255,,False,False,True,no_recent_shock,,,,57.79666666674893,,0.041132345261731276,False
1790442900000,1790443152988,DOWN,0.69,84077.04,1.634869638604819,1,KXBTC15M-26SEP261330-30,,,,,,,2026-09-26,1790443927778,shadow_official_arrival,0.3459065460429533,0.1594610858517515,3,-3.032350174893006,-7.63351141484736,False,DOWN,34.82114469982101,44.0411126658754,,False,False,True,no_recent_shock,,,,95.73116666675196,,0.1594610858517515,False
1790443800000,1790444101901,DOWN,0.66,84053.37,1.4015499913955232,0,KXBTC15M-26SEP261345-45,,,,,,,2026-09-26,1790444837379,shadow_official_arrival,0.14520667333561058,0.2956263468669134,1,-1.0521887149272935,-12.541762003308587,False,DOWN,30.55156728736277,38.350536599156214,,False,False,True,no_recent_shock,,,,99.02866666667978,,0.2956263468669134,False
1790444700000,1790444941923,UP,0.75,84090.6,2.6286529053187735,1,KXBTC15M-26SEP261400-00,,,,,,,2026-09-26,1790445745464,shadow_official_arrival,0.6387605637829262,0.05745484386149961,1,7.1821917764358645,-2.498680864919667,True,,28.56138320554976,35.277348987073076,,False,False,True,no_recent_shock,,,,93.6971666666359,,0.05745484386149961,False
1790445600000,1790445840264,UP,0.66,84124.44,0.9133889430223974,0,KXBTC15M-26SEP261415-15,,,,,,,2026-09-26,1790446662159,shadow_official_arrival,0.17334738749551928,0.07074292260470684,3,2.389828794495674,3.603429818843651,True,,24.39737708875831,42.27782351908514,,False,False,True,no_recent_shock,,,,84.58633333341277,,0.07074292260470684,False
1790446500000,1790446744706,DOWN,0.66,84095.83,2.200188364477329,1,KXBTC15M-26SEP261430-30,,,,,,,2026-09-26,1790447581874,shadow_official_arrival,0.4549477773558481,0.03919737643608849,1,-6.513148308088246,1.6907732728577152,False,DOWN,22.95351168125693,39.525411610824214,False,True,False,True,no_recent_shock,,,,108.91250000000582,,0.03919737643608849,False
1790447400000,1790447804606,DOWN,0.65,84058.51,0.9514404510291286,1,KXBTC15M-26SEP261445-45,,,,,,,2026-09-26,1790448495369,shadow_official_arrival,0.1974158157374807,0.0348513194702443,7,-2.551306393741015,0.70559773321488,False,DOWN,18.91189471051691,39.54654381501407,True,True,False,True,no_recent_shock,,,,108.91250000000582,,0.0348513194702443,False
1790448300000,1790448543819,DOWN,0.65,84011.01,1.922902724292852,1,KXBTC15M-26SEP261500-00,,,,,,,2026-09-26,1790449415351,shadow_official_arrival,0.8708342972248587,0.3288241212012255,1,-7.5004250790000615,-14.01084422389176,False,DOWN,20.02298069512958,33.86975621229389,False,True,False,True,no_recent_shock,,,,152.4166666666133,,0.3288241212012255,False
1790449200000,1790449439905,UP,0.73,83995.43,4.999041812951965,1,KXBTC15M-26SEP261515-15,,,,,,,2026-09-26,1790450333581,shadow_official_arrival,0.4317652059462089,0.22113715744998025,8,5.359163622431495,-10.610049937948007,False,DOWN,23.646592701014384,24.146100490930497,False,True,False,True,no_recent_shock,,,,158.65833333335468,,0.22113715744998025,False
1790450100000,1790450637093,UP,0.58,84020.08,0.5381054941433483,1,KXBTC15M-26SEP261530-30,,,,,,,2026-09-26,1790451254305,shadow_official_arrival,0.004091878718449801,0.22669745438184635,2,0.9249138895728315,-7.005159303767883,False,DOWN,20.175343988642062,32.40782459179053,False,True,False,True,no_recent_shock,,,,94.7123333333875,,0.22669745438184635,False
1790451000000,1790451241635,DOWN,0.67,84025.56,1.3914615187726742,1,KXBTC15M-26SEP261545-45,,,,,,,2026-09-26,1790452169978,shadow_official_arrival,0.12027686064538377,0.1610067491496774,4,-0.6149592909210355,-5.229450814170367,True,,19.264596044477653,35.928392916007766,True,True,False,True,no_recent_shock,,,,67.84999999997672,,0.1610067491496774,False
1790451900000,1790452145732,UP,0.68,84000.98,1.3932972369246066,1,KXBTC15M-26SEP261600-00,,,,,,,2026-09-26,1790453092656,shadow_official_arrival,0.01763987266139913,0.05710047034700209,2,-0.14096878994229733,2.1225506285027507,True,,21.83671664122101,45.50150980009012,False,True,False,True,no_recent_shock,,,,71.95900000003166,,0.05710047034700209,False
1790452800000,1790453042206,UP,0.79,84005.27,3.0669306024821985,0,KXBTC15M-26SEP261615-15,,,,,1790453706498,1790453773862,2026-09-26,1790454009306,shadow_official_arrival,0.23066676234857753,0.02853504294487899,4,2.2681487769982134,-0.7598797486552122,True,,23.755170670550662,48.250104462269356,False,True,False,True,no_recent_shock,,,,68.66816666668456,,0.02853504294487899,False
1790453700000,1790453948699,UP,0.79,84001.57,3.787806188209064,1,KXBTC15M-26SEP261630-30,,,,,1790454606491,1790454674680,2026-09-26,1790454612801,shadow_official_arrival,0.03127775662931625,0.03957095006615892,4,0.28017426727311445,1.6189242217823363,True,,23.16803153950596,52.65589618571712,False,True,False,True,no_recent_shock,,,,71.48683333332883,,0.03957095006615892,False
1790454600000,1790454870798,UP,0.65,84071.77,1.140612756616033,0,KXBTC15M-26SEP261645-45,,,,,,,2026-09-26,1790455530592,shadow_official_arrival,0.6567388994172877,0.17716022637354292,3,5.831364855495291,8.091230815086004,True,,20.2958869957888,43.4189663055291,False,True,False,True,no_recent_shock,,,,104.44866666663438,,0.17716022637354292,False
1790455500000,1790455886147,UP,0.79,83872.97,3.172635156871717,1,KXBTC15M-26SEP261700-00,,,,,,,2026-09-26,1790456444420,shadow_official_arrival,0.5567947795933997,0.21678027033826783,3,-20.750559523204927,-11.531797863419957,False,DOWN,23.179555330272194,33.02683508196395,False,True,False,True,no_recent_shock,,,,235.85866666673974,,0.21678027033826783,False
1790456400000,1790456678815,UP,0.82,84015.8,5.207353854870256,1,KXBTC15M-26SEP261715-15,,,,,,,2026-09-26,1790457361623,shadow_official_arrival,0.8326777691167487,0.0025998069420716786,3,25.641317236761996,3.406126848921609,True,,23.41383718158473,40.60032662456429,False,True,False,True,no_recent_shock,,,,238.73683333324152,,0.0025998069420716786,False
1790457300000,1790457539910,UP,0.69,84104.65,2.7566846779625287,1,KXBTC15M-26SEP261730-30,,,,,,,2026-09-26,1790458275946,shadow_official_arrival,0.7856020360231294,0.12052187956338314,1,11.505137451646164,11.316780030636853,False,UP,19.309453390508168,39.58731091157616,True,True,False,True,no_recent_shock,,,,268.24583333314513,,0.12052187956338314,False
1790458200000,1790458475474,UP,0.66,84164.21,2.982146449188594,0,KXBTC15M-26SEP261745-45,,,,,,,2026-09-26,1790459198094,shadow_official_arrival,0.27506459512819115,0.1170690280518349,1,7.19230504664603,12.838715682361723,False,UP,17.20417322568129,33.08758400262949,True,True,False,True,no_recent_shock,,,,371.6794999998674,,0.1170690280518349,False
1790459100000,1790459465586,DOWN,0.74,84150.76,2.0777392067927725,1,KXBTC15M-26SEP261800-00,,,,,,,2026-09-26,1790460105245,shadow_official_arrival,0.6794951569225173,0.3893540158745514,3,-10.646663249943566,30.900300963576655,True,,17.146404114370274,29.23105363029547,True,True,False,True,no_recent_shock,,,,361.73066666665545,,0.3893540158745514,False
1790460000000,1790460244820,UP,0.77,84141.16,5.619544584367642,1,KXBTC15M-26SEP261815-15,,,,,1790460906491,1790460977981,2026-09-26,1790461024407,shadow_official_arrival,0.2814130392475219,0.23938963958633702,2,4.581192570611847,18.03820683918378,True,,15.044316167225999,17.568477894482,True,True,False,True,no_recent_shock,,,,191.78900000004796,,0.23938963958633702,False
1790460900000,1790461141742,DOWN,0.67,84316.43,3.315130870698013,0,KXBTC15M-26SEP261830-30,,,,,,,2026-09-26,1790461942269,shadow_official_arrival,0.32385148125562496,0.19084484275291966,4,12.493352081492937,19.09510686920024,True,,18.527204175745403,30.621527578452827,True,True,False,True,no_recent_shock,,,,250.39566666664905,,0.19084484275291966,False
1790461800000,1790462048834,DOWN,0.79,84336.47,6.3376496550127115,1,KXBTC15M-26SEP261845-45,,,,,1790462706499,1790462784852,2026-09-26,1790462867049,shadow_official_arrival,0.010675941093163005,0.11527810313482756,0,-0.6474787692845041,11.011777697162994,True,,19.760815608008194,36.96998644676434,False,True,False,True,no_recent_shock,,,,231.8736666666664,,0.11527810313482756,False
1790462700000,1790463100311,UP,0.8,84275.12,3.3312322782808046,0,KXBTC15M-26SEP261900-00,,,,,1790463606493,1790463688717,2026-09-26,1790463783189,shadow_official_arrival,0.15115408928627908,0.19706690990827505,3,3.5009146775166755,20.97541691501892,True,,20.203359377304967,36.784403828290245,False,True,False,True,no_recent_shock,,,,231.8736666666664,,0.19706690990827505,False
1790463600000,1790463842980,UP,0.87,84264.76,10.583467315798956,1,KXBTC15M-26SEP261915-15,,,,,1790464506594,1790464590201,2026-09-26,1790464708094,shadow_official_arrival,0.3461110873067762,0.1994031993509939,2,8.94830549145853,20.269636638505784,True,,20.681233984590268,39.04864169771446,False,True,False,True,no_recent_shock,,,,157.53083333335235,,0.1994031993509939,False
1790464500000,1790464818340,UP,0.75,84342.09,3.0214056429866964,1,KXBTC15M-26SEP261930-30,,,,,,,2026-09-26,1790465529136,shadow_official_arrival,0.11577744020460447,0.11424120227875983,1,3.301567843383424,10.161767241814168,False,UP,22.96131411893679,58.394820155050255,False,True,False,True,no_recent_shock,,,,116.80216666677734,,0.11424120227875983,False
1790465400000,1790465647964,UP,0.68,84353.52,4.536937719572531,0,KXBTC15M-26SEP261945-45,,,,,,,2026-09-26,1790466448220,shadow_official_arrival,0.07851258620834789,0.1495317892512728,2,2.53777848370218,12.596791251309192,False,UP,24.821834459431553,48.72997052744178,False,True,False,True,no_recent_shock,,,,158.4200000000419,,0.1495317892512728,False
1790466300000,1790466542233,UP,0.76,84343.8,8.257433662379743,1,KXBTC15M-26SEP262000-00,,,,,1790467206444,1790467284145,2026-09-26,1790467368332,shadow_official_arrival,0.09441751901549804,0.161906533799025,2,3.0410207300413106,16.008822872195516,False,UP,26.755555796772825,50.53061693151363,False,True,False,True,no_recent_shock,,,,155.63450000001467,,0.161906533799025,False
1790467200000,1790467439565,DOWN,0.79,84426.95,8.346150133341501,1,KXBTC15M-26SEP262015-15,,,,,1790468106489,1790468183301,2026-09-26,1790468288928,shadow_official_arrival,0.14411387134667122,0.05835906247305179,2,-6.091313619493999,0.4642221719608486,False,UP,27.345573390821215,50.937742231176934,False,True,False,True,no_recent_shock,,,,116.39033333330008,,0.05835906247305179,False
1790468100000,1790468349833,DOWN,0.7,84315.4,3.032443262629414,1,KXBTC15M-26SEP262030-30,,,,,,,2026-09-26,1790469204155,shadow_official_arrival,0.7459808577513468,0.12090129046988096,1,-7.901486871629837,-9.146487192368546,True,,22.896618798326216,60.630915487651095,False,True,False,True,no_recent_shock,,,,138.71749999994063,,0.12090129046988096,False
1790469000000,1790469240315,UP,0.87,84252.51,5.308209808818631,1,KXBTC15M-26SEP262045-45,,,,,1790469906490,1790469981679,2026-09-26,1790470121741,shadow_official_arrival,0.031243384161913492,0.18715800000972735,2,0.856269862694603,-10.730324843256644,True,,21.80711292960097,42.869080231170905,False,True,False,True,no_recent_shock,,,,180.3646666665736,,0.18715800000972735,False
1790469900000,1790470227768,DOWN,0.73,84329.21,1.686880896109022,1,KXBTC15M-26SEP262100-00,,,,,1790470806490,1790470882621,2026-09-26,1790471038253,shadow_official_arrival,0.3001232472309506,0.2084151504211395,3,-3.600791028728345,-11.258576711988821,True,,18.58541211368844,41.32100478746272,False,True,False,True,no_recent_shock,,,,180.3646666665736,,0.2084151504211395,False
1790470800000,1790471120689,DOWN,0.65,84294.42,1.455928715886623,0,KXBTC15M-26SEP262115-15,,,,,,,2026-09-26,1790472015270,shadow_official_arrival,0.5997838105493488,0.15474631390774898,3,-3.9957301339499374,-7.523667944008272,True,,15.257428933167876,32.57330354593185,True,True,False,True,no_recent_shock,,,,105.65000000002328,,0.15474631390774898,False
1790471700000,1790471944399,DOWN,0.66,84367.61,1.3228022776379245,1,KXBTC15M-26SEP262130-30,,,,,,,2026-09-26,1790472927215,shadow_official_arrival,0.4820453229730554,0.14977527333232613,2,8.702693573765519,7.88163733737024,True,,14.556991934086076,48.10181540003572,True,True,False,True,no_recent_shock,,,,138.30249999996158,,0.14977527333232613,False
1790472600000,1790472854630,DOWN,0.7,84322.1,0.6261308324440051,0,KXBTC15M-26SEP262145-45,,,,,,,2026-09-26,1790473534262,shadow_official_arrival,0.35346242451379245,0.08971474333171761,2,-4.697862472667902,0.8041549136050818,True,,15.626976429367826,41.49212826976307,True,True,False,True,no_recent_shock,,,,113.26550000011048,,0.08971474333171761,False
1790473500000,1790473742858,UP,0.8,84385.84,7.123647758910945,1,KXBTC15M-26SEP262200-00,,,,,,,2026-09-26,1790474442750,shadow_official_arrival,0.6465055344982268,0.26550756485119903,1,13.96039058237264,15.37808785694983,False,UP,14.970825586923706,48.66870835700684,True,True,False,True,no_recent_shock,,,,158.99350000008417,,0.26550756485119903,False
1790474400000,1790474642045,DOWN,0.66,84472.63,2.463973636585015,1,KXBTC15M-26SEP262215-15,,,,,,,2026-09-26,1790475358453,shadow_official_arrival,0.038299366305629974,0.2727222769366489,4,0.8633281152814476,20.017694136211794,True,,21.08888384032672,28.59297272410006,False,True,False,True,no_recent_shock,,,,252.25599999999395,,0.2727222769366489,False
1790475300000,1790475613673,UP,0.74,84468.35,1.3594046369647117,1,KXBTC15M-26SEP262230-30,,,,,,,2026-09-26,1790476287942,shadow_official_arrival,0.10412134460948377,0.20551590970636727,4,3.370282796339996,16.082178892178334,True,,27.262826248938175,38.19107361526795,False,True,False,True,no_recent_shock,,,,227.06766666648036,,0.20551590970636727,False
1790476200000,1790476710680,DOWN,0.67,84490.91,0.9950971846095502,1,KXBTC15M-26SEP262245-45,,,,,,,2026-09-26,1790477207397,shadow_official_arrival,0.26817869329018995,0.2863503357046466,1,-3.11437651228208,21.051236236289128,True,,32.18700190391275,37.24712181084428,False,True,False,True,no_recent_shock,,,,218.80849999988277,,0.2863503357046466,False
1790477100000,1790477343395,DOWN,0.71,84464.3,2.2239968049553305,1,KXBTC15M-26SEP262300-00,,,,,,,2026-09-26,1790478129556,shadow_official_arrival,0.8635181685184742,0.009989217977231402,3,-6.857208077295507,0.4747612526756484,True,,33.315368125940296,35.05585340313564,False,True,False,True,no_recent_shock,,,,80.72533333319006,,0.009989217977231402,False
1790478000000,1790478243749,UP,0.75,84442.04,3.2374079703934022,1,KXBTC15M-26SEP262315-15,,,,,1790478906482,1790478973185,2026-09-26,1790479047834,shadow_official_arrival,0.14712071625320097,0.029169891729016975,6,1.799211373627596,1.5796976238968696,True,,31.998897022451132,63.1924397134584,True,True,False,True,no_recent_shock,,,,82.44516666674463,,0.029169891729016975,False
1790478900000,1790479147558,DOWN,0.69,84465.61,1.9957037347295703,1,KXBTC15M-26SEP262330-30,,,,,1790479806484,1790479868031,2026-09-26,1790479957437,shadow_official_arrival,0.1890888710502913,0.04274093814496056,2,-2.441614620308785,-1.874197761638774,True,,32.992148422160575,61.28328036543308,False,True,False,True,no_recent_shock,,,,82.44516666674463,,0.04274093814496056,False
1790479800000,1790480042731,UP,0.88,84375.52,4.77877548686001,1,KXBTC15M-26SEP262345-45,,,,,,,2026-09-26,1790480875739,shadow_official_arrival,0.3046825637295226,0.25513136663726677,2,-4.42529138860448,-11.297975732516008,True,,28.77426784980604,34.863996090083674,False,True,False,True,no_recent_shock,,,,138.11966666676744,,0.25513136663726677,False
1790480700000,1790480961505,DOWN,0.67,84389.59,1.051709497975617,1,KXBTC15M-26SEP270000-00,,,,,,,2026-09-26,1790481802006,shadow_official_arrival,0.2628832452412492,0.15965845180481902,5,-4.6030596604851315,-7.015024722791807,True,,24.063800537284248,40.80653402565773,False,True,False,True,no_recent_shock,,,,126.28483333345503,,0.15965845180481902,False
1790481600000,1790481849074,DOWN,0.66,84386.45,1.7526312972382385,0,KXBTC15M-26SEP270015-15,,,,,,,2026-09-27,1790482717233,shadow_official_arrival,0.18210811710188576,0.24578081910549848,2,-1.5222255897962,-11.743585245307386,True,,19.96229693391478,37.934905924031085,True,True,False,True,no_recent_shock,,,,129.60650000003807,,0.24578081910549848,False
1790482500000,1790482740508,DOWN,0.74,84469.22,3.4163923852958966,1,KXBTC15M-26SEP270030-30,,,,,,,2026-09-27,1790483631194,shadow_official_arrival,0.4805221486660631,0.017380456648427394,2,8.318341859645528,-1.118317151368453,True,,19.32878566550377,43.72037535093214,True,True,False,True,no_recent_shock,,,,109.63283333339496,,0.017380456648427394,False
1790483400000,1790483642944,DOWN,0.905,84416.48,9.092458407806703,1,KXBTC15M-26SEP270045-45,,,,,1790484306431,1790484374927,2026-09-27,1790484605626,shadow_official_arrival,0.6516478058309197,0.14380536612738445,1,-11.918155127444985,-8.613659857960032,True,,21.030377314965936,49.47646422371585,False,True,False,True,no_recent_shock,,,,109.63283333339496,,0.14380536612738445,False
1790484300000,1790484545653,UP,0.75,84294.83,4.008668147266192,1,KXBTC15M-26SEP270100-00,,,,,,,2026-09-27,1790485522850,shadow_official_arrival,0.09180349826096657,0.10376601462729582,4,-1.119025864807499,-6.262547025260856,True,,20.12750947425048,32.48796492532034,False,True,False,True,no_recent_shock,,,,188.36933333335037,,0.10376601462729582,False
1790485200000,1790485439854,UP,0.81,84317.38,4.107516149101098,1,KXBTC15M-26SEP270115-15,,,,,,,2026-09-27,1790486136278,shadow_official_arrival,0.29267998156812713,0.07962201328651435,3,2.517442720024743,-2.2120967384475776,True,,18.755434341140095,30.50459225554888,True,True,False,True,no_recent_shock,,,,188.36933333335037,,0.07962201328651435,False
1790486100000,1790486346115,UP,0.72,84365.77,2.0081801738536242,1,KXBTC15M-26SEP270130-30,,,,,1790487006631,1790487077057,2026-09-27,1790487065094,shadow_official_arrival,0.3816852710788323,0.1312496050810908,3,3.6393519719135625,-6.827284010627599,True,,16.573007491516385,34.94205496971033,True,True,False,True,no_recent_shock,,,,174.35999999995693,,0.1312496050810908,False
1790487000000,1790487243352,UP,0.87,84377.04,7.50512224653388,1,KXBTC15M-26SEP270145-45,,,,,,,2026-09-27,1790487990039,shadow_official_arrival,0.6785337478483738,0.23458190192905204,2,6.186222853241663,11.121469395047878,True,,16.142145775434077,27.850053478186158,True,True,False,True,no_recent_shock,,,,108.80499999996391,,0.23458190192905204,False
1790487900000,1790488263566,DOWN,0.67,84521.33,0.825629853832277,1,KXBTC15M-26SEP270200-00,,,,,,,2026-09-27,1790488903902,shadow_official_arrival,0.21400715425274522,0.36427062146416006,4,7.433235712404063,23.86390126057014,True,,25.752126074389388,20.921513508528154,False,True,False,True,no_recent_shock,,,,295.43750000004366,,0.36427062146416006,False
1790488800000,1790489135079,UP,0.68,84477.79,1.5678874490743233,1,KXBTC15M-26SEP270215-15,,,,,1790489706478,1790489765386,2026-09-27,1790489827369,shadow_official_arrival,0.29869524373860445,0.22003408209284742,2,-3.338706717791462,16.436285691783237,True,,28.20645081521909,24.548660712779533,False,True,False,True,no_recent_shock,,,,248.11933333335037,,0.22003408209284742,False
1790489700000,1790489953052,DOWN,0.68,84579.6,2.1158569363466384,0,KXBTC15M-26SEP270230-30,,,,,,,2026-09-27,1790490736008,shadow_official_arrival,0.4102402918125682,0.2625147264537341,0,9.269490254877333,21.600317014394133,False,UP,30.99347922808459,33.35416866681504,False,True,False,True,no_recent_shock,,,,225.44116666664195,,0.2625147264537341,False
1790490600000,1790490849696,DOWN,0.88,84588.14,8.86828421416297,1,KXBTC15M-26SEP270245-45,,,,,,,2026-09-27,1790491658788,shadow_official_arrival,0.23115571849320593,0.10357393591301958,2,-6.132167919503662,8.616593790369276,True,,35.70231569418869,39.51700589993917,False,True,False,True,no_recent_shock,,,,175.27266666665673,,0.10357393591301958,False
1790491500000,1790491744444,UP,0.7,84502.01,2.640962820499304,1,KXBTC15M-26SEP270300-00,,,,,1790492406475,1790492476406,2026-09-27,1790492586265,shadow_official_arrival,0.05881389599215988,0.013028553406942955,2,0.8872592033704052,0.9606047004306895,True,,33.14530996840839,55.86430807985663,False,True,False,True,no_recent_shock,,,,154.6595000000234,,0.013028553406942955,False
1790492400000,1790492662214,UP,0.66,84508.51,2.0408398317961485,1,KXBTC15M-26SEP270315-15,,,,,,,2026-09-27,1790493498287,shadow_official_arrival,0.009712830952497776,0.05441421130514423,4,-0.07670315909868997,4.630080133964931,True,,30.196491524204625,47.71511636444814,False,True,False,True,no_recent_shock,,,,135.0708333333314,,0.05441421130514423,False
1790493300000,1790493572405,DOWN,0.72,84508.71,1.676316362343444,0,KXBTC15M-26SEP270330-30,,,,,,,2026-09-27,1790494415555,shadow_official_arrival,0.1602561016715134,0.09818634383424883,1,-2.7885385729076173,-7.038371240649655,True,,26.60114224751186,50.05152640903572,False,True,False,True,no_recent_shock,,,,135.0708333333314,,0.09818634383424883,False
1790494200000,1790494443197,UP,0.78,84514.78,4.4562816902216085,1,KXBTC15M-26SEP270345-45,,,,,,,2026-09-27,1790495332365,shadow_official_arrival,0.36045305668382516,0.05586312099780945,3,5.535980272419749,4.213874827825315,True,,21.93437030249382,45.28795611259292,False,True,False,True,no_recent_shock,,,,59.76583333326562,,0.05586312099780945,False
1790495100000,1790495414525,UP,0.79,84607.61,2.596338556313249,1,KXBTC15M-26SEP270400-00,,,,,,,2026-09-27,1790496304776,shadow_official_arrival,0.39241405238310123,0.15679311175129673,3,8.361334090372097,10.69559592488556,False,UP,23.455066738611254,41.04276088978693,False,True,False,True,no_recent_shock,,,,134.10483333330194,,0.15679311175129673,False
1790496000000,1790496292089,UP,0.7,84761.85,4.0191627090080395,1,KXBTC15M-26SEP270415-15,,,,,,,2026-09-27,1790497216941,shadow_official_arrival,0.4946771434618791,0.366417768307637,1,21.805607356357726,31.81284793069228,False,UP,27.63649958604156,25.624290006583244,False,True,False,True,no_recent_shock,,,,280.70999999999185,,0.366417768307637,False
1790496900000,1790497287357,UP,0.74,84794.7,2.6209578350244733,1,KXBTC15M-26SEP270430-30,,,,,,,2026-09-27,1790497830826,shadow_official_arrival,0.09033524174080328,0.42559014078110413,2,0.016250713923415816,40.05591345195292,False,UP,35.8807785752518,23.02701983305785,False,True,False,True,no_recent_shock,,,,355.70399999998335,,0.42559014078110413,False
1790497800000,1790498047654,UP,0.67,84796.13,7.789761946290774,0,KXBTC15M-26SEP270445-45,,,,,,,2026-09-27,1790498755781,shadow_official_arrival,0.14137155870238918,0.3333782635573717,2,5.732278680254943,36.63312283628706,False,UP,37.40805481819944,23.54247962162964,False,True,False,True,no_recent_shock,,,,300.0130000000063,,0.3333782635573717,False
1790498700000,1790498944007,UP,0.74,84706.93,2.1357953436340615,1,KXBTC15M-26SEP270500-00,,,,,1790499606469,1790499677116,2026-09-27,1790499677116,shadow_official_arrival,0.5765103795800706,0.10267578261690219,6,-15.754069570523832,13.386674280229105,False,UP,37.75570098988267,35.786521512320434,False,True,False,True,no_recent_shock,,,,247.2918333333073,,0.10267578261690219,False
1790499600000,1790499845338,DOWN,0.81,84786.64,7.254798633369308,1,KXBTC15M-26SEP270515-15,,,,,1790500506470,1790500586313,2026-09-27,1790500599055,shadow_official_arrival,0.043244619576704016,0.06557137397322549,2,0.012668433853058048,-6.812597201587556,False,UP,36.5273575528444,46.80766441983961,False,True,False,True,no_recent_shock,,,,152.23150000012538,,0.06557137397322549,False
1790500500000,1790500963102,DOWN,0.65,84659.72,1.2790419497421546,0,KXBTC15M-26SEP270530-30,,,,,,,2026-09-27,1790501514328,shadow_official_arrival,0.1500284561147281,0.21846582610748805,5,-2.2336707911374543,-20.67329377038685,False,UP,29.84385528450712,40.25847268457122,False,True,False,True,no_recent_shock,,,,254.69516666667187,,0.21846582610748805,False
1790501400000,1790501644641,UP,0.75,84691.13,7.745025954914997,1,KXBTC15M-26SEP270545-45,,,,,,,2026-09-27,1790502438825,shadow_official_arrival,0.5583482218099295,0.14102508212725096,1,10.59942911079359,-12.01823222024112,False,UP,26.482242094719115,38.12151380941281,False,True,False,True,no_recent_shock,,,,254.69516666667187,,0.14102508212725096,False
1790502300000,1790502546882,UP,0.916,84774.09,14.825422091426788,1,KXBTC15M-26SEP270600-00,,,,,,,2026-09-27,1790503354488,shadow_official_arrival,0.601234956856344,0.22991426981174745,1,16.87744178390238,20.625488971537376,False,UP,24.359241690351745,41.4727998896654,False,True,False,True,no_recent_shock,,,,293.0285000000731,,0.22991426981174745,False
1790503200000,1790503678007,UP,0.65,84915.84,0.11988340456348112,1,KXBTC15M-26SEP270615-15,,,,,,,2026-09-27,1790504265487,shadow_official_arrival,0.15396591518274502,0.29440134592826406,3,-0.25169084077236725,29.432035252245914,False,UP,28.086901171644943,28.78587877369762,False,True,False,True,no_recent_shock,,,,324.36816666673985,,0.29440134592826406,False
1790504100000,1790504379852,DOWN,0.72,85022.31,2.705721200310096,1,KXBTC15M-26SEP270630-30,,,,,,,2026-09-27,1790505172163,shadow_official_arrival,0.5313360170462157,0.46455034792883787,3,11.108927624610132,40.475080497754945,False,UP,30.702967947455722,21.229863626793332,False,True,False,True,no_recent_shock,,,,412.4221666666417,,0.46455034792883787,False
1790505000000,1790505242125,DOWN,0.66,84923.4,2.706576357834889,1,KXBTC15M-26SEP270645-45,,,,,,,2026-09-27,1790506089787,shadow_official_arrival,0.8173339871486046,0.18846269392404488,3,-15.536055752751743,17.771900696150755,False,UP,33.46048317582284,21.368477599878908,False,True,False,True,no_recent_shock,,,,338.78700000008394,,0.18846269392404488,False
1790505900000,1790506196627,UP,0.8,84852.39,3.1885175342050154,1,KXBTC15M-26SEP270700-00,,,,,,,2026-09-27,1790506996194,shadow_official_arrival,0.4171463865094264,0.06223901867897918,2,-3.2767120706622688,-3.6607945144051524,False,UP,31.991961693873616,27.133695533000186,False,True,False,True,no_recent_shock,,,,209.25633333341102,,0.06223901867897918,False
1790506800000,1790507156958,UP,0.72,84857.73,2.2530848594071173,1,KXBTC15M-26SEP270715-15,,,,,,,2026-09-27,1790507909124,shadow_official_arrival,0.10702298348889756,0.06408171215876558,2,1.519499166224847,-4.1626351354762114,False,UP,25.813534502363613,33.79474899976222,False,True,False,True,no_recent_shock,,,,263.5951666667679,,0.06408171215876558,False
1790507700000,1790507944403,DOWN,0.82,84903.62,6.9994856128252625,1,KXBTC15M-26SEP270730-30,,,,,1790508606473,1790508692763,2026-09-27,1790508781557,shadow_official_arrival,0.11965012277941374,0.28728862325222193,2,-2.4150995273120035,-22.147996547614568,False,UP,24.696089213834398,33.809914859189114,False,True,False,True,no_recent_shock,,,,234.44316666667874,,0.28728862325222193,False
1790508600000,1790508840692,DOWN,0.81,84901.09,5.644097148821414,1,KXBTC15M-26SEP270745-45,,,,,1790509506467,1790509587010,2026-09-27,1790509705027,shadow_official_arrival,0.10287183350082788,0.06401761411002016,2,1.0353071441215889,-5.582491204424445,False,UP,20.957060636028835,42.90045899589729,False,True,False,True,no_recent_shock,,,,128.13183333337656,,0.06401761411002016,False
1790509500000,1790509740714,DOWN,0.76,84887.51,4.52176847532515,1,KXBTC15M-26SEP270800-00,,,,,,,2026-09-27,1790510617027,shadow_official_arrival,0.05963395625735517,0.006989289455517163,2,-0.47672545632981844,-0.59680808534468,False,UP,17.119962700502914,60.11641208979656,False,True,False,True,no_recent_shock,,,,127.24616666672227,,0.006989289455517163,False
1790510400000,1790510641571,UP,0.78,84881.7,6.198155786241166,1,KXBTC15M-26SEP270815-15,,,,,1790511306467,1790511384039,2026-09-27,1790511536769,shadow_official_arrival,0.7577133453305066,0.11000196334808891,1,10.039604513323308,7.974001091102245,True,,14.699183457371564,59.860705737683354,True,True,False,True,no_recent_shock,,,,86.16300000000047,,0.11000196334808891,False
1790511300000,1790511831028,DOWN,0.65,84981.42,0.622998925327023,1,KXBTC15M-26SEP270830-30,,,,,,,2026-09-27,1790512459488,shadow_official_arrival,0.22067083391341347,0.19475439424811986,4,3.7362680084029876,10.296106467539978,True,,17.576019264855635,44.57109867722481,True,True,False,True,no_recent_shock,,,,161.471499999956,,0.19475439424811986,False
1790512200000,1790512496168,UP,0.66,84942.08,1.8191219240248913,1,KXBTC15M-26SEP270845-45,,,,,1790513106471,1790513181599,2026-09-27,1790513374193,shadow_official_arrival,0.34868635887935373,0.20382417094344613,2,-3.1619750948874703,13.151061448746226,True,,17.966744449857707,42.366110779160024,True,True,False,True,no_recent_shock,,,,161.471499999956,,0.20382417094344613,False
1790513100000,1790513349408,DOWN,0.75,84974.89,3.3041917833964707,1,KXBTC15M-26SEP270900-00,,,,,1790514006472,1790514086574,2026-09-27,1790514313256,shadow_official_arrival,0.09493758705546285,0.22205400974260453,4,-1.3973654845533812,11.51300409685696,True,,18.78388358728495,35.45760804484208,True,True,False,True,no_recent_shock,,,,151.3473333332513,,0.22205400974260453,False
1790514000000,1790514242173,DOWN,0.78,84791.51,4.9871541777424255,1,KXBTC15M-26SEP270915-15,,,,,,,2026-09-27,1790514924432,shadow_official_arrival,0.507315463051574,0.253696257405142,1,-23.258988535000967,-21.791880237123085,False,DOWN,18.403542424129885,31.26049546728432,True,True,False,True,no_recent_shock,,,,331.35516666667536,,0.253696257405142,False
1790514900000,1790515145028,UP,0.79,84657.95,9.20791648431285,1,KXBTC15M-26SEP270930-30,,,,,1790515806476,1790515886416,2026-09-27,1790515840185,shadow_official_arrival,0.0752323988152119,0.28546869355200366,0,-1.5717941516857348,-29.289818592864727,False,DOWN,24.370720469290003,25.66557183223749,False,True,False,True,no_recent_shock,,,,334.3380000000907,,0.28546869355200366,False
1790515800000,1790516041920,UP,0.88,84919.49,16.029633872429727,0,KXBTC15M-26SEP270945-45,,,,,,,2026-09-27,1790516755354,shadow_official_arrival,0.9577083620018352,0.08089393691971282,1,37.37172352090256,10.80635367754379,False,UP,25.200932026285447,35.70973245649566,False,True,False,True,no_recent_shock,,,,330.38000000009197,,0.08089393691971282,True
1790516700000,1790516944893,UP,0.84,84798.31,10.26290107275063,1,KXBTC15M-26SEP271000-00,,,,,,,2026-09-27,1790517672322,shadow_official_arrival,0.3818403086733284,0.04756692444978121,2,-20.979665819707005,-8.197110738757951,True,,22.052366919915027,40.611756445255324,False,True,False,True,no_recent_shock,,,,416.8006666666188,,0.04756692444978121,False
1790517600000,1790517848997,DOWN,0.85,85016.5,9.62558248496781,1,KXBTC15M-26SEP271015-15,,,,,,,2026-09-27,1790518590715,shadow_official_arrival,0.22773904788354613,0.13523687610034552,2,6.82823067680971,22.90005258042571,True,,19.23357016317561,46.90309426604051,True,True,False,True,no_recent_shock,,,,416.8006666666188,,0.13523687610034552,False
1790518500000,1790518769856,DOWN,0.71,84987.83,3.089893380417985,1,KXBTC15M-26SEP271030-30,,,,,1790519406475,1790519482296,2026-09-27,1790519507933,shadow_official_arrival,0.16257261526114675,0.18924489871372627,4,4.500044560673544,27.160396032706036,True,,17.660313946105838,46.06523007465921,True,True,False,True,no_recent_shock,,,,340.94583333322953,,0.18924489871372627,False
1790519400000,1790519650043,UP,0.7,84702.2,5.746663014656317,1,KXBTC15M-26SEP271045-45,,,,,,,2026-09-27,1790520426778,shadow_official_arrival,0.6068718732849522,0.220290207507725,0,-26.422254858163853,-35.82800983757406,True,,17.235929456644307,51.56210818625146,True,True,False,True,no_recent_shock,,,,372.5379999998986,,0.220290207507725,False
1790520300000,1790520544308,DOWN,0.946,84746.37,25.220175605557003,1,KXBTC15M-26SEP271100-00,,,,,,,2026-09-27,1790521344081,shadow_official_arrival,0.5326369138115785,0.2557679593645343,3,-26.147538426869453,-40.591697083268706,False,DOWN,19.3404362165237,48.23825431447518,True,True,False,True,no_recent_shock,,,,348.56049999989045,,0.2557679593645343,True
1790521200000,1790521486624,DOWN,0.66,84540.45,5.77577558040554,1,KXBTC15M-26SEP271115-15,,,,,,,2026-09-27,1790522263901,shadow_official_arrival,0.06987744902052864,0.30539473940484596,3,-0.7052864639611744,-50.01663735461403,False,DOWN,24.472272101795973,35.37724641386491,False,True,False,True,no_recent_shock,,,,528.7503333333298,,0.30539473940484596,False
1790522100000,1790522345359,UP,0.82,84478.08,9.616656376025823,1,KXBTC15M-26SEP271130-30,,,,,1790523006489,1790523009263,2026-09-27,1790523187245,shadow_official_arrival,0.09967968867528766,0.28437548587749273,4,5.0152277671267065,-49.54410214096927,False,DOWN,29.60321600021235,27.711045729812557,False,True,False,True,no_recent_shock,,,,559.5590000000084,,0.28437548587749273,False
1790523000000,1790523245933,DOWN,0.67,84577.8,2.1813446712171114,1,KXBTC15M-26SEP271145-45,,,,,1790523906475,1790523974612,2026-09-27,1790524215949,shadow_official_arrival,0.018900247316242458,0.12797922654981478,2,0.003666065451213285,-22.99577906316852,False,DOWN,30.910948523208933,35.172357401023014,False,True,False,True,no_recent_shock,,,,343.26800000004005,,0.12797922654981478,False
1790523900000,1790524143449,UP,0.67,84450.34,3.228564068931128,1,KXBTC15M-26SEP271200-00,,,,,,,2026-09-27,1790524827255,shadow_official_arrival,0.44660297484010425,0.057370109226889544,2,-10.44339127745375,-8.845501336938177,False,DOWN,32.896943987918476,45.23876407115669,False,True,False,True,no_recent_shock,,,,191.45633333333535,,0.057370109226889544,False
1790524800000,1790525083877,UP,0.81,84455.59,4.720015177996917,1,KXBTC15M-26SEP271215-15,,,,,,,2026-09-27,1790525739653,shadow_official_arrival,0.13016677043799982,0.0621207021787819,2,1.8337090003361922,0.25185421401952013,False,DOWN,35.48012252535857,56.6723073105677,False,True,False,True,no_recent_shock,,,,168.77383333332546,,0.0621207021787819,False
1790525700000,1790526006858,UP,0.69,84547.16,1.8444735458844619,1,KXBTC15M-26SEP271230-30,,,,,,,2026-09-27,1790526643998,shadow_official_arrival,0.2280162214976391,0.010572624113673313,5,6.1121840101652225,1.1837859211993873,False,DOWN,32.56224344273242,58.762775361482895,False,True,False,True,no_recent_shock,,,,157.04066666663857,,0.010572624113673313,False
1790526600000,1790526842277,DOWN,0.74,84569.84,6.1075556013867605,1,KXBTC15M-26SEP271245-45,,,,,1790527506431,1790527584851,2026-09-27,1790527561373,shadow_official_arrival,0.07487104129424617,0.054510307551607684,4,-2.543302456781138,-5.6443934936245554,False,DOWN,29.14118554383282,48.47608013322055,False,True,False,True,no_recent_shock,,,,191.29783333325759,,0.054510307551607684,False
1790527500000,1790527749454,UP,0.72,84370.69,3.873007715520238,1,KXBTC15M-26SEP271300-00,,,,,1790528406478,1790528489079,2026-09-27,1790528477418,shadow_official_arrival,0.4211056241297287,0.0786317154276165,0,-13.585438673544559,-8.78795033393609,False,DOWN,29.038432139724254,39.30716528405567,False,True,False,True,no_recent_shock,,,,252.9986666666664,,0.0786317154276165,False
1790528400000,1790528655113,UP,0.65,84406.87,5.627168341468813,0,KXBTC15M-26SEP271315-15,,,,,,,2026-09-27,1790529386137,shadow_official_arrival,0.27193331150903155,0.00966329675887075,5,6.042452481069827,-1.1815438925255606,False,DOWN,29.6967335251066,37.80071221251534,False,True,False,True,no_recent_shock,,,,252.9986666666664,,0.00966329675887075,False
1790529300000,1790529540526,UP,0.78,84372.63,5.93650255223066,1,KXBTC15M-26SEP271330-30,,,,,1790530206429,1790530284107,2026-09-27,1790530296465,shadow_official_arrival,0.15199792320502778,0.12932560419253414,6,-3.4220974507170876,-13.836301902517834,False,DOWN,28.66336945311274,38.01081660212624,False,True,False,True,no_recent_shock,,,,265.3028333332768,,0.12932560419253414,False
1790530200000,1790530446447,UP,0.76,84417.64,4.813764832416467,1,KXBTC15M-26SEP271345-45,,,,,,,2026-09-27,1790531203073,shadow_official_arrival,0.2966633473577092,0.080620758412221,2,4.2119981737154255,-7.0886319733654,False,DOWN,25.73678687059469,34.2688142686862,False,True,False,True,no_recent_shock,,,,160.62299999999232,,0.080620758412221,False
1790531100000,1790531342231,UP,0.79,84464.13,4.985804822319473,1,KXBTC15M-26SEP271400-00,,,,,1790532006473,1790532082959,2026-09-27,1790532118231,shadow_official_arrival,0.28726568017610543,0.14920204846107693,3,5.78639049173324,11.982944948432106,False,DOWN,21.18106445938246,54.941400375380965,False,True,False,True,no_recent_shock,,,,141.98483333332115,,0.14920204846107693,False
1790532000000,1790532350470,UP,0.68,84548.52,0.7444837591474851,1,KXBTC15M-26SEP271415-15,,,,,,,2026-09-27,1790533034509,shadow_official_arrival,0.12990178706398578,0.15132527720970196,2,1.4189653945129166,13.546947689100364,False,DOWN,19.871973922097446,35.716891353495384,False,True,False,True,no_recent_shock,,,,190.30649999994785,,0.15132527720970196,False
1790532900000,1790533140101,UP,0.74,84585.08,3.8395069201424548,1,KXBTC15M-26SEP271430-30,,,,,,,2026-09-27,1790533946693,shadow_official_arrival,0.7870530887583378,0.4299239827362176,1,9.176703897058047,23.285701635404887,False,DOWN,20.377746766369405,27.733689462099967,False,True,False,True,no_recent_shock,,,,183.53633333332255,,0.4299239827362176,False
1790533800000,1790534283200,UP,0.69,84717.67,0.15494603035071108,1,KXBTC15M-26SEP271445-45,,,,,,,2026-09-27,1790534853809,shadow_official_arrival,0.2757752640466909,0.45216943315514363,0,6.730331407591716,28.335893382611665,True,,26.44312615591424,18.641346168167562,False,True,False,True,no_recent_shock,,,,264.64066666660074,,0.45216943315514363,False
1790534700000,1790535238074,DOWN,0.54,84744.82,2.285921428597515,0,KXBTC15M-26SEP271500-00,,,,,,,2026-09-27,1790535766000,shadow_official_arrival,0.04700836432422843,0.3918997882590297,4,0.2634460901340674,22.470146874562502,True,,31.5343102674443,16.34541463723426,False,True,False,True,no_recent_shock,,,,216.55716666659282,,0.3918997882590297,False
1790535600000,1790535848484,DOWN,0.83,84795.5,8.333323505774759,1,KXBTC15M-26SEP271515-15,,,,,,,2026-09-27,1790536691924,shadow_official_arrival,0.13181924097090764,0.30819205188343596,0,-2.495378802684911,22.017232272197873,True,,34.19337194643049,22.394802454207124,False,True,False,True,no_recent_shock,,,,256.3473333333677,,0.30819205188343596,False
1790536500000,1790536761613,UP,0.69,84786.32,3.880834392466781,0,KXBTC15M-26SEP271530-30,,,,,,,2026-09-27,1790537710365,shadow_official_arrival,0.9602578004978919,0.33298603154897577,1,11.073065699824802,23.96204229714316,True,,38.780570998848006,29.854054600881003,False,True,False,True,no_recent_shock,,,,188.9733333332988,,0.33298603154897577,False
1790537400000,1790537838652,UP,0.79,84680.29,0.9356958980588637,1,KXBTC15M-26SEP271545-45,,,,,,,2026-09-27,1790538316490,shadow_official_arrival,0.6117254935804829,0.05037981947095101,2,-10.721057500197029,-2.8343410486675324,False,DOWN,37.505863528692714,50.71314314301314,False,True,False,True,no_recent_shock,,,,165.09433333339985,,0.05037981947095101,False
1790538300000,1790538548985,UP,0.65,84757.82,3.017479685056834,0,KXBTC15M-26SEP271600-00,,,,,,,2026-09-27,1790539225556,shadow_official_arrival,0.711398106365941,0.06452838067368834,3,15.064224490610734,4.414486446844279,True,,36.325148763910114,51.008232950839314,False,True,False,True,no_recent_shock,,,,165.09433333339985,,0.06452838067368834,False
1790539200000,1790539447928,UP,0.81,84720.83,4.180317874589168,1,KXBTC15M-26SEP271615-15,,,,,1790540106484,1790540178512,2026-09-27,1790540144508,shadow_official_arrival,0.2762249507137922,0.05244706028497078,2,-3.4491554381366196,4.003194907404861,True,,34.43326730169043,53.0038408943083,False,True,False,True,no_recent_shock,,,,165.09433333339985,,0.05244706028497078,False
1790540100000,1790540346840,DOWN,0.73,84795.01,3.533718159445254,1,KXBTC15M-26SEP271630-30,,,,,1790541007081,1790541076329,2026-09-27,1790541064591,shadow_official_arrival,0.11330351772276327,0.07340216977004162,2,1.4203822375291608,-5.7350806170963775,True,,33.37045655683344,48.873716054875544,False,True,False,True,no_recent_shock,,,,165.09433333339985,,0.07340216977004162,False
1790541000000,1790541346867,DOWN,0.68,84605.94,3.319408385118461,0,KXBTC15M-26SEP271645-45,,,,,,,2026-09-27,1790541982171,shadow_official_arrival,0.7300503348910087,0.12873766855646052,1,-19.42206610796471,-11.889121356527532,False,DOWN,28.794859535440732,42.80491301964897,False,True,False,True,no_recent_shock,,,,195.69316666663508,,0.12873766855646052,False
1790541900000,1790542147455,DOWN,0.73,84621.47,7.495969994377738,1,KXBTC15M-26SEP271700-00,,,,,1790542806484,1790542879734,2026-09-27,1790542904155,shadow_official_arrival,0.17418789632782847,0.35639364158158154,2,-3.422256160111603,-26.82674049302669,False,DOWN,26.56142578569017,38.265393502897176,False,True,False,True,no_recent_shock,,,,220.87899999995716,,0.35639364158158154,False
1790542800000,1790543044766,UP,0.86,84534.55,8.849636036403208,1,KXBTC15M-26SEP271715-15,,,,,,,2026-09-27,1790543821096,shadow_official_arrival,0.3282440042264269,0.22868085272648345,0,5.4761643877832,-18.41146066227317,False,DOWN,24.93532887713357,30.530369489867123,False,True,False,True,no_recent_shock,,,,261.04583333326445,,0.22868085272648345,False
1790543700000,1790544171905,DOWN,0.68,84667.05,1.556744920256925,1,KXBTC15M-26SEP271730-30,,,,,,,2026-09-27,1790544729545,shadow_official_arrival,0.39731829189021944,0.024162669903974403,4,6.072299151100857,-1.065519963565631,False,DOWN,20.93987141810663,34.31032848250016,False,True,False,True,no_recent_shock,,,,158.5415000000503,,0.024162669903974403,False
1790544600000,1790544870030,DOWN,0.65,84606.54,1.5761192929064638,1,KXBTC15M-26SEP271745-45,,,,,,,2026-09-27,1790545657743,shadow_official_arrival,0.4873005585555648,0.017755768864570556,1,-9.26290126993412,0.13746367903300083,True,,19.699049281372712,40.80487032014664,True,True,False,True,no_recent_shock,,,,158.5415000000503,,0.017755768864570556,False
1790545500000,1790545740886,UP,0.911,84532.33,13.857084817927579,1,KXBTC15M-26SEP271800-00,,,,,,,2026-09-27,1790546569398,shadow_official_arrival,0.166302757556947,0.12464684398750012,2,5.894311690946008,11.088341900704624,True,,19.167267802888166,37.090627601636434,True,True,False,True,no_recent_shock,,,,220.5148333334364,,0.12464684398750012,False
1790546400000,1790546640281,DOWN,0.921,84656.98,26.972849728401638,1,KXBTC15M-26SEP271815-15,,,,,,,2026-09-27,1790547481444,shadow_official_arrival,0.6051399619108271,0.17003385817203007,2,-24.86938998682686,-19.274233616636273,True,,16.338978697456795,38.038108713861455,True,True,False,True,no_recent_shock,,,,220.5148333334364,,0.17003385817203007,False
1790547300000,1790547540053,UP,0.74,84314.62,7.790523161925744,1,KXBTC15M-26SEP271830-30,,,,,,,2026-09-27,1790548509775,shadow_official_arrival,0.12354050168230896,0.22916745742872136,2,-6.3487919491544975,-33.756364670493035,True,,20.139432452624355,36.813175742859165,False,True,False,True,no_recent_shock,,,,403.02516666662996,,0.22916745742872136,False
1790548200000,1790548447790,DOWN,0.942,84545.95,22.34855720468998,1,KXBTC15M-26SEP271845-45,,,,,,,2026-09-27,1790549133037,shadow_official_arrival,0.011200271903574557,0.144064819478235,2,-1.1691511751166228,-26.525241948389677,True,,22.104596033474564,40.20534055241366,False,True,False,True,no_recent_shock,,,,403.02516666662996,,0.144064819478235,False
1790549100000,1790549527946,UP,0.66,84179.88,1.990439995884774,1,KXBTC15M-26SEP271900-00,,,,,,,2026-09-27,1790550073605,shadow_official_arrival,0.18014011067855182,0.2905789281400137,2,-4.220281686786453,-54.97643619665982,False,DOWN,27.961238706571784,35.55683825618156,False,True,False,True,no_recent_shock,,,,548.6896666665707,,0.2905789281400137,False
1790550000000,1790550263052,UP,0.75,84194.99,4.559990248047541,1,KXBTC15M-26SEP271915-15,,,,,,,2026-09-27,1790550984918,shadow_official_arrival,0.6035538502379763,0.13407285967258997,1,9.263205051250889,-22.902636595897306,False,DOWN,29.460062177826423,33.77611054635041,False,True,False,True,no_recent_shock,,,,409.868333333201,,0.13407285967258997,False
1790550900000,1790551169168,UP,0.68,84227.58,3.374092745720425,1,KXBTC15M-26SEP271930-30,,,,,,,2026-09-27,1790551809448,shadow_official_arrival,0.028936225638884382,0.11127875469746443,4,1.5357331695420307,-17.554073692958028,False,DOWN,,,,False,False,True,no_recent_shock,,,,410.50066666655766,,0.11127875469746443,False
1790551800000,1790552118041,UP,0.65,84390.86,2.8762593484676913,0,KXBTC15M-26SEP271945-45,,,,,,,2026-09-27,1790552739115,shadow_official_arrival,,,,18.886943945495283,14.340242151511529,True,,,,,False,False,False,missing_current_hour,,,,,,,
1790552700000,1790552944715,UP,0.82,84337.75,8.835900886619008,1,KXBTC15M-26SEP272000-00,,,,,1790553606941,1790553672742,2026-09-27,1790553649543,shadow_official_arrival,0.06108070462446011,,2,-0.2867984199539375,29.728872663887795,True,,,,,False,False,False,missing_current_hour,,,,,,,
1790553600000,1790553849752,UP,0.81,84446.08,10.795942215429122,0,KXBTC15M-26SEP272015-15,,,,,,,2026-09-27,1790554693559,shadow_official_arrival,0.44220217688087715,,3,14.306411457316592,35.00299406019592,True,,,,,False,False,False,missing_current_hour,,,,,,,
1790554500000,1790554742944,UP,0.87,84414.77,12.402075292441417,1,KXBTC15M-26SEP272030-30,,,,,1790555406489,1790555483328,2026-09-27,1790555518379,shadow_official_arrival,0.07103577782156817,,2,-2.8341583119340097,32.00808659999721,True,,,,,False,False,False,missing_current_hour,,,,,,,
1790555400000,1790555648270,DOWN,0.959,84780.77,46.74471974403404,1,KXBTC15M-26SEP272045-45,,,,,,,2026-09-27,1790556435802,shadow_official_arrival,0.08997541527476013,0.005447820452996266,2,-15.97231735016802,-3.580695845152304,True,,,,,False,False,True,no_recent_shock,,,,605.9586666666582,,0.005447820452996266,False
1790556300000,1790556542680,UP,0.948,84272.52,23.544567078321865,0,KXBTC15M-26SEP272100-00,,,,,,,2026-09-27,1790557348536,shadow_official_arrival,0.1082615472917327,0.02556948715790061,4,7.935192471872909,7.914146009544432,True,,,36.806799559180156,,False,False,True,no_recent_shock,,,,728.4910000000236,,0.02556948715790061,False
1790557200000,1790557466674,DOWN,0.7,84142.39,10.796836964903633,1,KXBTC15M-26SEP272115-15,,,,,,,2026-09-27,1790558272399,shadow_official_arrival,0.5562492544518387,0.16377605197999767,1,-51.628025430707766,-57.85792672043266,False,DOWN,,41.99924268138669,,False,False,True,no_recent_shock,,,,886.2943333332514,,0.16377605197999767,False
1790558100000,1790558502886,UP,0.86,83978.57,9.00392405666306,1,KXBTC15M-26SEP272130-30,,,,,,,2026-09-27,1790559075774,shadow_official_arrival,0.11053902928331573,0.25493661511470184,4,4.969859422176981,-100.46695830541962,False,DOWN,,35.25267951294406,,False,False,True,no_recent_shock,,,,1019.7443333334086,,0.25493661511470184,False
1790559000000,1790559314067,DOWN,0.75,84077.35,5.7215171505864415,1,KXBTC15M-26SEP272145-45,,,,,1790559906500,1790559989011,2026-09-27,1790560003885,shadow_official_arrival,0.24996180336297866,0.1319640864595489,6,12.650890935230752,-38.02250160200749,False,DOWN,,35.197428716919504,,False,False,True,conditions_not_met,1790558700000,-102.79078425043386,972.4136666666454,668.4598333333561,0.6874233222418416,0.1319640864595489,False
1790559900000,1790560170951,DOWN,0.65,83836.88,1.9847271670192512,1,KXBTC15M-26SEP272200-00,,,,,,,2026-09-27,1790560922601,shadow_official_arrival,0.41727671123959853,0.26434605416161083,2,-22.5972561022747,-75.07144754882566,False,DOWN,7.325985037607056,38.93877874152593,,False,False,True,conditions_not_met,1790558700000,-102.79078425043386,972.4136666666454,762.1966666666849,0.7838193690545637,0.26434605416161083,False
1790560800000,1790561044201,DOWN,0.78,83700.88,22.17734548708883,0,KXBTC15M-26SEP272215-15,,,,,,,2026-09-27,1790561838897,shadow_official_arrival,0.5404163003983172,0.2571336070051813,3,-43.10644827939747,-66.84253879513658,False,DOWN,9.489235969735017,29.372604360466298,,False,False,True,conditions_not_met,1790558700000,-102.79078425043386,972.4136666666454,596.2183333333815,0.6131324083269718,0.2571336070051813,False
1790561700000,1790561943007,DOWN,0.73,83732.16,8.576075588325738,1,KXBTC15M-26SEP272230-30,,,,,1790562606493,1790562674999,2026-09-27,1790562744648,shadow_official_arrival,0.3498751937118944,0.12241455363527513,2,17.291089861866116,-30.837602570438214,False,DOWN,12.95768657575113,38.373159280312365,,False,False,True,conditions_not_met,1790558700000,-102.79078425043386,972.4136666666454,611.1823333332577,0.6285209209660131,0.12241455363527513,False
1790562600000,1790562840256,DOWN,0.82,83652.19,17.827228033917564,1,KXBTC15M-26SEP272245-45,,,,,1790563506489,1790563575818,2026-09-27,1790563657425,shadow_official_arrival,0.3560726213159812,0.2741360234912118,3,-20.08136996655141,-65.73714800275798,False,DOWN,14.421928968556598,38.065580649496944,,False,False,True,conditions_not_met,1790558700000,-102.79078425043386,972.4136666666454,539.6764999999577,0.5549865437925453,0.2741360234912118,False
1790563500000,1790563749132,DOWN,0.74,83494.5,11.3290496180396,1,KXBTC15M-26SEP272300-00,,,,,,,2026-09-27,1790564572036,shadow_official_arrival,0.2468094322706008,0.23759829278128877,5,-12.353159874572972,-55.94583858057223,False,DOWN,17.406723056444076,39.01609895742864,,False,True,True,flagged,1790558700000,-102.79078425043386,972.4136666666454,425.1928333332471,0.43725509822457903,0.23759829278128877,False
1790564400000,1790564641708,UP,0.7,83394.03,6.078792450736614,1,KXBTC15M-26SEP272315-15,,,,,1790565306492,1790565370470,2026-09-27,1790565487280,shadow_official_arrival,0.13880831694544404,0.04156482155055699,2,5.2454422116232635,-8.527593399305644,False,DOWN,20.80905971091708,47.447591033083036,,False,True,True,flagged,1790558700000,-102.79078425043386,972.4136666666454,363.19266666672775,0.37349605329151997,0.04156482155055699,False
1790565300000,1790565581528,UP,0.72,83429.03,4.152211766101921,0,KXBTC15M-26SEP272330-30,,,,,,,2026-09-27,1790566394803,shadow_official_arrival,0.06366776326184252,0.13274796976329328,4,0.03502830663304479,-21.545697378561044,False,DOWN,22.038395147400784,45.52019396870525,,False,True,True,flagged,1790558700000,-102.79078425043386,972.4136666666454,311.20683333328634,0.32003543759321884,0.13274796976329328,False
1790566200000,1790566441603,DOWN,0.78,83317.98,12.126894259000265,0,KXBTC15M-26SEP272345-45,,,,,,,2026-09-27,1790567308350,shadow_official_arrival,0.8309093238406793,0.2088483298795044,1,-29.948912312856013,-34.26463199050267,False,DOWN,23.96569299545294,43.385272885641804,,False,True,True,flagged,1790558700000,-102.79078425043386,972.4136666666454,284.84583333339833,0.2929266042813102,0.2088483298795044,False
1790567100000,1790567412904,DOWN,0.71,83457.59,3.8416118494022378,1,KXBTC15M-26SEP280000-00,,,,,,,2026-09-27,1790568213302,shadow_official_arrival,0.6350515949311141,0.016200361547905006,2,21.707334969736092,0.47237972247371474,False,DOWN,24.464900107127704,49.885118712646225,,False,True,True,flagged,1790558700000,-102.79078425043386,972.4136666666454,284.9844999999914,0.2930692047725892,0.016200361547905006,False
1790568000000,1790568249022,DOWN,0.67,83323.89,8.34140524805127,0,KXBTC15M-26SEP280015-15,,,,,,,2026-09-28,1790569125897,shadow_official_arrival,0.6060382996831962,0.15857802042535063,1,-20.5791387523957,-22.809990296566163,False,DOWN,24.654109478938956,50.501363460682136,False,True,True,True,flagged,1790558700000,-102.79078425043386,972.4136666666454,249.6294999999809,0.256711221321776,0.15857802042535063,False
1790568900000,1790569139162,UP,0.69,83410.26,5.881570604537867,1,KXBTC15M-26SEP280030-30,,,,,,,2026-09-28,1790570048046,shadow_official_arrival,0.5585985071406895,0.048911718253814136,0,24.848097016305637,-0.910200960614338,False,DOWN,25.581214279685174,57.85798316930976,False,True,True,True,flagged,1790558700000,-102.79078425043386,972.4136666666454,247.30716666670924,0.25432300588129125,0.048911718253814136,False
1790569800000,1790570059768,DOWN,0.65,83469.47,4.605436374910399,0,KXBTC15M-26SEP280045-45,,,,,,,2026-09-28,1790570967417,shadow_official_arrival,0.20721797997122116,0.19057198714081566,6,-4.131466890303637,25.719886350230592,False,DOWN,22.57853995807566,56.004412509712324,False,True,True,True,flagged,1790558700000,-102.79078425043386,972.4136666666454,263.3508333333739,0.27082181417309675,0.19057198714081566,False
1790570700000,1790570941552,DOWN,0.77,83481.1,7.189571451897692,0,KXBTC15M-26SEP280100-00,,,,,1790571606480,1790571688252,2026-09-28,1790571890204,shadow_official_arrival,0.03554423488565939,0.00465944315548393,2,-0.9136943298315714,-0.7577845885042844,False,DOWN,20.715532949356536,52.44430209404178,False,True,True,True,flagged,1790558700000,-102.79078425043386,972.4136666666454,254.2021666666551,0.2614136096400613,0.00465944315548393,False
1790571600000,1790571842647,DOWN,0.85,83484.63,11.451928336982942,1,KXBTC15M-26SEP280115-15,,,,,,,2026-09-28,1790572808082,shadow_official_arrival,0.10807742002822046,0.1524576413962191,2,-3.8427537033169923,16.4045819263281,False,DOWN,19.059246487693184,46.80143749369482,False,True,True,True,flagged,1790558700000,-102.79078425043386,972.4136666666454,256.74216666663415,0.2640256667172576,0.1524576413962191,False
1790572500000,1790572747688,DOWN,0.66,83282.51,8.252092786348308,1,KXBTC15M-26SEP280130-30,,,,,,,2026-09-28,1790573418158,shadow_official_arrival,0.5870518092492293,0.2741145404075543,3,-21.014696130758903,-29.419582886195393,False,DOWN,20.789653542850427,46.23012562900467,False,True,False,True,conditions_not_met,1790558700000,-102.79078425043386,972.4136666666454,234.83283333329018,0.2414947890832077,0.2741145404075543,True
1790573400000,1790573643344,DOWN,0.8,83071.6,12.837379641988944,0,KXBTC15M-26SEP280145-45,,,,,,,2026-09-28,1790574339383,shadow_official_arrival,0.5737116731235737,0.3918126112042704,3,-30.15072299180077,-55.585865201268625,False,DOWN,26.849960826069037,25.66452044207125,False,True,False,True,conditions_not_met,1790558700000,-102.79078425043386,972.4136666666454,470.3383333332895,0.4836813276653863,0.3918126112042704,True
1790574300000,1790574700892,DOWN,0.74,83099.01,5.516872784250282,0,KXBTC15M-26SEP280200-00,,,,,,,2026-09-28,1790575562052,shadow_official_arrival,0.23888006445366322,0.19730195620066826,4,17.224855227251368,-47.72880084445541,False,DOWN,32.55424819050069,27.379180432765875,False,True,False,True,conditions_not_met,1790558700000,-102.79078425043386,972.4136666666454,737.182499999908,0.7580955772936732,0.19730195620066826,False
1790575200000,1790575501370,DOWN,0.65,83163.59,1.5188137020016867,0,KXBTC15M-26SEP280215-15,,,,,,,2026-09-28,1790576172756,shadow_official_arrival,0.1314461342747901,0.13082124955954982,2,3.705759778207529,-27.322462591202743,False,DOWN,31.505157017296927,28.266254471292427,False,True,False,True,conditions_not_met,1790558700000,-102.79078425043386,972.4136666666454,631.6103333332867,0.6495284414280141,0.13082124955954982,False
1790576100000,1790576339376,DOWN,0.71,83239.25,6.7872227745080504,1,KXBTC15M-26SEP280230-30,,,,,1790577006477,1790577083538,2026-09-28,1790577097225,shadow_official_arrival,0.2883686451863737,0.0015275523088186043,2,3.1011834003802363,-3.978328185588742,False,DOWN,29.00083790051416,32.81856122263413,False,True,False,True,conditions_not_met,1790558700000,-102.79078425043386,972.4136666666454,504.46466666660854,0.5187757884932573,0.0015275523088186043,False
1790577000000,1790577249698,UP,0.66,83046.46,5.880623930267781,1,KXBTC15M-26SEP280245-45,,,,,,,2026-09-28,1790578013930,shadow_official_arrival,0.31525275532928837,0.08060375387186484,2,-9.969314111952787,16.256060010824136,False,DOWN,27.3743917342346,40.43112412405789,False,True,False,True,conditions_not_met,1790558700000,-102.79078425043386,972.4136666666454,504.46466666660854,0.5187757884932573,0.08060375387186484,False
1790577900000,1790578144033,DOWN,0.67,83181.66,3.874832505144088,1,KXBTC15M-26SEP280300-00,,,,,1790578806473,1790578884431,2026-09-28,1790578932927,shadow_official_arrival,0.18846206893183026,0.012222221560493716,4,5.969005667214589,1.4757941522569595,False,DOWN,25.319077210427825,36.53356731410493,False,True,True,True,flagged,1790558700000,-102.79078425043386,972.4136666666454,227.6270000000659,0.2340845339826955,0.012222221560493716,False
1790578800000,1790579039097,UP,0.83,83131.72,11.904802001767578,0,KXBTC15M-26SEP280315-15,,,,,1790579706467,1790579777318,2026-09-28,1790579860599,shadow_official_arrival,0.23542652681144974,0.07244224502174208,4,9.602649052407042,8.865342771018359,False,DOWN,22.946240139029452,51.203539958007575,False,True,True,True,flagged,1790558700000,-102.79078425043386,972.4136666666454,227.6270000000659,0.2340845339826955,0.07244224502174208,False
1790579700000,1790579942261,UP,0.7,83049.77,5.733911123411151,0,KXBTC15M-26SEP280330-30,,,,,,,2026-09-28,1790580781575,shadow_official_arrival,0.47961262381707875,0.08158374877540243,0,-16.17075849347893,-10.417704333356426,False,DOWN,19.66086117710924,54.17683452702088,False,True,True,True,flagged,1790558700000,-102.79078425043386,972.4136666666454,188.46616666672344,0.19381274978659035,0.08158374877540243,False
1790580600000,1790580912020,UP,0.67,82925.22,2.22851383450573,0,KXBTC15M-26SEP280345-45,,,,,,,2026-09-28,1790581700426,shadow_official_arrival,0.6510505862502167,0.14536396156155057,2,-21.216901264087262,-18.20443129994409,False,DOWN,20.211269539539064,44.34128086877937,False,True,True,True,flagged,1790558700000,-102.79078425043386,972.4136666666454,308.3454999999667,0.317092931300472,0.14536396156155057,False
1790581500000,1790581748534,UP,0.67,82894.82,6.976994059049169,1,KXBTC15M-26SEP280400-00,,,,,,,2026-09-28,1790582623401,shadow_official_arrival,0.04003020610656866,0.1788475142512515,0,1.7035795087871897,-24.65635307003722,False,DOWN,19.894722287859548,42.13748413387872,False,True,True,True,flagged,1790558700000,-102.79078425043386,972.4136666666454,334.7156666665687,0.3442111913276031,0.1788475142512515,False
1790582400000,1790582648304,UP,0.73,82951.18,14.831474770260478,1,KXBTC15M-26SEP280415-15,,,,,,,2026-09-28,1790583546119,shadow_official_arrival,0.2523185080896282,0.09679900750022921,5,15.64861289009567,-18.800497701044748,False,DOWN,17.866034525467942,44.51819491673044,False,True,True,True,flagged,1790558700000,-102.79078425043386,972.4136666666454,334.7156666665687,0.3442111913276031,0.09679900750022921,False
1790583300000,1790583546119,DOWN,0.67,82977.62,5.200337954575085,1,KXBTC15M-26SEP280430-30,,,,,1790584206465,1790584281958,2026-09-28,1790584520444,shadow_official_arrival,0.4413619810630505,0.09875317449678352,3,-17.017840535515916,-18.15769023150282,False,DOWN,15.93073188968665,53.30605328258758,False,True,True,True,flagged,1790558700000,-102.79078425043386,972.4136666666454,221.52816666662693,0.2278126832853012,0.09875317449678352,False
1790584200000,1790584447257,UP,0.83,82795.57,11.681643514664941,1,KXBTC15M-26SEP280445-45,,,,,1790585106471,1790585184393,2026-09-28,1790585126297,shadow_official_arrival,0.16415184771213623,0.028381828859872272,2,-5.0859432264249715,-4.581639493431711,False,DOWN,15.074242201367456,51.07462314725215,False,True,True,True,flagged,1790558700000,-102.79078425043386,972.4136666666454,292.33666666666977,0.3006299445263619,0.028381828859872272,False
1790585100000,1790585349958,UP,0.68,82861.02,6.904352211296594,1,KXBTC15M-26SEP280500-00,,,,,,,2026-09-28,1790586046464,shadow_official_arrival,0.1076135060118537,0.014342831777261424,2,3.5471735365488755,-3.7326713353602603,True,,13.857017197729775,53.61573846411856,False,True,True,True,flagged,1790558700000,-102.79078425043386,972.4136666666454,292.33666666666977,0.3006299445263619,0.014342831777261424,False
1790586000000,1790586245473,DOWN,0.91,82926.45,22.484402342872745,1,KXBTC15M-26SEP280515-15,,,,,1790586906468,1790586990755,2026-09-28,1790586967724,shadow_official_arrival,0.4216030132443604,0.2380713992624095,4,-21.911918170713918,-41.87218094237277,False,DOWN,13.390192827208162,53.03069190110697,False,True,True,True,flagged,1790558700000,-102.79078425043386,972.4136666666454,292.33666666666977,0.3006299445263619,0.2380713992624095,False
1790586900000,1790587165085,UP,0.68,82826.8,2.411779762101496,0,KXBTC15M-26SEP280530-30,,,,,,,2026-09-28,1790587884367,shadow_official_arrival,0.14678898239041852,0.07179384844025952,3,13.942404004299025,-9.090292813755951,False,DOWN,15.406370499329375,43.38990906592538,False,True,True,True,flagged,1790558700000,-102.79078425043386,972.4136666666454,365.1946666665899,0.37555484788531135,0.07179384844025952,False
1790587800000,1790588068325,DOWN,0.67,82769.93,2.0902719945159465,1,KXBTC15M-26SEP280545-45,,,,,1790588706465,1790588777676,2026-09-28,1790588790893,shadow_official_arrival,0.1569688611916438,0.06749492026131915,2,-11.36401091415773,-17.540162794372762,False,DOWN,13.895864210459118,51.9869488331906,False,True,False,True,no_recent_shock,,,,365.1946666665899,,0.06749492026131915,False
1790588700000,1790588942558,UP,0.81,82602.13,9.663733852860457,1,KXBTC15M-26SEP280600-00,,,,,1790589606465,1790589674849,2026-09-28,1790589699077,shadow_official_arrival,0.31897021251600477,0.15506896043675694,2,-11.640910887813494,-28.91133313884908,False,DOWN,16.52905866573783,50.45104339565582,False,True,False,True,no_recent_shock,,,,371.37816666660365,,0.15506896043675694,False
1790589600000,1790589849715,UP,0.92,82615.99,17.694879647398576,1,KXBTC15M-26SEP280615-15,,,,,1790590506467,1790590579398,2026-09-28,1790590615457,shadow_official_arrival,0.21873573980376446,0.0035354896074913378,4,9.70266129837638,2.68106938021484,False,DOWN,16.599368982132297,50.906326491813395,False,True,False,True,no_recent_shock,,,,314.6563333332597,,0.0035354896074913378,False
1790590500000,1790590744928,UP,0.76,82682.18,8.442367307353038,1,KXBTC15M-26SEP280630-30,,,,,,,2026-09-28,1790591535288,shadow_official_arrival,0.004853489731917422,0.053891767176128515,2,-0.20695953771410203,-9.506978832999335,False,DOWN,14.317207718689778,56.233725997748444,False,True,False,True,no_recent_shock,,,,314.6563333332597,,0.053891767176128515,False
1790591400000,1790591641162,UP,0.67,82772.22,3.122182780654903,1,KXBTC15M-26SEP280645-45,,,,,1790592306458,1790592366887,2026-09-28,1790592462695,shadow_official_arrival,0.15858795037005471,0.01044436567202639,3,5.163695557639514,2.3855281134488315,False,DOWN,13.742276669767161,49.80300683675263,False,True,False,True,no_recent_shock,,,,217.4438333332655,,0.01044436567202639,False
1790592300000,1790592546357,DOWN,0.79,82909.09,6.5643385222680095,0,KXBTC15M-26SEP280700-00,,,,,,,2026-09-28,1790593394179,shadow_official_arrival,0.32649395995565084,0.16288238251172502,2,6.836230778324293,20.888616834369156,True,,14.799505999253089,46.52774087586592,False,True,False,True,no_recent_shock,,,,320.20466666658467,,0.16288238251172502,False
1790593200000,1790593500240,UP,0.65,82924.72,5.453580870296015,1,KXBTC15M-26SEP280715-15,,,,,,,2026-09-28,1790594308099,shadow_official_arrival,0.3127964914012612,0.1594820348777664,1,13.583801136258788,20.978325053226943,True,,16.887370122841187,34.78903558052998,False,True,False,True,no_recent_shock,,,,326.1783333332569,,0.1594820348777664,False
1790594100000,1790594557167,UP,0.67,82956.62,0.991984324665296,1,KXBTC15M-26SEP280730-30,,,,,,,2026-09-28,1790595218833,shadow_official_arrival,0.226953823217709,0.24220016158619395,3,-3.968599757416813,28.435528637338336,True,,18.983662859729858,31.94623581344564,True,True,False,True,no_recent_shock,,,,305.8666666666395,,0.24220016158619395,False
1790595000000,1790595487477,UP,0.66,82989.69,2.944381806140317,1,KXBTC15M-26SEP280745-45,,,,,,,2026-09-28,1790596139381,shadow_official_arrival,0.1847966568662445,0.13338454746387088,3,4.305799441821634,15.123963684433583,True,,20.1664898280062,39.97662163589108,False,True,False,True,no_recent_shock,,,,166.8578333332989,,0.13338454746387088,False
1790595900000,1790596139381,DOWN,0.79,83051.43,7.922540687542723,0,KXBTC15M-26SEP280800-00,,,,,1790596806473,1790596884920,2026-09-28,1790597062196,shadow_official_arrival,0.1978848114170068,0.15505436664012268,2,3.2449274024037855,15.310590043886574,True,,21.692635038928124,44.09336695019378,False,True,False,True,no_recent_shock,,,,205.25849999993807,,0.15505436664012268,False
1790596800000,1790597085205,UP,0.72,83058.66,3.849367824306782,1,KXBTC15M-26SEP280815-15,,,,,,,2026-09-28,1790598017000,shadow_official_arrival,0.19728612560263317,0.05102532684568394,2,13.063339008585473,14.618250354061502,True,,21.503585196789622,51.99534934741563,False,True,False,True,no_recent_shock,,,,110.83116666659771,,0.05102532684568394,False
1790597700000,1790597970494,UP,0.65,83327.46,5.781847504615634,1,KXBTC15M-26SEP280830-30,,,,,,,2026-09-28,1790598625798,shadow_official_arrival,0.4541959450679635,0.24728112474093702,3,39.29358440230235,47.24026556960137,False,UP,27.520185981052787,29.992574905631948,False,True,False,True,no_recent_shock,,,,509.4628333332803,,0.24728112474093702,False
1790598600000,1790598962999,UP,0.65,83355.1,5.210519012432968,0,KXBTC15M-26SEP280845-45,,,,,,,2026-09-28,1790599589239,shadow_official_arrival,0.05430153141161049,0.2405929532775402,6,-2.454935996835106,46.6743496166222,False,UP,34.78248331094855,35.602285234403126,False,True,False,True,no_recent_shock,,,,501.5838333332795,,0.2405929532775402,False
1790599500000,1790599740376,UP,0.84,83290.13,13.341636838208881,1,KXBTC15M-26SEP280900-00,,,,,1790600406475,1790600472524,2026-09-28,1790600508899,shadow_official_arrival,0.2050039067720684,0.23358276747804652,2,10.506753247696565,50.08342879950112,False,UP,37.07498491099266,37.67781313624971,False,True,False,True,no_recent_shock,,,,501.5838333332795,,0.23358276747804652,False
1790600400000,1790600649735,DOWN,0.87,83547.31,17.58883679199186,1,KXBTC15M-26SEP280915-15,,,,,,,2026-09-28,1790601429873,shadow_official_arrival,0.01842637972626444,0.18932950918195376,4,0.6127006293699111,45.81219408904991,False,UP,41.514942464453824,34.61117198724052,False,True,False,True,no_recent_shock,,,,553.0398333333433,,0.18932950918195376,False
1790601300000,1790601830292,UP,0.63,83383.49,1.395040353115995,1,KXBTC15M-26SEP280930-30,,,,,,,2026-09-28,1790602354876,shadow_official_arrival,0.01609989675812724,0.02643655313867312,3,3.8935874689460803,9.611753917158072,False,UP,38.49030753832041,55.037621880360845,False,True,False,True,no_recent_shock,,,,313.3048333334009,,0.02643655313867312,False
1790602200000,1790602529630,UP,0.65,83528.72,5.688961433458761,1,KXBTC15M-26SEP280945-45,,,,,,,2026-09-28,1790603273407,shadow_official_arrival,0.32975138882359467,0.10909089012295588,2,25.01446423504916,24.004400989412478,False,UP,38.4064503728158,50.5215479314948,False,True,False,True,no_recent_shock,,,,345.2570000001142,,0.10909089012295588,False
1790603100000,1790603394369,DOWN,0.72,83711.14,6.324845175922356,1,KXBTC15M-26SEP281000-00,,,,,,,2026-09-28,1790604205770,shadow_official_arrival,0.37047263804522995,0.18519491428601328,5,18.077335817916484,30.886829633680613,False,UP,40.56410810338338,42.968382264618505,False,True,False,True,no_recent_shock,,,,455.09450000009383,,0.18519491428601328,False
1790604000000,1790604424080,DOWN,0.85,83635.43,28.90210524414849,1,KXBTC15M-26SEP281015-15,,,,,,,2026-09-28,1790605143771,shadow_official_arrival,,,,-11.82364754541032,3.2635011526416235,False,UP,,,,False,False,False,missing_current_hour,,,,,,,
1790604900000,1790605143771,DOWN,0.77,83398.37,12.021617848558819,1,KXBTC15M-26SEP281030-30,,,,,,,2026-09-28,1790606109570,shadow_official_arrival,,,,-23.61321362262414,-9.432564803661947,False,UP,,,,False,False,False,missing_current_hour,,,,,,,
1790605800000,1790606049193,UP,0.72,83179.22,9.191097648351132,0,KXBTC15M-26SEP281045-45,,,,,,,2026-09-28,1790607030716,shadow_official_arrival,0.07220644870923477,,2,-5.0950534753047005,-23.926686019938302,False,UP,,,,False,False,False,missing_current_hour,,,,,,,
1790606700000,1790607018380,UP,0.68,82892.45,6.960987802069329,1,KXBTC15M-26SEP281100-00,,,,,,,2026-09-28,1790607941186,shadow_official_arrival,0.32202802877910264,,4,-38.5834959624487,-81.0418457640405,True,,,,,False,False,False,missing_current_hour,,,,,,,
1790607600000,1790607847198,UP,0.7,82953.65,9.716992561505933,1,KXBTC15M-26SEP281115-15,,,,,,,2026-09-28,1790608547574,shadow_official_arrival,0.19020176582445525,,3,17.4094180061779,-55.23133171464689,True,,,,,False,False,False,missing_current_hour,,,,,,,
1790608500000,1790608814581,DOWN,0.66,82960.58,6.333731032254208,0,KXBTC15M-26SEP281130-30,,,,,,,2026-09-28,1790609468766,shadow_official_arrival,0.1182819458851441,0.11558622272509167,3,-8.581020252235172,-49.831045364244765,True,,,,,False,False,False,missing_shock_hour,1790607360000,-108.08644330613681,,827.3719999999885,,0.11558622272509167,False
1790609400000,1790609798801,UP,0.79,83072.33,8.41345126589843,1,KXBTC15M-26SEP281145-45,,,,,,,2026-09-28,1790610390672,shadow_official_arrival,0.34048910341225563,0.07438484888003463,5,30.522080847597,-28.71393793963728,True,,,42.07235726020333,,False,False,False,missing_shock_hour,1790607360000,-108.08644330613681,,678.4108333332988,,0.07438484888003463,False
1790610300000,1790610599634,UP,0.7,83174.2,6.140225374371422,1,KXBTC15M-26SEP281200-00,,,,,,,2026-09-28,1790611250531,shadow_official_arrival,0.29881986335663974,0.13749470825702773,3,22.30003251786572,33.22801841614043,False,UP,,46.22929676024079,,False,False,False,missing_shock_hour,1790607360000,-108.08644330613681,,544.684500000003,,0.13749470825702773,False
1790611200000,1790611440094,DOWN,0.78,83366.8,13.305716424276692,0,KXBTC15M-26SEP281215-15,,,,,,,2026-09-28,1790612175902,shadow_official_arrival,0.04362388016270308,0.10200218337175113,0,1.2588083625675317,26.706994561991326,False,UP,,39.90223050341438,,False,False,False,missing_shock_hour,1790607360000,-108.08644330613681,,524.9118333332444,,0.10200218337175113,False
1790612100000,1790612339671,UP,0.73,83386.48,29.507441334213347,1,KXBTC15M-26SEP281230-30,,,,,,,2026-09-28,1790613090116,shadow_official_arrival,0.4310422584985249,0.33716025003137284,3,44.262836151920396,95.65881265037657,False,UP,,37.70660080502327,,False,False,False,missing_shock_hour,1790607360000,-108.08644330613681,,601.3163333332632,,0.33716025003137284,False
1790613000000,1790613245024,DOWN,0.77,84035.19,11.645399187339978,1,KXBTC15M-26SEP281245-45,,,,,,,2026-09-28,1790613994499,shadow_official_arrival,0.39711794598109307,0.37664037718613,2,36.44460978325492,103.16067917580662,False,UP,17.28543581083467,17.857182019484377,,False,False,True,conditions_not_met,1790613240000,103.88383526199307,1066.3841666667577,1066.3841666667577,1.0,0.37664037718613,False
1790613900000,1790614145598,DOWN,0.69,83710.86,10.253169859527622,1,KXBTC15M-26SEP281300-00,,,,,,,2026-09-28,1790614904979,shadow_official_arrival,0.8478397178322814,0.18558453181153087,3,-35.959766060859046,47.890518830837614,False,UP,21.541894200828413,25.434693553150517,,False,False,True,conditions_not_met,1790613360000,104.39711426741383,1029.9556666666758,881.213833333386,0.8555842371209293,0.18558453181153087,False
1790614800000,1790615102819,DOWN,0.67,83682.46,7.486953259572271,0,KXBTC15M-26SEP281315-15,,,,,,,2026-09-28,1790615815135,shadow_official_arrival,0.07606842320906582,0.15906222463227843,6,3.849904872939014,40.61062851431263,False,UP,20.072302589649382,31.684333827721805,,False,False,True,conditions_not_met,1790613360000,104.39711426741383,1029.9556666666758,828.3551666666463,0.804262934294556,0.15906222463227843,False
1790615700000,1790615945099,DOWN,0.65,84162.53,10.06469268450605,1,KXBTC15M-26SEP281330-30,,,,,,,2026-09-28,1790616727445,shadow_official_arrival,0.3851647944273876,0.17880992483732724,2,46.18765147387904,53.24373444127062,False,UP,20.585688745281526,38.51953342075604,,False,False,True,conditions_not_met,1790615820000,103.50113097084002,863.1913333333068,706.697999999873,0.8187037713537764,0.17880992483732724,False
1790616600000,1790617069595,DOWN,0.69,83890.52,1.8783012272072241,0,KXBTC15M-26SEP281345-45,,,,,,,2026-09-28,1790617649018,shadow_official_arrival,0.2753297769935768,0.01170208837810342,4,-11.831590582797036,-3.3739030411106263,False,UP,23.986461673646847,41.95928981124203,,False,False,True,conditions_not_met,1790615820000,103.50113097084002,863.1913333333068,706.697999999873,0.8187037713537764,0.01170208837810342,False
1790617500000,1790617767520,DOWN,0.69,83981.71,6.948794763372845,1,KXBTC15M-26SEP281400-00,,,,,1790618406486,1790618478094,2026-09-28,1790618561957,shadow_official_arrival,0.04227299527435802,0.12470970726469273,2,1.9930287534464242,36.5304626879781,False,UP,24.347543209492052,37.6034562239626,,False,False,True,conditions_not_met,1790615820000,103.50113097084002,863.1913333333068,706.697999999873,0.8187037713537764,0.12470970726469273,False
1790618400000,1790618644188,UP,0.67,83860.19,7.638845082509338,1,KXBTC15M-26SEP281415-15,,,,,,,2026-09-28,1790619631806,shadow_official_arrival,0.028237648099773218,0.10499695238134019,6,0.9839205123851613,27.837649722606272,False,UP,24.529994272971965,34.07373884046185,,False,False,True,conditions_not_met,1790615820000,103.50113097084002,863.1913333333068,706.697999999873,0.8187037713537764,0.10499695238134019,False
1790619300000,1790619548694,DOWN,0.68,83945.17,6.0422575037100135,1,KXBTC15M-26SEP281430-30,1790620211216,,filled,1790619548694,1790620206491,1790620281595,2026-09-28,1790620211216,observed_grade,0.1594043611099279,0.1453207719705751,2,-3.550980021961303,-21.810130994140977,False,UP,24.636641653921547,32.96257078592484,,False,True,True,flagged,1790615820000,103.50113097084002,863.1913333333068,258.7263333334413,0.29973231118336363,0.1453207719705751,False
1790620200000,1790620445666,DOWN,0.83,83920.15,13.888281499341293,1,KXBTC15M-26SEP281445-45,1790621106812,,filled,1790620445666,1790621106485,1790621177925,2026-09-28,1790621106812,observed_grade,0.27327003017852863,0.09669495513184567,2,-10.401351980473539,-15.371299207801448,False,UP,25.191930714588977,63.588666590212775,,False,True,True,flagged,1790615820000,103.50113097084002,863.1913333333068,161.9173333334329,0.18757988765731878,0.09669495513184567,False
1790621100000,1790621342240,UP,0.65,83836.0,4.146885983746795,1,KXBTC15M-26SEP281500-00,1790622009327,,filled,1790621342240,1790622006487,1790622009327,2026-09-28,1790622009327,observed_grade,0.19571559772602742,0.04430348674471342,3,8.080055715553591,-5.3895566831796415,False,UP,22.14738021924563,58.42710998206645,False,True,True,True,flagged,1790615820000,103.50113097084002,863.1913333333068,169.3353333333216,0.19617357912922373,0.04430348674471342,False
1790622000000,1790622244877,DOWN,0.88,84022.16,20.279848395554634,1,KXBTC15M-26SEP281515-15,1790622912985,,filled,1790622244877,1790622906476,1790622984278,2026-09-28,1790622912985,observed_grade,0.013777204365293021,0.06024483814371625,2,-1.713489381419686,-8.085247558078379,False,UP,22.325531580886572,54.68926896972983,False,True,True,True,flagged,1790615820000,103.50113097084002,863.1913333333068,221.5366666666814,0.25664839081642954,0.06024483814371625,False
1790622900000,1790623287519,DOWN,0.7,83703.59,4.141937042367871,1,KXBTC15M-26SEP281530-30,1790623815336,,filled,1790623287519,1790623806487,1790623875452,2026-09-28,1790623815336,observed_grade,0.3685989776955336,0.16447566822005782,3,-13.857130610659407,-27.982931052275006,False,UP,19.358779598826764,42.65927646940587,False,True,True,True,flagged,1790615820000,103.50113097084002,863.1913333333068,368.550666666677,0.42696289042138397,0.16447566822005782,False
1790623800000,1790624040490,DOWN,0.77,83619.94,10.520536927753898,1,KXBTC15M-26SEP281545-45,1790624710932,,filled,1790624040490,1790624706486,1790624710932,2026-09-28,1790624710932,observed_grade,0.8000772941026596,0.2283683943073078,1,-17.81928064082061,-32.34788693009083,False,UP,19.01527644660706,38.817153316921555,False,True,True,True,flagged,1790615820000,103.50113097084002,863.1913333333068,415.66850000010163,0.4815485095233205,0.2283683943073078,False
1790624700000,1790625125991,UP,0.79,83274.99,6.096268119237802,1,KXBTC15M-26SEP281600-00,1790625608735,,filled,1790625125991,1790625606484,1790625680156,2026-09-28,1790625608735,observed_grade,0.18093298037160416,0.3675528718310183,4,-11.88422152231361,-66.12246361494267,False,UP,25.434315314331375,18.204239086574255,False,True,False,True,conditions_not_met,1790615820000,103.50113097084002,863.1913333333068,886.6121666666295,1.0271328411545568,0.3675528718310183,False
1790625600000,1790625906172,UP,0.76,83377.12,5.250041418232154,1,KXBTC15M-26SEP281615-15,1790626516285,,filled,1790625906172,1790626506483,1790626543687,2026-09-28,1790626516285,observed_grade,0.3676501388794731,0.2706494350092487,3,19.14955810241592,-46.76940201517432,False,UP,28.41849350454002,19.344078543268918,False,True,False,True,conditions_not_met,1790615820000,103.50113097084002,863.1913333333068,686.844333333298,0.7957034631950881,0.2706494350092487,False
1790626500000,1790626739363,DOWN,0.77,83539.92,11.808705746106929,1,KXBTC15M-26SEP281630-30,1790627407143,,filled,1790626739363,1790627406490,1790627477214,2026-09-28,1790627407143,observed_grade,0.41668612611213274,0.14718936692537027,4,9.165752412543249,-28.657712169529724,False,UP,27.778893643961947,27.658978385843884,False,True,False,True,conditions_not_met,1790615820000,103.50113097084002,863.1913333333068,552.8826666666428,0.6405099834953468,0.14718936692537027,False
1790627400000,1790627936285,DOWN,0.48,83500.84,1.2077323613435276,1,KXBTC15M-26SEP281645-45,1790628310681,,filled,1790627936285,1790628306484,1790628379355,2026-09-28,1790628310681,observed_grade,0.012428861417131315,0.0705912011324207,6,2.2521336297431915,26.185572308166094,False,UP,27.748095116700963,36.482629442409554,False,True,True,True,flagged,1790615820000,103.50113097084002,863.1913333333068,423.6371666666528,0.49078014376109635,0.0705912011324207,False
1790628300000,1790628638697,DOWN,0.68,83459.79,4.233975027577719,0,KXBTC15M-26SEP281700-00,1790629213423,,filled,1790628638697,1790629206487,1790629282656,2026-09-28,1790629213423,observed_grade,0.19948614303472828,0.14803977857031458,3,-10.011548845618723,18.76065507331326,False,UP,26.898991271457042,34.31733720701779,False,True,True,True,flagged,1790615820000,103.50113097084002,863.1913333333068,296.51416666663135,0.3435092026719149,0.14803977857031458,False
1790629200000,1790629447728,UP,0.77,83503.87,11.009429862351983,1,KXBTC15M-26SEP281715-15,1790630116220,,filled,1790629447728,1790630106492,1790630185969,2026-09-28,1790630116220,observed_grade,0.5833429358190155,0.20960071643949219,1,17.20779476713119,27.106973867967454,False,UP,26.10807987817276,43.67792549506905,False,True,True,True,flagged,1790615820000,103.50113097084002,863.1913333333068,220.29883333323232,0.2552143711667314,0.20960071643949219,False
1790630100000,1790630340956,DOWN,0.8,83542.23,8.73472414290366,1,KXBTC15M-26SEP281730-30,1790631013139,,filled,1790630340956,1790631006488,1790631043264,2026-09-28,1790631013139,observed_grade,0.5010264302254364,0.03423892936350746,1,-14.856168668212488,3.354215479236533,False,UP,21.029478339982752,54.91397861428114,False,True,True,True,flagged,1790615820000,103.50113097084002,863.1913333333068,204.09016666673415,0.23643676527499166,0.03423892936350746,False
1790631000000,1790631517815,DOWN,0.72,83415.87,0.9434655539652947,1,KXBTC15M-26SEP281745-45,1790631913717,,filled,1790631517815,1790631906491,1790631982146,2026-09-28,1790631913717,observed_grade,0.1512421547061629,0.07482933710662346,2,-3.3390519109921524,-9.365541050264659,False,UP,19.949301847582895,45.20427269992547,False,True,True,True,flagged,1790615820000,103.50113097084002,863.1913333333068,229.27966666665452,0.2656185920927476,0.07482933710662346,False
1790631900000,1790632262001,DOWN,0.65,83381.03,2.7977586748384464,1,KXBTC15M-26SEP281800-00,1790632811784,,filled,1790632262001,1790632806482,1790632881755,2026-09-28,1790632811784,observed_grade,0.6526318997207798,0.07828674770502445,5,-7.701442822933835,-6.832709185451424,False,UP,20.674967051372015,37.94863353949572,False,True,True,True,flagged,1790615820000,103.50113097084002,863.1913333333068,255.6001666666707,0.2961106730296318,0.07828674770502445,False
1790632800000,1790633127866,DOWN,0.67,83189.31,5.322418629678527,1,KXBTC15M-26SEP281815-15,1790633711905,,filled,1790633127866,1790633706492,1790633747781,2026-09-28,1790633711905,observed_grade,0.6595739796006052,0.5409805609668031,1,-26.26306385933086,-55.364270962423575,False,UP,25.73473464727533,18.027134243400905,False,True,False,True,conditions_not_met,1790615820000,103.50113097084002,863.1913333333068,511.19666666667035,0.592217098256338,0.5409805609668031,False
1790633700000,1790634114924,UP,0.71,83173.05,1.5695388510272856,1,KXBTC15M-26SEP281830-30,1790634610741,,filled,1790634114924,1790634606496,1790634643875,2026-09-28,1790634610741,observed_grade,0.17952122986572444,0.3447348239658738,4,13.360399174175974,-33.88870146172507,False,UP,30.27274956418434,16.761275322504062,False,True,False,True,conditions_not_met,1790615820000,103.50113097084002,863.1913333333068,403.68516666663345,0.46766591725123036,0.3447348239658738,False
1790634600000,1790634845491,UP,0.89,83198.55,10.125136395604528,1,KXBTC15M-26SEP281845-45,1790635241110,1790635241110,filled,1790634845491,1790635506527,1790635586270,2026-09-28,1790635562796,shadow_official_arrival,0.5148166648916577,0.12140605197658585,1,11.79788988953101,-13.240906170590705,False,UP,31.845932547275034,22.14607580723411,False,True,True,True,flagged,1790615820000,103.50113097084002,863.1913333333068,349.51499999995576,0.40491022847769537,0.12140605197658585,False
1790635500000,1790635776866,UP,0.71,83444.8,2.3518941064382126,1,KXBTC15M-26SEP281900-00,1790636266510,1790636266510,filled,1790635776866,1790636406488,1790636477394,2026-09-28,1790636477394,shadow_official_arrival,0.7872701020333671,0.09401549014502966,1,21.69220308639641,12.966199695141345,False,UP,27.597203658386405,32.332236886518395,False,True,True,True,flagged,1790615820000,103.50113097084002,863.1913333333068,395.9619999999559,0.45871869272702925,0.09401549014502966,False
1790636400000,1790636643192,UP,0.81,83503.58,9.829099542801867,0,KXBTC15M-26SEP281915-15,1790637374541,,filled,1790636643192,1790637306492,1790637374541,2026-09-28,1790637374541,observed_grade,0.8325455288348269,0.5170855686037276,1,15.880211021530588,52.8273320227024,False,UP,24.822466278407557,26.217832433589685,False,True,False,True,conditions_not_met,1790615820000,103.50113097084002,863.1913333333068,446.27016666661075,0.5170002865335662,0.5170855686037276,False
1790637300000,1790637543765,UP,0.74,83414.36,7.0784774548005025,1,KXBTC15M-26SEP281930-30,,,unfilled,1790637543765,,,2026-09-28,1790638249845,shadow_official_arrival,0.4100576047770783,0.33831088798490155,2,-13.42955693999448,34.712574453046315,False,UP,23.618622175472836,19.26701819942434,False,True,False,True,conditions_not_met,1790615820000,103.50113097084002,863.1913333333068,421.48516666672367,0.4882870696107583,0.33831088798490155,False
1790638200000,1790638738007,UP,0.61,83546.39,0.8184474916728135,1,KXBTC15M-26SEP281945-45,1790639122284,,filled,1790638738007,1790639106488,1790639191386,2026-09-28,1790639122284,observed_grade,0.6833427885776433,0.20661956985165225,3,9.734285205982296,14.986539712846803,False,UP,21.434903143169226,26.12901051028715,False,True,True,True,flagged,1790615820000,103.50113097084002,863.1913333333068,188.62200000003213,0.2185170224910019,0.20661956985165225,False
1790639100000,1790639345126,DOWN,0.74,83559.3,4.898636856303096,1,KXBTC15M-26SEP282000-00,1790639889656,1790639889656,filled,1790639345126,1790640006488,1790640078615,2026-09-28,1790640093197,shadow_official_arrival,0.21806489628672715,0.09093549912522388,4,-4.140746755513236,7.817102336928894,False,UP,21.38967831830335,33.35363765320173,False,True,True,True,flagged,1790615820000,103.50113097084002,863.1913333333068,175.72316666666302,0.20357383106256288,0.09093549912522388,False
1790640000000,1790640397927,DOWN,0.65,83484.34,1.254227239892991,0,KXBTC15M-26SEP282015-15,1790640924616,,filled,1790640397927,1790640906489,1790640985588,2026-09-28,1790640924616,observed_grade,0.0010321711209643218,0.041158594582300506,2,-2.166941866463823,-2.531725756985681,False,UP,17.51756575054066,51.929415390924646,False,True,True,True,flagged,1790615820000,103.50113097084002,863.1913333333068,163.92333333328133,0.18990382201854789,0.041158594582300506,False
1790640900000,1790641150329,DOWN,0.88,83495.58,13.425241591631387,0,KXBTC15M-26SEP282030-30,1790641809142,,filled,1790641150329,1790641806486,1790641870081,2026-09-28,1790641809142,observed_grade,0.30514040192438663,0.11175674324270994,8,-10.919285238114584,-10.772233426811217,False,UP,15.541189061986605,52.02402837427391,False,True,False,True,conditions_not_met,1790615820000,103.50113097084002,863.1913333333068,144.0954999999667,0.16693344156216944,0.11175674324270994,True
1790641800000,1790642051801,UP,0.69,83504.45,1.5240505146674188,0,KXBTC15M-26SEP282045-45,1790642734144,,filled,1790642051801,1790642706498,1790642734144,2026-09-28,1790642734144,observed_grade,0.2797177203904828,0.059911524078650844,2,14.836011361960555,-5.454576953421997,True,,15.718712185566634,42.66881777551295,True,True,True,True,flagged,1790615820000,103.50113097084002,863.1913333333068,245.21149999999034,0.2840754888641891,0.059911524078650844,False
1790642700000,1790642940381,DOWN,0.79,83495.28,14.485269905872844,1,KXBTC15M-26SEP282100-00,1790643370508,1790643370508,filled,1790642940381,1790643606484,1790643684202,2026-09-28,1790643649775,shadow_official_arrival,0.35356140530271324,0.12207901853296779,2,-13.87383759187677,-17.15109809212634,True,,13.818926867074708,47.798092484852916,True,True,True,True,flagged,1790615820000,103.50113097084002,863.1913333333068,243.38199999996868,0.2819560282887952,0.12207901853296779,False
1790643600000,1790643907537,DOWN,0.68,83182.19,5.5601044726927285,1,KXBTC15M-26SEP282115-15,,,unfilled,1790643907537,,,2026-09-28,1790644557453,shadow_official_arrival,0.4853694398212648,0.24078006218566045,3,-24.02870691378012,-41.96856957463524,True,,18.62250586272495,34.1062482927452,True,True,False,True,conditions_not_met,1790615820000,103.50113097084002,863.1913333333068,481.0688333333237,0.5573142532323909,0.24078006218566045,False
1790644500000,1790644743346,DOWN,0.75,82991.63,11.875635330128587,1,KXBTC15M-26SEP282130-30,1790645316143,1790645316143,filled,1790644743346,1790645406499,1790645482560,2026-09-28,1790645470825,shadow_official_arrival,0.8814840968301302,0.3368055332669986,1,-34.43955937777466,-58.85239486999705,False,DOWN,22.99878684385743,29.71350919756194,False,True,False,True,no_recent_shock,,,,633.5343333333585,,0.3368055332669986,True
1790645400000,1790645645867,UP,0.75,82812.75,6.8643012901614675,1,KXBTC15M-26SEP282145-45,1790646169533,1790646169533,filled,1790645645867,1790646307297,1790646389716,2026-09-28,1790646377941,shadow_official_arrival,0.050122458263575344,0.3734644127385944,2,-3.6694461758512986,-77.18353076481277,False,DOWN,30.505751673503287,27.44783751084247,False,True,False,True,no_recent_shock,,,,750.6333333333023,,0.3734644127385944,False
1790646300000,1790646543483,UP,0.66,82913.76,7.392198834061947,1,KXBTC15M-26SEP282200-00,1790647118870,1790647118870,filled,1790646543483,1790647206497,1790647270658,2026-09-28,1790647295151,shadow_official_arrival,0.27208748487053985,0.21987504523651635,3,14.392269553344939,-47.06744197134238,False,DOWN,35.82705301691737,24.547955097101216,False,True,False,True,no_recent_shock,,,,591.3060000000551,,0.21987504523651635,False
1790647200000,1790647457999,DOWN,0.72,83035.85,7.427775673600756,1,KXBTC15M-26SEP282215-15,1790647938200,1790647938200,filled,1790647457999,1790648106496,1790648185589,2026-09-28,1790648209563,shadow_official_arrival,0.012189373331575609,0.11029381612936619,2,-0.10589528427473738,-23.696806829555108,False,DOWN,34.98614840965707,39.228928822583285,False,True,False,True,no_recent_shock,,,,393.2010000000446,,0.11029381612936619,False
1790648100000,1790648407486,UP,0.69,83016.08,4.865744082347412,0,KXBTC15M-26SEP282230-30,1790649071868,,filled,1790648407486,1790649006493,1790649071868,2026-09-28,1790649071868,observed_grade,0.1557413305716242,0.10745344277760475,3,8.234269092830537,26.183702996214198,False,DOWN,35.35152606173124,62.828361360852945,False,True,False,True,no_recent_shock,,,,270.0743333333812,,0.10745344277760475,False
1790649000000,1790649306052,DOWN,0.66,82922.46,3.616149352063669,0,KXBTC15M-26SEP282245-45,1790649914728,,filled,1790649306052,1790649906497,1790649984862,2026-09-28,1790649914728,observed_grade,0.34603530569794017,0.013468392459339007,3,-19.05884645185263,2.4125016843612457,False,DOWN,37.03289442343595,55.48928575953308,False,True,False,True,no_recent_shock,,,,314.2928333333839,,0.013468392459339007,False
1790649900000,1790650150713,UP,0.72,82975.22,7.591141869425222,0,KXBTC15M-26SEP282300-00,1790650814127,,filled,1790650150713,1790650806540,1790650885267,2026-09-28,1790650814127,observed_grade,0.4092605688617389,0.037646775444409995,1,15.842053387464805,7.6114645938751835,False,DOWN,38.15131283889864,51.70676660649919,False,True,False,True,no_recent_shock,,,,211.0901666666614,,0.037646775444409995,False
1790650800000,1790651040150,UP,0.67,82932.33,6.593226871427493,0,KXBTC15M-26SEP282315-15,1790651720788,,filled,1790651040150,1790651706485,1790651791237,2026-09-28,1790651720788,observed_grade,0.18232106926416955,0.0029885079080803033,4,-6.344014556360911,0.08176045313446068,False,DOWN,36.57855453775513,63.28821411251607,False,True,False,True,no_recent_shock,,,,211.0901666666614,,0.0029885079080803033,False
1790651700000,1790651965966,UP,0.75,82879.35,3.4086094224172747,1,KXBTC15M-26SEP282330-30,1790652384862,1790652384862,filled,1790651965966,1790652606494,1790652686787,2026-09-28,1790652769913,shadow_official_arrival,0.3659596365410194,0.09271737709769791,2,-8.99302240430111,-16.199376917017673,False,DOWN,34.78474223260161,58.37760835578448,False,True,False,True,no_recent_shock,,,,240.9905000000872,,0.09271737709769791,False
1790652600000,1790653073823,DOWN,0.75,83168.77,3.6980828260435583,1,KXBTC15M-26SEP282345-45,1790653425837,1790653425837,filled,1790653073823,1790653506690,1790653578482,2026-09-28,1790653684974,shadow_official_arrival,0.266892169849321,0.19057264656774914,0,10.601345092953185,28.963211774757358,True,,29.952594485105816,45.703797769578955,False,True,False,True,no_recent_shock,,,,307.50483333341253,,0.19057264656774914,False
1790653500000,1790653743481,UP,0.65,83099.54,2.970734454925683,0,KXBTC15M-26SEP290000-00,1790654417823,,filled,1790653743481,1790654406494,1790654487829,2026-09-28,1790654417823,observed_grade,0.1410644395821809,0.06832367060541485,4,-3.541180900457075,9.935610348634771,False,DOWN,28.0632848289938,44.07286485620331,False,True,False,True,no_recent_shock,,,,307.50483333341253,,0.06832367060541485,False
1790654400000,1790654935880,DOWN,0.63,83027.21,2.7198312456755414,0,KXBTC15M-26SEP290015-15,1790655311016,,filled,1790654935880,1790655306493,1790655381018,2026-09-29,1790655311016,observed_grade,0.08220415889803184,0.12467640785941002,6,-10.631670581021657,13.341520244907201,False,DOWN,22.567466698431108,38.24026659260954,False,True,False,True,no_recent_shock,,,,307.50483333341253,,0.12467640785941002,False
1790655300000,1790655558860,UP,0.71,83103.78,6.066230280579177,1,KXBTC15M-26SEP290030-30,1790656062822,1790656062822,filled,1790655558860,1790656206489,1790656284548,2026-09-29,1790656424533,shadow_official_arrival,0.507826906385109,0.2221670066171697,1,16.121871903624907,30.00566047354214,True,,20.49785830599239,40.24086874460697,False,True,False,True,no_recent_shock,,,,273.9246666666877,,0.2221670066171697,False
1790656200000,1790656449837,DOWN,0.75,83198.58,6.752979838525741,1,KXBTC15M-26SEP290045-45,1790656992595,1790656992595,filled,1790656449837,1790657106481,1790657178511,2026-09-29,1790657342917,shadow_official_arrival,0.022785899261423964,0.0015667347921004041,4,-0.29613169644893134,-0.500370967839725,True,,21.9096625312845,44.8519386064698,False,True,False,True,no_recent_shock,,,,236.86633333320788,,0.0015667347921004041,False
1790657100000,1790657342917,DOWN,0.81,83136.9,9.367140222924508,0,KXBTC15M-26SEP290100-00,1790658017299,,filled,1790657342917,1790658006485,1790658087819,2026-09-29,1790658017299,observed_grade,0.39018455941250413,0.06434913051334343,3,-10.267178333385196,-7.228414373263714,True,,19.078564851201644,43.29199721789512,True,True,False,True,no_recent_shock,,,,236.86633333320788,,0.06434913051334343,False
1790658000000,1790658242833,UP,0.71,83169.61,5.1209410103791875,1,KXBTC15M-26SEP290115-15,1790658776409,1790658776409,filled,1790658242833,1790658906482,1790658988697,2026-09-29,1790659236810,shadow_official_arrival,0.811983240052137,0.2186024343587423,1,18.0696307574002,22.72204579693682,True,,16.20704741820219,46.612052521042806,False,True,False,True,no_recent_shock,,,,236.86633333320788,,0.2186024343587423,False
1790658900000,1790659143609,UP,0.69,83223.8,5.554841283381684,1,KXBTC15M-26SEP290130-30,1790659735405,1790659735405,filled,1790659143609,1790659806477,1790659887811,2026-09-29,1790659842120,shadow_official_arrival,0.17020104081994014,0.12497254355726715,3,6.949561827478412,14.194527433637472,True,,14.003533093051347,46.39482593678385,False,True,False,True,no_recent_shock,,,,183.5156666666153,,0.12497254355726715,False
1790659800000,1790660043484,DOWN,0.92,83284.17,20.99798797297492,1,KXBTC15M-26SEP290145-45,1790660773379,,filled,1790660043484,1790660706579,1790660773379,2026-09-29,1790660773379,observed_grade,0.41179530796672303,0.026139317605358772,4,-18.204211875386676,-4.592983483017177,True,,15.075643825607388,42.78675205343346,False,True,False,True,no_recent_shock,,,,251.11166666679492,,0.026139317605358772,False
1790660700000,1790661022772,UP,0.68,83274.19,2.131132507372513,1,KXBTC15M-26SEP290200-00,1790661413334,1790661413334,filled,1790661022772,1790661606480,1790661684620,2026-09-29,1790661684620,shadow_official_arrival,0.3883886413979709,0.1399920684250322,0,34.211278896376655,27.442397340853297,True,,14.581974383957746,45.784725474621276,False,True,False,True,no_recent_shock,,,,344.88700000011886,,0.1399920684250322,False
1790661600000,1790661850783,UP,0.74,83375.74,9.406773081312991,1,KXBTC15M-26SEP290215-15,,,unfilled,1790661850783,,,2026-09-29,1790662605534,shadow_official_arrival,0.836100175736351,0.1566125491053167,3,23.99443197649065,28.130510284714028,False,UP,14.872443532929768,39.21522777096576,False,True,False,True,no_recent_shock,,,,436.6568333332252,,0.1566125491053167,True
1790662500000,1790662747211,DOWN,0.8,83822.95,10.399777149340261,0,KXBTC15M-26SEP290230-30,1790663414720,,filled,1790662747211,1790663406482,1790663474925,2026-09-29,1790663414720,observed_grade,0.5385647704423236,0.27063881609260093,2,34.69239896320975,55.93206857215982,False,UP,20.021136832940112,20.479592042184603,False,True,False,True,no_recent_shock,,,,861.6158333333005,,0.27063881609260093,False
1790663400000,1790663641469,UP,0.73,83829.44,8.856673741344245,1,KXBTC15M-26SEP290245-45,1790664310072,,filled,1790663641469,1790664306475,1790664370878,2026-09-29,1790664310072,observed_grade,0.6108684391044286,0.46643382255171323,3,20.72658637944702,94.15989870671382,False,UP,26.205781991389934,20.101955196361246,False,True,False,True,no_recent_shock,,,,927.3238333334011,,0.46643382255171323,False
1790664300000,1790664678922,UP,0.65,83860.18,2.448798305305644,1,KXBTC15M-26SEP290300-00,1790665080147,1790665080147,filled,1790664678922,1790665206474,1790665271868,2026-09-29,1790665379705,shadow_official_arrival,0.018881694806097863,0.4735413257624685,4,1.8941457824039887,67.0419184578308,False,UP,33.269409466963815,17.029622528294258,False,True,False,True,conditions_not_met,1790663940000,102.79947917046783,938.9275000000489,591.3003333333327,0.629761438804702,0.4735413257624685,False
1790665200000,1790665450110,DOWN,0.72,83969.94,9.6740968652953,1,KXBTC15M-26SEP290315-15,1790666115139,,filled,1790665450110,1790666106479,1790666176102,2026-09-29,1790666115139,observed_grade,0.11858408269781605,0.3414288124454311,0,3.9519140973220956,53.019239313609745,False,UP,36.78829999143074,18.618247621141883,False,True,False,True,conditions_not_met,1790663940000,102.79947917046783,938.9275000000489,522.1923333333543,0.5561583118327317,0.3414288124454311,False
1790666100000,1790666452979,UP,0.7,83953.97,1.2895161479598016,1,KXBTC15M-26SEP290330-30,1790667009403,,filled,1790666452979,1790667006469,1790667080543,2026-09-29,1790667009403,observed_grade,0.13453304015755888,0.17501809709105265,4,5.7948904780524835,22.64138871545862,False,UP,37.8934862613371,45.1823167960725,False,True,True,True,flagged,1790663940000,102.79947917046783,938.9275000000489,256.2196666667005,0.27288546417767845,0.17501809709105265,False
1790667000000,1790667286120,UP,0.67,83962.58,5.256289964727934,1,KXBTC15M-26SEP290345-45,1790667914331,,filled,1790667286120,1790667906473,1790667984893,2026-09-29,1790667914331,observed_grade,0.011103057350777917,0.10370479267605684,6,6.851683822890475,12.267921562314488,False,UP,37.696147573484396,48.25270616824312,False,True,True,True,flagged,1790663940000,102.79947917046783,938.9275000000489,201.7348333332775,0.21485666713699086,0.10370479267605684,False
1790667900000,1790668315797,UP,0.71,83994.96,3.6063473332315077,0,KXBTC15M-26SEP290400-00,1790668815356,,filled,1790668315797,1790668806472,1790668887141,2026-09-29,1790668815356,observed_grade,0.10418305783896323,0.10932069247572689,0,-1.4981346230602544,13.106136545784075,False,UP,39.4347157333087,44.08428466099809,False,True,True,True,flagged,1790663940000,102.79947917046783,938.9275000000489,279.05583333340473,0.2972070083509006,0.10932069247572689,False
1790668800000,1790669043610,UP,0.8,83944.58,9.60969328414274,1,KXBTC15M-26SEP290415-15,1790669634414,1790669634414,filled,1790669043610,1790669706467,1790669775844,2026-09-29,1790670014876,shadow_official_arrival,0.09283114450381862,0.13008162575965918,2,2.142969913743187,16.909144394934295,False,UP,39.40578586787022,48.130233254615,False,True,True,True,flagged,1790663940000,102.79947917046783,938.9275000000489,243.8946666666452,0.2597587850676783,0.13008162575965918,False
1790669700000,1790669966727,UP,0.68,84027.8,0.9603369361133041,1,KXBTC15M-26SEP290430-30,1790670430993,1790670430993,filled,1790669966727,1790670606464,1790670679223,2026-09-29,1790670941857,shadow_official_arrival,0.05774590708806873,0.028419212679693606,1,1.1037378481204563,7.027710362041972,False,UP,38.15028328274696,56.95130846131816,False,True,True,True,flagged,1790663940000,102.79947917046783,938.9275000000489,221.9283333333151,0.23636365250064945,0.028419212679693606,False
1790670600000,1790670847443,DOWN,0.902,84139.03,18.160081791614992,1,KXBTC15M-26SEP290445-45,1790671263271,1790671263271,filled,1790670847443,1790671506465,1790671584527,2026-09-29,1790671560592,shadow_official_arrival,0.08195501602503466,0.01316473413954595,2,-6.529721041924619,-3.4602822473583927,False,UP,40.650390650537375,41.11555273573303,False,True,True,True,flagged,1790663940000,102.79947917046783,938.9275000000489,345.2148333333316,0.36766931774105416,0.01316473413954595,False
1790671500000,1790671892080,DOWN,0.66,83849.11,3.8414838273215235,1,KXBTC15M-26SEP290500-00,1790672411957,,filled,1790671892080,1790672406463,1790672472367,2026-09-29,1790672411957,observed_grade,0.37540691990369734,0.1156421202898649,3,-19.750281827153326,-23.497385615062207,False,UP,32.69946889098495,33.78554805528751,False,True,False,True,conditions_not_met,1790663940000,102.79947917046783,938.9275000000489,508.62866666667105,0.5417123970345363,0.1156421202898649,False
1790672400000,1790672640164,DOWN,0.82,83844.3,8.163743192238782,1,KXBTC15M-26SEP290515-15,1790673205960,1790673205960,filled,1790672640164,1790673306467,1790673383361,2026-09-29,1790673408581,shadow_official_arrival,0.07406366874218465,0.15858968797202116,2,-3.0759943023772607,-29.971605969112414,False,UP,28.61421467025164,32.5785333937069,False,True,False,True,conditions_not_met,1790663940000,102.79947917046783,938.9275000000489,508.62866666667105,0.5417123970345363,0.15858968797202116,False
1790673300000,1790673645183,UP,0.7,83760.07,2.9336373126964688,1,KXBTC15M-26SEP290530-30,1790674135391,1790674135391,filled,1790673645183,1790674206466,1790674278438,2026-09-29,1790674326315,shadow_official_arrival,0.015406208276172242,0.2040893334877243,6,0.36034155054265327,-33.06543820014607,False,UP,22.9250740450239,27.22920020462348,False,True,False,True,conditions_not_met,1790663940000,102.79947917046783,938.9275000000489,540.8076666666457,0.5759844787447567,0.2040893334877243,False
1790674200000,1790674445281,UP,0.84,83824.28,11.535341152548728,1,KXBTC15M-26SEP290545-45,1790674992515,1790674992515,filled,1790674445281,1790675106459,1790675183236,2026-09-29,1790675242551,shadow_official_arrival,0.5036789557381406,0.07360088551614175,3,17.03292307231319,-9.549439220123412,False,UP,20.438309532355625,27.188396092714473,False,True,True,True,flagged,1790663940000,102.79947917046783,938.9275000000489,249.31633333333593,0.26553310381613376,0.07360088551614175,False
1790675100000,1790675349707,UP,0.917,83950.8,17.79504582843705,1,KXBTC15M-26SEP290600-00,1790675667611,1790675667611,filled,1790675349707,1790676006461,1790676082276,2026-09-29,1790676167391,shadow_official_arrival,0.6060372695334012,0.3187951430971557,5,21.355408280987476,35.627211176683105,False,UP,20.791440311443345,46.46880811941578,False,True,False,True,conditions_not_met,1790663940000,102.79947917046783,938.9275000000489,228.83983333333163,0.24372471072933716,0.3187951430971557,True
1790676000000,1790676239071,DOWN,0.81,84222.03,9.207468243958017,1,KXBTC15M-26SEP290615-15,1790676913566,,filled,1790676239071,1790676906422,1790676984254,2026-09-29,1790676913566,observed_grade,0.31984246466508726,0.3069992459440348,4,5.486096819249386,42.90291555774761,False,UP,26.195316625690165,21.23123094977496,False,True,False,True,conditions_not_met,1790663940000,102.79947917046783,938.9275000000489,512.6201666667766,0.545963523985345,0.3069992459440348,False
1790676900000,1790677139369,DOWN,0.81,84201.18,9.865479319890458,1,KXBTC15M-26SEP290630-30,1790677731753,1790677731753,filled,1790677139369,1790677806466,1790677886149,2026-09-29,1790678015739,shadow_official_arrival,0.0005526495751313756,0.32286245618001586,2,-3.134053766259415,41.16488571087373,False,UP,28.769715282870667,20.851064892291145,False,True,False,True,conditions_not_met,1790663940000,102.79947917046783,938.9275000000489,518.1278333333903,0.5518294366001244,0.32286245618001586,False
1790677800000,1790678041066,DOWN,0.79,84118.44,6.112274550027497,1,KXBTC15M-26SEP290645-45,1790678572396,1790678572396,filled,1790678041066,1790678706467,1790678776140,2026-09-29,1790679015378,shadow_official_arrival,0.24206899363861703,0.1341586756857014,2,-6.073246187886516,17.852038230268263,False,UP,26.782772737839586,26.56747705338811,False,True,True,True,flagged,1790663940000,102.79947917046783,938.9275000000489,369.4318333334086,0.39346151149411357,0.1341586756857014,False
1790678700000,1790679075130,UP,0.66,83991.08,1.4783712746702093,1,KXBTC15M-26SEP290700-00,1790679675339,,filled,1790679075130,1790679606519,1790679675339,2026-09-29,1790679675339,observed_grade,0.15609924765843433,0.21122910013675145,4,-2.4152286519862898,-26.290987674993936,False,UP,21.609124690340877,38.41887790024763,False,True,True,True,flagged,1790663940000,102.79947917046783,938.9275000000489,313.1768333334039,0.3335474073699914,0.21122910013675145,False
1790679600000,1790679843151,DOWN,0.67,84006.07,2.6388966098966904,1,KXBTC15M-26SEP290715-15,1790680576467,,filled,1790679843151,1790680506515,1790680576467,2026-09-29,1790680576467,observed_grade,0.09029962435422911,0.17679852578351207,6,1.7256283820898943,-19.08398046545301,False,UP,20.020504612178,40.12373001469319,False,True,True,True,flagged,1790663940000,102.79947917046783,938.9275000000489,313.1768333334039,0.3335474073699914,0.17679852578351207,False
1790680500000,1790680743754,UP,0.67,83981.12,3.9562265106041217,1,KXBTC15M-26SEP290730-30,,,unfilled,1790680743754,,,2026-09-29,1790681475322,shadow_official_arrival,0.049684802415489976,0.11937618883945195,4,3.6248812049266554,-12.335829325713643,True,,17.208592913057966,33.36781334704568,True,True,True,True,flagged,1790663940000,102.79947917046783,938.9275000000489,198.67399999996996,0.21159674202742984,0.11937618883945195,False
1790681400000,1790681642025,UP,0.93,84039.9,17.27294614424002,1,KXBTC15M-26SEP290745-45,1790682096296,1790682096296,filled,1790681642025,1790682306518,1790682379298,2026-09-29,1790682404541,shadow_official_arrival,0.6247683933180023,0.10445226720869907,3,21.586959858943544,14.040840313878089,True,,14.81067821044776,50.014444689356914,True,True,False,True,conditions_not_met,1790663940000,102.79947917046783,938.9275000000489,153.04149999986112,0.16299607797178498,0.10445226720869907,True
1790682300000,1790682544974,UP,0.83,84214.47,10.476762485103208,1,KXBTC15M-26SEP290800-00,1790682989096,1790682989096,filled,1790682544974,1790683206464,1790683281253,2026-09-29,1790683317383,shadow_official_arrival,0.4547033320080423,0.30159145704603274,3,13.566698303955071,38.97252853948929,True,,18.39744341454493,38.940315358344655,True,True,False,True,conditions_not_met,1790663940000,102.79947917046783,938.9275000000489,338.09800000002724,0.36008957028099575,0.30159145704603274,True
1790683200000,1790683482111,UP,0.7,84346.5,3.856650839091369,0,KXBTC15M-26SEP290815-15,1790684175637,,filled,1790683482111,1790684106472,1790684175637,2026-09-29,1790684175637,observed_grade,0.16545152525546966,0.2820170462848808,5,8.094694175087014,49.549745099006785,False,UP,24.898041945113956,25.316601965714803,False,True,False,True,conditions_not_met,1790663940000,102.79947917046783,938.9275000000489,499.58516666649666,0.5320806629547762,0.2820170462848808,False
1790684100000,1790684341433,UP,0.71,84325.86,10.241381864750654,0,KXBTC15M-26SEP290830-30,1790685018383,,filled,1790684341433,1790685006421,1790685078608,2026-09-29,1790685018383,observed_grade,0.16028048850113985,0.3271152091491097,2,4.36167707981161,48.6285787424201,False,UP,27.844281406944873,27.510231813425953,False,True,False,True,conditions_not_met,1790663940000,102.79947917046783,938.9275000000489,426.35816666657047,0.4540906157999934,0.3271152091491097,False
1790685000000,1790685267674,UP,0.7,84166.09,6.413628101289426,1,KXBTC15M-26SEP290845-45,1790685670028,1790685670028,filled,1790685267674,1790685906522,1790685981092,2026-09-29,1790686087780,shadow_official_arrival,0.46292204321156477,0.023488040963630337,4,-18.705903556577308,3.603269837266776,True,,26.937139604486557,35.60246066902961,False,True,True,True,flagged,1790663940000,102.79947917046783,938.9275000000489,294.3923333332932,0.31354107035237316,0.023488040963630337,False
1790685900000,1790686170756,DOWN,0.7,84329.45,5.147509756864288,1,KXBTC15M-26SEP290900-00,1790686809832,,filled,1790686170756,1790686806424,1790686872195,2026-09-29,1790686809832,observed_grade,0.1310633398768317,0.013117249071747295,2,7.833089256530368,-2.3933584353719173,True,,27.507706590051093,52.13484647088677,False,True,True,True,flagged,1790663940000,102.79947917046783,938.9275000000489,296.4270000000397,0.31570808182743,0.013117249071747295,False
1790686800000,1790687044045,DOWN,0.69,84313.62,5.023486517762299,0,KXBTC15M-26SEP290915-15,1790687711527,,filled,1790687044045,1790687706524,1790687772192,2026-09-29,1790687711527,observed_grade,0.013894326733810431,0.06665846635208972,4,0.42879793990202586,-11.08986091225339,True,,26.809592118071837,51.63954045376355,False,True,True,True,flagged,1790663940000,102.79947917046783,938.9275000000489,296.4270000000397,0.31570808182743,0.06665846635208972,False
1790687700000,1790688114296,UP,0.65,84389.45,2.5753811643580704,0,KXBTC15M-26SEP290930-30,1790688609363,,filled,1790688114296,1790688606479,1790688670591,2026-09-29,1790688609363,observed_grade,0.43311689504094647,0.15142778496549977,7,13.530908788588203,22.495542534555213,False,UP,25.85975695365838,50.80981223096455,False,True,True,True,flagged,1790663940000,102.79947917046783,938.9275000000489,296.4270000000397,0.31570808182743,0.15142778496549977,False
1790688600000,1790688847900,DOWN,0.914,84342.18,30.019953638064088,1,KXBTC15M-26SEP290945-45,1790689397892,1790689397892,filled,1790688847900,1790689506528,1790689575432,2026-09-29,1790689765497,shadow_official_arrival,0.7004102060728061,0.07756868597727888,1,-36.517922356249514,-13.286760352300142,True,,24.680210499819346,46.63468788013813,False,True,False,True,conditions_not_met,1790663940000,102.79947917046783,938.9275000000489,238.71166666675708,0.25423865704939375,0.07756868597727888,True
1790689500000,1790689742385,DOWN,0.66,84169.68,8.083591779517452,0,KXBTC15M-26SEP291000-00,1790690416424,,filled,1790689742385,1790690406475,1790690487738,2026-09-29,1790690416424,observed_grade,0.014641487784702123,0.10796843315241156,6,-0.1933337508031041,-20.953670230637876,True,,24.24483827829679,45.39779664060258,False,True,True,True,flagged,1790663940000,102.79947917046783,938.9275000000489,413.415666666755,0.44030627142855383,0.10796843315241156,False
1790690400000,1790690645721,DOWN,0.83,84204.14,21.498368924217637,1,KXBTC15M-26SEP291015-15,1790691012047,1790691012047,filled,1790690645721,1790691306472,1790691382647,2026-09-29,1790691324061,shadow_official_arrival,0.12690266512461795,0.13044294188627412,2,-9.33701562905398,-29.44661301126694,True,,21.355277133470082,51.252890514154835,False,True,True,True,flagged,1790663940000,102.79947917046783,938.9275000000489,413.415666666755,0.44030627142855383,0.13044294188627412,False
1790691300000,1790691560923,UP,0.69,83927.02,4.725077414471368,1,KXBTC15M-26SEP291030-30,1790692059820,1790692059820,filled,1790691560923,1790692206478,1790692285700,2026-09-29,1790692251086,shadow_official_arrival,0.1762506053151633,0.22171465345741745,4,-8.91588685162703,-54.610765128386696,False,DOWN,21.915003236121084,43.86906300595207,False,True,False,True,conditions_not_met,1790663940000,102.79947917046783,938.9275000000489,588.5146666668297,0.6267945785662887,0.22171465345741745,False
1790692200000,1790692546296,DOWN,0.73,83943.38,7.4868719050080745,1,KXBTC15M-26SEP291045-45,1790693118879,,filled,1790692546296,1790693106476,1790693190278,2026-09-29,1790693118879,observed_grade,0.11986469658360237,0.05678171140823884,5,-16.65865284856349,-25.299898737263238,False,DOWN,20.13064273692301,48.01661248397121,False,True,False,True,conditions_not_met,1790663940000,102.79947917046783,938.9275000000489,533.2476666667644,0.5679327388608137,0.05678171140823884,False
1790693100000,1790693402106,DOWN,0.7,83842.21,1.8687882074464035,1,KXBTC15M-26SEP291100-00,1790694012986,,filled,1790693402106,1790694006483,1790694073942,2026-09-29,1790694012986,observed_grade,0.1207598783964844,0.09759080982084496,2,-9.345693636357844,-28.95376146683337,False,DOWN,20.209595823536297,42.99210502776845,False,True,False,True,no_recent_shock,,,,616.8971666666621,,0.09759080982084496,False
1790694000000,1790694240427,DOWN,0.78,83763.79,15.70479718424056,1,KXBTC15M-26SEP291115-15,1790694729145,1790694729145,filled,1790694240427,1790694906483,1790694982012,2026-09-29,1790695006274,shadow_official_arrival,0.4420618022155138,0.1634796125097333,3,-32.4742972530434,-45.605509575812334,False,DOWN,21.45756446386562,39.52976004274653,False,True,False,True,no_recent_shock,,,,416.0829999998823,,0.1634796125097333,False
1790694900000,1790695156427,DOWN,0.72,83384.36,8.689739098943772,1,KXBTC15M-26SEP291130-30,1790695482489,1790695482489,filled,1790695156427,1790695806476,1790695875181,2026-09-29,1790695911794,shadow_official_arrival,0.40127846783638693,0.2280191591468769,3,-37.82276512897198,-76.03181154613559,False,DOWN,26.845396867533303,36.05866350288053,False,True,False,True,no_recent_shock,,,,679.2633333333506,,0.2280191591468769,False
1790695800000,1790696039916,UP,0.83,82984.7,19.281666781143514,1,KXBTC15M-26SEP291145-45,1790696474710,1790696474710,filled,1790696039916,1790696706484,1790696783147,2026-09-29,1790696830961,shadow_official_arrival,0.5237472946601947,0.3454123907624697,2,-24.11392511061372,-94.43953611339207,False,DOWN,34.3627657626357,22.061186425983788,False,True,False,True,conditions_not_met,1790695980000,-105.62342604725994,1035.2215000001452,1035.2215000001452,1.0,0.3454123907624697,False
1790696700000,1790696949033,UP,0.83,83129.81,15.349628089682543,0,KXBTC15M-26SEP291200-00,1790697608824,,filled,1790696949033,1790697606485,1790697679591,2026-09-29,1790697608824,observed_grade,0.256066074020748,0.27655774344493506,2,13.55502179182011,-77.28221188381235,False,DOWN,38.16933192856104,23.090309181700132,False,True,False,True,conditions_not_met,1790695980000,-105.62342604725994,1035.2215000001452,972.8435000000318,0.9397442962688617,0.27655774344493506,False
1790697600000,1790697846808,UP,0.71,82996.92,12.865497498790734,0,KXBTC15M-26SEP291215-15,1790698509503,,filled,1790697846808,1790698506479,1790698580176,2026-09-29,1790698509503,observed_grade,0.22991392540646402,0.2228363483175554,4,-16.84819123512371,-63.198235009217505,False,DOWN,39.83338323224584,31.60212237130251,False,True,False,True,conditions_not_met,1790697540000,-102.12102323985062,901.6823333334032,705.7084999999934,0.7826575656540592,0.2228363483175554,False
1790698500000,1790698746569,UP,0.77,82970.75,12.471985609376901,1,KXBTC15M-26SEP291230-30,1790699161260,1790699161260,filled,1790698746569,1790699406477,1790699480271,2026-09-29,1790699715588,shadow_official_arrival,0.07593049412968882,0.12823515670899183,2,-4.306420086184204,-30.39949246074647,False,DOWN,39.97099966916079,40.927107144511645,False,True,True,True,flagged,1790697540000,-102.12102323985062,901.6823333334032,413.81566666677827,0.45893731236471624,0.12823515670899183,False
1790699400000,1790699644978,DOWN,0.72,83238.1,9.263486312149904,1,KXBTC15M-26SEP291245-45,1790700114529,1790700114529,filled,1790699644978,1790700306479,1790700384253,2026-09-29,1790700631448,shadow_official_arrival,0.2586603088126924,0.005622354852864206,2,9.803339949261414,1.1966486141434807,False,DOWN,36.9577388102558,60.79861535354297,False,True,True,True,flagged,1790697540000,-102.12102323985062,901.6823333334032,318.7414999999746,0.3534964457178932,0.005622354852864206,False
1790700300000,1790700572577,DOWN,0.66,83031.08,4.571681672294048,0,KXBTC15M-26SEP291300-00,1790701009051,1790701009051,filled,1790700572577,1790701206490,1790701282038,2026-09-29,1790701247137,shadow_official_arrival,0.37612923381335867,0.1358419750146492,3,-21.0178591051835,-33.16421260061597,False,DOWN,33.90584722949144,60.0164260168543,False,True,True,True,flagged,1790697540000,-102.12102323985062,901.6823333334032,318.7414999999746,0.3534964457178932,0.1358419750146492,False
1790701200000,1790701495463,UP,0.67,83036.99,4.038963037233945,1,KXBTC15M-26SEP291315-15,1790702030742,1790702030742,filled,1790701495463,1790702106489,1790702183320,2026-09-29,1790702159988,shadow_official_arrival,0.03745246889171699,0.060737647998294855,2,9.766157568606992,0.9786618331752983,False,DOWN,34.407647817376514,58.26383260761037,False,True,True,True,flagged,1790697540000,-102.12102323985062,901.6823333334032,337.7453333333251,0.3745724196288999,0.060737647998294855,False
1790702100000,1790702488367,DOWN,0.66,83110.23,2.353300349822174,0,KXBTC15M-26SEP291330-30,,,unfilled,1790702488367,,,2026-09-29,1790703072778,shadow_official_arrival,0.0601663219612784,0.011095396214976168,5,-4.170549382624955,-4.470564349087214,False,DOWN,31.991818644279448,49.854983485282034,False,True,True,True,flagged,1790697540000,-102.12102323985062,901.6823333334032,337.7453333333251,0.3745724196288999,0.011095396214976168,False
1790703000000,1790703249205,UP,0.72,83111.58,7.511448264283516,1,KXBTC15M-26SEP291345-45,1790703917028,,filled,1790703249205,1790703906482,1790703988004,2026-09-29,1790703917028,observed_grade,0.33157885648912444,0.0150177212648562,3,10.770959651269507,1.565196968185134,False,DOWN,31.313079723379214,46.521847672719254,False,True,True,True,flagged,1790697540000,-102.12102323985062,901.6823333334032,326.730333333413,0.36235636571200536,0.0150177212648562,False
1790703900000,1790704154817,DOWN,0.7,83121.33,4.971407459435362,1,KXBTC15M-26SEP291400-00,1790704618772,1790704618772,filled,1790704154817,1790704806483,1790704877892,2026-09-29,1790704902712,shadow_official_arrival,0.4346346387248723,0.060712266757667846,5,-11.30182789694234,9.461699496218223,False,DOWN,28.987998811540557,46.11125588704223,False,True,True,True,flagged,1790697540000,-102.12102323985062,901.6823333334032,268.5589999999793,0.2978421447020608,0.060712266757667846,False
1790704800000,1790705044990,UP,0.89,83014.32,22.008973873419713,1,KXBTC15M-26SEP291415-15,1790705480722,1790705480722,filled,1790705044990,1790705706473,1790705774807,2026-09-29,1790705822841,shadow_official_arrival,0.24747946508003146,0.13439661030304362,6,14.295556812384813,22.012454815336646,False,DOWN,29.589531932266606,49.90372194636726,False,True,True,True,flagged,1790697540000,-102.12102323985062,901.6823333334032,279.3778333332302,0.30984064232511516,0.13439661030304362,False
1790705700000,1790706119196,UP,0.73,83388.93,4.390990506766279,1,KXBTC15M-26SEP291430-30,1790706529848,1790706529848,filled,1790706119196,1790706606486,1790706683257,2026-09-29,1790706742778,shadow_official_arrival,0.2879309198117496,0.19060312514662694,3,10.19351202276475,43.26307649121341,False,DOWN,25.26966210461064,33.27922786453996,False,True,False,True,conditions_not_met,1790697540000,-102.12102323985062,901.6823333334032,489.8089999998483,0.543216809171682,0.19060312514662694,False
1790706600000,1790706849933,UP,0.82,83422.15,11.953679768110792,1,KXBTC15M-26SEP291445-45,1790707250172,1790707250172,filled,1790706849933,1790707506474,1790707573248,2026-09-29,1790707669749,shadow_official_arrival,0.4847048394430536,0.2319320149674594,3,16.605884062030896,41.78597034599996,False,DOWN,25.007972914226716,31.765793665497974,False,True,False,True,conditions_not_met,1790697540000,-102.12102323985062,901.6823333334032,519.6779999998835,0.5763426661346474,0.2319320149674594,False
1790707500000,1790707741502,DOWN,0.71,83626.6,5.715167183657499,1,KXBTC15M-26SEP291500-00,1790708310414,1790708310414,filled,1790707741502,1790708406485,1790708489518,2026-09-29,1790708598085,shadow_official_arrival,0.20921575604581275,0.3286541583878307,2,6.854098551627441,60.39603944304473,False,DOWN,26.78189186522758,23.400270136615354,False,True,False,True,conditions_not_met,1790697540000,-102.12102323985062,901.6823333334032,695.7996666664549,0.7716682926393525,0.3286541583878307,False
1790708400000,1790708790260,UP,0.69,83603.76,2.034717098857719,0,KXBTC15M-26SEP291515-15,1790709375917,,filled,1790708790260,1790709306477,1790709375917,2026-09-29,1790709375917,observed_grade,0.09411673042769562,0.3000946810943447,3,3.048178125235612,35.701601257525084,False,DOWN,29.834012854209867,20.288969176590733,False,True,False,True,conditions_not_met,1790697540000,-102.12102323985062,901.6823333334032,380.73066666650993,0.4222447890921826,0.3000946810943447,False
1790709300000,1790709545683,UP,0.69,83568.3,5.363756352587679,0,KXBTC15M-26SEP291530-30,1790710211471,,filled,1790709545683,1790710206481,1790710283203,2026-09-29,1790710211471,observed_grade,0.04153896590198064,0.2408321235746876,2,-1.101127243836597,26.98870412714438,False,DOWN,30.84343345864655,34.41042620327753,False,True,True,True,flagged,1790697540000,-102.12102323985062,901.6823333334032,276.00250000003143,0.306097269289602,0.2408321235746876,False
1790710200000,1790710450118,UP,0.71,83519.15,6.914162799775969,0,KXBTC15M-26SEP291545-45,1790711116090,,filled,1790710450118,1790711106483,1790711176494,2026-09-29,1790711116090,observed_grade,0.13753313910112155,0.06817364139710333,2,-4.332752834365072,6.588254456389997,False,DOWN,29.46772297549676,44.8086027540967,False,True,True,True,flagged,1790697540000,-102.12102323985062,901.6823333334032,146.3496666666324,0.16230734623090215,0.06817364139710333,False
1790711100000,1790711343657,UP,0.78,83441.05,10.905942978121086,1,KXBTC15M-26SEP291600-00,1790711869416,1790711869416,filled,1790711343657,1790712006484,1790712083928,2026-09-29,1790712336493,shadow_official_arrival,0.10274455476121698,0.03152171636786359,2,-4.158718825756358,-4.0366094724852974,False,DOWN,25.572291151316882,50.973619327112885,False,True,True,True,flagged,1790697540000,-102.12102323985062,901.6823333334032,261.9853333333158,0.2905516983623155,0.03152171636786359,False
1790712000000,1790712241403,DOWN,0.67,83558.13,6.587150765579031,1,KXBTC15M-26SEP291615-15,1790712919687,,filled,1790712241403,1790712906479,1790712981331,2026-09-29,1790712919687,observed_grade,0.15371839278578817,0.10989959042859564,4,-5.024772946358169,-13.663792374549733,False,DOWN,21.857717095921522,45.00443364783799,False,True,True,True,flagged,1790697540000,-102.12102323985062,901.6823333334032,261.9853333333158,0.2905516983623155,0.10989959042859564,False
1790712900000,1790713149111,UP,0.67,83532.07,5.130225233656027,1,KXBTC15M-26SEP291630-30,1790713629260,1790713629260,filled,1790713149111,1790713806436,1790713877594,2026-09-29,1790713865949,shadow_official_arrival,0.28808883553764375,0.0339449393413555,5,8.60265580514552,-4.568680709338135,False,DOWN,19.742009068437262,47.750946484583956,False,True,True,True,flagged,1790697540000,-102.12102323985062,901.6823333334032,211.0753333332832,0.23409057217852425,0.0339449393413555,False
1790713800000,1790714105163,DOWN,0.71,83606.84,3.4989362114379308,0,KXBTC15M-26SEP291645-45,1790714773917,,filled,1790714105163,1790714706481,1790714773917,2026-09-29,1790714773917,observed_grade,0.0044611744751951845,0.016211624546490132,2,-0.6835695647333662,1.3242145220049295,False,DOWN,15.480375058755644,51.85830895154338,False,True,True,True,flagged,1790697540000,-102.12102323985062,901.6823333334032,223.82849999997416,0.24823431903396517,0.016211624546490132,False
1790714700000,1790715236591,UP,0.56,83616.78,1.4406797296007134,0,KXBTC15M-26SEP291700-00,1790715618488,,filled,1790715236591,1790715606488,1790715679155,2026-09-29,1790715618488,observed_grade,0.4693737190352982,0.04826144432754961,3,6.38165555986836,10.350298429258054,False,DOWN,14.071195940040429,46.40870465217613,False,True,True,True,flagged,1790697540000,-102.12102323985062,901.6823333334032,136.0423333333747,0.15087612156095345,0.04826144432754961,False
1790715600000,1790715848823,DOWN,0.88,83610.58,12.16716034422416,1,KXBTC15M-26SEP291715-15,1790716404764,1790716404764,filled,1790715848823,1790716506481,1790716582965,2026-09-29,1790716630432,shadow_official_arrival,0.5893602840164233,0.015329265067589474,3,-12.827154079845249,0.6898746783634557,False,DOWN,13.464959405701036,51.36403294353201,False,True,True,True,flagged,1790697540000,-102.12102323985062,901.6823333334032,145.42866666664486,0.16128592220390284,0.015329265067589474,False
1790716500000,1790716739323,DOWN,0.78,83525.39,7.419580241810886,1,KXBTC15M-26SEP291730-30,1790717235977,1790717235977,filled,1790716739323,1790717406437,1790717485884,2026-09-29,1790717556717,shadow_official_arrival,0.47302380351739015,0.13151807217985798,3,-6.055771680454347,-13.03234344751214,False,DOWN,14.314056944237228,50.360588112892195,False,True,True,True,flagged,1790697540000,-102.12102323985062,901.6823333334032,132.90300000004936,0.14739448150073442,0.13151807217985798,False
1790717400000,1790717640858,UP,0.66,83365.49,3.253104691958164,1,KXBTC15M-26SEP291745-45,,,unfilled,1790717640858,,,2026-09-29,1790718474207,shadow_official_arrival,0.4461866611711703,0.3103203029321273,2,-8.48371681624549,-22.05964355834866,False,DOWN,18.75667557335627,25.945106093835264,False,True,False,True,conditions_not_met,1790697540000,-102.12102323985062,901.6823333334032,275.44216666668945,0.3054758383126076,0.3103203029321273,False
1790718300000,1790718545230,DOWN,0.81,83486.71,9.46841319613756,1,KXBTC15M-26SEP291800-00,1790719274937,,filled,1790718545230,1790719206483,1790719274937,2026-09-29,1790719274937,observed_grade,0.07654374547081928,0.29118913227939863,2,1.8049161342847952,-24.92869037238887,False,DOWN,21.40289963021537,27.97974846059868,False,True,False,True,conditions_not_met,1790697540000,-102.12102323985062,901.6823333334032,275.44216666668945,0.3054758383126076,0.29118913227939863,False
1790719200000,1790719443150,UP,0.84,83465.72,9.824332672150327,1,KXBTC15M-26SEP291815-15,,,,,,,2026-09-29,1790720407171,shadow_official_arrival,0.7167791032939461,0.04337886366049753,1,16.5876461615011,4.0385647873364405,False,DOWN,22.435146216497838,34.441101758460846,False,True,True,True,flagged,1790697540000,-102.12102323985062,901.6823333334032,169.56466666673077,0.18805366413232483,0.04337886366049753,False
1790720100000,1790720346643,DOWN,0.87,83643.89,12.648762111221457,1,KXBTC15M-26SEP291830-30,,,unfilled,1790720346643,,,2026-09-29,1790721319330,shadow_official_arrival,0.012616846568790948,0.08627154687879733,2,-1.1524751033775704,8.946813916110852,True,,19.696587608943407,36.70104517461945,True,True,True,True,flagged,1790697540000,-102.12102323985062,901.6823333334032,294.22283333339146,0.32630431190293774,0.08627154687879733,False
1790721000000,1790721247889,DOWN,0.67,83566.62,3.3783225886185875,0,KXBTC15M-26SEP291845-45,,,unfilled,1790721247889,,,2026-09-29,1790722232838,shadow_official_arrival,0.005329184297237444,0.13857544226283988,2,0.03563244786786157,17.48102546688557,True,,20.350053507544,43.52900601352053,False,True,True,True,flagged,1790697540000,-102.12102323985062,901.6823333334032,259.32900000004156,0.2876057236713685,0.13857544226283988,False
1790721900000,1790722327286,UP,0.7,83572.15,2.4858161480878493,1,KXBTC15M-26SEP291900-00,,,unfilled,1790722327286,,,2026-09-29,1790722853783,shadow_official_arrival,0.2474719859875465,0.1730920524519799,5,5.324188312969547,20.39875933498525,True,,19.262931413995094,46.76071397423298,True,True,True,True,flagged,1790697540000,-102.12102323985062,901.6823333334032,237.80483333329903,0.26373460424156836,0.1730920524519799,False
1790722800000,1790723039405,UP,0.81,83573.58,8.516726617835424,1,KXBTC15M-26SEP291915-15,1790723468033,1790723468033,filled,1790723039405,1790723706488,1790723786457,2026-09-29,1790723774315,shadow_official_arrival,0.4906057643656898,0.09946498087985729,1,10.298667911750048,11.888661027512626,True,,20.080452314624875,45.11579822245732,False,True,True,True,flagged,1790697540000,-102.12102323985062,901.6823333334032,146.5740000000078,0.16255614042934904,0.09946498087985729,False
1790723700000,1790723947354,DOWN,0.65,83807.85,2.235828743950563,1,KXBTC15M-26SEP291930-30,1790724298269,1790724298269,filled,1790723947354,1790724606484,1790724686158,2026-09-29,1790724699466,shadow_official_arrival,0.5200500445750842,0.2676145234225011,0,17.258065092051744,30.048707621015414,False,UP,25.92473225623593,45.20663514155394,False,True,False,True,conditions_not_met,1790697540000,-102.12102323985062,901.6823333334032,276.7293333333364,0.30690335509880046,0.2676145234225011,False
1790724600000,1790724841160,DOWN,0.67,83713.91,3.332859099129948,1,KXBTC15M-26SEP291945-45,,,paused,1790724841160,,,2026-09-29,1790725620502,shadow_official_arrival,0.7077072584027286,0.18963453490083215,3,-12.736943421697289,17.5146083301847,False,UP,27.905447064961884,40.584027952906645,False,True,True,True,flagged,1790697540000,-102.12102323985062,901.6823333334032,271.1834999999701,0.300752815015727,0.18963453490083215,False
1790725500000,1790725739798,UP,0.65,83623.33,4.775780474968183,1,KXBTC15M-26SEP292000-00,,,paused,1790725739798,,,2026-09-29,1790726455587,shadow_official_arrival,0.1114454472430811,0.1500881398587331,2,-2.5336839779821485,12.346263175784244,False,UP,25.05302884642046,38.39067118824817,False,True,True,True,flagged,1790697540000,-102.12102323985062,901.6823333334032,255.00216666674532,0.2828071009487734,0.1500881398587331,False
1790726400000,1790726645334,UP,0.72,83629.68,5.792520868981299,0,KXBTC15M-26SEP292015-15,,,paused,1790726645334,,,2026-09-29,1790727378382,shadow_official_arrival,0.0977113537290787,0.04564127283006547,4,1.7756896893850183,3.988933006318085,False,UP,20.351953722321934,43.380788456395116,False,True,False,True,no_recent_shock,,,,188.24999999995634,,0.04564127283006547,False
1790727300000,1790727539488,DOWN,0.76,83513.23,8.236898512972157,0,KXBTC15M-26SEP292030-30,1790728213712,,filled,1790727539488,1790728206484,1790728279138,2026-09-29,1790728213712,observed_grade,0.6105190311425673,0.37254192474920084,3,-28.298177260593917,-41.56621261924509,True,,18.68447986356104,37.141714576176334,True,True,False,True,no_recent_shock,,,,306.9919999999547,,0.37254192474920084,False
1790728200000,1790728505309,UP,0.69,83545.85,2.957617483894115,0,KXBTC15M-26SEP292045-45,1790729109049,,filled,1790728505309,1790729106496,1790729133414,2026-09-29,1790729109049,observed_grade,0.5500745939303201,0.11926689806670993,3,17.972592379511543,-13.477413273922378,True,,19.166032316720486,34.96905884497809,True,True,False,True,no_recent_shock,,,,284.50466666674765,,0.11926689806670993,False
1790729100000,1790729346244,DOWN,0.73,83450.91,8.079260809337185,1,KXBTC15M-26SEP292100-00,1790729766767,1790729766767,filled,1790729346244,1790730006495,1790730076549,2026-09-29,1790730053613,shadow_official_arrival,0.4874522970210058,0.24315315542352164,1,-19.141331013436957,-32.67379789934522,True,,19.08632178524622,44.542728964611356,True,True,False,True,no_recent_shock,,,,282.4051666665764,,0.24315315542352164,False
1790730000000,1790730457593,DOWN,0.68,83408.05,2.6478459413248334,1,KXBTC15M-26SEP292115-15,1790732301698,,filled,1790730457593,1790732293941,1790732301698,2026-09-29,1790732301698,observed_grade,0.22955747312767255,0.2254976476323104,2,2.3517279819684767,-32.432341865574756,True,,21.550059697106896,37.8534521044886,False,True,False,True,no_recent_shock,,,,327.93933333321183,,0.2254976476323104,False
1790730900000,1790731437518,UP,0.84,83377.69,3.814449644743423,1,KXBTC15M-26SEP292130-30,1790732301698,,filled,1790731437518,1790732293981,1790732301698,2026-09-29,1790732301698,observed_grade,0.02379101647611899,0.023892706370435276,4,3.184544291736646,0.7805675969274617,True,,22.374776125245585,50.93634570795909,False,True,False,True,no_recent_shock,,,,232.56349999988743,,0.023892706370435276,False
1790731800000,1790732041476,DOWN,0.77,83420.05,12.341317624878778,1,KXBTC15M-26SEP292145-45,1790732788125,,filled,1790732041476,1790732775144,1790732788125,2026-09-29,1790732788125,observed_grade,0.2319661459739658,0.19550956817354473,2,-10.525721983568603,-27.618645243394635,False,DOWN,20.197934684583227,50.47699689658252,False,True,False,True,no_recent_shock,,,,232.56349999988743,,0.19550956817354473,True
1790732700000,1790733065665,UP,0.68,83399.79,2.6368371750984387,1,KXBTC15M-26SEP292200-00,1790733618579,,filled,1790733065665,1790733606486,1790733680247,2026-09-29,1790733618579,observed_grade,0.5150966660083008,0.0467408615207205,3,12.113187769324796,6.10966888943798,True,,18.30925009318685,56.9668155835932,False,True,False,True,no_recent_shock,,,,188.4594999999681,,0.0467408615207205,False
1790733600000,1790733870216,UP,0.73,83410.72,5.014023776961363,1,KXBTC15M-26SEP292215-15,1790734572753,,filled,1790733870216,1790734506483,1790734572753,2026-09-29,1790734572753,observed_grade,0.22066075061930032,0.010083296659340843,3,8.212700617054036,4.119485786748811,True,,16.133030862122556,54.44151402350554,False,True,False,True,no_recent_shock,,,,188.4594999999681,,0.010083296659340843,False
1790734500000,1790734744581,DOWN,0.74,83456.46,6.818745167646023,1,KXBTC15M-26SEP292230-30,1790735320983,1790735320983,filled,1790734744581,1790735406486,1790735477576,2026-09-29,1790735596123,shadow_official_arrival,0.10164963112456325,0.0021519673469491017,4,-4.454333846528602,-0.2213192291122823,True,,16.936025207225185,46.98501625018329,False,True,False,True,no_recent_shock,,,,255.47616666670365,,0.0021519673469491017,False
1790735400000,1790735643842,DOWN,0.72,83380.97,6.491249342228667,1,KXBTC15M-26SEP292245-45,1790736207733,1790736207733,filled,1790735643842,1790736306490,1790736380040,2026-09-29,1790736508715,shadow_official_arrival,0.20107208816110858,0.011000404684208815,3,-9.06528103833737,1.1698279011906898,False,DOWN,15.996074152804738,52.5188848641045,False,True,False,True,no_recent_shock,,,,255.47616666670365,,0.011000404684208815,False
1790736300000,1790736544585,UP,0.73,83342.68,11.030562812071043,0,KXBTC15M-26SEP292300-00,1790737213456,,filled,1790736544585,1790737206497,1790737276335,2026-09-29,1790737213456,observed_grade,0.2427065220647646,0.030570920290903383,3,12.9329669090672,4.63477690027192,True,,13.947985789491474,45.55294431225061,False,True,False,True,no_recent_shock,,,,289.83816666669736,,0.030570920290903383,False
1790737200000,1790737488242,UP,0.69,83334.16,3.246607793645495,0,KXBTC15M-26SEP292315-15,1790738118495,,filled,1790737488242,1790738106496,1790738180806,2026-09-29,1790738118495,observed_grade,0.5135497110760701,0.08518516832600126,3,-9.438366376766094,-13.324579513789292,False,DOWN,13.264651171440077,47.27341908052971,False,True,False,True,no_recent_shock,,,,289.83816666669736,,0.08518516832600126,False
1790738100000,1790738343890,DOWN,0.75,83296.48,14.706603848481103,1,KXBTC15M-26SEP292330-30,1790739010915,,filled,1790738343890,1790739006498,1790739075327,2026-09-29,1790739010915,observed_grade,0.5122033932240387,0.16711444089554428,1,-16.59616761981564,-26.46113250162618,False,DOWN,11.177549842792763,47.786988480319415,False,True,False,True,no_recent_shock,,,,219.63250000002154,,0.16711444089554428,True
1790739000000,1790739469382,UP,0.66,83283.66,1.40915997207669,1,KXBTC15M-26SEP292345-45,1790739789368,1790739789368,filled,1790739469382,1790739906494,1790739987760,2026-09-29,1790740210755,shadow_official_arrival,0.1542787742896335,0.029211306482590595,2,5.864805955049235,-0.4264559642608301,True,,14.981784416563949,46.25356882648128,True,True,False,True,no_recent_shock,,,,284.5091666666849,,0.029211306482590595,False
1790739900000,1790740149640,DOWN,0.74,83349.14,7.993723750471249,1,KXBTC15M-26SEP300000-00,1790740629693,1790740629693,filled,1790740149640,1790740807689,1790740881689,2026-09-29,1790740824900,shadow_official_arrival,0.1716946560225293,0.13837690406297107,2,4.997422301247223,-18.229684734940577,True,,13.800317526718858,48.12419283761849,True,True,False,True,no_recent_shock,,,,284.5091666666849,,0.13837690406297107,False
1790740800000,1790741040345,UP,0.84,83269.85,11.114086711250248,1,KXBTC15M-26SEP300015-15,1790741621564,1790741621564,filled,1790741040345,1790741706434,1790741772349,2026-09-30,1790741749227,shadow_official_arrival,0.41887857067516726,0.039832577651442706,4,9.34821349116488,5.304903540233052,True,,14.348197314315112,45.707930872412,True,True,False,True,no_recent_shock,,,,224.43466666678432,,0.039832577651442706,False
1790741700000,1790741939742,UP,0.7,83335.03,5.3720506250409805,0,KXBTC15M-26SEP300030-30,1790742624153,,filled,1790741939742,1790742606480,1790742624153,2026-09-30,1790742624153,observed_grade,0.1749870320351887,0.15328350328385787,3,2.3672806426477955,23.807903815311615,True,,11.561548691754835,54.8975394721436,True,True,False,True,no_recent_shock,,,,224.43466666678432,,0.15328350328385787,False
1790742600000,1790742839115,DOWN,0.66,83331.58,5.917304500091536,1,KXBTC15M-26SEP300045-45,1790743431704,1790743431704,filled,1790742839115,1790743506438,1790743585705,2026-09-30,1790743540415,shadow_official_arrival,0.31950741805122557,0.08862281800423014,1,-11.36647844118821,5.584957751532116,True,,10.728947839946622,49.79104877305111,True,True,False,True,no_recent_shock,,,,150.62583333330986,,0.08862281800423014,False
1790743500000,1790743794742,DOWN,0.68,83282.27,3.307386634229248,1,KXBTC15M-26SEP300100-00,,,unfilled,1790743794742,,,2026-09-30,1790744447868,shadow_official_arrival,0.06890761112507565,0.020820713694994077,5,-2.9614133849376056,-3.0299322728777334,True,,9.152505173945144,65.50330116964716,True,True,False,True,no_recent_shock,,,,130.81533333321568,,0.020820713694994077,False
1790744400000,1790744648823,UP,0.8,83180.06,9.92509502879102,1,KXBTC15M-26SEP300115-15,1790745313512,,filled,1790744648823,1790745306486,1790745378330,2026-09-30,1790745313512,observed_grade,0.017154923210655745,0.11511939041702438,0,-0.7216803732457144,-11.969405526177646,True,,10.813566828707492,47.951087465928644,True,True,False,True,no_recent_shock,,,,197.77766666663229,,0.11511939041702438,False
1790745300000,1790745573820,UP,0.66,83204.29,2.099591259057121,1,KXBTC15M-26SEP300130-30,1790746078607,1790746078607,filled,1790745573820,1790746206487,1790746287033,2026-09-30,1790746304766,shadow_official_arrival,0.2264914068029995,0.19284395730030032,2,-4.50976487932464,-19.839987744869614,True,,9.527635951027518,51.00620565659739,True,True,False,True,no_recent_shock,,,,215.3281666666735,,0.19284395730030032,False
1790746200000,1790746458225,UP,0.74,83338.4,5.887722026507447,1,KXBTC15M-26SEP300145-45,1790746957026,1790746957026,filled,1790746458225,1790747106477,1790747178110,2026-09-30,1790747226224,shadow_official_arrival,0.46937668365198454,0.09771079419683092,1,21.175558932799987,12.616993020184708,True,,9.076859322273929,48.869645626063786,True,True,False,True,no_recent_shock,,,,269.4220000000787,,0.09771079419683092,False
1790747100000,1790747345230,DOWN,0.78,83445.81,6.478256168083174,1,KXBTC15M-26SEP300200-00,1790747726673,1790747726673,filled,1790747345230,1790748006474,1790748081967,2026-09-30,1790748176582,shadow_official_arrival,0.037157547028183406,0.11810590830138248,0,0.47377033802087354,14.786521497369698,True,,12.89345902015591,40.07070775772246,True,True,False,True,no_recent_shock,,,,280.14416666681063,,0.11810590830138248,False
1790748000000,1790748455521,DOWN,0.81,83364.29,4.996044069538463,1,KXBTC15M-26SEP300215-15,1790748720261,1790748720261,filled,1790748455521,1790748906470,1790748975732,2026-09-30,1790749206657,shadow_official_arrival,0.1479197257718187,0.0769548290167096,7,-6.131365527428656,5.010011277066795,True,,11.534567483670129,40.78936310230078,True,True,False,True,no_recent_shock,,,,280.14416666681063,,0.0769548290167096,False
1790748900000,1790749371920,DOWN,0.65,83130.38,2.24364426097301,1,KXBTC15M-26SEP300230-30,1790749678982,1790749678982,filled,1790749371920,1790749806481,1790749887618,2026-09-30,1790750127840,shadow_official_arrival,0.7624236548820204,0.1239520142283834,1,-22.67641343872695,-14.73316763792365,True,,14.54383772898712,37.419295044919046,True,True,False,True,no_recent_shock,,,,349.46550000002026,,0.1239520142283834,False
1790749800000,1790750041554,DOWN,0.72,83128.91,4.843220808108395,1,KXBTC15M-26SEP300245-45,1790750728448,,filled,1790750041554,1790750706480,1790750728448,2026-09-30,1790750728448,observed_grade,0.1432545442387214,0.30438505060598686,4,-4.197587476854059,-35.874811792525605,True,,17.75024344917404,32.60702528573816,True,True,False,True,no_recent_shock,,,,396.4498333335214,,0.30438505060598686,False
1790750700000,1790750945136,DOWN,0.78,83075.87,13.262756080675286,1,KXBTC15M-26SEP300300-00,1790751602088,,filled,1790750945136,1790751606471,1790751669257,2026-09-30,1790751602088,observed_grade,0.5388243766828489,0.42053060808600556,3,-14.798692126997137,-51.441966058261016,False,DOWN,22.61957873574644,27.872334865451407,False,True,False,True,no_recent_shock,,,,397.11583333332965,,0.42053060808600556,False
1790751600000,1790751892353,DOWN,0.68,83060.44,4.0415549608652235,1,KXBTC15M-26SEP300315-15,,,paused,1790751892353,,,2026-09-30,1790752577430,shadow_official_arrival,0.19448597552667393,0.24070979349656846,2,8.939115141304299,-37.578100112980465,False,DOWN,26.766023867061797,31.493282593039975,False,True,False,True,no_recent_shock,,,,420.3931666666176,,0.24070979349656846,False
1790752500000,1790752744305,UP,0.909,82987.04,14.619411255853976,1,KXBTC15M-26SEP300330-30,,,paused,1790752744305,,,2026-09-30,1790753499504,shadow_official_arrival,0.1401862691385684,0.020732659218662287,4,6.179709295819347,-1.826017019769255,True,,29.50287913871361,34.57179430804899,False,True,False,True,no_recent_shock,,,,178.00449999996636,,0.020732659218662287,False
1790753400000,1790753642164,UP,0.68,83259.44,4.3401685142274715,1,KXBTC15M-26SEP300345-45,,,paused,1790753642164,,,2026-09-30,1790754422514,shadow_official_arrival,0.5386317953098577,0.14784595102585527,3,23.69699343497844,24.904384602741914,True,,26.148150447103742,42.56883225906338,False,True,False,True,no_recent_shock,,,,381.4536666665954,,0.14784595102585527,False
1790754300000,1790754667677,UP,0.75,83383.77,3.2765768845943732,0,KXBTC15M-26SEP300400-00,,,paused,1790754667677,,,2026-09-30,1790755532662,shadow_official_arrival,0.4328337417086099,0.329780531058473,3,7.344015978949514,52.43904468688054,True,,24.840921046367686,36.41541769634738,False,True,False,True,no_recent_shock,,,,441.30966666653694,,0.329780531058473,False
1790755200000,1790755498352,DOWN,0.65,83280.55,2.21162084064197,1,KXBTC15M-26SEP300415-15,,,paused,1790755498352,,,2026-09-30,1790756146051,shadow_official_arrival,0.34684970525045317,0.17362618750336153,1,-13.483650851457973,28.335505294168062,True,,23.913356176020862,34.05954729750932,False,True,False,True,no_recent_shock,,,,444.4796666667098,,0.17362618750336153,False
1790756100000,1790756349427,UP,0.92,83098.03,14.894978055839392,1,KXBTC15M-26SEP300430-30,,,paused,1790756349427,,,2026-09-30,1790757063776,shadow_official_arrival,0.15239110163858954,0.100734384169902,0,-5.2914441224916064,13.649910034232438,True,,20.850751883410982,33.21123019389767,False,True,False,True,no_recent_shock,,,,313.3241666667309,,0.100734384169902,False
1790757000000,1790757245361,DOWN,0.85,83118.58,13.320848359054116,1,KXBTC15M-26SEP300445-45,,,paused,1790757245361,,,2026-09-30,1790757984512,shadow_official_arrival,0.6106757293274088,0.2598561772813225,3,-24.481330553396408,-34.541690425431426,False,DOWN,19.04702676919569,45.07167622032274,True,True,False,True,no_recent_shock,,,,371.9155000000319,,0.2598561772813225,True
1790757900000,1790758141903,UP,0.81,83036.4,7.747947486484996,1,KXBTC15M-26SEP300500-00,,,paused,1790758141903,,,2026-09-30,1790758906467,shadow_official_arrival,0.3505225816268485,0.22430258307065937,3,11.137844342468117,-31.390604992768132,True,,20.776289075636235,35.52163882704304,False,True,False,True,no_recent_shock,,,,403.6984999999986,,0.22430258307065937,False
1790758800000,1790759045188,UP,0.83,83040.58,11.506583086653421,1,KXBTC15M-26SEP300515-15,,,paused,1790759045188,,,2026-09-30,1790759836250,shadow_official_arrival,0.13306598703060174,0.10491836064743554,4,4.259308436900255,-15.58053449930541,True,,21.830437336948076,38.68621518160827,False,True,False,True,no_recent_shock,,,,255.82133333328238,,0.10491836064743554,False
1790759700000,1790760063711,UP,0.7,83246.91,2.903330986501196,1,KXBTC15M-26SEP300530-30,,,paused,1790760063711,,,2026-09-30,1790760749271,shadow_official_arrival,0.43849205199192276,0.07865096867387479,1,9.762647686661907,9.731122817795423,True,,18.63850813061278,54.27516603079668,True,True,False,True,no_recent_shock,,,,249.3496666666615,,0.07865096867387479,False
1790760600000,1790760841119,UP,0.957,83375.98,41.38372146669678,1,KXBTC15M-26SEP300545-45,,,paused,1790760841119,,,2026-09-30,1790761679633,shadow_official_arrival,0.9343884149516001,0.5773941323095935,3,56.69456496500524,85.8634796037161,False,UP,19.662106964029352,36.469068287571595,True,True,False,True,no_recent_shock,,,,433.4761666666018,,0.5773941323095935,True
1790761500000,1790761748283,UP,0.66,83520.76,4.783321735419843,1,KXBTC15M-26SEP300600-00,,,paused,1790761748283,,,2026-09-30,1790762599874,shadow_official_arrival,0.5213928378868447,0.35409889665434885,2,-19.148138074635,55.35143504354689,False,UP,26.083790708550612,22.88768314776661,False,True,False,True,no_recent_shock,,,,718.2953333332698,,0.35409889665434885,False
1790762400000,1790762646162,UP,0.79,83599.56,10.699617717273568,1,KXBTC15M-26SEP300615-15,,,paused,1790762646162,,,2026-09-30,1790763528446,shadow_official_arrival,0.43420163549313934,0.4180602482875827,3,15.548918043202242,66.5026133803459,False,UP,30.283821348123986,19.4862991567859,False,True,False,True,no_recent_shock,,,,590.2838333332184,,0.4180602482875827,False
1790763300000,1790763661661,UP,0.68,83715.52,2.634139205408559,1,KXBTC15M-26SEP300630-30,,,paused,1790763661661,,,2026-09-30,1790764433101,shadow_official_arrival,0.028192503477652432,0.3521239897965974,4,1.7552351218297346,56.69340071787321,False,UP,36.038299180720884,26.69882205402872,False,True,False,True,no_recent_shock,,,,459.09416666658944,,0.3521239897965974,False
1790764200000,1790764444009,UP,0.78,83766.86,8.14763340379443,1,KXBTC15M-26SEP300645-45,,,paused,1790764444009,,,2026-09-30,1790765334748,shadow_official_arrival,0.37157606334438126,0.0931209786912835,7,17.577608292906888,13.62732228988639,False,UP,38.360605487179946,28.86668014134456,False,True,False,True,no_recent_shock,,,,324.40633333333244,,0.0931209786912835,False
1790765100000,1790765553094,UP,0.65,83874.16,1.9613311179456083,1,KXBTC15M-26SEP300700-00,,,paused,1790765553094,,,2026-09-30,1790766258052,shadow_official_arrival,0.19264558335296264,0.27482762414467804,3,5.551635359273277,36.58091171175437,False,UP,43.3056148795452,28.04536793264842,False,True,False,True,no_recent_shock,,,,338.60833333338087,,0.27482762414467804,False
1790766000000,1790766247276,DOWN,0.918,83889.75,15.7718712158883,1,KXBTC15M-26SEP300715-15,,,paused,1790766247276,,,2026-09-30,1790767186761,shadow_official_arrival,0.43297092285202093,0.055858515671378936,6,-13.994466448032927,8.17692008739046,False,UP,45.79676571417655,28.11313910195456,False,True,False,True,no_recent_shock,,,,260.2346666667145,,0.055858515671378936,False
1790766900000,1790767186761,DOWN,0.76,83806.52,3.089596529404215,0,KXBTC15M-26SEP300730-30,,,paused,1790767186761,,,2026-09-30,1790768094695,shadow_official_arrival,0.12098402790507713,0.08372492009699242,2,2.8933114505358404,10.791990307943422,False,UP,41.19259673220107,47.0516775040931,False,True,False,True,no_recent_shock,,,,233.6558333333669,,0.08372492009699242,False
1790767800000,1790768048670,DOWN,0.82,83830.62,10.867667844203233,0,KXBTC15M-26SEP300745-45,,,paused,1790768048670,,,2026-09-30,1790769014928,shadow_official_arrival,0.14050583561756513,0.0815485591117994,4,-6.602156859186747,-11.402680787323538,False,UP,36.48651982485617,55.81356831859094,False,True,False,True,no_recent_shock,,,,233.6558333333669,,0.0815485591117994,False
1790768700000,1790768946279,DOWN,0.69,83914.02,6.360577966205705,1,KXBTC15M-26SEP300800-00,,,paused,1790768946279,,,2026-09-30,1790769634366,shadow_official_arrival,0.41733051413601713,0.006915429091927807,2,14.949978311549206,-1.6897403678772793,False,UP,30.353085905123585,54.92199396415414,False,True,False,True,no_recent_shock,,,,235.321666666714,,0.006915429091927807,False
1790769600000,1790769863015,DOWN,0.65,83861.86,4.633035804362251,1,KXBTC15M-26SEP300815-15,,,paused,1790769863015,,,2026-09-30,1790770559843,shadow_official_arrival,0.12335820021736359,0.06952335811658486,3,-4.16611301871761,7.674105609385418,False,UP,25.88348023083785,55.76606432914969,False,True,False,True,no_recent_shock,,,,235.321666666714,,0.06952335811658486,False
1790770500000,1790770745378,DOWN,0.68,83825.81,6.307902064999205,0,KXBTC15M-26SEP300830-30,,,paused,1790770745378,,,2026-09-30,1790771486618,shadow_official_arrival,0.2764496892221069,0.01649349134406374,1,-7.05670494345334,-2.614102941055352,False,UP,21.715769271495525,54.76204893476691,False,True,False,True,no_recent_shock,,,,213.84166666668898,,0.01649349134406374,False
1790771400000,1790771640767,UP,0.917,83882.72,50.498203523525746,1,KXBTC15M-26SEP300845-45,,,paused,1790771640767,,,2026-09-30,1790772399208,shadow_official_arrival,0.6618341410485454,0.37021121044907435,1,63.840097658331985,68.17316778826354,False,UP,18.378640629051212,58.33860116410943,False,True,False,True,no_recent_shock,,,,583.5876666666009,,0.37021121044907435,False
1790772300000,1790772548354,UP,0.76,84847.58,17.9304072864217,1,KXBTC15M-26SEP300900-00,,,paused,1790772548354,,,2026-09-30,1790773321659,shadow_official_arrival,0.4711229632806841,0.4161758411647324,5,82.2479928331843,135.82882912651417,False,UP,27.806704731137984,17.42615462200387,False,True,False,True,conditions_not_met,1790772540000,131.90512523916453,1221.7235000000364,1215.73733333344,0.9951002279430686,0.4161758411647324,False
1790773200000,1790773461745,DOWN,0.67,85281.14,10.155801544554643,0,KXBTC15M-26SEP300915-15,,,paused,1790773461745,,,2026-09-30,1790774243762,shadow_official_arrival,0.23161353353615263,0.40275701329595714,2,19.198483300155722,163.1989267036582,False,UP,37.886189400835505,14.749836100296092,False,True,False,True,conditions_not_met,1790773440000,159.1215824131442,1690.5678333333199,1690.5678333333199,1.0,0.40275701329595714,False
1790774100000,1790774412622,DOWN,0.67,85369.62,7.729349933459639,1,KXBTC15M-26SEP300930-30,,,paused,1790774412622,,,2026-09-30,1790775323553,shadow_official_arrival,0.24024551787046353,0.422848017297752,2,12.635807043925862,182.2505800517127,False,UP,44.556956996142766,19.23028244222144,False,True,False,True,conditions_not_met,1790774400000,186.61497225344937,1763.598500000051,1763.598500000051,1.0,0.422848017297752,False
1790775000000,1790775242108,UP,0.66,85154.03,14.258788848084958,0,KXBTC15M-26SEP300945-45,,,paused,1790775242108,,,2026-09-30,1790775929837,shadow_official_arrival,0.14432609273224342,0.2697837079852479,2,-15.111809101825413,114.95422300088708,False,UP,45.312385647991036,20.256215253928836,False,True,False,True,conditions_not_met,1790775240000,113.99832810636835,1182.6258333333099,1182.6258333333099,1.0,0.2697837079852479,False
1790775900000,1790776182179,UP,0.78,84435.58,14.754364609488313,1,KXBTC15M-26SEP301000-00,,,paused,1790776182179,,,2026-09-30,1790776853362,shadow_official_arrival,0.4069033685435124,0.09674398330940892,4,-80.75136086669433,-61.40658538232646,False,UP,40.61232970184004,39.220379224599164,False,True,False,True,conditions_not_met,1790775300000,107.02802148199409,1166.1461666666437,1344.9755000001169,1.1533507020347593,0.09674398330940892,False
1790776800000,1790777048747,DOWN,0.7,84541.46,16.46077951967806,1,KXBTC15M-26SEP301015-15,,,paused,1790777048747,,,2026-09-30,1790777769635,shadow_official_arrival,0.2847968447470576,0.20751533166125175,5,-20.591159042463445,-91.9843946346266,False,UP,34.102988965565466,33.91589612545777,False,True,False,True,conditions_not_met,1790776740000,-105.51461205686618,1344.9755000001169,1344.9755000001169,1.0,0.20751533166125175,False
1790777700000,1790777944365,DOWN,0.81,84331.93,32.69754014483928,1,KXBTC15M-26SEP301030-30,,,paused,1790777944365,,,2026-09-30,1790778685929,shadow_official_arrival,0.28477455993574763,0.3085720575138368,3,-39.39375770088183,-157.8752282378515,False,UP,30.900780819690972,34.68412673119218,False,True,False,True,conditions_not_met,1790777940000,-157.07560224775375,1380.7443333333504,1273.789833333518,0.922538519682622,0.3085720575138368,True
1790778600000,1790778879619,DOWN,0.74,83669.21,21.25381606925769,1,KXBTC15M-26SEP301045-45,,,paused,1790778879619,,,2026-09-30,1790779598990,shadow_official_arrival,0.49562910859498244,0.3837395082734308,3,-66.37252400042092,-206.12338135522657,False,UP,31.863583077832015,29.325544056745287,False,True,False,True,conditions_not_met,1790778840000,-218.5299328052237,1863.9224999999424,1631.4993333333405,0.8753042754370908,0.3837395082734308,True
1790779500000,1790779749359,UP,0.74,83547.76,18.822208199624768,1,KXBTC15M-26SEP301100-00,,,paused,1790779749359,,,2026-09-30,1790780512880,shadow_official_arrival,0.32968760148584275,0.2227085025256821,3,30.2814667259943,-101.43154248240637,False,UP,34.8255976956819,30.679942083649745,False,True,False,True,conditions_not_met,1790779740000,-104.42642302886829,1221.9458333334333,1221.9458333334333,1.0,0.2227085025256821,False
1790780400000,1790780701702,UP,0.66,83780.25,6.511697764886026,1,KXBTC15M-26SEP301115-15,,,paused,1790780701702,,,2026-09-30,1790781422375,shadow_official_arrival,0.307708157829731,0.17778183066716427,5,18.918413406041612,-78.21282470534597,False,UP,34.23227050573053,35.066935028831026,False,True,False,True,conditions_not_met,1790779920000,-107.08187884390541,1221.9458333334333,1163.667499999996,0.9523069421379705,0.17778183066716427,False
1790781300000,1790781547640,DOWN,0.82,83924.6,15.92834520510622,1,KXBTC15M-26SEP301130-30,,,paused,1790781547640,,,2026-09-30,1790782334899,shadow_official_arrival,0.08169245080474176,0.08066055710374541,6,1.706260796476844,-29.21763964893409,False,UP,32.65891432365718,32.83172571950623,False,True,False,True,conditions_not_met,1790779920000,-107.08187884390541,1221.9458333334333,704.1618333333317,0.5762627230475499,0.08066055710374541,False
1790782200000,1790782441182,UP,0.902,83818.67,33.05476771065852,1,KXBTC15M-26SEP301145-45,,,paused,1790782441182,,,2026-09-30,1790783251103,shadow_official_arrival,0.30156247665079694,0.2388773568428225,3,34.021673926905024,79.82284533151862,False,UP,31.801495367589002,47.720344933215024,False,True,False,True,conditions_not_met,1790779920000,-107.08187884390541,1221.9458333334333,617.9084999999468,0.5056758516981968,0.2388773568428225,True
1790783100000,1790783344416,UP,0.83,84078.68,15.551841838310487,1,KXBTC15M-26SEP301200-00,,,paused,1790783344416,,,2026-09-30,1790784156817,shadow_official_arrival,0.2289709624388529,0.20537478493942452,4,13.52115806181331,60.094382736815,False,UP,26.088957070325257,36.591863529902376,False,True,True,True,flagged,1790779920000,-107.08187884390541,1221.9458333334333,512.7603333332809,0.4196260745326864,0.20537478493942452,False
1790784000000,1790784249022,UP,0.82,84088.21,13.983906503258758,1,KXBTC15M-26SEP301215-15,,,paused,1790784249022,,,2026-09-30,1790785076086,shadow_official_arrival,0.00012952940506085676,0.19716492385742226,2,-1.4007139385852074,47.89559401582988,False,UP,21.48788575127522,45.07656561227476,False,True,True,True,flagged,1790779920000,-107.08187884390541,1221.9458333334333,543.8904999999068,0.44510197192308354,0.19716492385742226,False
1790784900000,1790785156486,UP,0.67,84303.25,2.1090131954215607,0,KXBTC15M-26SEP301230-30,,,paused,1790785156486,,,2026-09-30,1790785995947,shadow_official_arrival,0.27176903183440154,0.24085485649930263,2,13.684508965994269,63.265524953495245,False,UP,17.960105553441075,37.43823688607679,False,True,False,True,conditions_not_met,1790779920000,-107.08187884390541,1221.9458333334333,649.3793333332433,0.5314305394059531,0.24085485649930263,False
1790785800000,1790786075377,UP,0.68,84260.24,3.616533729309257,1,KXBTC15M-26SEP301245-45,,,paused,1790786075377,,,2026-09-30,1790786764531,shadow_official_arrival,0.08652873684609325,0.109868899824467,2,-4.981419470205806,24.206348787911836,False,UP,15.980443838263307,31.955492773429523,False,True,True,True,flagged,1790779920000,-107.08187884390541,1221.9458333334333,357.3993333333201,0.2924837775814865,0.109868899824467,False
1790786700000,1790787042295,UP,0.7,84308.23,3.5969007217118154,0,KXBTC15M-26SEP301300-00,1790787618221,,filled,1790787042295,1790787606493,1790787679830,2026-09-30,1790787618221,observed_grade,,,,8.315188550593877,14.833385309276359,False,UP,,,,False,False,False,missing_current_hour,,,,,,,
1790787600000,1790787899560,DOWN,0.66,84285.68,2.8689531444336946,1,KXBTC15M-26SEP301315-15,1790788514685,,filled,1790787933950,1790788506486,1790788574865,2026-09-30,1790788514685,observed_grade,0.48830135143834286,,3,-6.948936887826163,4.5916689026426205,False,UP,,,,False,False,False,missing_current_hour,,,,,,,
1790788500000,1790788747016,DOWN,0.8,84272.96,10.951397300711374,1,KXBTC15M-26SEP301330-30,1790789157713,1790789157713,filled,1790788747016,1790789406436,1790789525122,2026-09-30,1790789456684,shadow_official_arrival,0.21636105037717243,,2,-10.042786080080024,-14.53341591990065,False,UP,,,,False,False,False,missing_current_hour,,,,,,,
1790789400000,1790789649526,DOWN,0.8,84153.44,13.104653436244451,1,KXBTC15M-26SEP301345-45,1790790108445,1790790108445,filled,1790789649526,1790790306482,1790790374334,2026-09-30,1790790374334,shadow_official_arrival,0.24717165278070133,,1,-16.335044742349368,-26.87283313189459,False,UP,,,,False,False,False,missing_current_hour,,,,,,,
1790790300000,1790790546822,UP,0.71,83975.81,7.485171424168602,1,KXBTC15M-26SEP301400-00,1790791207771,,filled,1790790546822,1790791206481,1790791278959,2026-09-30,1790791207771,observed_grade,0.047040862037309505,0.21621084325360398,6,-1.0330288067028626,-35.430196057947285,False,UP,,,,False,True,True,flagged,1790779920000,-107.08187884390541,1221.9458333334333,419.01749999994354,0.34291004443042766,0.21621084325360398,False
1790791200000,1790791454145,DOWN,0.76,84009.31,8.001712349910983,1,KXBTC15M-26SEP301415-15,1790792111434,,filled,1790791454145,1790792106492,1790792171458,2026-09-30,1790792111434,observed_grade,0.2809845247580611,0.19790731980569307,3,-11.492229676098864,-38.355885345309204,False,UP,,37.51270789904709,,False,True,True,flagged,1790779920000,-107.08187884390541,1221.9458333334333,417.4101666665956,0.341594656064183,0.19790731980569307,False
1790792100000,1790792346693,DOWN,0.67,84008.6,7.753214155058474,1,KXBTC15M-26SEP301430-30,1790792751298,1790792751298,filled,1790792346693,1790793006484,1790793080435,2026-09-30,1790793127505,shadow_official_arrival,0.020216660971989226,0.16003514156342086,2,-0.11934477102237828,-27.320121754567104,False,UP,,40.08198144524077,,False,True,True,flagged,1790779920000,-107.08187884390541,1221.9458333334333,257.83783333329484,0.21100594338942227,0.16003514156342086,False
1790793000000,1790793268099,DOWN,0.69,83877.59,4.189358961472767,1,KXBTC15M-26SEP301445-45,1790793917922,,filled,1790793268099,1790793906482,1790793979669,2026-09-30,1790793917922,observed_grade,0.4299431494901462,0.1710573064549871,3,-13.11774297022561,-23.55620522178303,False,UP,,53.376007421108625,,False,True,True,flagged,1790779920000,-107.08187884390541,1221.9458333334333,216.21800000009534,0.17694565020959957,0.1710573064549871,False
1790793900000,1790794142838,DOWN,0.75,83837.45,7.056412935587675,0,KXBTC15M-26SEP301500-00,1790794808240,,filled,1790794142838,1790794806487,1790794869881,2026-09-30,1790794808240,observed_grade,0.3535229676100503,0.2535878693618515,3,-8.116076669107963,-29.866047561638574,False,UP,,44.84408799738188,,False,False,True,conditions_not_met,1790779920000,-107.08187884390541,1221.9458333334333,288.64866666663147,0.23622050895595442,0.2535878693618515,False
1790794800000,1790795046449,DOWN,0.7,83935.01,4.900914806973411,1,KXBTC15M-26SEP301515-15,1790795429660,1790795429660,filled,1790795057273,1790795706485,1790795777429,2026-09-30,1790795870104,shadow_official_arrival,0.35620704749266047,0.04955222917115223,2,13.796334609326166,-6.027079699801874,False,UP,,42.12158582907137,,False,True,True,flagged,1790779920000,-107.08187884390541,1221.9458333334333,238.266500000027,0.1949894123784872,0.04955222917115223,False
1790795700000,1790795948755,DOWN,0.84,83728.93,11.374921427984575,1,KXBTC15M-26SEP301530-30,1790796610606,,filled,1790795948755,1790796606489,1790796670708,2026-09-30,1790796610606,observed_grade,0.8734725171535973,0.3103187536579739,3,-31.01360728076319,-36.90309048034468,False,UP,53.707215676965646,42.98463884077902,,False,False,True,conditions_not_met,1790779920000,-107.08187884390541,1221.9458333334333,280.19116666672926,0.22929917106257958,0.3103187536579739,True
1790796600000,1790796848394,UP,0.81,83725.04,10.311172539709812,1,KXBTC15M-26SEP301545-45,1790797523652,,filled,1790796848394,1790797506485,1790797584899,2026-09-30,1790797523652,observed_grade,0.5185049847267001,0.0341807144489623,3,22.312983864389846,-4.222007175161968,False,UP,53.90198818899148,40.436631467274495,,False,True,True,flagged,1790779920000,-107.08187884390541,1221.9458333334333,315.06083333333663,0.2578353514033103,0.0341807144489623,False
1790797500000,1790797749248,DOWN,0.83,83779.03,11.130629387011703,1,KXBTC15M-26SEP301600-00,1790798114150,1790798114150,filled,1790797749248,1790798406484,1790798479208,2026-09-30,1790798631554,shadow_official_arrival,0.41831986766258683,0.07293827891203696,1,-14.985039162018765,-11.042498688677016,False,UP,48.10504316563629,44.539082413858836,,False,True,True,flagged,1790779920000,-107.08187884390541,1221.9458333334333,315.06083333333663,0.2578353514033103,0.07293827891203696,False
1790798400000,1790798794746,DOWN,0.65,83567.11,3.6970485956389076,0,KXBTC15M-26SEP301615-15,1790799376285,,filled,1790798794746,1790799306492,1790799376285,2026-09-30,1790799376285,observed_grade,0.22304532639859917,0.24474056328719043,3,-6.664838140831852,-39.163200602509995,False,UP,47.198199094793566,38.3440692605447,,False,True,True,flagged,1790779920000,-107.08187884390541,1221.9458333334333,407.74616666663496,0.3336859585292051,0.24474056328719043,False
1790799300000,1790799653091,UP,0.67,83597.88,1.5559605099979557,1,KXBTC15M-26SEP301630-30,1790800051157,1790800051157,filled,1790799762198,1790800206478,1790800287569,2026-09-30,1790800461805,shadow_official_arrival,0.12837579102351956,0.08395417361135328,4,6.659266705726363,-10.473379596995791,False,UP,45.54642685230244,39.91672440360241,,False,True,True,flagged,1790779920000,-107.08187884390541,1221.9458333334333,401.2596666666068,0.3283776217575716,0.08395417361135328,False
1790800200000,1790800449019,DOWN,0.81,83703.31,10.167837647838684,1,KXBTC15M-26SEP301645-45,1790801014774,1790801014774,filled,1790800449019,1790801106482,1790801187526,2026-09-30,1790801380214,shadow_official_arrival,0.21030202749230442,0.1580713710364944,2,6.320938915767016,-23.048006401973353,False,UP,41.598744666271045,37.67253268404364,,False,True,True,flagged,1790779920000,-107.08187884390541,1221.9458333334333,401.2596666666068,0.3283776217575716,0.1580713710364944,False
1790801100000,1790801544605,UP,0.71,83645.5,1.573047364562541,0,KXBTC15M-26SEP301700-00,1790802007627,,filled,1790801544605,1790802006488,1790802073736,2026-09-30,1790802007627,observed_grade,0.07987732740542763,0.09801420592691594,6,4.508259687578953,17.309832273455505,False,UP,37.07379330712309,37.10719938696424,,False,True,True,flagged,1790779920000,-107.08187884390541,1221.9458333334333,228.39799999997194,0.18691335881633045,0.09801420592691594,False
1790802000000,1790802247613,UP,0.8,83620.46,8.637001040179282,1,KXBTC15M-26SEP301715-15,1790802772190,1790802772190,filled,1790802247613,1790802906533,1790802985102,2026-09-30,1790803215282,shadow_official_arrival,0.19043423362211456,0.17245933923501416,4,6.642564411878382,17.906328767749446,False,UP,34.58793016376463,51.637083603077045,,False,True,True,flagged,1790779920000,-107.08187884390541,1221.9458333334333,186.56100000008882,0.15267534362890356,0.17245933923501416,False
1790802900000,1790803146644,UP,0.71,83712.16,6.03874833318141,0,KXBTC15M-26SEP301730-30,1790803815708,,filled,1790803146644,1790803806485,1790803878738,2026-09-30,1790803815708,observed_grade,0.42112651292817904,0.23693218858402157,5,8.99322422892812,23.613965307858198,False,UP,29.57210031573059,48.43752110003568,False,True,True,True,flagged,1790779920000,-107.08187884390541,1221.9458333334333,155.87049999997544,0.1275592548769246,0.23693218858402157,False
1790803800000,1790804117771,UP,0.68,83705.29,3.0372831474245743,0,KXBTC15M-26SEP301745-45,1790804718773,,filled,1790804196580,1790804706487,1790804780304,2026-09-30,1790804718773,observed_grade,0.10805448818197104,0.1487260848788102,6,-1.1012431875190298,13.93208687006764,False,UP,22.928002779049812,54.07307726852273,False,True,True,True,flagged,1790779920000,-107.08187884390541,1221.9458333334333,157.20966666676395,0.1286551845247514,0.1487260848788102,False
1790804700000,1790805041743,UP,0.66,83680.23,1.2096644571868431,1,KXBTC15M-26SEP301800-00,,,skipped,1790805480779,,,2026-09-30,1790805653436,shadow_official_arrival,0.21947088655818142,0.09578259323085879,2,-4.850395928396312,8.296303351063017,False,UP,19.432743244310107,50.66563439724551,False,True,True,True,flagged,1790779920000,-107.08187884390541,1221.9458333334333,157.20966666676395,0.1286551845247514,0.09578259323085879,False
1790805600000,1790805843462,DOWN,0.72,83708.91,4.432801717290102,1,KXBTC15M-26SEP301815-15,1790806515052,,filled,1790805986301,1790806506489,1790806579833,2026-09-30,1790806515052,observed_grade,0.16900864995318576,0.014977239134838097,4,-2.808859024235888,-1.869595349018871,False,UP,17.541073285514337,48.25691774766655,True,True,True,True,flagged,1790779920000,-107.08187884390541,1221.9458333334333,91.37500000007276,0.07477827372331584,0.014977239134838097,False
1790806500000,1790806742666,UP,0.76,83663.4,4.115798146697713,1,KXBTC15M-26SEP301830-30,1790807226212,1790807226212,filled,1790806742666,1790807406487,1790807489084,2026-09-30,1790807420140,shadow_official_arrival,0.09204415843697791,0.0861060096031031,2,2.3690015018162924,-7.6724437271991075,False,UP,19.08667697852793,42.59343596264563,True,True,True,True,flagged,1790779920000,-107.08187884390541,1221.9458333334333,198.98600000009174,0.1628435521215074,0.0861060096031031,False
1790807400000,1790807930867,UP,0.63,83769.42,1.6744773928323298,0,KXBTC15M-26SEP301845-45,1790808370631,,filled,1790807930867,1790808306489,1790808370631,2026-09-30,1790808370631,observed_grade,0.7574394371293667,0.03929745088589225,1,9.051818182723714,4.665586973602309,False,UP,16.555182742275736,39.38780587306663,True,True,True,True,flagged,1790779920000,-107.08187884390541,1221.9458333334333,222.07500000009895,0.18173882502981717,0.03929745088589225,False
1790808300000,1790808546575,DOWN,0.69,83762.43,3.990770882194017,1,KXBTC15M-26SEP301900-00,1790809092543,1790809092543,filled,1790808578972,1790809206486,1790809277334,2026-09-30,1790809266139,shadow_official_arrival,0.41894821244428926,0.06295703074982104,1,-5.761845026692747,4.255872070622058,True,,14.443952767223307,36.810646820549515,True,True,True,True,flagged,1790779920000,-107.08187884390541,1221.9458333334333,222.14316666670493,0.18179461037213468,0.06295703074982104,False
1790809200000,1790809449358,UP,0.73,83642.7,5.584288885944755,1,KXBTC15M-26SEP301915-15,1790810114015,,filled,1790809449358,1790810106487,1790810184585,2026-09-30,1790810114015,observed_grade,0.22425464426998576,0.011477789112430078,2,-4.728807489637887,2.1040540855654655,True,,15.510218377599687,38.038192202578095,True,True,False,True,no_recent_shock,,,,222.14316666670493,,0.011477789112430078,False
1790810100000,1790810486148,UP,0.68,83662.71,1.6904385079841155,0,KXBTC15M-26SEP301930-30,1790811013819,,filled,1790810486148,1790811006492,1790811073903,2026-09-30,1790811013819,observed_grade,0.06115138567924469,0.03154154795601358,4,0.2323277110116706,-1.0739570735152082,True,,17.973615769803157,43.8684098370515,True,True,False,True,no_recent_shock,,,,186.78483333326585,,0.03154154795601358,False
1790811000000,1790811246384,DOWN,0.8,83622.59,13.218437745112777,1,KXBTC15M-26SEP301945-45,1790811914480,,filled,1790811246384,1790811906482,1790811985038,2026-09-30,1790811914480,observed_grade,0.4554355679327817,0.2909141604319263,1,-17.954331238279053,-31.657690554945937,True,,17.326404549727492,49.98718650188317,True,True,False,True,no_recent_shock,,,,186.78483333326585,,0.2909141604319263,True
1790811900000,1790812146015,DOWN,0.75,83574.27,6.833143741500347,1,KXBTC15M-26SEP302000-00,1790812807902,,filled,1790812146015,1790812806491,1790812872430,2026-09-30,1790812807902,observed_grade,0.02516143397923147,0.21935734398343956,2,-0.5580776930047548,-25.698135579393934,False,DOWN,21.18441784367894,42.25691078309803,False,True,False,True,no_recent_shock,,,,210.51533333343104,,0.21935734398343956,False
1790812800000,1790813044779,DOWN,0.7,83569.02,8.338975376288582,1,KXBTC15M-26SEP302015-15,1790813441666,1790813441666,filled,1790813044779,1790813706542,1790813783073,2026-09-30,1790813842178,shadow_official_arrival,0.09460162554781375,0.19197291701655086,2,-2.0503943118088674,-22.300992902521966,False,DOWN,25.403635841779824,54.5351603508225,False,True,False,True,no_recent_shock,,,,207.25933333333523,,0.19197291701655086,False
1790813700000,1790813941236,DOWN,0.68,83482.25,8.01389916220141,1,KXBTC15M-26SEP302030-30,1790814500395,1790814500395,filled,1790813941236,1790814606483,1790814637114,2026-09-30,1790814637114,shadow_official_arrival,0.3316903966071319,0.2539186220832763,5,-9.75011902207834,-29.654149830120602,False,DOWN,30.60805997887041,42.62625250494801,False,True,False,True,no_recent_shock,,,,286.7746666665771,,0.2539186220832763,False
1790814600000,1790814909969,DOWN,0.67,83440.51,2.9528223161678913,0,KXBTC15M-26SEP302045-45,1790815521342,,filled,1790814909969,1790815506493,1790815592272,2026-09-30,1790815521342,observed_grade,0.11137067240973758,0.13831679593821658,2,1.8934034482165352,-16.017014736334765,False,DOWN,37.914005035786616,37.13344452751984,False,True,False,True,no_recent_shock,,,,210.72650000007707,,0.13831679593821658,False
1790815500000,1790815839356,DOWN,0.66,83504.04,2.711984553884772,1,KXBTC15M-26SEP302100-00,1790816410384,,filled,1790815883832,1790816406447,1790816470548,2026-09-30,1790816410384,observed_grade,0.22027740765404016,0.05374139363179653,2,8.787935955982817,-5.64461742724065,False,DOWN,37.40623545452381,46.761314797387485,False,True,False,True,no_recent_shock,,,,177.57783333331463,,0.05374139363179653,False
1790816400000,1790816756451,UP,0.77,83472.82,1.7035684989008537,1,KXBTC15M-26SEP302115-15,1790817177340,1790817177340,filled,1790816756451,1790817306489,1790817375744,2026-09-30,1790817364374,shadow_official_arrival,0.019453083877143246,0.01939693530489094,4,1.3770300376481082,-0.05459899447668448,False,DOWN,34.57285796696154,51.38799247574777,False,True,False,True,no_recent_shock,,,,115.11233333339624,,0.01939693530489094,False
1790817300000,1790817590192,UP,0.67,83554.46,4.761465356453165,1,KXBTC15M-26SEP302130-30,1790818019494,1790818019494,filled,1790817590192,1790818206490,1790818285153,2026-09-30,1790818273776,shadow_official_arrival,0.2891478451471111,0.18879085682524957,3,13.819143456412775,22.693992697764287,True,,29.919006541094458,55.805434699430776,False,True,False,True,no_recent_shock,,,,154.93983333342476,,0.18879085682524957,False
1790818200000,1790818445931,DOWN,0.79,83587.92,8.20836312232398,1,KXBTC15M-26SEP302145-45,1790819118321,,filled,1790818445931,1790819106486,1790819178525,2026-09-30,1790819118321,observed_grade,0.2245006917629243,0.10228302530771194,3,-8.24611653137075,12.25680455889444,False,DOWN,27.428612065701802,39.82644810815835,False,True,False,True,no_recent_shock,,,,218.65400000006775,,0.10228302530771194,False
1790819100000,1790819349111,DOWN,0.72,83546.42,6.643352681464654,1,KXBTC15M-26SEP302200-00,1790819888101,1790819888101,filled,1790819349111,1790820006486,1790820087364,2026-09-30,1790820100030,shadow_official_arrival,0.10908402417239302,0.02512648646335741,2,-3.399313765075629,2.822260884425276,False,DOWN,24.73378926375287,48.78613415914667,False,True,False,True,no_recent_shock,,,,178.05266666674288,,0.02512648646335741,False
1790820000000,1790820334304,UP,0.65,83463.29,2.0540168018778893,1,KXBTC15M-26SEP302215-15,,,unfilled,1790820334304,,,2026-09-30,1790821019857,shadow_official_arrival,0.09701786027264564,0.011512277617084265,0,-0.12228264846148029,0.09525276853050713,False,DOWN,22.18576658713141,56.735810673666194,False,True,False,True,no_recent_shock,,,,178.05266666674288,,0.011512277617084265,False
1790820900000,1790821146701,DOWN,0.81,83560.25,8.489243789163714,1,KXBTC15M-26SEP302230-30,1790821567298,1790821567298,filled,1790821146701,1790821806488,1790821881502,2026-09-30,1790821939029,shadow_official_arrival,0.1136709656315493,0.08372166618544905,2,2.421914270551717,-11.834460397506241,False,DOWN,20.237663960862797,59.82624253427327,False,True,False,True,no_recent_shock,,,,178.05266666674288,,0.08372166618544905,False
1790821800000,1790822042855,UP,0.69,83460.64,6.416198102476844,0,KXBTC15M-26SEP302245-45,1790822711618,,filled,1790822042855,1790822706539,1790822782094,2026-09-30,1790822711618,observed_grade,0.05013043065159394,0.0010274294696187725,4,1.8624056018778923,-0.6927085365393548,True,,20.17809025073344,49.271162610011515,False,True,False,True,no_recent_shock,,,,220.91333333334478,,0.0010274294696187725,False
1790822700000,1790823193281,UP,0.69,83391.88,2.168816276433283,1,KXBTC15M-26SEP302300-00,1790823478069,1790823478069,filled,1790823260417,1790823606483,1790823689239,2026-09-30,1790823772684,shadow_official_arrival,0.1855766526085576,0.0798628177875908,4,-2.0951538463842567,-8.676379830585557,False,DOWN,21.104862877235895,48.27449319176239,False,True,False,True,no_recent_shock,,,,240.70866666671645,,0.0798628177875908,False
1790823600000,1790823850058,DOWN,0.69,83447.47,2.072241774769834,1,KXBTC15M-26SEP302315-15,1790824435825,1790824435825,filled,1790823850058,1790824506486,1790824576869,2026-09-30,1790824693145,shadow_official_arrival,0.2802079783007379,0.030417740432082827,4,5.831745635345165,-4.5498589924264365,True,,20.04702674496964,47.77392150155567,False,True,False,True,no_recent_shock,,,,240.70866666671645,,0.030417740432082827,False
1790824500000,1790824868325,DOWN,0.72,83430.79,2.2830500186654668,0,KXBTC15M-26SEP302330-30,1790825411526,,filled,1790824868325,1790825406486,1790825474262,2026-09-30,1790825411526,observed_grade,0.017552742466913747,0.024152814862400344,4,-0.20921876293433783,-3.302360836847651,True,,18.39649261919646,43.846927683654265,True,True,False,True,no_recent_shock,,,,154.31066666672996,,0.024152814862400344,False
1790825400000,1790825816192,UP,0.7,83466.97,1.7657284073013813,1,KXBTC15M-26SEP302345-45,1790826145132,1790826145132,filled,1790825859413,1790826306487,1790826380449,2026-09-30,1790826517745,shadow_official_arrival,0.2635848365078588,0.02258841157566796,1,10.85908559720794,3.819340455111231,True,,16.675149178216603,57.59230348721596,True,True,False,True,no_recent_shock,,,,127.2363333334797,,0.02258841157566796,False
1790826300000,1790826541530,DOWN,0.8,83663.77,6.943228432895188,0,KXBTC15M-26OCT010000-00,1790827219053,,filled,1790826541530,1790827206492,1790827289506,2026-09-30,1790827219053,observed_grade,0.594820693327701,0.26103533666112644,2,18.053998850759978,26.575195015270392,False,UP,17.309904283482172,35.83473378214086,True,True,False,True,no_recent_shock,,,,299.6450000000914,,0.26103533666112644,False
1790827200000,1790827602368,UP,0.72,83701.88,4.081668575826036,1,KXBTC15M-26OCT010015-15,1790827894407,1790827894407,filled,1790827602368,1790828106481,1790828181944,2026-10-01,1790828355222,shadow_official_arrival,0.569607631943112,0.35710776814421225,1,7.359214334921038,39.89251308149644,False,UP,21.638126849126994,30.989231595632923,False,True,False,True,no_recent_shock,,,,331.898333333389,,0.35710776814421225,False
1790828100000,1790828344367,DOWN,0.84,83860.66,12.868747594715346,1,KXBTC15M-26OCT010030-30,1790828937313,1790828937313,filled,1790828344367,1790829006487,1790829078144,2026-10-01,1790829264426,shadow_official_arrival,0.1315390399109239,0.3145507363887191,0,5.607416787138941,39.48045781209775,False,UP,25.237408294943645,22.45010720862531,False,True,False,True,no_recent_shock,,,,472.2096666666621,,0.3145507363887191,False
1790829000000,1790829242308,DOWN,0.75,83805.54,8.256673723474606,0,KXBTC15M-26OCT010045-45,1790829974736,,filled,1790829242308,1790829906481,1790829974736,2026-10-01,1790829974736,observed_grade,0.059950904458586675,0.2316025884935496,2,-2.529404415870795,33.71083786174012,False,UP,28.019040294307384,29.43096464709501,False,True,False,True,no_recent_shock,,,,405.6473333333124,,0.2316025884935496,False
1790829900000,1790830147942,UP,0.89,83864.14,19.783942616393713,1,KXBTC15M-26OCT010100-00,1790830705830,1790830705830,filled,1790830147942,1790830806486,1790830881031,2026-10-01,1790831085119,shadow_official_arrival,0.9066302971575795,0.32261869760098916,1,35.07578878527262,50.75923051018228,False,UP,31.113141696163897,38.43666109692936,False,True,False,True,no_recent_shock,,,,351.03883333339763,,0.32261869760098916,True
1790830800000,1790831074081,UP,0.69,84035.06,6.3307703554627,1,KXBTC15M-26OCT010115-15,1790845413144,,filled,1790831074081,1790831706485,1790845510568,2026-10-01,1790845413144,observed_grade,0.07234821760694246,0.228316000069369,3,4.5139030373086975,45.52404547479627,False,UP,36.08533662150332,30.569323426384532,False,True,False,True,no_recent_shock,,,,435.68133333325386,,0.228316000069369,False
1790845200000,1790845499737,UP,0.69,83516.36,2.8950814746542264,1,KXBTC15M-26OCT010515-15,1790845860934,1790845860934,filled,1790845499737,1790846103975,1790846186633,2026-10-01,1790846325626,shadow_official_arrival,,,,,,True,,,,,False,False,False,missing_current_hour,,,,,,,
1790846100000,1790846347378,UP,0.75,83637.96,5.571891837943266,1,KXBTC15M-26OCT010530-30,1790846916515,1790846916515,filled,1790846347378,1790847004030,1790847086063,2026-10-01,1790847248297,shadow_official_arrival,0.5228533379114818,,3,18.16775020455852,,True,,,,,False,False,False,missing_current_hour,,,,,,,
1790847000000,1790847248297,UP,0.78,83716.99,10.017321454103278,1,KXBTC15M-26OCT010545-45,1790847721780,1790847721780,filled,1790847248297,1790847903981,1790847978348,2026-10-01,1790848155898,shadow_official_arrival,0.43393201335535575,,3,13.896211000277159,,False,UP,,,,False,False,False,missing_current_hour,,,,,,,
1790847900000,1790848211049,DOWN,0.67,83846.0,3.855918390053281,1,KXBTC15M-26OCT010600-00,1790848577909,1790848577909,filled,1790848211049,1790848803983,1790848880080,2026-10-01,1790849076166,shadow_official_arrival,0.13543365789111014,,2,2.995535848981934,,False,UP,,,,False,False,False,missing_current_hour,,,,,,,
1790848800000,1790849043161,DOWN,0.935,83744.96,23.36339603800863,1,KXBTC15M-26OCT010615-15,1790849591086,1790849591086,filled,1790849043161,1790849703985,1790849779192,2026-10-01,1790849994897,shadow_official_arrival,0.7889153105229381,0.022701035386966134,3,-35.84743594019169,3.0173925547893887,True,,,,,False,False,True,no_recent_shock,,,,325.7828333333309,,0.022701035386966134,False
1790849700000,1790850094320,UP,0.7,83658.6,3.08216967533248,0,KXBTC15M-26OCT010630-30,1790850604386,,filled,1790850094320,1790850603984,1790850665015,2026-10-01,1790850604386,observed_grade,0.3858938732596238,0.010682742459350218,1,31.51600596173365,1.437850464864887,True,,,39.14303125735351,,False,False,True,no_recent_shock,,,,435.9175000000687,,0.010682742459350218,False
1790850600000,1790850849629,UP,0.83,83644.36,12.232902891891051,1,KXBTC15M-26OCT010645-45,1790851368973,1790851368973,filled,1790850849629,1790851503986,1790851579147,2026-10-01,1790851830891,shadow_official_arrival,0.31042852775857166,0.03880929446046092,3,11.00449235580614,-6.4642143097248805,False,UP,,39.617251549289605,,False,False,True,no_recent_shock,,,,435.9175000000687,,0.03880929446046092,False
1790851500000,1790851740186,UP,0.86,83826.63,14.458869852378431,1,KXBTC15M-26OCT010700-00,1790852130902,1790852130902,filled,1790851740186,1790852404035,1790852483774,2026-10-01,1790852437778,shadow_official_arrival,0.6795507227671447,0.05796583575012833,1,24.15908558712987,11.681610323530656,False,UP,,41.7120146610225,,False,False,True,no_recent_shock,,,,436.5430000002525,,0.05796583575012833,True
1790852400000,1790852648161,DOWN,0.81,83936.72,13.747936143632122,1,KXBTC15M-26OCT010715-15,1790853165339,1790853165339,filled,1790852648161,1790853303988,1790853387980,2026-10-01,1790853354156,shadow_official_arrival,0.3560361311938324,0.1582026842629482,3,-15.070013629072676,32.55814101942312,False,UP,,33.4149135902235,,False,False,True,no_recent_shock,,,,608.9083333333983,,0.1582026842629482,False
1790853300000,1790853548000,DOWN,0.72,83842.28,4.522897039540563,1,KXBTC15M-26OCT010730-30,1790854058090,1790854058090,filled,1790853548000,1790854203987,1790854278567,2026-10-01,1790854267294,shadow_official_arrival,0.07840279205129548,0.13696942105334145,4,-1.7259448043716041,17.899229805866668,False,UP,,30.18805853269721,,False,False,True,no_recent_shock,,,,432.5118333333521,,0.13696942105334145,False
1790854200000,1790854583206,UP,0.69,83815.5,2.1109659510054612,1,KXBTC15M-26OCT010745-45,1790854883495,1790854883495,filled,1790854583206,1790855103987,1790855186051,2026-10-01,1790855186051,shadow_official_arrival,0.034830525314872046,0.07428843217040386,3,3.707980997627036,11.561601551028922,False,UP,10.635930263204978,34.030600809306016,,False,False,True,no_recent_shock,,,,325.37849999994796,,0.07428843217040386,False
1790855100000,1790855347446,UP,0.68,83928.49,5.3266775084437334,0,KXBTC15M-26OCT010800-00,1790856007988,,filled,1790855347446,1790856003990,1790856070416,2026-10-01,1790856007988,observed_grade,0.8098019372194211,0.0295643857489802,1,24.201068205678133,4.058929430028613,False,UP,11.196784984812327,42.7512063943971,,False,False,True,no_recent_shock,,,,256.1544999998732,,0.0295643857489802,False
1790856000000,1790856246066,UP,0.7,83893.39,6.118956451752755,1,KXBTC15M-26OCT010815-15,1790856768150,1790856768150,filled,1790856246066,1790856903991,1790856979961,2026-10-01,1790857004054,shadow_official_arrival,0.12226788836134937,0.12144192021247474,0,-4.427580618230342,15.020293153940045,False,UP,13.036873148582641,47.408917090631824,,False,False,True,no_recent_shock,,,,217.9981666665699,,0.12144192021247474,False
1790856900000,1790857195526,DOWN,0.68,83969.94,4.794791247110242,1,KXBTC15M-26OCT010830-30,1790857810955,,filled,1790857195526,1790857803993,1790857873965,2026-10-01,1790857810955,observed_grade,0.26616087313775516,0.08751827523301194,2,0.5038400171630819,13.689843083892761,False,UP,13.658092274502431,45.9198195446999,,False,False,True,no_recent_shock,,,,217.9981666665699,,0.08751827523301194,False
1790857800000,1790858047776,DOWN,0.65,83902.4,7.226074581896391,1,KXBTC15M-26OCT010845-45,1790858711719,,filled,1790858047776,1790858703998,1790858773492,2026-10-01,1790858711719,observed_grade,0.17118904482310407,0.061907590662122605,6,-7.992364618064629,7.474214165041904,False,UP,11.40045858000296,49.786217046395194,,False,False,True,no_recent_shock,,,,209.25816666665196,,0.061907590662122605,False
1790858700000,1790858945946,DOWN,0.78,83892.25,9.09507930310638,1,KXBTC15M-26OCT010900-00,1790859385070,1790859385070,filled,1790858945946,1790859603990,1790859665854,2026-10-01,1790859747634,shadow_official_arrival,0.047577675465421,0.1302083486377267,4,-2.958127941209421,-19.76120070908527,False,UP,10.624970623268952,55.85317817513347,,False,False,True,no_recent_shock,,,,166.31333333342627,,0.1302083486377267,False
1790859600000,1790859849279,DOWN,0.81,83729.78,10.806171153596722,1,KXBTC15M-26OCT010915-15,1790860257712,1790860257712,filled,1790859849279,1790860503993,1790860578237,2026-10-01,1790860669047,shadow_official_arrival,0.4326999623479397,0.22153692195415275,1,-21.075841539915928,-36.38392251230638,True,,11.524468352443161,38.97020270343028,,False,False,True,no_recent_shock,,,,357.9256666667061,,0.22153692195415275,False
1790860500000,1790860779644,UP,0.66,83495.41,3.3179867811461428,0,KXBTC15M-26OCT010930-30,1790861415691,,filled,1790860779644,1790861404000,1790861486444,2026-10-01,1790861415691,observed_grade,0.25356657530478915,0.22470946574065928,4,-11.81944451224326,-48.81729791193057,True,,16.408046380938522,26.363046587637967,,False,False,True,no_recent_shock,,,,523.631666666799,,0.22470946574065928,False
1790861400000,1790861645950,UP,0.81,83473.44,21.21922454215719,1,KXBTC15M-26OCT010945-45,,,unfilled,1790861645950,,,2026-10-01,1790862501782,shadow_official_arrival,0.1728625656921604,0.12586236515246577,4,13.622464866016593,-22.684235553611654,True,,20.226129686973838,25.167415302952854,False,True,False,True,no_recent_shock,,,,545.6295000001264,,0.12586236515246577,False
1790862300000,1790862589903,DOWN,0.77,83888.12,7.457333251321696,0,KXBTC15M-26OCT011000-00,1790863209982,,filled,1790862589903,1790863203999,1790863270220,2026-10-01,1790863209982,observed_grade,0.4488825593586863,0.04815387174800079,3,14.614329592295139,2.684965568664488,False,UP,19.43143579170249,37.42250175062161,True,True,False,True,no_recent_shock,,,,493.1775000000489,,0.04815387174800079,False
1790863200000,1790863442688,DOWN,0.81,83888.9,16.385739551570964,1,KXBTC15M-26OCT011015-15,1790864110686,,filled,1790863442688,1790864104001,1790864181333,2026-10-01,1790864110686,observed_grade,0.20795350709145363,0.04464376717834286,3,-19.393087696455424,12.5030797879222,False,UP,19.373658782255102,44.44512496111711,True,True,False,True,no_recent_shock,,,,493.1775000000489,,0.04464376717834286,False
1790864100000,1790864342359,UP,0.86,83725.7,28.45532096675818,1,KXBTC15M-26OCT011030-30,1790864786915,1790864786915,filled,1790864342359,1790865003997,1790865084274,2026-10-01,1790865265016,shadow_official_arrival,0.22705004972057122,0.15072417951549408,4,25.334770771769932,51.136485713354496,False,UP,16.034252708260116,53.33081065647775,True,True,False,True,no_recent_shock,,,,495.51483333339274,,0.15072417951549408,False
1790865000000,1790865384206,UP,0.65,84108.68,7.930334895285274,0,KXBTC15M-26OCT011045-45,1790865916747,,filled,1790865384206,1790865904001,1790865979404,2026-10-01,1790865916747,observed_grade,0.3160572769497903,0.1478715940385705,5,29.419278281967998,54.21907940892812,True,,14.802681305914955,47.861589575034984,True,True,False,True,no_recent_shock,,,,537.7095000000554,,0.1478715940385705,False
1790865900000,1790866139159,DOWN,0.74,83987.78,16.258099293328108,1,KXBTC15M-26OCT011100-00,1790866810141,,filled,1790866139159,1790866804007,1790866837662,2026-10-01,1790866810141,observed_grade,0.2700109546773167,0.0003019861556878789,1,-35.25157712554683,-7.501175844210062,True,,16.04298816916046,50.93681307520584,False,True,False,True,no_recent_shock,,,,671.4798333333893,,0.0003019861556878789,False
1790866800000,1790867059896,UP,0.76,83980.21,9.680078199383324,1,KXBTC15M-26OCT011115-15,1790867772657,,filled,1790867059896,1790867703999,1790867772657,2026-10-01,1790867772657,observed_grade,0.3456490034029215,0.09533177942993194,3,26.272355405920766,37.050253799455476,True,,13.553629642565904,50.23440448351031,False,True,False,True,no_recent_shock,,,,671.4798333333893,,0.09533177942993194,False
1790867700000,1790867950253,UP,0.84,84017.51,18.106067017058525,1,KXBTC15M-26OCT011130-30,1790868488347,1790868488347,filled,1790867950253,1790868604003,1790868689563,2026-10-01,1790868928161,shadow_official_arrival,0.16929248454741364,0.07276530293794119,2,15.93030135520701,24.497241291057126,True,,13.777508331506677,51.11264822238891,False,True,False,True,no_recent_shock,,,,504.7474999999249,,0.07276530293794119,False
1790868600000,1790868847671,DOWN,0.83,84089.5,22.183328477397566,1,KXBTC15M-26OCT011145-45,1790869342784,1790869342784,filled,1790868847671,1790869503999,1790869589108,2026-10-01,1790869543905,shadow_official_arrival,0.5566270190281719,0.09487676908387714,1,-31.729820607230288,-28.886765116302726,True,,15.045251090287527,52.56076075568235,False,True,False,True,no_recent_shock,,,,504.7474999999249,,0.09487676908387714,False
1790869500000,1790869747625,UP,0.94,83816.31,37.517280347949544,1,KXBTC15M-26OCT011200-00,1790870167087,1790870167087,filled,1790869747625,1790870403997,1790870486944,2026-10-01,1790870462079,shadow_official_arrival,0.3107575661094553,0.10204958116338668,2,27.000568876840436,33.33691832009045,True,,13.217992759738703,53.85336839863359,False,True,False,True,no_recent_shock,,,,432.2324999999546,,0.10204958116338668,False
1790870400000,1790870649081,UP,0.79,84085.18,15.118894911090308,1,KXBTC15M-26OCT011215-15,1790871220649,1790871220649,filled,1790870649081,1790871303998,1790871373324,2026-10-01,1790871373324,shadow_official_arrival,0.21564058957522653,0.07539127030768925,4,9.692233159976915,21.008476734465376,True,,13.402899930673922,59.106269875558056,False,True,False,True,no_recent_shock,,,,399.86916666672914,,0.07539127030768925,False
1790871300000,1790871545976,UP,0.69,84227.21,8.101261654827052,1,KXBTC15M-26OCT011230-30,1790872218126,,filled,1790871545976,1790872204008,1790872281284,2026-10-01,1790872218126,observed_grade,0.19084726953370523,0.0635298690608561,5,10.505641397937637,14.899978582831874,False,UP,14.855993592589897,59.51112944521513,False,True,False,True,no_recent_shock,,,,505.4201666665904,,0.0635298690608561,False
1790872200000,1790872443547,UP,0.86,84249.36,19.22151100019809,1,KXBTC15M-26OCT011245-45,1790873452232,,filled,1790872443547,1790873444004,1790873523073,2026-10-01,1790873452232,observed_grade,0.24799625849843776,0.2465032464509228,2,12.799068678122083,60.435597598536006,False,UP,16.887146868967054,47.98009317529097,False,True,False,True,no_recent_shock,,,,510.06566666674917,,0.2465032464509228,True
1790873100000,1790873382538,DOWN,0.65,84287.16,4.482731019379571,1,KXBTC15M-26OCT011300-00,1790873780626,1790873780626,filled,1790873393533,1790874004009,1790874086261,2026-10-01,1790874133499,shadow_official_arrival,0.12909129269947078,0.10458079041099541,2,-22.39559464049745,7.2990869725964025,False,UP,20.487591017232656,39.627578177839794,False,True,False,True,no_recent_shock,,,,448.6894999998767,,0.10458079041099541,False
1790874000000,1790874239188,UP,0.9,84142.82,29.624532035732454,1,KXBTC15M-26OCT011315-15,1790874657092,1790874657092,filled,1790874239188,1790874903998,1790874975179,2026-10-01,1790875044878,shadow_official_arrival,0.06642188310655299,0.04578911224189178,2,8.867533529692828,21.982659121568826,True,,21.80693708341975,48.25973763143847,False,True,False,True,no_recent_shock,,,,452.5118333332648,,0.04578911224189178,False
1790874900000,1790875149674,UP,0.85,84406.27,25.61590902349753,1,KXBTC15M-26OCT011330-30,1790875509472,1790875509472,filled,1790875149674,1790875803996,1790875877946,2026-10-01,1790875964615,shadow_official_arrival,0.5642779983978918,0.1579665211414347,5,27.3005644180202,38.79683747560536,False,UP,24.40932637179547,49.75416944954442,False,True,False,True,no_recent_shock,,,,452.5118333332648,,0.1579665211414347,True
1790875800000,1790876046630,DOWN,0.7,84868.05,4.173950031837181,0,KXBTC15M-26OCT011345-45,1790876711306,,filled,1790876046630,1790876704002,1790876773446,2026-10-01,1790876711306,observed_grade,0.3474383269713639,0.19078133242057568,2,23.392666621220304,49.91351868767646,False,UP,29.970562581771855,34.983226404149974,False,True,False,True,no_recent_shock,,,,875.9009999999544,,0.19078133242057568,False
1790876700000,1790877237118,UP,0.54,85003.43,0.21322668979584236,0,KXBTC15M-26OCT011400-00,,,skipped,1790877480533,,,2026-10-01,1790877784347,shadow_official_arrival,0.5701424784807932,0.4504477336423979,3,11.089365290914976,96.5655156463785,False,UP,37.52806871821311,23.112575404306366,False,True,False,True,conditions_not_met,1790877180000,100.51472868895183,952.6304999999993,952.6304999999993,1.0,0.4504477336423979,False
1790877600000,1790877841883,DOWN,0.78,84838.39,13.262608275965704,0,KXBTC15M-26OCT011415-15,1790878505595,,filled,1790877841883,1790878504009,1790878566767,2026-10-01,1790878505595,observed_grade,0.5652742542110729,0.18771535564252462,1,-32.674159663098614,39.5514559831267,False,UP,38.16896050754459,23.3075456125589,False,True,False,True,conditions_not_met,1790877180000,100.51472868895183,952.6304999999993,667.302833333335,0.7004844305670829,0.18771535564252462,False
1790878500000,1790878741715,DOWN,0.65,84881.89,4.926453294884503,1,KXBTC15M-26OCT011430-30,,,unfilled,1790878752556,,,2026-10-01,1790879619587,shadow_official_arrival,0.2281668874266796,0.10865334802132426,2,12.052294526192497,24.272546659147576,False,UP,35.438287297510286,36.09702878816158,False,True,True,True,flagged,1790877180000,100.51472868895183,952.6304999999993,393.2880000000587,0.41284422449213937,0.10865334802132426,False
1790879400000,1790879654145,UP,0.66,84777.35,4.976329172818872,1,KXBTC15M-26OCT011445-45,1790879917325,1790879917325,filled,1790879665051,1790880304004,1790880382534,2026-10-01,1790880544069,shadow_official_arrival,0.047499482344869996,0.012473667451547809,2,-2.106441051897834,-1.54286157816097,False,UP,34.30137703597414,56.96038649517623,False,True,True,True,flagged,1790877180000,100.51472868895183,952.6304999999993,346.23549999995157,0.36345204147878096,0.012473667451547809,False
1790880300000,1790880544069,DOWN,0.86,84913.74,15.027092984796209,1,KXBTC15M-26OCT011500-00,1790881042067,1790881042067,filled,1790880544069,1790881204004,1790881278941,2026-10-01,1790881457289,shadow_official_arrival,0.014908923025123285,0.09763979466358244,2,-3.642310883801292,-25.584206237077023,False,UP,35.974447840058026,49.665404647293784,False,True,False,True,conditions_not_met,1790877180000,100.51472868895183,952.6304999999993,513.4433333333145,0.5389742752655042,0.09763979466358244,False
1790881200000,1790881445811,DOWN,0.68,84778.66,6.581962960964249,1,KXBTC15M-26OCT011515-15,1790882113459,,filled,1790881445811,1790882104011,1790882174984,2026-10-01,1790882113459,observed_grade,0.28645851690021695,0.010259405693974197,1,-7.463523381405768,-0.355637137701148,False,UP,33.77850028479917,49.938275954599035,False,True,False,True,conditions_not_met,1790877180000,100.51472868895183,952.6304999999993,519.9545000000217,0.5458092093419453,0.010259405693974197,False
1790882100000,1790882341446,DOWN,0.68,84776.11,4.370197374389262,1,KXBTC15M-26OCT011530-30,1790882644502,1790882644502,filled,1790882341446,1790883004000,1790883077526,2026-10-01,1790883301024,shadow_official_arrival,0.0658197077922308,0.05356971435227336,6,2.385734318401944,-11.161595583139006,False,UP,32.49145999252256,47.39628718165395,False,True,False,True,conditions_not_met,1790877180000,100.51472868895183,952.6304999999993,519.9545000000217,0.5458092093419453,0.05356971435227336,False
1790883000000,1790883239673,UP,0.904,84589.89,16.905822512203184,1,KXBTC15M-26OCT011545-45,1790883917492,,filled,1790883239673,1790883904009,1790883931927,2026-10-01,1790883917492,observed_grade,0.1405263512149244,0.06193314198247796,4,-0.7942368418845103,-9.961322532543448,False,UP,28.776195946320136,40.799938462340236,False,True,False,True,conditions_not_met,1790877180000,100.51472868895183,952.6304999999993,615.0698333334003,0.6456541474720794,0.06193314198247796,False
1790883900000,1790884148058,DOWN,0.66,84618.66,3.9654177144077263,0,KXBTC15M-26OCT011600-00,1790884819884,,filled,1790884148058,1790884804012,1790884890717,2026-10-01,1790884819884,observed_grade,0.5382561616792454,0.1519314176860186,5,-17.44198613361614,-23.71073482616115,False,UP,25.987641207303778,41.25564418300282,False,True,True,True,flagged,1790877180000,100.51472868895183,952.6304999999993,277.4270000000397,0.2912220425443442,0.1519314176860186,False
1790884800000,1790885046524,UP,0.82,84636.71,14.155185537498838,1,KXBTC15M-26OCT011615-15,1790885548390,1790885548390,filled,1790885046524,1790885704002,1790885786405,2026-10-01,1790885763850,shadow_official_arrival,0.41701970106722225,0.02294996923398002,3,19.06877252316308,3.972461945997985,False,UP,23.01619665821275,53.17441618183192,False,True,True,True,flagged,1790877180000,100.51472868895183,952.6304999999993,290.0918333333393,0.30451663402897505,0.02294996923398002,False
1790885700000,1790886083649,UP,0.69,84762.29,3.719853879995405,0,KXBTC15M-26OCT011630-30,1790886607977,,filled,1790886083649,1790886604010,1790886623646,2026-10-01,1790886607977,observed_grade,0.15411054110087213,0.03956844498900564,6,-0.2652245578904644,9.141424080996163,False,UP,24.066699114724507,53.59951151035027,False,True,True,True,flagged,1790877180000,100.51472868895183,952.6304999999993,245.77866666669433,0.25799999755067105,0.03956844498900564,False
1790886600000,1790886910872,DOWN,0.68,84751.56,3.2932923791217927,1,KXBTC15M-26OCT011645-45,,,unfilled,1790887066264,,,2026-10-01,1790887544581,shadow_official_arrival,0.34691749280654316,0.009251404199020555,1,-6.535792471014101,1.6407989306244097,False,UP,23.965169594509828,51.632253717670764,False,True,True,True,flagged,1790877180000,100.51472868895183,952.6304999999993,245.77866666669433,0.25799999755067105,0.009251404199020555,False
1790887500000,1790887859990,UP,0.69,84586.89,1.3278456429000052,1,KXBTC15M-26OCT011700-00,1790888328255,1790888328255,filled,1790887902907,1790888404013,1790888464062,2026-10-01,1790888464062,shadow_official_arrival,0.5700428760683843,0.027506603891613735,2,-15.834092736098926,-2.2559492565510375,False,UP,20.682348166092943,43.81947286987809,False,True,True,True,flagged,1790877180000,100.51472868895183,952.6304999999993,254.9738333333371,0.26765239338162833,0.027506603891613735,False
1790888400000,1790888815112,UP,0.67,84609.34,0.8807341285543835,1,KXBTC15M-26OCT011715-15,1790889311210,,filled,1790888815112,1790889304015,1790889372443,2026-10-01,1790889311210,observed_grade,0.035855868858572386,0.3041763335192051,4,-1.6026952252135018,-18.588459217693256,True,,17.64791430774206,39.04142655736014,True,True,False,True,conditions_not_met,1790877180000,100.51472868895183,952.6304999999993,254.9738333333371,0.26765239338162833,0.3041763335192051,False
1790889300000,1790889546151,DOWN,0.66,84615.87,3.5432281596081694,1,KXBTC15M-26OCT011730-30,1790890116392,1790890116392,filled,1790889546151,1790890204013,1790890282725,2026-10-01,1790890308087,shadow_official_arrival,0.09770097026124644,0.2336082299440911,4,-2.348756540441199,-20.31662539598078,True,,15.925177513647162,27.737913720734745,True,True,True,True,flagged,1790877180000,100.51472868895183,952.6304999999993,252.52850000005856,0.26508546598083804,0.2336082299440911,False
1790890200000,1790890467563,DOWN,0.66,84577.43,3.5211127444556567,1,KXBTC15M-26OCT011745-45,1790890918225,1790890918225,filled,1790890467563,1790891104009,1790891106730,2026-10-01,1790891223444,shadow_official_arrival,0.13745835781185636,0.21724035586431398,1,-4.441241065259449,-21.309767773325383,True,,14.570726233678437,31.940418222031525,True,True,True,True,flagged,1790877180000,100.51472868895183,952.6304999999993,177.86166666663485,0.18670582840527883,0.21724035586431398,False
1790891100000,1790891348915,UP,0.71,84483.47,5.91817941820727,1,KXBTC15M-26OCT011800-00,1790891917853,1790891917853,filled,1790891348915,1790892004015,1790892071195,2026-10-01,1790892141079,shadow_official_arrival,0.16960312952449885,0.1071095040006727,4,-2.2033358127426794,-8.764360103010738,True,,15.672216864220818,33.71977390874676,False,True,True,True,flagged,1790877180000,100.51472868895183,952.6304999999993,169.08116666661226,0.1774887185184732,0.1071095040006727,False
1790892000000,1790892248695,UP,0.906,84535.71,16.550126173502377,1,KXBTC15M-26OCT011815-15,1790892646498,1790892646498,filled,1790892248695,1790892903996,1790892985047,2026-10-01,1790893054999,shadow_official_arrival,0.6319725232494444,0.09700961060012764,1,16.663363423039534,8.628101418368672,True,,15.796347339817723,40.17112307718634,False,True,True,True,flagged,1790877180000,100.51472868895183,952.6304999999993,169.08116666661226,0.1774887185184732,0.09700961060012764,False
1790892900000,1790893147350,DOWN,0.66,84734.36,1.9135881437770674,1,KXBTC15M-26OCT011830-30,1790893699724,1790893699724,filled,1790893147350,1790893804012,1790893875072,2026-10-01,1790893967907,shadow_official_arrival,0.20515004746070536,0.17115916494032993,4,4.5344175248818175,15.635783787519841,True,,16.843899147211022,35.298569864584394,False,True,True,True,flagged,1790877180000,100.51472868895183,952.6304999999993,268.5508333332109,0.2819045089709086,0.17115916494032993,False
1790893800000,1790894047464,DOWN,0.79,84686.18,4.4327185380121925,1,KXBTC15M-26OCT011845-45,1790894712409,,filled,1790894047464,1790894704015,1790894783327,2026-10-01,1790894712409,observed_grade,0.3925236172618667,0.12085384731785256,1,-8.204184954690996,11.418108091074686,True,,17.793331098350766,34.39596132263364,True,True,True,True,flagged,1790877180000,100.51472868895183,952.6304999999993,268.5508333332109,0.2819045089709086,0.12085384731785256,False
1790894700000,1790894944014,DOWN,0.67,84668.34,4.529713625344156,0,KXBTC15M-26OCT011900-00,1790895616479,,filled,1790894944014,1790895614053,1790895677168,2026-10-01,1790895616479,observed_grade,0.10662268991193677,0.10582297717351187,2,-3.068380022378525,11.265583496917753,True,,17.455685598608387,39.89672455979858,True,True,True,True,flagged,1790877180000,100.51472868895183,952.6304999999993,249.33633333326725,0.2617345689994887,0.10582297717351187,False
1790895600000,1790895920568,DOWN,0.66,84721.46,2.6804896893928287,1,KXBTC15M-26OCT011915-15,1790896379968,1790896379968,filled,1790895974592,1790896504007,1790896578266,2026-10-01,1790896737328,shadow_official_arrival,0.2645881461037438,0.02036469558045776,4,9.081100272316789,0.20805541039115028,True,,16.6973059925684,50.244437928201634,True,True,True,True,flagged,1790877180000,100.51472868895183,952.6304999999993,142.15666666653124,0.14922539921462868,0.02036469558045776,False
1790896500000,1790896748510,UP,0.83,84643.16,7.7485686183420555,1,KXBTC15M-26OCT011930-30,1790897207435,1790897207435,filled,1790896748510,1790897413998,1790897475606,2026-10-01,1790897659064,shadow_official_arrival,0.009798713067207043,0.02942934419506663,2,-0.3137661314966955,-2.2014961013738787,True,,15.342807419107958,62.38508934775116,True,True,True,True,flagged,1790877180000,100.51472868895183,952.6304999999993,142.15666666653124,0.14922539921462868,0.02942934419506663,False
1790897400000,1790897648079,UP,0.77,84722.37,5.0780763883984115,1,KXBTC15M-26OCT011945-45,1790898197816,1790898197816,filled,1790897648079,1790898304008,1790898382491,2026-10-01,1790898573495,shadow_official_arrival,0.3327129745538159,0.11531945334752954,5,7.780211707200113,13.792503374809861,True,,15.716840602015436,61.16340516188402,True,True,True,True,flagged,1790877180000,100.51472868895183,952.6304999999993,142.15666666653124,0.14922539921462868,0.11531945334752954,False
1790898300000,1790898544105,DOWN,0.78,84819.52,6.479286843397158,0,KXBTC15M-26OCT012000-00,1790899207437,,filled,1790898544105,1790899204013,1790899270576,2026-10-01,1790899207437,observed_grade,0.012943520239006742,0.15486753768322134,2,0.4282043448844419,15.90161325125905,True,,18.59934734274867,49.29020872709849,True,True,True,True,flagged,1790877180000,100.51472868895183,952.6304999999993,215.99849999995786,0.22673901370988858,0.15486753768322134,False
1790899200000,1790899442925,DOWN,0.82,84860.17,9.957242995553006,0,KXBTC15M-26OCT012015-15,1790900110901,,filled,1790899442925,1790900104009,1790900172171,2026-10-01,1790900110901,observed_grade,0.06927632353287651,0.10284810363416225,2,1.409643902212654,8.679866013783233,True,,21.38532440878158,38.93613833577024,False,True,True,True,flagged,1790877180000,100.51472868895183,952.6304999999993,234.68366666670772,0.24635329927680027,0.10284810363416225,False
1790900100000,1790900536990,DOWN,0.79,84874.21,2.8083521091737396,1,KXBTC15M-26OCT012030-30,1790900935541,1790900935541,filled,1790900580072,1790901004005,1790901088991,2026-10-01,1790901021334,shadow_official_arrival,0.2492754818950115,0.16511088718718714,4,7.377317162016173,16.470361142124634,False,UP,23.529462875246093,40.12009936117267,False,True,True,True,flagged,1790877180000,100.51472868895183,952.6304999999993,206.9968333334109,0.21728973965604823,0.16511088718718714,False
1790901000000,1790901247530,DOWN,0.71,84786.81,6.361406135382275,0,KXBTC15M-26OCT012045-45,1790901914013,,filled,1790901247530,1790901904004,1790901974278,2026-10-01,1790901914013,observed_grade,0.4983057407840884,0.024282300908466142,1,-17.964493415856264,-2.9778655831602663,True,,24.28377270646364,52.29732850257311,False,True,True,True,flagged,1790877180000,100.51472868895183,952.6304999999993,172.45283333322732,0.18102804112741241,0.024282300908466142,False
1790901900000,1790902149373,DOWN,0.67,84832.88,7.345343770795987,1,KXBTC15M-26OCT012100-00,1790902594371,1790902594371,filled,1790902149373,1790902804012,1790902885342,2026-10-01,1790902861508,shadow_official_arrival,0.07047150084655843,0.0036721488536610647,2,4.448529246745547,0.708354189622451,True,,21.11394336586347,58.3096517866421,False,True,True,True,flagged,1790877180000,100.51472868895183,952.6304999999993,211.4866666666785,0.2220028297085582,0.0036721488536610647,False
1790902800000,1790903049969,DOWN,0.69,84760.87,5.046078455775982,1,KXBTC15M-26OCT012115-15,1790903506541,1790903506541,filled,1790903049969,1790903704011,1790903788772,2026-10-01,1790903776342,shadow_official_arrival,0.2665490169423326,0.04701149166294066,7,-6.185224618564522,-6.787068922411432,True,,19.642704946857993,60.43035287972603,False,True,True,True,flagged,1790877180000,100.51472868895183,952.6304999999993,211.4866666666785,0.2220028297085582,0.04701149166294066,False
1790903700000,1790903973134,DOWN,0.65,84648.28,1.6789275970297002,1,KXBTC15M-26OCT012130-30,1790904467139,1790904467139,filled,1790903973134,1790904604010,1790904687309,2026-10-01,1790904705019,shadow_official_arrival,0.4226597404896511,0.2123331954183843,3,-9.940888125541392,-31.56270768297165,True,,16.88563494332848,50.593956859540775,True,True,True,True,flagged,1790877180000,100.51472868895183,952.6304999999993,268.14250000003085,0.2814758712848592,0.2123331954183843,False
1790904600000,1790904861248,UP,0.72,84580.64,2.4906802943758244,0,KXBTC15M-26OCT012145-45,1790905576279,,filled,1790904861248,1790905504010,1790905576279,2026-10-01,1790905576279,observed_grade,0.17145886008362657,0.12934679232785393,6,-4.223347067928707,-14.7356396156062,True,,18.769118431480376,34.361982640029474,True,True,True,True,flagged,1790877180000,100.51472868895183,952.6304999999993,329.66566666660947,0.3460582740806742,0.12934679232785393,False
1790905500000,1790905746653,UP,0.88,84553.06,10.47969168708196,1,KXBTC15M-26OCT012200-00,1790906178689,1790906178689,filled,1790905746653,1790906404009,1790906485499,2026-10-01,1790906533636,shadow_official_arrival,0.23296791241398698,0.1391494351268035,0,6.726289308995881,-14.956939367828381,True,,21.83962155004164,34.99622226054448,False,True,True,True,flagged,1790877180000,100.51472868895183,952.6304999999993,257.7785000000149,0.27059652194635286,0.1391494351268035,False
1790906400000,1790906683534,UP,0.66,84893.21,2.424516636847507,1,KXBTC15M-26OCT012215-15,1790906987618,1790906987618,filled,1790906683534,1790907304010,1790907381306,2026-10-01,1790907462889,shadow_official_arrival,0.5310916209018038,0.1587980835711672,5,32.05072042574919,23.077288662638473,True,,22.750750317134344,33.55432715061483,False,True,False,True,no_recent_shock,,,,388.6853333331819,,0.1587980835711672,False
1790907300000,1790907542795,DOWN,0.9,85065.02,14.901130923140604,1,KXBTC15M-26OCT012230-30,1790907944181,1790907944181,filled,1790907542795,1790908204006,1790908278240,2026-10-01,1790908382539,shadow_official_arrival,0.06770809544598362,0.2029443009043038,4,2.3761722701554078,35.0303441526334,False,UP,26.73682902367983,26.721329486490294,False,True,False,True,no_recent_shock,,,,549.0044999998936,,0.2029443009043038,False
1790908200000,1790908737813,DOWN,0.49,84901.83,1.2189372125415154,0,KXBTC15M-26OCT012245-45,,,unfilled,1790908737813,,,2026-10-01,1790909298795,shadow_official_arrival,0.14072023853365642,0.2209407317866337,3,2.3323247395379276,34.49359546135122,True,,25.173908671941014,33.342837902366874,False,True,False,True,no_recent_shock,,,,516.5139999999083,,0.2209407317866337,False
1790909100000,1790909344747,UP,0.74,84948.97,7.9527548519231495,1,KXBTC15M-26OCT012300-00,1790909767231,1790909767231,filled,1790909344747,1790910004051,1790910078416,2026-10-01,1790910230385,shadow_official_arrival,0.5530995816652775,0.25900228414493437,1,14.734798984017417,44.64854554237174,False,UP,24.24182024130311,34.40383113346919,False,True,False,True,no_recent_shock,,,,431.1386666666949,,0.25900228414493437,False
1790910000000,1790910241364,UP,0.89,85154.23,30.255885898637924,1,KXBTC15M-26OCT012315-15,1790910834742,1790910834742,filled,1790910241364,1790910904017,1790910985366,2026-10-01,1790911157264,shadow_official_arrival,0.7880857488059457,0.34509922602599874,1,46.261229155215574,58.14852793243341,False,UP,26.95815475039759,36.29798051321793,False,True,False,True,no_recent_shock,,,,431.9841666666616,,0.34509922602599874,True
1790910900000,1790911146125,DOWN,0.78,85308.27,9.954935592215719,1,KXBTC15M-26OCT012330-30,1790911615476,1790911615476,filled,1790911146125,1790911804006,1790911881574,2026-10-01,1790912075893,shadow_official_arrival,0.36177804230213684,0.1759223352316161,3,-22.072517124517297,33.56351483058351,False,UP,33.69002993813965,34.71111396046289,False,True,False,True,no_recent_shock,,,,583.2541666666948,,0.1759223352316161,False
1790911800000,1790912042551,UP,0.9,85229.01,19.74583927858653,1,KXBTC15M-26OCT012345-45,1790912461001,1790912461001,filled,1790912042551,1790912704003,1790912781369,2026-10-01,1790912999090,shadow_official_arrival,0.5885134395815136,0.32516240776925637,1,20.330610290244522,59.58902586827186,False,UP,37.69319259249473,30.611572160626974,False,True,False,True,no_recent_shock,,,,560.6266666667216,,0.32516240776925637,False
1790912700000,1790913087606,DOWN,0.67,85397.89,3.025094257790295,0,KXBTC15M-26OCT020000-00,1790913619805,,filled,1790913087606,1790913604011,1790913688910,2026-10-01,1790913619805,observed_grade,0.06865879569301771,0.179421607163274,6,-4.532761642753735,33.77350434701442,False,UP,44.24085171011965,34.9655019849429,False,True,False,True,no_recent_shock,,,,383.70050000007905,,0.179421607163274,False
1790913600000,1790913848296,UP,0.75,85497.31,8.991452479629736,0,KXBTC15M-26OCT020015-15,1790914509329,,filled,1790913848296,1790914504037,1790914579723,2026-10-02,1790914509329,observed_grade,0.6590314897637578,0.1109007404106719,1,19.751297059946715,18.641124497869033,False,UP,47.46148776467643,41.60209542455853,False,True,False,True,no_recent_shock,,,,387.9478333333245,,0.1109007404106719,False
1790914500000,1790914739325,UP,0.82,85450.85,13.923032948168768,1,KXBTC15M-26OCT020030-30,1790915080301,1790915080301,filled,1790914739325,1790915404000,1790915480344,2026-10-02,1790915446556,shadow_official_arrival,0.0026841646006657348,0.2566918111395008,2,-0.14788873379356637,40.57392126523895,False,UP,50.694297341959995,42.83023734695737,False,True,False,True,no_recent_shock,,,,398.5411666666769,,0.2566918111395008,False
1790915400000,1790915639977,DOWN,0.8,86728.02,17.029367594615373,1,KXBTC15M-26OCT020045-45,1790916164997,1790916164997,filled,1790915639977,1790916304004,1790916376044,2026-10-02,1790916364675,shadow_official_arrival,0.7141167879367113,0.5291319543495455,2,118.84549853413029,138.99900746570327,False,UP,56.52636516544393,12.739093758683545,False,True,False,True,conditions_not_met,1790915580000,149.53480950891773,1469.2889999999607,1456.6985000000132,0.9914308893621692,0.5291319543495455,False
1790916300000,1790916548834,UP,0.71,86513.45,10.989485835244395,1,KXBTC15M-26OCT020100-00,1790917120372,1790917120372,filled,1790916548834,1790917204001,1790917205985,2026-10-02,1790917285829,shadow_official_arrival,0.03298588237048266,0.4343580833488913,4,3.256648181695354,141.22736027688097,False,UP,60.42963300691308,18.273089804167,False,True,False,True,conditions_not_met,1790916540000,140.06653524674118,1422.3156666666473,1422.3156666666473,1.0,0.4343580833488913,False
1790917200000,1790917479834,DOWN,0.66,86599.03,2.79121679153449,1,KXBTC15M-26OCT020115-15,1790918108891,,filled,1790917479834,1790918104002,1790918169202,2026-10-02,1790918108891,observed_grade,0.0773628914801992,0.3618505945008628,5,-5.925921319785976,116.80664572275568,False,UP,62.84227681911379,21.564193977126305,False,True,False,True,conditions_not_met,1790917440000,117.70803805008168,1337.9031666667288,1337.9031666667288,1.0,0.3618505945008628,False
1790918100000,1790918341060,DOWN,0.69,86551.05,8.351872488356893,1,KXBTC15M-26OCT020130-30,1790918682592,1790918682592,filled,1790918341060,1790919004001,1790919080119,2026-10-02,1790919128179,shadow_official_arrival,0.23981870307425943,0.3112818242614459,5,-11.500087135927206,106.2220452829088,False,UP,63.09626018734634,24.27056698002795,False,True,False,True,conditions_not_met,1790918340000,105.23721601459535,1217.8230000000622,1217.8230000000622,1.0,0.3112818242614459,False
1790919000000,1790919313888,DOWN,0.65,86306.67,3.7569711201546063,1,KXBTC15M-26OCT020145-45,,,unfilled,1790919313888,,,2026-10-02,1790920045846,shadow_official_arrival,0.474521639893157,0.14825639671648227,3,-21.733367808733917,-27.672646141470025,False,UP,57.11223583059293,48.28177792839087,False,True,True,True,flagged,1790918340000,105.23721601459535,1217.8230000000622,386.87100000004284,0.31767424330138544,0.14825639671648227,False
1790919900000,1790920259404,DOWN,0.67,86109.54,5.404298602290636,1,KXBTC15M-26OCT020200-00,1790920488111,1790920488111,filled,1790920259404,1790920804002,1790920880906,2026-10-02,1790920962354,shadow_official_arrival,0.33488406910830554,0.3325117460553119,1,-20.727680006561442,-68.09334960903412,False,UP,46.39315638137054,28.97886369458286,False,True,False,True,conditions_not_met,1790918340000,105.23721601459535,1217.8230000000622,758.8188333332946,0.6230945164718156,0.3325117460553119,False
1790920800000,1790921042145,UP,0.66,85976.62,4.82557544907225,0,KXBTC15M-26OCT020215-15,1790921708087,,filled,1790921042145,1790921704001,1790921768526,2026-10-02,1790921708087,observed_grade,0.11653225732633855,0.3189050606550174,4,-4.02621235456313,-64.70681942798873,False,UP,41.31735190588574,25.581609453197395,False,True,False,True,conditions_not_met,1790918340000,105.23721601459535,1217.8230000000622,676.9708333333983,0.555886063355154,0.3189050606550174,False
1790921700000,1790921943858,UP,0.72,85908.54,8.286778008341766,1,KXBTC15M-26OCT020230-30,1790922479196,1790922479196,filled,1790921943858,1790922604000,1790922675569,2026-10-02,1790922800465,shadow_official_arrival,0.0692470486722254,0.2658605814024402,2,-4.461638050573535,-57.70586274685074,False,UP,34.912847846490074,31.332389935343787,False,True,False,True,conditions_not_met,1790918340000,105.23721601459535,1217.8230000000622,596.0559999999969,0.4894438682796814,0.2658605814024402,False
1790922600000,1790922878522,UP,0.65,86003.92,4.957409693258086,0,KXBTC15M-26OCT020245-45,1790923506601,,filled,1790922878522,1790923504000,1790923506601,2026-10-02,1790923506601,observed_grade,0.16312532923420425,0.14461480934589088,3,8.980564937832725,-26.71506259587342,False,UP,30.16189721208017,36.95407567481031,False,True,True,True,flagged,1790918340000,105.23721601459535,1217.8230000000622,412.9281666667521,0.33907075713525775,0.14461480934589088,False
1790923500000,1790923872525,UP,0.79,85967.2,4.845413909795315,1,KXBTC15M-26OCT020300-00,1790924408145,,filled,1790923883560,1790924403999,1790924471379,2026-10-02,1790924408145,observed_grade,0.13449542585981109,0.051486093262169796,3,8.870631485125013,-6.676498865173519,False,UP,24.818712062939,62.55246101331214,False,True,True,True,flagged,1790918340000,105.23721601459535,1217.8230000000622,200.33249999996042,0.1645005062311602,0.051486093262169796,False
1790924400000,1790924699408,DOWN,0.71,85969.7,3.6662917283636354,1,KXBTC15M-26OCT020315-15,1790925307632,,filled,1790924699408,1790925303988,1790925368782,2026-10-02,1790925307632,observed_grade,0.06197482247071956,0.06976189778015804,2,-3.5823193562989353,-9.734476336845654,False,UP,21.449657196443628,64.69813896420082,False,True,True,True,flagged,1790918340000,105.23721601459535,1217.8230000000622,174.31900000006135,0.14313984873011304,0.06976189778015804,False
1790925300000,1790925629200,DOWN,0.66,85946.41,2.853115098119252,1,KXBTC15M-26OCT020330-30,1790926211569,,filled,1790925629200,1790926203995,1790926272028,2026-10-02,1790926211569,observed_grade,0.020994372642504536,0.020360378876634916,2,0.3127744784436892,-4.812559911629988,True,,17.828956424229993,67.30227661895965,True,True,True,True,flagged,1790918340000,105.23721601459535,1217.8230000000622,160.23883333336562,0.13157809741921234,0.020360378876634916,False
1790926200000,1790926444149,DOWN,0.7,85931.72,6.830151504778614,1,KXBTC15M-26OCT020345-45,1790926811323,1790926811323,filled,1790926444149,1790927103992,1790927179685,2026-10-02,1790927379330,shadow_official_arrival,0.14663890473716543,0.1234271066561473,2,-5.00990867205342,-18.772229445841447,True,,16.81086850940987,63.98107380196921,True,True,True,True,flagged,1790918340000,105.23721601459535,1217.8230000000622,163.67849999997998,0.1344025363291477,0.1234271066561473,False
1790927100000,1790927346354,UP,0.72,85771.02,7.492196470704204,1,KXBTC15M-26OCT020400-00,1790927702447,1790927702447,filled,1790927346354,1790928004044,1790928075391,2026-10-02,1790928294868,shadow_official_arrival,0.10715707701927282,0.0751120095940067,2,-4.39555948733239,-12.100017731903057,False,DOWN,18.221606824571406,42.97655692515784,False,True,True,True,flagged,1790918340000,105.23721601459535,1217.8230000000622,277.47499999999127,0.22784509735813588,0.0751120095940067,False
1790928000000,1790928248810,UP,0.93,86044.66,26.0122282234998,1,KXBTC15M-26OCT020415-15,1790928624739,1790928624739,filled,1790928248810,1790928903986,1790928983291,2026-10-02,1790929212862,shadow_official_arrival,0.7926709858381685,0.23919688609954734,3,50.46875751682833,40.422382916682764,False,UP,16.76760743737218,43.20426105591804,False,True,False,True,conditions_not_met,1790918340000,105.23721601459535,1217.8230000000622,339.5883333332895,0.2788486777908384,0.23919688609954734,True
1790928900000,1790929144673,UP,0.922,86299.65,25.602517893561494,1,KXBTC15M-26OCT020430-30,1790929624702,1790929624702,filled,1790929144673,1790929803993,1790929873411,2026-10-02,1790929828629,shadow_official_arrival,0.6810726628150916,0.4096168278147106,3,30.426769813436394,70.36266088697118,False,UP,20.52072861496446,27.81659380705005,False,True,False,True,conditions_not_met,1790918340000,105.23721601459535,1217.8230000000622,624.6828333332378,0.5129504314939083,0.4096168278147106,True
1790929800000,1790930043885,DOWN,0.7,86367.08,8.18544905458296,1,KXBTC15M-26OCT020445-45,1790930705568,,filled,1790930043885,1790930703982,1790930776291,2026-10-02,1790930705568,observed_grade,0.46667952627558,0.23405619725544716,5,-27.612575184265964,48.91809830367411,False,UP,27.044703221143447,22.23208868146402,False,True,False,True,conditions_not_met,1790918340000,105.23721601459535,1217.8230000000622,767.9901666666119,0.6306254411901998,0.23405619725544716,False
1790930700000,1790931035529,DOWN,0.66,86317.98,3.0708936114254293,1,KXBTC15M-26OCT020500-00,1790931491273,1790931491273,filled,1790931035529,1790931603992,1790931678799,2026-10-02,1790931656016,shadow_official_arrival,0.06940108710381668,0.2567243074215595,2,0.25955343311734325,51.40828836350808,False,UP,30.21488056488509,26.859385702210464,False,True,False,True,conditions_not_met,1790918340000,105.23721601459535,1217.8230000000622,694.3801666666841,0.570181517894348,0.2567243074215595,False
1790931600000,1790931843480,DOWN,0.76,86218.51,7.228668182737152,1,KXBTC15M-26OCT020515-15,1790932516304,,filled,1790931843480,1790932503992,1790932587167,2026-10-02,1790932516304,observed_grade,0.5104897930554745,0.06324299075364835,1,-18.130072698135933,-11.820062770149242,False,UP,29.5829425624446,30.704315369071487,False,True,False,True,conditions_not_met,1790918340000,105.23721601459535,1217.8230000000622,329.3964999999589,0.27047978236569853,0.06324299075364835,True
1790932500000,1790932976459,DOWN,0.68,86207.79,3.0904979700763224,1,KXBTC15M-26OCT020530-30,1790933250234,1790933250234,filled,1790932976459,1790933403985,1790933482411,2026-10-02,1790933471150,shadow_official_arrival,0.06020546144424596,0.23202481701006708,3,-2.166845062883116,-28.682755833985276,False,UP,24.458392620126684,43.52102916539092,False,True,True,True,flagged,1790918340000,105.23721601459535,1217.8230000000622,368.43849999991653,0.3025386283555966,0.23202481701006708,False
1790933400000,1790933642174,UP,0.942,86138.46,24.11311586794085,1,KXBTC15M-26OCT020545-45,1790934026075,1790934026075,filled,1790933642174,1790934303989,1790934371420,2026-10-02,1790934395258,shadow_official_arrival,0.4261346007420457,0.03665195279711484,2,17.504805430168524,5.273791659827776,False,UP,21.566718961253603,40.064168862317196,False,True,True,True,flagged,1790918340000,105.23721601459535,1217.8230000000622,323.06883333322185,0.2652838986726358,0.03665195279711484,False
1790934300000,1790934542158,DOWN,0.69,86337.29,4.758025182390879,0,KXBTC15M-26OCT020600-00,1790935209150,,filled,1790934542158,1790935203992,1790935278878,2026-10-02,1790935209150,observed_grade,0.2875238579921308,0.022336867441351268,3,-5.887578229648582,-1.9070780465080261,False,UP,22.25990591813422,46.31719618654647,False,True,True,True,flagged,1790918340000,105.23721601459535,1217.8230000000622,265.0973333332513,0.21768133245409044,0.022336867441351268,False
1790935200000,1790935502793,UP,0.69,86349.51,4.067095072886051,0,KXBTC15M-26OCT020615-15,1790936112203,,filled,1790935513773,1790936103987,1790936173135,2026-10-02,1790936112203,observed_grade,0.05114615455624278,0.21248751023059081,6,2.122259106480673,28.63202115415131,False,UP,21.641078131989104,45.725573558291565,False,True,True,True,flagged,1790918340000,105.23721601459535,1217.8230000000622,300.7953333332116,0.24699429501101247,0.21248751023059081,False
1790936100000,1790936588031,DOWN,0.78,86328.52,2.1116042145385983,0,KXBTC15M-26OCT020630-30,,,unfilled,1790936611148,,,2026-10-02,1790937145659,shadow_official_arrival,0.3253649051550806,0.12804606161040544,3,-9.318739600223669,14.985102551958729,False,UP,21.071614692661168,41.01468701959824,False,True,True,True,flagged,1790918340000,105.23721601459535,1217.8230000000622,301.1651666665857,0.2472979789892048,0.12804606161040544,False
1790937000000,1790937269240,UP,0.65,86390.54,1.075484267925031,1,KXBTC15M-26OCT020645-45,1790937799952,1790937799952,filled,1790937356423,1790937903990,1790937981612,2026-10-02,1790938072590,shadow_official_arrival,0.08080392056016994,0.03126040585609421,0,6.344679623861982,6.408939866771046,False,UP,18.881459882497577,51.758184349559066,False,True,True,True,flagged,1790918340000,105.23721601459535,1217.8230000000622,221.88416666648118,0.18219738555313034,0.03126040585609421,False
1790937900000,1790938141285,DOWN,0.83,86415.39,11.92601996781395,1,KXBTC15M-26OCT020700-00,1790938662244,1790938662244,filled,1790938141285,1790938803989,1790938871621,2026-10-02,1790938987788,shadow_official_arrival,0.176617191311122,0.023567414504929624,4,-8.302574199505752,2.927901124369914,False,UP,16.490097097977404,49.41182068746904,False,True,True,True,flagged,1790918340000,105.23721601459535,1217.8230000000622,268.67116666643415,0.22061594063046963,0.023567414504929624,False
1790938800000,1790939055727,UP,0.73,86289.8,4.328360169258971,1,KXBTC15M-26OCT020715-15,1790939363077,1790939363077,filled,1790939055727,1790939703992,1790939787194,2026-10-02,1790939912176,shadow_official_arrival,0.009318323514144078,0.021568800093164628,4,2.301099577848298,-2.8684558436675722,False,UP,14.04516307307011,50.68744085874791,False,True,True,True,flagged,1790918340000,105.23721601459535,1217.8230000000622,268.67116666643415,0.22061594063046963,0.021568800093164628,False
1790939700000,1790940011531,UP,0.72,86432.59,3.43728370668428,0,KXBTC15M-26OCT020730-30,1790940606606,,filled,1790940011531,1790940603990,1790940677115,2026-10-02,1790940606606,observed_grade,0.3709369644387792,0.07988480826341947,1,13.110135547902413,13.976321691246962,False,UP,14.494106627796864,50.58820497967954,False,True,True,True,flagged,1790918340000,105.23721601459535,1217.8230000000622,298.30999999979394,0.24495349488372178,0.07988480826341947,False
1790940600000,1790940849033,UP,0.73,86420.77,9.281950777957348,1,KXBTC15M-26OCT020745-45,1790941420690,1790941420690,filled,1790940849033,1790941503990,1790941577413,2026-10-02,1790941747507,shadow_official_arrival,0.2878253853328615,0.10906356023917273,2,6.866560347777995,13.050695694971637,False,UP,15.072674361480038,49.4924629504866,False,True,False,True,conditions_not_met,1790918340000,105.23721601459535,1217.8230000000622,205.85550000009243,0.16903564803758997,0.10906356023917273,True
1790941500000,1790941811955,UP,0.7,86451.4,1.704155938109242,0,KXBTC15M-26OCT020800-00,1790942417312,,filled,1790941811955,1790942404044,1790942478052,2026-10-02,1790942417312,observed_grade,0.12888852391135772,0.15942260447738565,0,-3.0800246979123536,18.33772704021852,False,UP,17.484285772200845,48.48606227104673,False,True,True,True,flagged,1790918340000,105.23721601459535,1217.8230000000622,236.65350000008766,0.19432503738234175,0.15942260447738565,False
1790942400000,1790942639325,DOWN,0.81,86427.0,11.046027283139193,1,KXBTC15M-26OCT020815-15,1790943312941,,filled,1790942639325,1790943304043,1790943383126,2026-10-02,1790943312941,observed_grade,0.532258462216681,0.008653849455044034,1,-17.572810847074074,1.222800491817999,True,,17.886411973941332,43.75184235860817,True,True,True,True,flagged,1790918340000,105.23721601459535,1217.8230000000622,200.38783333335596,0.16454594250013813,0.008653849455044034,False
1790943300000,1790943544072,UP,0.84,86397.36,15.345549910317224,1,KXBTC15M-26OCT020830-30,1790943980041,1790943980041,filled,1790943544072,1790944203996,1790944279719,2026-10-02,1790944499150,shadow_official_arrival,0.5710947068496295,0.07788887566403832,3,22.982216839477765,9.669774007556864,True,,15.542656608074063,56.703942281885475,True,True,True,True,flagged,1790918340000,105.23721601459535,1217.8230000000622,190.22999999995227,0.1562049657462066,0.07788887566403832,False
1790944200000,1790944441751,UP,0.75,86612.97,17.64177659151045,0,KXBTC15M-26OCT020845-45,1790945104558,,filled,1790944441751,1790945103991,1790945166790,2026-10-02,1790945104558,observed_grade,0.282116963868495,0.15733301504430042,3,27.39854113289919,29.962423511800118,False,UP,17.67976269980834,45.04288402867183,True,True,False,True,conditions_not_met,1790918340000,105.23721601459535,1217.8230000000622,694.2453333332523,0.570070801202816,0.15733301504430042,False
1790945100000,1790945340804,UP,0.84,86490.32,27.422375128220988,1,KXBTC15M-26OCT020900-00,1790945718628,1790945718628,filled,1790945340804,1790946003989,1790946070849,2026-10-02,1790946037536,shadow_official_arrival,0.057459157017458795,0.1003337364674351,2,-6.086173024070218,28.2121610661612,False,UP,22.947453372979208,34.420785888486854,False,True,False,True,conditions_not_met,1790918340000,105.23721601459535,1217.8230000000622,694.2453333332523,0.570070801202816,0.1003337364674351,False
1790946000000,1790946242785,UP,0.68,86822.4,5.625545174212654,0,KXBTC15M-26OCT020915-15,1790946910130,,filled,1790946242785,1790946904002,1790946972884,2026-10-02,1790946910130,observed_grade,0.29982170989310303,0.2046494078759134,3,16.574366643298255,62.515956534574535,False,UP,22.52353424609789,40.930058115902064,False,True,False,True,conditions_not_met,1790918340000,105.23721601459535,1217.8230000000622,693.8478333332896,0.5697443990902242,0.2046494078759134,False
1790946900000,1790947437089,DOWN,0.55,86699.19,1.4212551082282143,1,KXBTC15M-26OCT020930-30,,,unfilled,1790947622012,,,2026-10-02,1790947861050,shadow_official_arrival,0.2663842284120554,0.030488802124921454,7,-10.053306475406032,8.748108934164556,False,UP,22.42261715541277,47.29596959060637,False,True,False,True,no_recent_shock,,,,539.0784999999596,,0.030488802124921454,False
1790947800000,1790948044083,UP,0.88,86615.1,24.55162744910311,1,KXBTC15M-26OCT020945-45,1790948395840,1790948395840,filled,1790948044083,1790948703995,1790948784626,2026-10-02,1790948784626,shadow_official_arrival,0.31229327991844347,0.0214436493869014,2,17.01059218881751,7.143773347912941,False,UP,20.722442675954227,50.31083672917659,False,True,False,True,no_recent_shock,,,,452.349000000002,,0.0214436493869014,False
1790948700000,1790948946620,DOWN,0.72,86888.85,7.76442163370028,1,KXBTC15M-26OCT021000-00,1790949322163,1790949322163,filled,1790948946620,1790949604003,1790949681071,2026-10-02,1790949705333,shadow_official_arrival,0.010882047106881202,0.05051931653769858,2,-0.7334444377293803,10.825728469170404,False,UP,23.101847087763144,48.250256680450086,False,True,False,True,no_recent_shock,,,,491.4584999999788,,0.05051931653769858,False
1790949600000,1790949846708,UP,0.68,86611.96,9.285188019452217,0,KXBTC15M-26OCT021015-15,1790950538298,,filled,1790949846708,1790950504003,1790950603412,2026-10-02,1790950538298,observed_grade,0.20104047009751697,0.07134568408566831,4,-14.858666302285384,-20.58926466294797,False,UP,21.305992644502897,50.50685399315652,False,True,False,True,no_recent_shock,,,,548.5786666667263,,0.07134568408566831,False
1790950500000,1790950740428,UP,0.75,86381.45,14.18840503372154,0,KXBTC15M-26OCT021030-30,1790951408390,,filled,1790950740428,1790951404001,1790951468595,2026-10-02,1790951408390,observed_grade,0.18605501172301073,0.06289512375920697,2,-21.116184679994543,-20.937620674486013,True,,18.34357033111774,44.0855359868401,False,True,False,True,no_recent_shock,,,,807.9831666666287,,0.06289512375920697,False
1790951400000,1790951641282,DOWN,0.68,86140.06,12.389067293433476,1,KXBTC15M-26OCT021045-45,1790952213432,1790952213432,filled,1790951641282,1790952303999,1790952388466,2026-10-02,1790952376969,shadow_official_arrival,0.6198857358443534,0.23489077113316806,1,-54.41030905255273,-91.67067670529106,False,DOWN,17.28609463993292,40.341127208842586,False,True,False,True,no_recent_shock,,,,1037.5941666666913,,0.23489077113316806,False
1790952300000,1790952546500,UP,0.74,85929.07,11.610544991742522,0,KXBTC15M-26OCT021100-00,1790953213170,,filled,1790952546500,1790953204000,1790953277345,2026-10-02,1790953213170,observed_grade,0.03710795491636734,0.24940372064436217,4,-0.5233048769737181,-93.18858268805408,False,DOWN,21.61984568512011,30.60843025747402,False,True,False,True,conditions_not_met,1790952480000,-111.72193570116006,1122.1538333333592,1056.3546666666225,0.9413635058650736,0.24940372064436217,False
1790953200000,1790953462716,DOWN,0.66,85666.06,9.923883507658715,1,KXBTC15M-26OCT021115-15,1790953965303,1790953965303,filled,1790953462716,1790954104005,1790954173451,2026-10-02,1790954219733,shadow_official_arrival,0.49799130132675007,0.32348820386610594,3,-52.2157555505276,-129.63478653404414,False,DOWN,25.749976058630182,30.062116677357604,False,True,False,True,conditions_not_met,1790953440000,-125.93242264494874,1290.0168333334004,1290.0168333334004,1.0,0.32348820386610594,False
1790954100000,1790954388091,DOWN,0.66,85602.81,2.807034021428123,1,KXBTC15M-26OCT021130-30,1790954729912,1790954729912,filled,1790954388091,1790955004013,1790955076301,2026-10-02,1790955133243,shadow_official_arrival,0.05849889420885354,0.30775568728595837,2,0.37734687040158477,-106.104351194507,False,DOWN,30.936436336074454,26.852686756235993,False,True,False,True,conditions_not_met,1790954340000,-108.6747535104049,1180.661166666643,1180.661166666643,1.0,0.30775568728595837,False
1790955000000,1790955496656,DOWN,0.72,85456.87,4.668319820275713,1,KXBTC15M-26OCT021145-45,1790955917223,,filled,1790955496656,1790955904013,1790955987518,2026-10-02,1790955917223,observed_grade,0.1346408628129576,0.17394174922295078,7,-9.752746194009454,-49.757690732368246,False,DOWN,36.22018496999166,28.888921762432805,False,True,False,True,conditions_not_met,1790954820000,-111.24180211976476,1014.7380000000558,682.2625000001135,0.6723533562358718,0.17394174922295078,False
1790955900000,1790956222199,UP,0.67,85322.87,4.944082792024407,0,KXBTC15M-26OCT021200-00,1790956870935,,filled,1790956222199,1790956804009,1790956870935,2026-10-02,1790956870935,observed_grade,0.21948133271244752,0.24766713005028676,2,-8.57464635383054,-72.61207373543633,False,DOWN,40.29984953475667,38.50995351128644,False,True,False,True,conditions_not_met,1790954820000,-111.24180211976476,1014.7380000000558,701.4360000000161,0.6912483813555593,0.24766713005028676,False
1790956800000,1790957049479,UP,0.78,85274.11,15.989319618812114,0,KXBTC15M-26OCT021215-15,1790957716986,,filled,1790957049479,1790957704013,1790957787364,2026-10-02,1790957716986,observed_grade,0.04127826365643147,0.07395711311155313,2,0.5741820201099479,-20.784254781701648,False,DOWN,43.12389361769085,34.353169846268116,False,True,True,True,flagged,1790954820000,-111.24180211976476,1014.7380000000558,423.6165000001056,0.41746391679436695,0.07395711311155313,False
1790957700000,1790957940594,UP,0.68,85192.21,11.881289772082138,0,KXBTC15M-26OCT021230-30,1790958613846,,filled,1790957940594,1790958604018,1790958684220,2026-10-02,1790958613846,observed_grade,0.27768965165845433,0.12566227227376833,2,-15.196449637597809,-30.358591483091722,False,DOWN,42.478235695782644,50.32184343072517,False,True,True,True,flagged,1790954820000,-111.24180211976476,1014.7380000000558,418.9821666666976,0.4128968922684226,0.12566227227376833,False
1790958600000,1790959094901,DOWN,0.66,85181.71,4.565788438238849,1,KXBTC15M-26OCT021245-45,,,unfilled,1790959116215,,,2026-10-02,1790959731849,shadow_official_arrival,0.27686982373422,0.15879454466358733,5,-9.399056102118442,-33.65539418002883,False,DOWN,42.93101265898726,54.82846790119204,False,True,True,True,flagged,1790954820000,-111.24180211976476,1014.7380000000558,318.63983333332,0.31401192557419005,0.15879454466358733,False
1790959500000,1790959743008,UP,0.67,85156.37,9.03665026272149,0,KXBTC15M-26OCT021300-00,1790960420021,,filled,1790959743008,1790960404013,1790960490721,2026-10-02,1790960420021,observed_grade,0.12718256476141865,0.0903085232378157,2,7.052194015935154,-19.41875132944415,False,DOWN,43.88008949650145,46.50315317618365,False,True,True,True,flagged,1790954820000,-111.24180211976476,1014.7380000000558,440.02566666666826,0.4336347576090026,0.0903085232378157,False
1790960400000,1790960640077,UP,0.76,85128.18,9.485754306020056,0,KXBTC15M-26OCT021315-15,1790961308163,,filled,1790960640077,1790961304010,1790961378371,2026-10-02,1790961308163,observed_grade,0.057361903429704396,0.12959632522194772,2,-2.9961665997468856,-25.088234475714177,False,DOWN,42.745666143284645,47.53564492067336,False,True,True,True,flagged,1790954820000,-111.24180211976476,1014.7380000000558,411.3064999999624,0.4053327065705037,0.12959632522194772,False
1790961300000,1790961540323,DOWN,0.7,84953.3,12.646732577392683,1,KXBTC15M-26OCT021330-30,1790962014997,1790962014997,filled,1790961540323,1790962204008,1790962271519,2026-10-02,1790962477809,shadow_official_arrival,0.7503318993085678,0.27627450915464935,1,-42.60922705356052,-52.30456736175726,False,DOWN,41.49545953234439,42.24905100968392,False,True,False,True,conditions_not_met,1790954820000,-111.24180211976476,1014.7380000000558,522.3175000000483,0.5147313887920031,0.27627450915464935,False
1790962200000,1790962444488,UP,0.7,84634.79,13.135536028778816,0,KXBTC15M-26OCT021345-45,1790963122388,,filled,1790962444488,1790963104020,1790963183080,2026-10-02,1790963122388,observed_grade,0.11427794121411054,0.19997110484270514,2,-11.77423363277752,-50.16770306983553,False,DOWN,43.570298622387895,32.97769091356835,False,True,False,True,conditions_not_met,1790954820000,-111.24180211976476,1014.7380000000558,652.3478333333187,0.642873168574827,0.19997110484270514,False
1790963100000,1790963365464,UP,0.66,84596.14,7.714516682835182,1,KXBTC15M-26OCT021400-00,1790963801671,1790963801671,filled,1790963365464,1790964004018,1790964086621,2026-10-02,1790964291502,shadow_official_arrival,0.23325107751180357,0.2811471634270645,6,-10.151241831349855,-67.00307152447738,False,DOWN,46.357342761850546,31.212526427421313,False,True,False,True,conditions_not_met,1790954820000,-111.24180211976476,1014.7380000000558,729.1364999999932,0.7185465607870732,0.2811471634270645,False
1790964000000,1790964280664,UP,0.69,84787.33,6.0153838236631785,1,KXBTC15M-26OCT021415-15,1790964832778,1790964832778,filled,1790964280664,1790964904011,1790964975081,2026-10-02,1790965208061,shadow_official_arrival,0.6389926176284755,0.1757394416118487,1,20.06869992050353,-42.82985715199139,False,DOWN,44.628615552093336,30.226219112518926,False,True,False,True,conditions_not_met,1790954820000,-111.24180211976476,1014.7380000000558,697.5803333332879,0.6874487141836114,0.1757394416118487,False
1790964900000,1790965139731,DOWN,0.82,84862.65,20.650427484886215,1,KXBTC15M-26OCT021430-30,1790965489209,1790965489209,filled,1790965139731,1790965804007,1790965884669,2026-10-02,1790965827654,shadow_official_arrival,0.4324073572742918,0.08280327597228232,0,-18.72935360188177,-17.16811288895559,False,DOWN,40.628738470019975,31.12227730666959,False,True,True,True,flagged,1790954820000,-111.24180211976476,1014.7380000000558,424.10549999990326,0.4179458145845331,0.08280327597228232,False
1790965800000,1790966048785,DOWN,0.75,84596.57,8.729136417698902,1,KXBTC15M-26OCT021445-45,1790966379193,1790966379193,filled,1790966048785,1790966704009,1790966779743,2026-10-02,1790966745717,shadow_official_arrival,0.512934212886715,0.14418728676276718,1,-19.445689710282377,-26.342002283856747,False,DOWN,40.692571583171215,46.52085517901932,False,True,True,True,flagged,1790954820000,-111.24180211976476,1014.7380000000558,345.36750000000757,0.34035140105129463,0.14418728676276718,False
1790966700000,1790967054848,UP,0.65,83957.42,5.872004324727342,1,KXBTC15M-26OCT021500-00,1790967319973,1790967319973,filled,1790967054848,1790967604010,1790967623201,2026-10-02,1790967623201,shadow_official_arrival,0.49927024462688246,0.3406293599186409,4,-50.50190225601714,-87.04436460403642,False,DOWN,46.021959837290765,20.185878535798878,False,True,False,True,conditions_not_met,1790954820000,-111.24180211976476,1014.7380000000558,922.3553333333984,0.9089590942029842,0.3406293599186409,False
1790967600000,1790968016024,DOWN,0.71,84250.56,4.7594144576956765,1,KXBTC15M-26OCT021515-15,1790968346860,1790968346860,filled,1790968016024,1790968504008,1790968581347,2026-10-02,1790968536523,shadow_official_arrival,0.5310150914361073,0.28230217010033026,2,14.625701293740079,-70.92329729682322,False,DOWN,45.10420152276853,21.634386748316004,False,True,False,True,conditions_not_met,1790954820000,-111.24180211976476,1014.7380000000558,935.2226666666247,0.9216395430806507,0.28230217010033026,False
1790968500000,1790968741980,DOWN,0.66,84118.74,11.2407373989043,0,KXBTC15M-26OCT021530-30,1790969475743,,filled,1790968741980,1790969404017,1790969475743,2026-10-02,1790969475743,observed_grade,0.5503620398325972,0.3192227594655225,3,-21.891566883625035,-78.31396730914486,False,DOWN,44.82335831247188,23.19673768017627,False,True,False,True,conditions_not_met,1790954820000,-111.24180211976476,1014.7380000000558,762.651333333255,0.7515746264880325,0.3192227594655225,False
1790969400000,1790969792633,UP,0.66,84124.9,4.992517078772352,1,KXBTC15M-26OCT021545-45,1790970150299,1790970150299,filled,1790969803757,1790970304010,1790970384099,2026-10-02,1790970372613,shadow_official_arrival,0.35593709649279226,0.13051903332403275,5,20.403349961977124,-30.622231128958344,False,DOWN,44.65768899087233,33.75569179504009,False,True,False,True,conditions_not_met,1790954820000,-111.24180211976476,1014.7380000000558,548.7513333333482,0.5407812985552113,0.13051903332403275,False
1790970300000,1790970643767,UP,0.67,84153.27,3.990892649401445,1,KXBTC15M-26OCT021600-00,1790971074250,1790971074250,filled,1790970643767,1790971204010,1790971270852,2026-10-02,1790971283841,shadow_official_arrival,0.2628544111016595,0.11962215637733603,3,5.254390858717706,21.688439234819334,False,DOWN,42.74923387338332,52.70507481582558,False,True,True,True,flagged,1790954820000,-111.24180211976476,1014.7380000000558,282.8418333333393,0.2787338537960772,0.11962215637733603,False
1790971200000,1790971444750,UP,0.68,84282.63,6.941050605564492,1,KXBTC15M-26OCT021615-15,1790971948952,1790971948952,filled,1790971444750,1790972104015,1790972183805,2026-10-02,1790972208469,shadow_official_arrival,0.5301869882854151,0.09553014353707988,3,21.533234218447106,15.746742046203188,False,DOWN,40.689015321646515,56.35618086829062,False,True,True,True,flagged,1790954820000,-111.24180211976476,1014.7380000000558,368.4045000000333,0.36305381290541305,0.09553014353707988,False
1790972100000,1790972632553,UP,0.75,84364.16,3.095034668751939,0,KXBTC15M-26OCT021630-30,,,unfilled,1790972632553,,,2026-10-02,1790973124218,shadow_official_arrival,0.20357060075915193,0.27444959186167145,7,2.323635395888868,41.66402606298858,False,DOWN,31.60103549577994,33.544574201906045,False,True,False,True,conditions_not_met,1790954820000,-111.24180211976476,1014.7380000000558,391.43999999987136,0.3857547465452657,0.27444959186167145,False
1790973000000,1790973248788,UP,0.82,84340.96,10.639452843153041,0,KXBTC15M-26OCT021645-45,1790973916402,,filled,1790973248788,1790973904008,1790973980054,2026-10-02,1790973916402,observed_grade,0.156881260821502,0.2537818085761439,2,9.30032560702232,41.438562029307846,False,DOWN,28.718340039677248,30.049148723902213,False,True,False,True,conditions_not_met,1790954820000,-111.24180211976476,1014.7380000000558,425.5495000000519,0.4193688420065362,0.2537818085761439,False
1790973900000,1790974141952,UP,0.79,84223.83,15.79176977980934,1,KXBTC15M-26OCT021700-00,1790974698187,1790974698187,filled,1790974141952,1790974804014,1790974887826,2026-10-02,1790974969582,shadow_official_arrival,0.1588166579389184,0.13956924431103196,2,-8.142023427119005,23.39912663680277,False,DOWN,25.478839054667286,42.70947825630594,False,True,True,True,flagged,1790954820000,-111.24180211976476,1014.7380000000558,352.557333333345,0.34743680963295515,0.13956924431103196,False
1790974800000,1790975081816,UP,0.68,84445.85,5.8729746143049155,1,KXBTC15M-26OCT021715-15,1790975716229,,filled,1790975081816,1790975704018,1790975776963,2026-10-02,1790975716229,observed_grade,0.4174313883844439,0.10797729604240287,1,17.537068821755764,17.900542620479243,False,DOWN,21.26000567819491,51.31039522733323,False,True,True,True,flagged,1790954820000,-111.24180211976476,1014.7380000000558,288.9533333334257,0.28475659069967796,0.10797729604240287,False
1790975700000,1790976235486,DOWN,0.61,84484.76,0.6137596098243492,1,KXBTC15M-26OCT021730-30,1790976476949,1790976476949,filled,1790976235486,1790976604012,1790976685388,2026-10-02,1790976812078,shadow_official_arrival,0.004635699568467869,0.10604800406630337,4,-0.6490102282352694,10.582222998976043,False,DOWN,18.200218055142578,51.617869870213106,False,True,True,True,flagged,1790954820000,-111.24180211976476,1014.7380000000558,288.9533333334257,0.28475659069967796,0.10604800406630337,False
1790976600000,1790976978394,UP,0.69,84426.38,2.175031074413969,1,KXBTC15M-26OCT021745-45,1790977334317,1790977334317,filled,1790976978394,1790977504014,1790977578758,2026-10-02,1790977729543,shadow_official_arrival,0.3887061979364812,0.017073251021735604,4,-4.004782680109287,4.26573142699338,True,,15.466773948040881,48.44772707950451,True,True,True,True,flagged,1790954820000,-111.24180211976476,1014.7380000000558,285.91616666680784,0.2817635356779702,0.017073251021735604,False
1790977500000,1790977957692,UP,0.67,84503.88,0.7744614803550931,1,KXBTC15M-26OCT021800-00,1790978406305,,filled,1790977957692,1790978404020,1790978477481,2026-10-02,1790978406305,observed_grade,0.3581614200513304,0.13806102799169462,2,4.9920527838676065,8.274578635982799,True,,14.550839049935282,39.564761343448666,True,True,True,True,flagged,1790954820000,-111.24180211976476,1014.7380000000558,143.7826666665933,0.14169437496830253,0.13806102799169462,False
1790978400000,1790978705532,DOWN,0.7,84509.61,3.6356023100103663,0,KXBTC15M-26OCT021815-15,1790979315940,,filled,1790978705532,1790979304020,1790979376283,2026-10-02,1790979315940,observed_grade,0.19661648191529202,0.02412871918063636,4,-2.969347397606681,-1.8168694712095146,True,,13.629638658277175,44.68321203852982,True,True,True,True,flagged,1790954820000,-111.24180211976476,1014.7380000000558,102.27549999987241,0.10079005615229428,0.02412871918063636,False
1790979300000,1790979832616,UP,0.54,84515.14,1.8331232329016345,0,KXBTC15M-26OCT021830-30,,,skipped,1790980083662,,,2026-10-02,1790980472451,shadow_official_arrival,0.7096355262926373,0.11098939214414241,1,7.182513787153955,6.03229930468796,False,UP,12.155353364318575,50.32000349301474,False,True,True,True,flagged,1790954820000,-111.24180211976476,1014.7380000000558,109.5233333332144,0.10793262234508649,0.11098939214414241,False
1790980200000,1790980528627,UP,0.67,84503.14,2.882812007543034,0,KXBTC15M-26OCT021845-45,,,skipped,1790980986340,,,2026-10-02,1790981396048,shadow_official_arrival,0.019201204977203522,0.18173729158739965,2,0.6004323657338162,10.613640692807014,True,,10.598228427993462,49.7297052827478,False,True,True,True,flagged,1790954820000,-111.24180211976476,1014.7380000000558,100.03149999996822,0.09857864788739824,0.18173729158739965,False
1790981100000,1790981341348,UP,0.65,84498.49,2.1484210348909905,1,KXBTC15M-26OCT021900-00,,,skipped,1790981887259,,,2026-10-02,1790982308661,shadow_official_arrival,0.03014303950764672,0.004025046990265016,2,-0.21614604701070128,0.8559796279739018,True,,9.920327784571848,56.214985723467436,False,True,True,True,flagged,1790954820000,-111.24180211976476,1014.7380000000558,84.26216666668188,0.08303834750120449,0.004025046990265016,False
1790982000000,1790982375181,DOWN,0.74,84542.53,3.0343899100315763,1,KXBTC15M-26OCT021915-15,1790982793100,1790982793100,filled,1790982540874,1790982904000,1790982980681,2026-10-02,1790983217599,shadow_official_arrival,0.04862550739421589,0.11808216730406622,2,0.4978937950528284,6.1168181462400995,False,UP,7.966963976649863,57.800114756118276,False,True,True,True,flagged,1790954820000,-111.24180211976476,1014.7380000000558,91.72733333338692,0.09039509048974403,0.11808216730406622,False
1790982900000,1790983431076,UP,0.6,84479.01,0.47390470130803664,1,KXBTC15M-26OCT021930-30,1790983718242,1790983718242,filled,1790983431076,1790983804008,1790983882386,2026-10-02,1790984125387,shadow_official_arrival,0.38492734192161115,0.11500766995620959,2,-2.1530264495672746,-5.704439784736115,True,,8.635320576664748,62.651290069572156,True,True,True,True,flagged,1790954820000,-111.24180211976476,1014.7380000000558,76.21400000005087,0.07510707197330413,0.11500766995620959,False
1790983800000,1790984045262,DOWN,0.77,84545.77,4.191694037444238,1,KXBTC15M-26OCT021945-45,1790984714037,,filled,1790984045262,1790984704015,1790984774773,2026-10-02,1790984714037,observed_grade,0.2274411974324435,0.012634306551056965,0,2.593175834153527,-0.9630636477997445,True,,8.81960494034086,64.93317010783947,True,True,False,True,no_recent_shock,,,,76.65666666677862,,0.012634306551056965,False
1790984700000,1790985231104,DOWN,0.72,84543.92,0.12614745093952884,1,KXBTC15M-26OCT022000-00,1790985531383,1790985531383,filled,1790985231104,1790985604010,1790985665235,2026-10-02,1790985642755,shadow_official_arrival,0.4709015804820565,0.05779427519268367,3,3.7716006746157937,2.654348733268641,True,,9.966396678651876,59.04599430214229,True,True,False,True,no_recent_shock,,,,88.18883333340636,,0.05779427519268367,False
1790985600000,1790985839274,DOWN,0.68,84503.96,2.875703497604576,1,KXBTC15M-26OCT022015-15,1790986516299,,filled,1790985839274,1790986504022,1790986580617,2026-10-02,1790986516299,observed_grade,0.6427109237968041,0.10146505957147958,3,-7.691100623127278,-5.957587706043599,True,,9.393484234575352,54.52693975397106,True,True,False,True,no_recent_shock,,,,88.18883333340636,,0.10146505957147958,False
1790986500000,1790986741782,UP,0.69,84497.77,3.231880162828382,1,KXBTC15M-26OCT022030-30,1790987317123,1790987317123,filled,1790986741782,1790987404017,1790987481211,2026-10-02,1790987469559,shadow_official_arrival,0.22212686302679213,0.07292000452422509,1,5.376382959874082,4.352219585710415,True,,9.643646571503666,48.66215804144796,True,True,False,True,no_recent_shock,,,,120.41983333328972,,0.07292000452422509,False
1790987400000,1790987644201,UP,0.79,84544.05,6.1584858228713735,1,KXBTC15M-26OCT022045-45,1790988164811,1790988164811,filled,1790987644201,1790988304013,1790988385942,2026-10-02,1790988385942,shadow_official_arrival,0.7979402062707917,0.18036164197462592,1,8.404330145239669,9.861763872134333,False,UP,9.285888509467728,48.46722743608208,True,True,False,True,no_recent_shock,,,,138.13516666668875,,0.18036164197462592,False
1790988300000,1790988558280,UP,0.69,84610.46,1.3958479050169004,1,KXBTC15M-26OCT022100-00,1790989212351,,filled,1790988558280,1790989204061,1790989273030,2026-10-02,1790989212351,observed_grade,0.18711144404242985,0.14544092965966643,3,3.0916312868289886,8.990166844966563,True,,13.949837224944607,32.273020311388606,True,True,False,True,no_recent_shock,,,,201.69383333316364,,0.14544092965966643,False
1790989200000,1790989445950,DOWN,0.75,84643.39,2.751819525805832,1,KXBTC15M-26OCT022115-15,1790990112794,,filled,1790989445950,1790990104011,1790990183637,2026-10-02,1790990112794,observed_grade,0.04791267159099467,0.28695083712064995,4,0.3933617453011351,16.62394254255073,True,,19.655613816599168,29.215977881622074,True,True,False,True,no_recent_shock,,,,222.4893333332584,,0.28695083712064995,False
1790990100000,1790990422192,DOWN,0.65,84634.23,1.906379959984994,1,KXBTC15M-26OCT022130-30,1790991010159,,filled,1790990422192,1790991004016,1790991070906,2026-10-02,1790991010159,observed_grade,0.03833939559207646,0.1945021225289325,2,-2.0930735310864534,11.573851168695803,True,,25.20192450975511,26.74485049496473,False,True,False,True,no_recent_shock,,,,176.80966666675522,,0.1945021225289325,False
1790991000000,1790991243543,UP,0.68,84604.32,3.1248404336792213,1,KXBTC15M-26OCT022145-45,1790991911422,,filled,1790991243543,1790991904014,1790991971473,2026-10-02,1790991911422,observed_grade,0.03608101004538962,0.06787434189178125,4,0.30143614114797046,4.1534852892533,True,,26.44819926831908,34.60087984928029,False,True,False,True,no_recent_shock,,,,103.31933333334746,,0.06787434189178125,False
1790991900000,1790992382853,DOWN,0.74,84621.6,1.2970880563123455,0,KXBTC15M-26OCT022200-00,1790992809666,,filled,1790992382853,1790992804018,1790992870686,2026-10-02,1790992809666,observed_grade,0.30818552875769045,0.09646531174808622,3,-2.6500481947178134,-5.360930834026334,True,,29.630049787827183,47.924839761199024,False,True,False,True,no_recent_shock,,,,96.97316666679399,,0.09646531174808622,False
1790992800000,1790993207661,DOWN,0.79,84631.56,1.3329739717293787,1,KXBTC15M-26OCT022215-15,,,skipped,1790993580105,,,2026-10-02,1790993890928,shadow_official_arrival,0.04329510190015563,0.012617009126867022,1,0.4292558238172539,-1.5985478763647087,True,,29.5028209765665,48.63267334942256,False,True,False,True,no_recent_shock,,,,96.97316666679399,,0.012617009126867022,False
1790993700000,1790993948323,UP,0.81,84608.95,4.100531523751894,1,KXBTC15M-26OCT022230-30,1790994610869,,filled,1790994002142,1790994604008,1790994671468,2026-10-02,1790994610869,observed_grade,0.0914864643434868,0.04062123131703569,2,1.3295933704937646,2.1320774149935495,True,,26.685439186520018,46.75364527102077,False,True,False,True,no_recent_shock,,,,50.534333333329414,,0.04062123131703569,False
1790994600000,1790995130267,UP,0.61,84642.18,0.5692000529067265,1,KXBTC15M-26OCT022245-45,1790995439415,1790995439415,filled,1790995130267,1790995507307,1790995583374,2026-10-02,1790995735724,shadow_official_arrival,0.2393988887212675,0.047580247890871986,4,-2.4136198766655514,2.0494983399532707,True,,26.481006660470644,51.76292343045051,False,True,False,True,no_recent_shock,,,,74.5569999999716,,0.047580247890871986,False
1790995500000,1790995746650,DOWN,0.75,84665.22,3.5305524511686226,1,KXBTC15M-26OCT022300-00,1790996296806,1790996296806,filled,1790995746650,1790996407157,1790996483436,2026-10-02,1790996656915,shadow_official_arrival,0.1619536555189355,0.01029044551179765,2,-1.2622961097119578,0.44577541196799686,True,,27.023064672436284,46.21953625217224,False,True,False,True,no_recent_shock,,,,81.56883333341102,,0.01029044551179765,False
1790996400000,1790996645896,UP,0.7,84588.68,1.479965561976826,0,KXBTC15M-26OCT022315-15,1790997309011,,filled,1790996645896,1790997307211,1790997309011,2026-10-02,1790997309011,observed_grade,0.43143437582985167,0.08696837527051901,2,-4.002792703419189,-3.685665277060046,True,,24.341096387138045,49.29728386789086,False,True,False,True,no_recent_shock,,,,85.94800000004761,,0.08696837527051901,False
1790997300000,1790997541461,UP,0.88,84517.64,8.166125635615806,1,KXBTC15M-26OCT022330-30,1790998073983,1790998073983,filled,1790997541461,1790998207159,1790998275828,2026-10-02,1790998507572,shadow_official_arrival,0.10141691131055011,0.13100491465741815,0,-1.9493757899025077,-6.378574442262863,True,,22.316964382042126,31.92833772706322,False,True,False,True,no_recent_shock,,,,156.25616666662972,,0.13100491465741815,False
1790998200000,1790998449509,UP,0.73,84578.63,2.3431844820942516,1,KXBTC15M-26OCT022345-45,1790998954501,1790998954501,filled,1790998449509,1790999107154,1790999177427,2026-10-02,1790999120801,shadow_official_arrival,0.1163267078203518,0.12782484735087826,4,1.3938565398197156,-5.6192841371960345,True,,20.222036424147937,34.389852195088174,False,True,False,True,no_recent_shock,,,,156.25616666662972,,0.12782484735087826,False
1790999100000,1790999511491,UP,0.66,84634.81,0.9911012580565703,1,KXBTC15M-26OCT030000-00,1790999833927,1790999833927,filled,1790999511491,1791000007213,1791000080192,2026-10-02,1791000232662,shadow_official_arrival,0.6706790320314259,0.007248214572799915,1,5.063453560865128,1.9622279683062516,True,,17.24562559431947,35.315782586286595,True,True,False,True,no_recent_shock,,,,131.38233333329845,,0.007248214572799915,False
1791000000000,1791000243487,UP,0.74,84681.46,2.541052079174655,0,KXBTC15M-26OCT030015-15,1791000919912,,filled,1791000243487,1791000907206,1791000980226,2026-10-03,1791000919912,observed_grade,0.7643214536053677,0.2657166132862583,1,6.340788524938912,11.799501485476593,False,UP,18.18902251811273,32.141062840913165,True,True,False,True,no_recent_shock,,,,171.55616666666174,,0.2657166132862583,False
1791000900000,1791001140346,DOWN,0.84,84646.65,5.593231785686603,1,KXBTC15M-26OCT030030-30,1791001590333,1791001590333,filled,1791001140346,1791001807149,1791001871791,2026-10-03,1791002077393,shadow_official_arrival,0.7509484064452154,0.0382596598954256,3,-12.166858756279542,1.4907781862594227,True,,19.595155775023773,28.071318148477303,True,True,False,True,no_recent_shock,,,,155.98516666672367,,0.0382596598954256,False
1791001800000,1791002043914,UP,0.74,84520.59,2.6740426997307054,1,KXBTC15M-26OCT030045-45,1791002769943,,filled,1791002043914,1791002707160,1791002769943,2026-10-03,1791002769943,observed_grade,0.46277209071759956,0.13455457958557177,0,-6.63291499730545,-6.303844844742779,True,,18.5884449431774,27.410755868415258,True,True,False,True,no_recent_shock,,,,189.57800000011048,,0.13455457958557177,False
1791002700000,1791002945732,UP,0.85,84539.71,4.701301514593581,1,KXBTC15M-26OCT030100-00,1791003616141,,filled,1791002945732,1791003607203,1791003676981,2026-10-03,1791003616141,observed_grade,0.2819862624815568,0.16106898110781806,4,4.289346013506279,-8.251574079702895,True,,20.128635938039412,25.929218393953,False,True,False,True,no_recent_shock,,,,192.54499999994005,,0.16106898110781806,False
1791003600000,1791003839727,DOWN,0.77,84571.37,3.638879209358903,1,KXBTC15M-26OCT030115-15,1791004513431,,filled,1791003839727,1791004507201,1791004574545,2026-10-03,1791004513431,observed_grade,0.2526013678334268,0.31277271818594626,6,-4.449923544447287,-19.0981491881681,True,,17.760046545440698,28.47718834800173,True,True,False,True,no_recent_shock,,,,192.54499999994005,,0.31277271818594626,False
1791004500000,1791004748459,UP,0.75,84554.53,2.4274670243285,1,KXBTC15M-26OCT030130-30,1791005217472,1791005217472,filled,1791004748459,1791005407207,1791005471268,2026-10-03,1791005733946,shadow_official_arrival,0.49997952670445844,0.063239636639186,7,4.076128530852152,-2.8664341020012696,True,,17.55671378194132,27.005927313123692,True,True,False,True,no_recent_shock,,,,80.62199999998847,,0.063239636639186,False
1791005400000,1791005642854,UP,0.69,84612.03,1.8208994631252473,1,KXBTC15M-26OCT030145-45,1791006308942,,filled,1791005642854,1791006307151,1791006379976,2026-10-03,1791006308942,observed_grade,0.9382169384560711,0.25007749013870595,1,6.177343351478903,9.726433764949416,True,,15.106861110311815,47.43548752836632,True,True,False,True,no_recent_shock,,,,102.57649999995192,,0.25007749013870595,False
1791006300000,1791006541707,UP,0.7,84625.51,1.6720332517516923,0,KXBTC15M-26OCT030200-00,1791007219104,,filled,1791006541707,1791007207208,1791007289053,2026-10-03,1791007219104,observed_grade,0.29134330541252484,0.2428824416115986,6,1.4211079230097567,7.262802546992297,True,,14.710795980176158,31.24631621017593,True,True,False,True,no_recent_shock,,,,88.04900000002817,,0.2428824416115986,False
1791007200000,1791007440381,UP,0.76,84621.88,3.804807929110865,0,KXBTC15M-26OCT030215-15,,,skipped,1791007984965,,,2026-10-03,1791008196174,shadow_official_arrival,0.09590795192512534,0.37814254927291485,4,1.5556110286896185,13.423314483280713,True,,15.11425442213257,32.890825743180166,True,True,False,True,no_recent_shock,,,,110.21516666655953,,0.37814254927291485,False
1791008100000,1791008355747,UP,0.65,84619.88,1.7252644020193664,1,KXBTC15M-26OCT030230-30,,,skipped,1791008889535,,,2026-10-03,1791009110967,shadow_official_arrival,0.24956688414524514,0.17356015068827838,2,-2.3901602895148866,7.02616546915058,True,,16.554877360611602,35.855268245707485,True,True,False,True,no_recent_shock,,,,85.80116666670074,,0.17356015068827838,False
1791009000000,1791009377309,DOWN,0.69,84634.87,0.24241387346579657,0,KXBTC15M-26OCT030245-45,,,skipped,1791009782248,,,2026-10-03,1791010036863,shadow_official_arrival,0.0011289259533216205,0.04144523308466035,2,-0.7704455223045414,1.129299413997753,True,,18.038691556193577,56.58616335601114,True,True,False,True,no_recent_shock,,,,47.37616666671238,,0.04144523308466035,False
1791009900000,1791010161390,DOWN,0.67,84639.29,1.8412843491444342,1,KXBTC15M-26OCT030300-00,1791010632489,1791010632489,filled,1791010193494,1791010807150,1791010869065,2026-10-03,1791010951168,shadow_official_arrival,0.15709510042553926,0.03466597934516497,7,-2.1860055045364035,-1.724888834205851,True,,17.086575028394698,69.32696631238005,True,True,False,True,no_recent_shock,,,,47.37616666671238,,0.03466597934516497,False
1791010800000,1791011173172,UP,0.72,84559.59,1.7444699846169698,1,KXBTC15M-26OCT030315-15,1791011722739,,filled,1791011173172,1791011707142,1791011784435,2026-10-03,1791011722739,observed_grade,0.3604320300645071,0.14361174554208966,1,3.398974264829935,-6.242203510837818,True,,19.237662186687864,41.86903292205799,True,True,False,True,no_recent_shock,,,,105.0568333332194,,0.14361174554208966,False
1791011700000,1791011968779,DOWN,0.65,84598.41,1.40686253244926,0,KXBTC15M-26OCT030330-30,1791012612672,,filled,1791011968779,1791012607144,1791012674051,2026-10-03,1791012612672,observed_grade,0.2877784146740205,0.09113811651934603,0,2.0417786020621165,-5.842847436817733,True,,18.56026572180812,42.351679232861535,True,True,False,True,no_recent_shock,,,,103.65099999993981,,0.09113811651934603,False
1791012600000,1791012840171,UP,0.65,84608.85,3.3454341163263734,0,KXBTC15M-26OCT030345-45,,,skipped,1791013385578,,,2026-10-03,1791013711804,shadow_official_arrival,0.506551310262296,0.014586776419699311,1,5.332672425377716,-1.010624167112617,True,,16.05118897065969,40.33225974915366,True,True,False,True,no_recent_shock,,,,99.01449999991746,,0.014586776419699311,False
1791013500000,1791013746594,UP,0.72,84570.13,2.706530859846179,1,KXBTC15M-26OCT030400-00,,,skipped,1791014280752,,,2026-10-03,1791014638435,shadow_official_arrival,0.4282314460229757,0.08434613862722466,2,-5.21475071945221,-3.873779172571812,True,,16.261662695012944,50.23749512824583,True,True,False,True,no_recent_shock,,,,93.53966666663473,,0.08434613862722466,False
1791014400000,1791014660114,UP,0.66,84571.61,1.6970036792862686,1,KXBTC15M-26OCT030415-15,,,unfilled,1791014857325,,,2026-10-03,1791015563686,shadow_official_arrival,0.04562951351398034,0.03727948973514653,4,-1.0897783903451863,2.001520607788354,True,,15.288570131428887,49.4072803729513,True,True,False,True,no_recent_shock,,,,79.6933333332563,,0.03727948973514653,False
1791015300000,1791015542343,DOWN,0.66,84630.53,1.8350351817530974,1,KXBTC15M-26OCT030430-30,1791016053899,1791016053899,filled,1791015662167,1791016207198,1791016285742,2026-10-03,1791016480935,shadow_official_arrival,0.3777115648165347,0.054437031280977224,4,3.637636256976773,2.7135924291799007,True,,14.383340912204337,56.70718347248059,True,True,False,True,no_recent_shock,,,,79.6933333332563,,0.054437031280977224,False
1791016200000,1791016447568,DOWN,0.74,84599.07,3.1491480934564553,0,KXBTC15M-26OCT030445-45,1791017113977,,filled,1791016447568,1791017107192,1791017174294,2026-10-03,1791017113977,observed_grade,0.35189433903283923,0.1496190812887675,1,-5.031200141797365,-7.647567203582506,True,,14.227936283864263,60.004929989583296,True,True,False,True,no_recent_shock,,,,78.77216666656022,,0.1496190812887675,False
1791017100000,1791017445358,UP,0.65,84615.35,0.8374367062247146,0,KXBTC15M-26OCT030500-00,,,skipped,1791017883541,,,2026-10-03,1791018322537,shadow_official_arrival,0.5900907593677955,0.060066828730919536,3,5.257752293810203,3.5146450808620777,True,,13.241591402088499,63.495592976439326,True,True,False,True,no_recent_shock,,,,74.81166666658828,,0.060066828730919536,False
1791018000000,1791018245514,UP,0.72,84614.3,1.6276602575859833,1,KXBTC15M-26OCT030515-15,,,skipped,1791018780153,,,2026-10-03,1791019235164,shadow_official_arrival,0.28861462463094445,0.13261720953069936,3,1.647616831197407,5.183117385945124,True,,11.659372724964749,57.46998421048743,True,True,False,True,no_recent_shock,,,,68.35283333335246,,0.13261720953069936,False
1791018900000,1791019147478,DOWN,0.65,84629.41,1.6926936707539753,1,KXBTC15M-26OCT030530-30,,,skipped,1791019685350,,,2026-10-03,1791019845171,shadow_official_arrival,0.1492641239342463,0.00010464457240475911,4,-1.534656248443067,0.010025803154345425,True,,10.454129553108885,48.30707911250517,True,True,False,True,no_recent_shock,,,,84.77499999993597,,0.00010464457240475911,False
1791019800000,1791020180940,DOWN,0.7,84585.68,0.7675649117011574,1,KXBTC15M-26OCT030545-45,,,skipped,1791020588056,,,2026-10-03,1791020760558,shadow_official_arrival,0.45961607219519157,0.0057170435982674805,1,-1.7003853109942568,-0.36938377134587697,True,,11.26965833651047,41.97666717796905,True,True,False,True,no_recent_shock,,,,72.20933333321591,,0.0057170435982674805,False
1791020700000,1791021232553,UP,0.55,84578.45,0.08335456607166947,1,KXBTC15M-26OCT030600-00,,,skipped,1791021482913,,,2026-10-03,1791021677336,shadow_official_arrival,0.2395333369192327,0.24502516331646984,3,0.6398360884452003,-5.6999865617024525,True,,13.362280159546,33.0331857155303,True,True,False,True,no_recent_shock,,,,79.13533333333908,,0.24502516331646984,False
1791021600000,1791021904946,UP,0.72,84584.03,0.843914231405396,0,KXBTC15M-26OCT030615-15,,,skipped,1791022386650,,,2026-10-03,1791022593252,shadow_official_arrival,0.22435888940497392,0.2007101948087994,5,1.3725144391041333,-4.26369753427247,True,,13.845991963749357,29.59518990165237,True,True,False,True,no_recent_shock,,,,79.13533333333908,,0.2007101948087994,False
1791022500000,1791022795645,DOWN,0.66,84575.05,0.8855645567729109,0,KXBTC15M-26OCT030630-30,,,skipped,1791023287680,,,2026-10-03,1791023505517,shadow_official_arrival,0.22779227160083462,0.2856319643624463,1,-2.41921559329783,-6.099602547151584,True,,13.397130223824197,26.531228933663478,True,True,False,True,no_recent_shock,,,,47.196333333384246,,0.2856319643624463,False
1791023400000,1791023939286,DOWN,0.52,84597.34,0.006757501680443312,1,KXBTC15M-26OCT030645-45,,,skipped,1791024189248,,,2026-10-03,1791024418711,shadow_official_arrival,0.33750593179875454,0.10521029366740785,6,4.042168857232298,2.7813394288411786,True,,13.541534027832762,48.18916661648297,True,True,False,True,no_recent_shock,,,,39.65566666661471,,0.10521029366740785,False
1791024300000,1791024546647,UP,0.73,84596.4,1.7940676750627382,1,KXBTC15M-26OCT030700-00,,,skipped,1791025083657,,,2026-10-03,1791025336820,shadow_official_arrival,0.2973873701017727,0.13819170917765783,6,1.6730809019538384,3.685112657585421,True,,12.889977114191359,49.03815058972714,True,True,False,True,no_recent_shock,,,,47.59883333329344,,0.13819170917765783,False
1791025200000,1791025451816,DOWN,0.81,84626.79,0.8198349482413381,1,KXBTC15M-26OCT030715-15,,,skipped,1791025989755,,,2026-10-03,1791026252502,shadow_official_arrival,0.23617569742758568,0.17512900317421823,2,1.1650690914266626,4.778613622016259,True,,15.083047460434258,33.922714499206656,True,True,False,True,no_recent_shock,,,,69.3729999998759,,0.17512900317421823,False
1791026100000,1791026344328,UP,0.7,84621.61,1.2009146757319122,1,KXBTC15M-26OCT030730-30,,,skipped,1791026889473,,,2026-10-03,1791027176320,shadow_official_arrival,0.1069516087305448,0.2194955306592343,3,1.2215974987039857,7.244882303436562,True,,15.7609599555917,38.254292431450594,True,True,False,True,no_recent_shock,,,,74.71199999999953,,0.2194955306592343,False
1791027000000,1791027308882,UP,0.72,84634.39,0.7416213039013186,1,KXBTC15M-26OCT030745-45,,,skipped,1791027782620,,,2026-10-03,1791028103011,shadow_official_arrival,0.0697409707383385,0.19514637460233003,4,0.6216271589321032,4.95152940194199,True,,18.033802214207626,40.593349079403325,True,True,False,True,no_recent_shock,,,,45.6409999999305,,0.19514637460233003,False
1791027900000,1791028149125,UP,0.87,84646.45,2.7700905747729543,1,KXBTC15M-26OCT030800-00,,,skipped,1791028684650,,,2026-10-03,1791029031344,shadow_official_arrival,0.642377251377286,0.27707028425170677,5,4.124870171402506,6.892752578260275,True,,20.234120538404937,41.220851178143235,False,True,False,True,no_recent_shock,,,,52.819833333356655,,0.27707028425170677,False
1791028800000,1791029042171,UP,0.79,84656.19,2.1481201394335514,1,KXBTC15M-26OCT030815-15,,,skipped,1791029586521,,,2026-10-03,1791029952905,shadow_official_arrival,0.084270892616142,0.23783683918810045,2,0.5905126043170839,6.256117810652384,True,,25.324409127803566,42.08584886483642,False,True,False,True,no_recent_shock,,,,60.6224999998376,,0.23783683918810045,False
1791029700000,1791029941950,UP,0.913,84678.67,8.764938482535012,1,KXBTC15M-26OCT030830-30,1791030354852,1791030354852,filled,1791029941950,1791030607136,1791030678169,2026-10-03,1791030871322,shadow_official_arrival,0.6730270650273079,0.45701122107959025,1,9.332670885726646,14.56361326712896,True,,29.303766090381426,40.54868395231512,False,True,False,True,no_recent_shock,,,,57.292666666573496,,0.45701122107959025,False
1791030600000,1791030947699,UP,0.66,84847.04,0.9567609351290862,0,KXBTC15M-26OCT030845-45,1791031508890,,filled,1791030947699,1791031507143,1791031569665,2026-10-03,1791031508890,observed_grade,0.39921080409614146,0.4993655462324725,2,9.183117962376919,24.58891445125122,False,UP,42.46221383514162,12.226370847910598,False,True,False,True,no_recent_shock,,,,248.91983333334792,,0.4993655462324725,False
1791031500000,1791031741371,UP,0.71,84802.16,2.618722604865731,1,KXBTC15M-26OCT030900-00,1791032238896,1791032238896,filled,1791032056092,1791032407197,1791032461457,2026-10-03,1791032725138,shadow_official_arrival,0.07775366764701781,0.3088272051326275,2,-1.2656906620245323,18.30555609863227,False,UP,45.30292694590633,24.531100450589918,False,True,False,True,no_recent_shock,,,,232.27916666661622,,0.3088272051326275,False
1791032400000,1791032645392,DOWN,0.66,84872.72,2.885104503159708,1,KXBTC15M-26OCT030915-15,1791033200014,1791033200014,filled,1791032645392,1791033307197,1791033385785,2026-10-03,1791033329903,shadow_official_arrival,0.13211696490912703,0.27995311208988427,2,2.813578308946685,20.532559741288647,False,UP,47.13282161004814,29.73731630336167,False,True,False,True,no_recent_shock,,,,239.23016666667536,,0.27995311208988427,False
1791033300000,1791033546812,DOWN,0.78,84846.15,4.122658089570352,1,KXBTC15M-26OCT030930-30,1791034085904,1791034085904,filled,1791033546812,1791034207199,1791034271189,2026-10-03,1791034248506,shadow_official_arrival,0.23338599688816597,0.11176832624782244,4,-4.368093305409104,6.876520643821493,False,UP,45.816658701233116,35.13171396318792,False,True,False,True,no_recent_shock,,,,163.40566666673112,,0.11176832624782244,False
1791034200000,1791034454134,UP,0.88,84803.91,1.9190939034174903,1,KXBTC15M-26OCT030945-45,1791034889825,1791034889825,filled,1791034454134,1791035107145,1791035179150,2026-10-03,1791035167831,shadow_official_arrival,0.08261969321577128,0.0545187050874048,4,1.0628120381750428,-1.8914088796573303,False,UP,41.62236053113213,56.29159973214363,False,True,False,True,no_recent_shock,,,,131.60483333333104,,0.0545187050874048,False
1791035100000,1791035361934,UP,0.66,84838.01,1.8424917478987446,1,KXBTC15M-26OCT031000-00,1791035864202,1791035864202,filled,1791035361934,1791036007189,1791036085360,2026-10-03,1791036085360,shadow_official_arrival,0.15058370205477214,0.031588304998477895,3,3.9444227571650003,3.5647590916476624,False,UP,40.90098971956656,51.30861920885625,False,True,False,True,no_recent_shock,,,,165.18349999998463,,0.031588304998477895,False
1791036000000,1791036248537,DOWN,0.87,84856.02,5.334997642679751,1,KXBTC15M-26OCT031015-15,1791036730694,1791036730694,filled,1791036248537,1791036907194,1791036971812,2026-10-03,1791036996434,shadow_official_arrival,0.38412919773427756,0.0542573883242712,2,-4.2511709558124,-4.417770238388519,False,UP,38.073528080725204,45.65596204646801,False,True,False,True,no_recent_shock,,,,165.18349999998463,,0.0542573883242712,False
1791036900000,1791037145017,UP,0.66,84792.09,0.9411844902107447,1,KXBTC15M-26OCT031030-30,1791037613530,1791037613530,filled,1791037145017,1791037807195,1791037879668,2026-10-03,1791037915086,shadow_official_arrival,0.20387505316226714,0.026462311682594896,4,-1.6027488212155827,-1.5394629466913834,False,UP,31.39722267052306,43.54354742967329,False,True,False,True,no_recent_shock,,,,165.18349999998463,,0.026462311682594896,False
1791037800000,1791038041977,DOWN,0.79,84814.79,3.4361538437610584,1,KXBTC15M-26OCT031045-45,1791038501895,1791038501895,filled,1791038041977,1791038707195,1791038779683,2026-10-03,1791038826544,shadow_official_arrival,0.20353695698086086,0.03929836938224598,2,-1.6081503833453858,-2.241641845063258,False,UP,26.610352137562554,37.60300321391634,False,True,False,True,no_recent_shock,,,,152.45333333332383,,0.03929836938224598,False
1791038700000,1791038939964,UP,0.937,84753.89,6.191259579146902,1,KXBTC15M-26OCT031100-00,1791039459755,1791039459755,filled,1791038939964,1791039607193,1791039680161,2026-10-03,1791039738109,shadow_official_arrival,0.13909931590508054,0.1712852992690066,2,2.4657923744220156,-4.561432073405536,False,UP,22.879885657602234,27.75011377435391,False,True,False,True,no_recent_shock,,,,124.77866666666523,,0.1712852992690066,False
1791039600000,1791039843536,DOWN,0.86,84832.02,5.348589679543547,1,KXBTC15M-26OCT031115-15,1791040519334,,filled,1791039843536,1791040507246,1791040589905,2026-10-03,1791040519334,observed_grade,0.17700964976204023,0.07509750714300782,2,-2.3248845045320543,-3.1854733532832302,False,UP,20.97029919442041,37.27763945321975,False,True,False,True,no_recent_shock,,,,95.04816666658735,,0.07509750714300782,False
1791040500000,1791040837050,UP,0.71,84829.17,0.8448941168137658,1,KXBTC15M-26OCT031130-30,1791041415079,,filled,1791040837050,1791041407207,1791041485453,2026-10-03,1791041415079,observed_grade,0.3803872370211791,0.09077101252730348,7,5.616352636521604,4.5918861171156955,True,,17.00883259400368,46.70609251668634,True,True,False,True,no_recent_shock,,,,102.92766666662646,,0.09077101252730348,False
1791041400000,1791041646357,DOWN,0.82,84833.49,5.864586419035422,0,KXBTC15M-26OCT031145-45,1791042371393,,filled,1791041646357,1791042307158,1791042371393,2026-10-03,1791042371393,observed_grade,0.42260258614323426,0.004111250404500358,2,-4.884909855279451,-0.22499877623149978,True,,15.961458994444753,45.962868597130274,True,True,False,True,no_recent_shock,,,,102.92766666662646,,0.004111250404500358,False
1791042300000,1791042600852,UP,0.67,84834.47,1.394598209898401,1,KXBTC15M-26OCT031200-00,,,skipped,1791043081415,,,2026-10-03,1791043414527,shadow_official_arrival,0.7158592550854264,0.00967021978611518,3,7.449102437659949,0.6829677899200526,True,,13.230209652708359,49.58048817037681,True,True,False,True,no_recent_shock,,,,67.19366666655696,,0.00967021978611518,False
1791043200000,1791043525003,DOWN,0.74,84856.47,1.2673557282483205,1,KXBTC15M-26OCT031215-15,,,skipped,1791043985057,,,2026-10-03,1791044331380,shadow_official_arrival,0.03815558851294082,0.16961020596645987,2,-0.1966275511022797,6.749501208822561,True,,11.53465926724448,52.71643831385417,True,True,False,True,no_recent_shock,,,,77.15366666666523,,0.16961020596645987,False
1791044100000,1791044342610,DOWN,0.66,84824.26,1.6140822605825722,1,KXBTC15M-26OCT031230-30,1791044913495,1791044913495,filled,1791044548760,1791045007160,1791045079077,2026-10-03,1791045251814,shadow_official_arrival,0.4639351427720117,0.04807848256272092,1,-3.7292365779062475,-1.7219337694629466,True,,10.464307416657933,50.27481925487632,True,True,False,True,no_recent_shock,,,,77.15366666666523,,0.04807848256272092,False
1791045000000,1791045241012,UP,0.72,84799.78,2.1257130619800613,1,KXBTC15M-26OCT031245-45,1791045972569,,filled,1791045241012,1791045907202,1791045972569,2026-10-03,1791045972569,observed_grade,0.10923176271266864,0.12916491265588517,2,0.8146948428833234,4.021251927786018,True,,11.914940699095629,49.205858705567906,True,True,False,True,no_recent_shock,,,,76.41633333344362,,0.12916491265588517,False
1791045900000,1791046148900,UP,0.7,84824.82,2.0080207656225646,1,KXBTC15M-26OCT031300-00,1791046690657,1791046690657,filled,1791046148900,1791046807214,1791046889767,2026-10-03,1791047105719,shadow_official_arrival,0.3779301873295559,0.02982914721224446,3,2.83513582043593,0.9125063608683703,True,,10.568830095000923,46.46330133430866,True,True,False,True,no_recent_shock,,,,76.41633333344362,,0.02982914721224446,False
1791046800000,1791047270247,UP,0.72,84856.61,0.8322667301174924,1,KXBTC15M-26OCT031315-15,1791047630275,1791047630275,filled,1791047270247,1791047707164,1791047770848,2026-10-03,1791048022629,shadow_official_arrival,0.26746866777072326,0.12837325098276572,3,2.94390032473002,4.590268758730698,True,,9.912950741649237,38.99356378690328,True,True,False,True,no_recent_shock,,,,82.42083333333721,,0.12837325098276572,False
1791047700000,1791047942856,UP,0.83,84873.43,3.457933379940048,1,KXBTC15M-26OCT031330-30,1791048674315,,filled,1791047942856,1791048607208,1791048674315,2026-10-03,1791048674315,observed_grade,0.6961988542990558,0.3831395608355954,1,4.7253792075885315,10.872465713844814,False,UP,10.861245473711293,33.548658926242,True,True,False,True,no_recent_shock,,,,111.50250000003143,,0.3831395608355954,False
1791048600000,1791048848985,DOWN,0.85,84893.66,5.291875349303643,0,KXBTC15M-26OCT031345-45,1791049512353,,filled,1791048848985,1791049507165,1791049572747,2026-10-03,1791049512353,observed_grade,0.3528967144397593,0.09514646694346023,3,-6.365319743595332,3.646561352164124,True,,16.081056250043698,21.785056290581842,True,True,False,True,no_recent_shock,,,,129.45150000001013,,0.09514646694346023,False
1791049500000,1791049745910,DOWN,0.73,84950.17,2.9198489734272304,0,KXBTC15M-26OCT031400-00,,,skipped,1791050280619,,,2026-10-03,1791050474812,shadow_official_arrival,0.4486607533371159,0.1995609538110958,2,9.05955943461656,9.914221877524998,True,,15.964890913970404,40.18867467797623,True,True,False,True,no_recent_shock,,,,111.21266666671727,,0.1995609538110958,False
1791050400000,1791050800827,UP,0.65,84996.59,1.5328065906339283,0,KXBTC15M-26OCT031415-15,,,skipped,1791051184070,,,2026-10-03,1791051392367,shadow_official_arrival,0.5357962597668198,0.2824405450620472,5,5.903992443461181,17.56318109058741,False,UP,21.125772487309757,38.731870329724885,False,True,False,True,no_recent_shock,,,,155.09483333332173,,0.2824405450620472,False
1791051300000,1791051541268,DOWN,0.65,84981.12,2.3825684261702396,1,KXBTC15M-26OCT031430-30,,,skipped,1791052088112,,,2026-10-03,1791052306421,shadow_official_arrival,0.21143827294101378,0.10332115201513743,5,-4.429331954959315,7.049542207324677,True,,23.537324699556866,38.64342818228028,False,True,False,True,no_recent_shock,,,,168.43433333323628,,0.10332115201513743,False
1791052200000,1791052444885,DOWN,0.72,84978.53,3.028549289640914,1,KXBTC15M-26OCT031445-45,1791052989904,1791052989904,filled,1791052760665,1791053107168,1791053181878,2026-10-03,1791053217695,shadow_official_arrival,0.12046151563143864,0.1977706827206262,2,-0.9508886949716189,12.292144692307438,True,,23.447465794373823,41.52366545193145,False,True,False,True,no_recent_shock,,,,163.36399999989953,,0.1977706827206262,False
1791053100000,1791053498055,DOWN,0.68,84931.72,0.5529343649957053,0,KXBTC15M-26OCT031500-00,1791054074601,,filled,1791053498055,1791054007213,1791054074601,2026-10-03,1791054074601,observed_grade,0.2780157858899532,0.052234675781275,3,-2.179553362409159,-3.8176443960635797,True,,20.21834505100473,47.77653829278231,False,True,False,True,no_recent_shock,,,,96.77783333322441,,0.052234675781275,False
1791054000000,1791054241398,DOWN,0.921,84934.77,6.876747885465884,1,KXBTC15M-26OCT031515-15,1791054748365,1791054748365,filled,1791054241398,1791054907206,1791054982315,2026-10-03,1791055050718,shadow_official_arrival,0.5052381551638938,0.273321311723307,2,-6.430437441048431,-14.371877465287897,True,,17.93686812099748,47.81728527420464,True,True,False,True,no_recent_shock,,,,96.77783333322441,,0.273321311723307,False
1791054900000,1791055186706,DOWN,0.67,84856.01,1.3886268436780203,1,KXBTC15M-26OCT031530-30,1791055707760,1791055707760,filled,1791055186706,1791055807867,1791055883816,2026-10-03,1791055966789,shadow_official_arrival,0.345746934225758,0.3276724822994241,5,-0.4920147699982724,-12.749276208567917,True,,19.26665073336496,30.579105093678567,True,True,False,True,no_recent_shock,,,,134.68799999986368,,0.3276724822994241,False
1791055800000,1791056046350,DOWN,0.76,84830.61,3.45669249972147,1,KXBTC15M-26OCT031545-45,1791056506431,1791056506431,filled,1791056046350,1791056707160,1791056789189,2026-10-03,1791056893830,shadow_official_arrival,0.68334070101066,0.44416918892035423,1,-5.384006943789377,-17.83427711206209,False,DOWN,21.463551684978786,28.593750908626674,False,True,False,True,no_recent_shock,,,,131.3735000000015,,0.44416918892035423,False
1791056700000,1791056948779,DOWN,0.78,84798.53,5.389775035010702,0,KXBTC15M-26OCT031600-00,1791057614120,,filled,1791056948779,1791057607369,1791057674343,2026-10-03,1791057614120,observed_grade,0.5474705297399013,0.4948122885303179,3,-5.984343162080963,-21.24186427551522,False,DOWN,26.064367744521345,24.0736828167008,False,True,False,True,no_recent_shock,,,,163.67183333325374,,0.4948122885303179,True
1791057600000,1791057839838,UP,0.85,84834.38,5.266654077433763,1,KXBTC15M-26OCT031615-15,1791058417570,1791058417570,filled,1791057839838,1791058507216,1791058585622,2026-10-03,1791058737384,shadow_official_arrival,0.8123082342030082,0.11372881979899524,3,15.16458404732468,-1.071076057843623,True,,29.868881652146513,27.008710769850286,False,True,False,True,no_recent_shock,,,,162.42949999985285,,0.11372881979899524,False
1791058500000,1791058813059,UP,0.69,84873.32,0.9769069164855537,1,KXBTC15M-26OCT031630-30,1791059413232,,filled,1791058813059,1791059407215,1791059483613,2026-10-03,1791059413232,observed_grade,0.0549218621178645,0.09297004071264858,3,1.4629375546881818,4.619918006456558,True,,24.715839626722367,34.083281397576194,False,True,False,True,no_recent_shock,,,,133.13199999991048,,0.09297004071264858,False
1791059400000,1791059724530,DOWN,0.68,84883.92,0.8797700828833133,1,KXBTC15M-26OCT031645-45,1791060195994,1791060195994,filled,1791059724530,1791060307215,1791060382786,2026-10-03,1791060577687,shadow_official_arrival,0.05772867170986935,0.210630526461772,4,-0.8940432024395761,8.979507727158165,True,,20.1351578535724,28.68762128708266,False,True,False,True,no_recent_shock,,,,148.9248333331925,,0.210630526461772,False
1791060300000,1791060566689,DOWN,0.81,84847.22,2.5612506809313818,1,KXBTC15M-26OCT031700-00,,,unfilled,1791060566689,,,2026-10-03,1791061491413,shadow_official_arrival,0.5259418019974531,0.3130804754612045,0,-6.3430246382412125,8.46017276804778,True,,18.895357724125233,28.00980387636457,True,True,False,True,no_recent_shock,,,,144.3134999999602,,0.3130804754612045,False
1791061200000,1791061444795,DOWN,0.69,84739.29,1.79218321670227,1,KXBTC15M-26OCT031715-15,1791061768491,1791061768491,filled,1791061444795,1791062107214,1791062180234,2026-10-03,1791062400351,shadow_official_arrival,0.6824757990681108,0.42484031333901734,7,-15.197056478403193,-18.2561126246894,False,DOWN,23.755324772536053,30.505068920047904,False,True,False,True,no_recent_shock,,,,159.97816666659492,,0.42484031333901734,False
1791062100000,1791062342362,UP,0.79,84670.39,4.505884524685921,1,KXBTC15M-26OCT031730-30,1791063009353,,filled,1791062342362,1791063007216,1791063069693,2026-10-03,1791063009353,observed_grade,0.07426676919101592,0.2703531638794354,4,-2.2325505719977823,-18.734156608249954,False,DOWN,31.605904102812513,17.62335672015683,False,True,False,True,no_recent_shock,,,,313.80449999999837,,0.2703531638794354,False
1791063000000,1791063275009,UP,0.65,84694.41,0.5996853865575247,0,KXBTC15M-26OCT031745-45,1791063915951,,filled,1791063275009,1791063907218,1791063977079,2026-10-03,1791063915951,observed_grade,0.24261417686746503,0.3226844492040577,3,-0.6749486749890732,-21.172658503959553,False,DOWN,35.75859584429738,21.11131322678557,False,True,False,True,no_recent_shock,,,,298.5913333333883,,0.3226844492040577,False
1791063900000,1791064148341,UP,0.7,84689.46,3.9014693603323103,1,KXBTC15M-26OCT031800-00,,,skipped,1791064681313,,,2026-10-03,1791064844742,shadow_official_arrival,0.32150323099395717,0.19684925913156864,1,4.063007244301531,-15.136211396744592,False,DOWN,39.07599096527674,23.980534627327042,False,True,False,True,no_recent_shock,,,,272.00716666673543,,0.19684925913156864,False
1791064800000,1791065040671,UP,0.67,84706.65,1.1375533483271028,1,KXBTC15M-26OCT031815-15,,,unfilled,1791065181445,,,2026-10-03,1791065758127,shadow_official_arrival,0.12926263487452513,0.028787376285274915,4,-0.9318866496688116,-1.3185218052869097,False,DOWN,40.07519997381017,40.48097630463438,False,True,False,True,no_recent_shock,,,,146.40966666670283,,0.028787376285274915,False
1791065700000,1791065996255,DOWN,0.65,84776.27,2.082835208487843,1,KXBTC15M-26OCT031830-30,,,skipped,1791066487364,,,2026-10-03,1791066671401,shadow_official_arrival,0.3274515322695722,0.10702087642416487,0,2.939129405767904,7.0014146868180305,False,DOWN,36.706600048068296,34.85536764042164,False,True,False,True,no_recent_shock,,,,90.53883333339763,,0.10702087642416487,False
1791066600000,1791066918512,UP,0.65,84761.62,0.7331541484645321,1,KXBTC15M-26OCT031845-45,,,skipped,1791067389361,,,2026-10-03,1791067582642,shadow_official_arrival,0.11188275333561294,0.15734226260444387,3,0.8150821185926027,6.667807254494562,False,DOWN,31.278629597815755,42.397017528180186,False,True,False,True,no_recent_shock,,,,86.12816666674917,,0.15734226260444387,False
1791067500000,1791067830402,UP,0.65,84780.82,0.9784445742977432,0,KXBTC15M-26OCT031900-00,,,skipped,1791068287201,,,2026-10-03,1791068496870,shadow_official_arrival,0.7094698994257153,0.2309432434813396,1,2.510504151411741,8.3796905756639,False,DOWN,26.062164380314528,36.29590274230013,False,True,False,True,no_recent_shock,,,,82.528999999995,,0.2309432434813396,False
1791068400000,1791068819172,DOWN,0.74,84767.33,0.9887063801539142,1,KXBTC15M-26OCT031915-15,,,skipped,1791069180273,,,2026-10-03,1791069409181,shadow_official_arrival,0.3463535417978025,0.10787838701645486,3,-3.5200012907221634,0.25522046942505483,False,DOWN,22.1556119580157,35.33112041729406,False,True,False,True,no_recent_shock,,,,50.431166666719946,,0.10787838701645486,False
1791069300000,1791069765584,UP,0.82,84755.73,1.1408668180945547,0,KXBTC15M-26OCT031930-30,,,skipped,1791070083675,,,2026-10-03,1791070323479,shadow_official_arrival,0.07165680075380924,0.0233833894923481,4,1.644121032216006,1.3125788272794203,False,DOWN,21.261436342920113,52.28891500310409,False,True,False,True,no_recent_shock,,,,41.02750000014203,,0.0233833894923481,False
1791070200000,1791070491599,UP,0.77,84733.88,1.425561219832172,1,KXBTC15M-26OCT031945-45,1791071021458,1791071021458,filled,1791070678591,1791071107262,1791071179198,2026-10-03,1791071237619,shadow_official_arrival,0.15815254977213683,0.09301516484817815,0,-1.1704989278116251,-2.0922283111890483,True,,19.24144198925975,49.7468942907397,True,True,False,True,no_recent_shock,,,,60.477000000028056,,0.09301516484817815,False
1791071100000,1791071416513,DOWN,0.65,84773.99,0.9361558500120548,1,KXBTC15M-26OCT032000-00,1791072010777,,filled,1791071416513,1791072007215,1791072074575,2026-10-03,1791072010777,observed_grade,0.43761382665099613,0.06659987044260668,4,1.1743304125988452,-2.6712678089757524,True,,16.829550993135786,52.52051173954268,True,True,False,True,no_recent_shock,,,,60.477000000028056,,0.06659987044260668,False
1791072000000,1791072246693,UP,0.71,84746.01,7.55215496280881,1,KXBTC15M-26OCT032015-15,1791072784839,1791072784839,filled,1791072246693,1791072907218,1791072981521,2026-10-03,1791073074187,shadow_official_arrival,0.18754044137419207,0.08239070472871542,2,3.9365010999903305,3.9355767396553887,True,,16.42906174451597,55.60009810648246,True,True,False,True,no_recent_shock,,,,70.29066666663857,,0.08239070472871542,False
1791072900000,1791073206450,UP,0.68,84805.54,2.984828585497201,0,KXBTC15M-26OCT032030-30,1791073812041,,filled,1791073206450,1791073807222,1791073872800,2026-10-03,1791073812041,observed_grade,0.2840517203752367,0.1796225726437863,4,2.7798714900417743,8.82414748311966,True,,15.075289893492538,47.756273658246194,True,True,False,True,no_recent_shock,,,,97.94933333322115,,0.1796225726437863,False
1791073800000,1791074081407,UP,0.7,84797.08,1.5380836226808192,0,KXBTC15M-26OCT032045-45,,,skipped,1791074584480,,,2026-10-03,1791074904263,shadow_official_arrival,0.35695317000445886,0.15073384328222217,4,-2.3326285066060937,7.99430806617929,True,,14.857579884651614,46.79852261969876,True,True,False,True,no_recent_shock,,,,122.2076666665962,,0.15073384328222217,False
1791074700000,1791075003485,UP,0.67,84790.67,1.5114477414468475,0,KXBTC15M-26OCT032100-00,,,skipped,1791075484456,,,2026-10-03,1791075828719,shadow_official_arrival,0.18783817346038176,0.07426580681343829,4,-2.092145211682883,3.970516506472954,True,,12.229465713813545,40.86883017351678,True,True,False,True,no_recent_shock,,,,122.2076666665962,,0.07426580681343829,False
1791075600000,1791076133657,DOWN,0.53,84776.72,0.4753073721186496,1,KXBTC15M-26OCT032115-15,,,skipped,1791076382705,,,2026-10-03,1791076793890,shadow_official_arrival,0.317707625282997,0.10103714406020378,7,-6.39213406245287,-3.494145688978101,True,,10.940972207806215,45.734388742918334,True,True,False,True,no_recent_shock,,,,80.17883333329519,,0.10103714406020378,False
1791076500000,1791076747715,DOWN,0.72,84768.08,5.62859274388372,1,KXBTC15M-26OCT032130-30,1791077318703,1791077318703,filled,1791076747715,1791077407221,1791077482613,2026-10-03,1791077707530,shadow_official_arrival,0.4302869037975471,0.24926077950773295,3,-6.616321846433237,-12.594819348803465,True,,,,,False,False,True,no_recent_shock,,,,110.32366666664893,,0.24926077950773295,False
1791077400000,1791077707530,UP,0.81,84739.37,1.8218607635778206,1,KXBTC15M-26OCT032145-45,1791078213493,1791078213493,filled,1791077707530,1791078307169,1791078378474,2026-10-03,1791078627331,shadow_official_arrival,0.6655859828758506,0.17507292996539664,1,4.8077210525776515,-7.830959948580407,True,,,,,False,False,True,no_recent_shock,,,,117.17250000005879,,0.17507292996539664,False
1791078300000,1791078746582,UP,0.71,84771.37,0.79903155982608,1,KXBTC15M-26OCT032200-00,1791079136299,1791079136299,filled,1791078746582,1791079207212,1791079277254,2026-10-03,1791079542396,shadow_official_arrival,0.12230887893543257,0.10989654765105634,4,-0.10478219840126535,-4.121081348583688,True,,,,,False,False,True,no_recent_shock,,,,112.92583333332732,,0.10989654765105634,False
1791079200000,1791079440024,UP,0.79,84793.43,2.3549977083558993,1,KXBTC15M-26OCT032215-15,1791080009262,1791080009262,filled,1791079440024,1791080107210,1791080174749,2026-10-03,1791080151652,shadow_official_arrival,0.7378467401791668,0.12101272519074625,3,5.162009219639163,4.357400713155268,True,,,,,False,False,True,no_recent_shock,,,,92.79716666668537,,0.12101272519074625,False
1791080100000,1791080589052,UP,0.76,84817.37,1.3131154620804608,1,KXBTC15M-26OCT032230-30,1791081013803,,filled,1791080589052,1791081007213,1791081074527,2026-10-03,1791081013803,observed_grade,0.0010714129949039,0.3459333502846971,4,0.5710277589776602,11.84047153518275,True,,,,,False,False,True,no_recent_shock,,,,119.30149999988498,,0.3459333502846971,False
1791081000000,1791081249182,UP,0.67,84822.76,1.1939012595285625,0,KXBTC15M-26OCT032245-45,1791081912048,,filled,1791081249182,1791081907164,1791081973845,2026-10-03,1791081912048,observed_grade,0.09562007829913201,0.27058570232271173,5,1.3530388874194443,11.084019786391508,True,,,27.50575685409413,,False,False,True,no_recent_shock,,,,103.5573333332577,,0.27058570232271173,False
1791081900000,1791082310044,DOWN,0.69,84792.27,0.7947658436269212,0,KXBTC15M-26OCT032300-00,,,skipped,1791082683938,,,2026-10-03,1791082904449,shadow_official_arrival,0.3200852581579307,0.05893478790753782,2,-3.166996540110434,1.754388744956703,True,,,49.421004010614595,,False,False,True,no_recent_shock,,,,70.9056666665274,,0.05893478790753782,False
1791082800000,1791083330872,UP,0.5,84793.71,0.051812019234986906,1,KXBTC15M-26OCT032315-15,,,skipped,1791083581868,,,2026-10-03,1791083824038,shadow_official_arrival,0.5239520587773336,0.10537452966892065,3,1.6074643655361598,-2.2175070970820165,True,,,50.824739703477036,,False,False,True,no_recent_shock,,,,63.33249999991676,,0.10537452966892065,False
1791083700000,1791084158915,UP,0.74,84796.66,1.1833013234219258,0,KXBTC15M-26OCT032330-30,,,skipped,1791084487668,,,2026-10-03,1791084740304,shadow_official_arrival,0.16616105902138056,0.09479681189463021,3,1.382432602181627,-1.7694370891907507,True,,,44.06979673157528,,False,False,True,no_recent_shock,,,,63.33249999991676,,0.09479681189463021,False
1791084600000,1791084845367,UP,0.81,84787.45,2.7664471569810445,1,KXBTC15M-26OCT032345-45,1791085419396,1791085419396,filled,1791084909704,1791085507210,1791085582175,2026-10-03,1791085651119,shadow_official_arrival,0.18633790275766327,0.09498608167034943,2,1.8390364195419728,-2.1880761387360614,True,,44.42860535375222,45.01011425660136,,False,False,True,no_recent_shock,,,,53.801666666724486,,0.09498608167034943,False
1791085500000,1791085754228,DOWN,0.66,84862.28,1.186058949467217,1,KXBTC15M-26OCT040000-00,1791086248260,1791086248260,filled,1791085754228,1791086407164,1791086481675,2026-10-03,1791086565198,shadow_official_arrival,0.4178111494432511,0.30805590301192215,4,4.870698272385621,8.504982331183353,False,UP,44.88726277241248,35.32947920818689,,False,False,True,no_recent_shock,,,,89.8438333333761,,0.30805590301192215,False
1791086400000,1791086645806,UP,0.69,84826.77,0.5298641769146961,0,KXBTC15M-26OCT040015-15,1791087318509,,filled,1791086645806,1791087307406,1791087380060,2026-10-04,1791087318509,observed_grade,0.7037817382214615,0.17099614681727254,0,-2.51616680680522,4.816030966507956,True,,43.62580192492778,34.62213990562287,,False,False,True,no_recent_shock,,,,78.28333333331102,,0.17099614681727254,False
1791087300000,1791087790579,UP,0.65,84804.99,0.6780064868050495,1,KXBTC15M-26OCT040030-30,,,skipped,1791088085567,,,2026-10-04,1791088536035,shadow_official_arrival,0.5378884165281711,0.010616883278231747,0,-1.6969616509487917,0.10604115371570799,True,,37.283834402941814,39.03927814435619,,False,False,True,no_recent_shock,,,,78.28333333331102,,0.010616883278231747,False
1791088200000,1791088732558,DOWN,0.6,84811.96,0.2437549295386532,1,KXBTC15M-26OCT040045-45,,,skipped,1791088982809,,,2026-10-04,1791089142241,shadow_official_arrival,0.024444444450927583,0.17179023508109928,4,-0.17350269205462787,-2.893478976170316,True,,33.087511566690424,36.01431215786489,,False,False,True,no_recent_shock,,,,60.43316666671308,,0.17179023508109928,False
1791089100000,1791089632372,DOWN,0.55,84810.05,0.14457799123901438,1,KXBTC15M-26OCT040100-00,,,skipped,1791089882403,,,2026-10-04,1791090054804,shadow_official_arrival,0.16372645815504985,0.42663776153323807,3,-0.14681825887374877,-3.497272508744542,True,,29.303331037009,27.627146891436887,,False,False,True,no_recent_shock,,,,39.215333333428134,,0.42663776153323807,False
1791090000000,1791090248500,UP,0.77,84809.33,1.433588340655767,1,KXBTC15M-26OCT040115-15,,,skipped,1791090785555,,,2026-10-04,1791090970787,shadow_official_arrival,0.3695386476691452,0.0985974213946157,4,1.171069729275498,-1.1772389231579083,True,,26.74952189095316,24.355299453568996,,False,False,True,no_recent_shock,,,,30.380333333290764,,0.0985974213946157,False
1791090900000,1791091175285,UP,0.89,84823.05,1.8262135115576505,1,KXBTC15M-26OCT040130-30,,,skipped,1791091689455,,,2026-10-04,1791091882844,shadow_official_arrival,0.02047322225181581,0.19981621056608065,2,1.993379071076884,3.7911255177358605,True,,25.921976935838433,40.95836830549811,,False,False,True,no_recent_shock,,,,21.268833333349903,,0.19981621056608065,False
1791091800000,1791092088914,UP,0.75,84847.51,0.8890262857019771,1,KXBTC15M-26OCT040145-45,,,skipped,1791092583849,,,2026-10-04,1791092802512,shadow_official_arrival,0.4336668180263517,0.28631860221528677,5,1.2853174819449364,5.190028178245765,True,,28.547234814892374,32.061842646197626,,False,False,True,no_recent_shock,,,,44.82983333336597,,0.28631860221528677,False
1791092700000,1791092939913,DOWN,0.71,84904.15,1.1483341312956696,1,KXBTC15M-26OCT040200-00,,,skipped,1791093487298,,,2026-10-04,1791093715349,shadow_official_arrival,0.7670932424124399,0.46305318379837745,2,5.052315074820513,9.798202952511215,False,UP,34.03602144459373,17.63102293376661,False,True,False,True,no_recent_shock,,,,100.57066666672472,,0.46305318379837745,False
1791093600000,1791093910447,UP,0.66,84899.44,0.8543048104980855,1,KXBTC15M-26OCT040215-15,,,skipped,1791094382242,,,2026-10-04,1791094635461,shadow_official_arrival,0.1818783802212336,0.3747543997741673,3,1.1542236162487285,9.978084690054345,False,UP,42.46168146138765,23.95010152895318,False,True,False,True,no_recent_shock,,,,94.7586666666466,,0.3747543997741673,False
1791094500000,1791094739259,UP,0.68,84903.57,1.2465710609421699,0,KXBTC15M-26OCT040230-30,1791095416790,,filled,1791094914544,1791095407251,1791095477412,2026-10-04,1791095416790,observed_grade,0.19603797511241025,0.4352191768812481,0,1.0008167143227276,10.873289409178977,False,UP,45.48963459560601,26.50511383557568,False,True,False,True,no_recent_shock,,,,93.50899999993271,,0.4352191768812481,False
1791095400000,1791095649930,UP,0.89,84900.41,11.796625403031058,1,KXBTC15M-26OCT040245-45,1791096375173,,filled,1791095649930,1791096307202,1791096375173,2026-10-04,1791096375173,observed_grade,0.3156182456841432,0.35555706640038515,2,10.17615981544262,17.618674430164294,False,UP,48.66750470065099,26.628472363873293,False,True,False,True,no_recent_shock,,,,131.09283333348867,,0.35555706640038515,False
1791096300000,1791096540938,UP,0.79,84952.51,3.831336668769225,1,KXBTC15M-26OCT040300-00,1791097093628,1791097093628,filled,1791096540938,1791097207191,1791097283866,2026-10-04,1791097388966,shadow_official_arrival,0.15353147867633452,0.19907203794148967,2,-1.8257327045367866,10.678914018129593,False,UP,48.94255568082183,40.1073135524536,False,True,False,True,no_recent_shock,,,,122.17383333320322,,0.19907203794148967,False
1791097200000,1791097643076,DOWN,0.68,85019.96,1.054791525825216,1,KXBTC15M-26OCT040315-15,1791098024322,1791098024322,filled,1791097643076,1791098107197,1791098176706,2026-10-04,1791098302914,shadow_official_arrival,0.08011803168256293,0.1989474229977561,4,-0.4141449746852821,11.907467013507755,False,UP,49.953662992065645,40.11597377698304,False,True,False,True,no_recent_shock,,,,163.00166666663426,,0.1989474229977561,False
1791098100000,1791098349142,DOWN,0.902,84983.89,5.684312638549738,1,KXBTC15M-26OCT040330-30,1791099017198,,filled,1791098349142,1791099007144,1791099087994,2026-10-04,1791099017198,observed_grade,0.9707477878165477,0.04195128439181407,1,-9.214216942210474,2.5235682980229157,False,UP,48.89563498080092,40.33419521535311,False,True,False,True,no_recent_shock,,,,163.00166666663426,,0.04195128439181407,False
1791099000000,1791099247575,DOWN,0.85,84967.14,5.647869674474393,1,KXBTC15M-26OCT040345-45,1791099915624,,filled,1791099247575,1791099907198,1791099986675,2026-10-04,1791099915624,observed_grade,0.15108483154800514,0.1952783054257966,2,-2.2246248878265984,-9.594915259617531,False,UP,40.75255538723584,46.73429413109411,False,True,False,True,no_recent_shock,,,,124.70716666670342,,0.1952783054257966,False
1791099900000,1791100148987,UP,0.87,84959.41,4.919349133902795,1,KXBTC15M-26OCT040400-00,1791100677945,1791100677945,filled,1791100148987,1791100807197,1791100891063,2026-10-04,1791101074215,shadow_official_arrival,0.6530627993761974,0.030569836270750057,1,9.66246502972723,1.8999026042565426,False,UP,34.38597943185406,46.21254387090367,False,True,False,True,no_recent_shock,,,,133.65166666674486,,0.030569836270750057,False
1791100800000,1791101074215,UP,0.68,85086.47,3.297429857729295,1,KXBTC15M-26OCT040415-15,1791101535327,1791101535327,filled,1791101074215,1791101707188,1791101770343,2026-10-04,1791101998640,shadow_official_arrival,0.718294578421688,0.23331363023795412,1,12.73449119255643,11.90407487429379,False,UP,32.23227342611106,42.835805204802256,False,True,False,True,no_recent_shock,,,,217.5093333333498,,0.23331363023795412,False
1791101700000,1791102009622,DOWN,0.73,85142.88,1.5895241817975858,0,KXBTC15M-26OCT040430-30,1791102618354,,filled,1791102009622,1791102607184,1791102679512,2026-10-04,1791102618354,observed_grade,0.10422637840621289,0.33452346865547383,2,1.4630468185794498,23.676609116320968,False,UP,36.13082760672537,34.48044136655997,False,True,False,True,no_recent_shock,,,,242.48866666662798,,0.33452346865547383,False
1791102600000,1791102841507,DOWN,0.913,85156.97,10.543803206400915,1,KXBTC15M-26OCT040445-45,1791103363827,1791103363827,filled,1791102841507,1791103507189,1791103575342,2026-10-04,1791103837497,shadow_official_arrival,0.31546428593851605,0.21374293132232314,2,-8.195911654957921,17.447504761782806,False,UP,37.239775968414605,31.23523730705412,False,True,False,True,no_recent_shock,,,,260.24116666661575,,0.21374293132232314,False
1791103500000,1791103747195,UP,0.76,85066.29,3.6882020676598515,1,KXBTC15M-26OCT040500-00,1791104414714,,filled,1791103747195,1791104407192,1791104476125,2026-10-04,1791104414714,observed_grade,0.23142161799905997,0.14131895737715564,2,3.583285495483146,11.724883033024103,False,UP,32.388544523206,34.976901963510166,False,True,False,True,no_recent_shock,,,,181.2558333331981,,0.14131895737715564,False
1791104400000,1791104639418,DOWN,0.82,85094.19,3.78576571052891,0,KXBTC15M-26OCT040515-15,1791105318693,,filled,1791104639418,1791105307135,1791105389113,2026-10-04,1791105318693,observed_grade,0.48188276240265876,0.10122149736237011,1,-4.181259876787635,-8.45414796169841,False,UP,29.884697688986062,47.595515598508165,False,True,False,True,no_recent_shock,,,,146.49599999999919,,0.10122149736237011,False
1791105300000,1791105548173,UP,0.73,85121.78,2.910575099976942,1,KXBTC15M-26OCT040530-30,1791106021102,1791106021102,filled,1791105789524,1791106207142,1791106278073,2026-10-04,1791106266666,shadow_official_arrival,0.8019710279161694,0.016265336057278788,3,9.772345360465895,1.077825454132153,False,UP,26.78534700931119,49.464149181233196,False,True,False,True,no_recent_shock,,,,146.49599999999919,,0.016265336057278788,False
1791106200000,1791106440715,DOWN,0.73,85260.53,2.033160400630729,0,KXBTC15M-26OCT040545-45,1791107111266,,filled,1791106440715,1791107107184,1791107172446,2026-10-04,1791107111266,observed_grade,0.6633255852162216,0.40099543770352575,2,11.520842934389375,20.37448754526494,False,UP,28.557561495325494,33.83534329207245,False,True,False,True,no_recent_shock,,,,233.95350000006147,,0.40099543770352575,False
1791107100000,1791107345182,UP,0.73,85267.49,4.037666250840122,0,KXBTC15M-26OCT040600-00,1791108011014,,filled,1791107388196,1791108007141,1791108071316,2026-10-04,1791108011014,observed_grade,0.2551634663217274,0.38168835784656163,3,6.888878330424397,24.0149471898099,False,UP,31.5071904075423,29.68487141013086,False,True,False,True,no_recent_shock,,,,220.44449999986682,,0.38168835784656163,False
1791108000000,1791108245203,UP,0.79,85224.2,4.18226278451117,1,KXBTC15M-26OCT040615-15,,,skipped,1791108782868,,,2026-10-04,1791109023932,shadow_official_arrival,0.24865072314348413,0.30582684644700914,2,-4.932499476099084,23.261588493719287,False,UP,33.27885759759835,29.637174648135353,False,True,False,True,no_recent_shock,,,,256.9726666665956,,0.30582684644700914,False
1791108900000,1791109140403,UP,0.9,85232.28,8.401472618901895,1,KXBTC15M-26OCT040630-30,1791109567850,1791109567850,filled,1791109140403,1791109807138,1791109883577,2026-10-04,1791109940959,shadow_official_arrival,0.303248325885064,0.22871839268185462,2,5.4642045437525155,18.648968851902037,False,UP,33.057085772781065,31.726965388235637,False,True,False,True,no_recent_shock,,,,165.8358333333017,,0.22871839268185462,False
1791109800000,1791110046251,DOWN,0.71,85398.04,4.077591632472011,1,KXBTC15M-26OCT040645-45,1791110463632,1791110463632,filled,1791110046251,1791110707136,1791110780437,2026-10-04,1791110849812,shadow_official_arrival,0.23566044091550134,0.14486574679512146,2,6.95519297219338,14.080068182011907,False,UP,36.32846165100649,39.77113896068986,False,True,False,True,no_recent_shock,,,,203.44433333331835,,0.14486574679512146,False
1791110700000,1791111238902,DOWN,0.61,85330.13,0.9160890766179985,1,KXBTC15M-26OCT040700-00,1791111491279,1791111491279,filled,1791111238902,1791111607137,1791111689863,2026-10-04,1791111760964,shadow_official_arrival,0.33896379296643503,0.1314791668336632,4,1.7066053116110425,9.374755562285841,False,UP,35.05113897037566,48.22928809636039,False,True,False,True,no_recent_shock,,,,184.38866666669492,,0.1314791668336632,False
1791111600000,1791111841715,DOWN,0.82,85265.68,4.963309974183039,1,KXBTC15M-26OCT040715-15,1791112512354,,filled,1791111841715,1791112507189,1791112582052,2026-10-04,1791112512354,observed_grade,0.8470988577357733,0.0508501979827735,1,-10.949097358526894,-3.9810471129664293,False,UP,32.60612610325698,46.71317565012346,False,True,False,True,no_recent_shock,,,,184.38866666669492,,0.0508501979827735,False
1791112500000,1791112743879,UP,0.68,85251.91,1.958313895846775,1,KXBTC15M-26OCT040730-30,1791113194269,1791113194269,filled,1791112743879,1791113407134,1791113488102,2026-10-04,1791113571050,shadow_official_arrival,0.468486540517035,0.04776028844347658,1,5.308990398877889,-4.136114734238916,False,UP,27.209031784693742,43.97463070180392,False,True,False,True,no_recent_shock,,,,189.8289999999979,,0.04776028844347658,False
1791113400000,1791113746455,DOWN,0.65,85305.87,0.9150601242324807,1,KXBTC15M-26OCT040745-45,1791114312669,,filled,1791113746455,1791114307130,1791114373603,2026-10-04,1791114312669,observed_grade,0.49629067980847286,0.10198044539428303,3,3.8697265817955184,-2.9190915999444123,False,UP,21.955977327916596,33.15409753157609,False,True,False,True,no_recent_shock,,,,138.60283333329426,,0.10198044539428303,False
1791114300000,1791114645423,UP,0.7,85263.95,0.8016088080986528,1,KXBTC15M-26OCT040800-00,1791115108156,1791115108156,filled,1791114645423,1791115207143,1791115282480,2026-10-04,1791115398227,shadow_official_arrival,0.5345469177753427,0.1771031956899007,1,-3.5767139821929472,-6.277789815295476,False,UP,18.354975268587115,42.876678891527874,False,True,False,True,no_recent_shock,,,,109.50450000008277,,0.1771031956899007,False
1791115200000,1791115444523,UP,0.71,85300.7,3.074320218536819,0,KXBTC15M-26OCT040815-15,1791115835136,1791115835136,filled,1791115444523,1791116107138,1791116184177,2026-10-04,1791116322028,shadow_official_arrival,0.535854965527199,0.2789467165457342,1,6.668968542788978,12.152086783070448,True,,16.306598481176277,45.59617021081271,True,True,False,True,no_recent_shock,,,,103.8520000000135,,0.2789467165457342,False
1791116100000,1791116368776,DOWN,0.65,85248.8,0.44772868747711136,0,KXBTC15M-26OCT040830-30,1791117011711,,filled,1791116368776,1791117007136,1791117073614,2026-10-04,1791117011711,observed_grade,0.3606327562429365,0.06434694224749779,1,-9.284528600804753,-2.6679885422487004,True,,15.71384390229697,38.74811491105331,True,True,False,True,no_recent_shock,,,,157.0368333333172,,0.06434694224749779,False
1791117000000,1791117383752,DOWN,0.68,85265.05,1.4046787048149767,1,KXBTC15M-26OCT040845-45,,,skipped,1791117788866,,,2026-10-04,1791118156042,shadow_official_arrival,0.1693415472783775,0.05820602410297739,2,1.3578284655246797,-4.669302354367577,True,,13.912914186581416,39.7692535167921,True,True,False,True,no_recent_shock,,,,176.28150000007008,,0.05820602410297739,False
1791117900000,1791118145231,DOWN,0.8,85203.41,5.959112043359971,1,KXBTC15M-26OCT040900-00,1791118639926,1791118639926,filled,1791118145231,1791118807144,1791118804629,2026-10-04,1791119074858,shadow_official_arrival,0.9571366889165237,0.19277925183326064,1,-13.349777443063537,-13.77054302337144,False,DOWN,14.264390513257798,40.49573669187289,True,True,False,True,no_recent_shock,,,,204.67300000002433,,0.19277925183326064,False
1791118800000,1791119226774,UP,0.71,85125.56,0.8274052274481747,1,KXBTC15M-26OCT040915-15,1791119708180,,filled,1791119226774,1791119707192,1791119778862,2026-10-04,1791119708180,observed_grade,0.20455921255611817,0.3398479473966138,4,-2.8812029544555973,-24.694288043320967,True,,20.163779564139446,26.049256574524648,False,True,False,True,no_recent_shock,,,,268.138999999981,,0.3398479473966138,False
1791119700000,1791119939264,UP,0.7,85153.13,2.4631703692734597,1,KXBTC15M-26OCT040930-30,1791120392505,1791120392505,filled,1791119939264,1791120607190,1791120680479,2026-10-04,1791120624808,shadow_official_arrival,0.504136669763545,0.008172730211489839,1,7.1404208813019565,-7.089986010455629,True,,21.573709277845897,27.259103003225146,False,True,False,True,no_recent_shock,,,,183.6778333333059,,0.008172730211489839,False
1791120600000,1791120842511,UP,0.75,85211.39,3.4868773607210635,1,KXBTC15M-26OCT040945-45,1791121513143,,filled,1791120842511,1791121507198,1791121583965,2026-10-04,1791121513143,observed_grade,0.6769407839691354,0.04919713519444596,1,7.865947081233671,-2.7817842171096174,True,,19.51778488364167,31.66725222500405,True,True,False,True,no_recent_shock,,,,162.31083333322022,,0.04919713519444596,False
1791121500000,1791121743150,UP,0.82,85221.14,5.638467951338821,1,KXBTC15M-26OCT041000-00,1791122413730,,filled,1791121743150,1791122407145,1791122484415,2026-10-04,1791122413730,observed_grade,0.10741334905164468,0.18677463826789464,4,3.295299953429698,13.746591862271451,True,,17.704532633635786,36.962838337366414,True,True,False,True,no_recent_shock,,,,184.26449999994657,,0.18677463826789464,False
1791122400000,1791122849458,DOWN,0.67,85235.33,0.8862131074838242,1,KXBTC15M-26OCT041015-15,,,unfilled,1791122849458,,,2026-10-04,1791123390785,shadow_official_arrival,0.5751774439047083,0.18747989009988486,3,-4.567080891726416,10.628911530470297,True,,16.42066758933209,35.492831159401256,True,True,False,True,no_recent_shock,,,,165.09233333324664,,0.18747989009988486,False
1791123300000,1791123547669,DOWN,0.72,85199.51,2.2965898904070414,1,KXBTC15M-26OCT041030-30,1791124272931,,filled,1791123547669,1791124207149,1791124272931,2026-10-04,1791124272931,observed_grade,0.37618967128584047,0.014946706743654498,1,-5.48920144582854,0.6854782944643034,True,,15.214063371319485,41.00797755101679,True,True,False,True,no_recent_shock,,,,119.56133333325852,,0.014946706743654498,False
1791124200000,1791124643451,DOWN,0.82,85169.62,1.8434585790805258,1,KXBTC15M-26OCT041045-45,1791125007110,1791125007110,filled,1791124643451,1791125107200,1791125180673,2026-10-04,1791125226464,shadow_official_arrival,0.6320950980682642,0.09045225506446514,3,3.1110024992231367,-8.836365855116046,True,,16.650892415913056,42.2041876392734,True,True,False,True,no_recent_shock,,,,155.03916666658188,,0.09045225506446514,False
1791125100000,1791125340060,DOWN,0.74,85125.9,2.7712090758180707,0,KXBTC15M-26OCT041100-00,1791126015839,,filled,1791125340060,1791126007198,1791126086791,2026-10-04,1791126015839,observed_grade,0.8403560111939833,0.427326007357869,1,-7.911675780760685,-19.383313143295222,True,,18.804603233525132,41.53610855384825,True,True,False,True,no_recent_shock,,,,162.81183333325316,,0.427326007357869,False
1791126000000,1791126247808,UP,0.73,85266.07,4.136541846790909,1,KXBTC15M-26OCT041115-15,1791126972425,,filled,1791126269088,1791126907196,1791126972425,2026-10-04,1791126972425,observed_grade,1.0,0.13540341729898173,1,23.387242217414173,8.75486329008579,True,,18.435697090281757,35.675040381384825,True,True,False,True,no_recent_shock,,,,165.3846666667232,,0.13540341729898173,False
1791126900000,1791127146780,UP,0.7,85320.6,3.193367135259084,0,KXBTC15M-26OCT041130-30,1791127808825,,filled,1791127146780,1791127807150,1791127879807,2026-10-04,1791127808825,observed_grade,0.22689329858040388,0.26915313472973806,3,6.195341451593617,19.449963042155183,True,,17.641918274618735,39.537388325515415,True,True,False,True,no_recent_shock,,,,235.59566666676255,,0.26915313472973806,False
1791127800000,1791128041176,DOWN,0.65,85315.71,2.60534275183133,0,KXBTC15M-26OCT041145-45,,,skipped,1791128587469,,,2026-10-04,1791128913071,shadow_official_arrival,0.14485874327906842,0.14407932307855378,3,-6.38788633226639,14.534395411716083,True,,18.612843044437277,29.567051866034717,True,True,False,True,no_recent_shock,,,,333.04816666673287,,0.14407932307855378,False
1791128700000,1791128968670,UP,0.69,85329.37,3.6253050971923884,0,KXBTC15M-26OCT041200-00,,,skipped,1791129488355,,,2026-10-04,1791129829598,shadow_official_arrival,0.6314714235875499,0.2855663521917516,3,8.015528923641657,30.997092360893763,True,,17.632616321602256,29.882310495188477,True,True,False,True,no_recent_shock,,,,333.04816666673287,,0.2855663521917516,False
1791129600000,1791129840430,DOWN,0.87,85275.02,8.70483524953114,1,KXBTC15M-26OCT041215-15,1791130508747,,filled,1791129840430,1791130507154,1791130578209,2026-10-04,1791130508747,observed_grade,0.9367641605050724,0.10194023454621357,1,-18.455415939527818,-11.045586517827166,True,,17.731336917638703,32.76800469354324,True,True,False,True,no_recent_shock,,,,198.33566666670959,,0.10194023454621357,False
1791130500000,1791130898751,DOWN,0.68,85269.54,1.652368086740852,1,KXBTC15M-26OCT041230-30,,,unfilled,1791130898751,,,2026-10-04,1791131665490,shadow_official_arrival,0.5025745193447714,0.22586432308928966,4,8.389252750100606,-21.604079620652918,True,,14.847748899263644,36.59397281567196,True,True,False,True,no_recent_shock,,,,256.4973333333619,,0.22586432308928966,False
1791131400000,1791131643714,UP,0.76,85233.37,4.610498603223601,1,KXBTC15M-26OCT041245-45,,,unfilled,1791131643714,,,2026-10-04,1791132580131,shadow_official_arrival,0.02931907987262506,0.04370683087494758,2,0.7322538503151677,-2.440456108800948,True,,13.876377315191041,32.94220940907309,True,True,False,True,no_recent_shock,,,,177.9821666666976,,0.04370683087494758,False
1791132300000,1791132569232,UP,0.85,85331.76,1.2768008847641177,1,KXBTC15M-26OCT041300-00,1791133129098,1791133129098,filled,1791132569232,1791133207317,1791133280000,2026-10-04,1791133496039,shadow_official_arrival,0.7023467603452224,0.052550383253148,2,7.267433622737407,-2.0676277383102626,True,,12.984344901172724,41.26485298096118,True,True,False,True,no_recent_shock,,,,177.9821666666976,,0.052550383253148,False
1791133200000,1791133460713,UP,0.69,85358.37,1.0602943800375186,0,KXBTC15M-26OCT041315-15,1791134122192,,filled,1791133460713,1791134107307,1791134182427,2026-10-04,1791134122192,observed_grade,,,,3.9559417483348014,20.23935491606732,True,,15.032935417736084,35.29741582373038,True,True,False,False,missing_current_hour,,,,,,,
1791134100000,1791134429147,UP,0.65,85308.62,1.2344786103235528,1,KXBTC15M-26OCT041330-30,1791134822722,1791134822722,filled,1791134765868,1791135007793,1791135088170,2026-10-04,1791135337382,shadow_official_arrival,0.7356959584261854,,0,-6.9639613924454835,6.797152140247675,True,,,,,False,False,False,missing_current_hour,,,,,,,
1791135000000,1791135291282,DOWN,0.65,85370.31,0.7616230982421257,0,KXBTC15M-26OCT041345-45,1791135749018,1791135749018,filled,1791135291282,1791135907212,1791135973302,2026-10-04,1791135950480,shadow_official_arrival,0.7454663942532691,,1,5.483372131860342,9.163205269955288,True,,,,,False,False,False,missing_current_hour,,,,,,,
1791135900000,1791136345271,DOWN,0.74,85385.92,1.2076151821382997,1,KXBTC15M-26OCT041400-00,1791136702423,1791136702423,filled,1791136345271,1791136807202,1791136882856,2026-10-04,1791136871517,shadow_official_arrival,0.11142881071080336,,2,2.164201019143608,-0.598808090016556,True,,,,,False,False,False,missing_current_hour,,,,,,,
1791136800000,1791137067718,UP,0.69,85307.54,1.5303453833070968,0,KXBTC15M-26OCT041415-15,1791137710537,,filled,1791137067718,1791137707209,1791137710537,2026-10-04,1791137710537,observed_grade,0.7243462939022923,0.07875476661859299,2,-10.002573237707368,-5.485172179938713,True,,,,,False,False,True,no_recent_shock,,,,127.38966666675697,,0.07875476661859299,False
1791137700000,1791137958821,UP,0.67,85305.92,1.227073884979557,1,KXBTC15M-26OCT041430-30,,,skipped,1791138486482,,,2026-10-04,1791138705579,shadow_official_arrival,0.0653669955073448,0.0015770935980642961,4,-0.4615937981089502,-0.06352783698981845,True,,,45.06726863953443,,False,False,True,no_recent_shock,,,,131.14166666667734,,0.0015770935980642961,False
1791138600000,1791138979094,UP,0.67,85312.09,0.7076175643239146,1,KXBTC15M-26OCT041445-45,,,skipped,1791139386775,,,2026-10-04,1791139629035,shadow_official_arrival,0.09304512355815847,0.09973627857482013,3,0.943987775474664,-4.642694692841287,True,,,40.90030079928721,,False,False,True,no_recent_shock,,,,131.14166666667734,,0.09973627857482013,False
1791139500000,1791139745145,DOWN,0.68,85335.57,0.2423373981075283,1,KXBTC15M-26OCT041500-00,,,skipped,1791140280778,,,2026-10-04,1791140543539,shadow_official_arrival,0.34124403300609574,0.27668656932296154,1,1.789398632485728,-10.494364652972044,True,,,37.86562637434686,,False,False,True,no_recent_shock,,,,119.47849999991013,,0.27668656932296154,False
1791140400000,1791140639447,UP,0.74,85327.74,2.9682219014159905,1,KXBTC15M-26OCT041515-15,1791141215311,1791141215311,filled,1791140703877,1791141307210,1791141378798,2026-10-04,1791141448036,shadow_official_arrival,0.12203723032513523,0.11616514603122685,4,1.8743905418294737,3.8316365199975166,True,,,44.62980608223448,,False,False,True,no_recent_shock,,,,37.69633333326783,,0.11616514603122685,False
1791141300000,1791141693060,UP,0.65,85371.53,0.8117655460426754,1,KXBTC15M-26OCT041530-30,1791142083671,1791142083671,filled,1791141693060,1791142207210,1791142284655,2026-10-04,1791142367791,shadow_official_arrival,0.00814986861780904,0.26190385125151583,4,-0.24138995309397338,8.048665250701692,True,,17.167728398465748,32.73785340120363,,False,False,True,no_recent_shock,,,,80.33483333329787,,0.26190385125151583,False
1791142200000,1791142448196,UP,0.82,85447.0,6.838781154783202,0,KXBTC15M-26OCT041545-45,1791143119359,,filled,1791142448196,1791143107203,1791143180037,2026-10-04,1791143119359,observed_grade,0.8114319250524247,0.5098910173786724,3,15.57744974319153,21.941401659433257,False,UP,21.43697871273337,24.85343636379094,,False,False,True,no_recent_shock,,,,145.83366666668735,,0.5098910173786724,True
1791143100000,1791143375342,UP,0.69,85417.94,1.6004444343509228,0,KXBTC15M-26OCT041600-00,,,skipped,1791143881859,,,2026-10-04,1791144196228,shadow_official_arrival,0.40095945527557175,0.18433672528196587,4,-9.645486135168024,12.131134889075135,True,,27.547385977033084,27.18104419154959,,False,False,True,no_recent_shock,,,,193.46249999996508,,0.18433672528196587,False
1791144000000,1791144306867,DOWN,0.65,85414.8,0.297177226112888,0,KXBTC15M-26OCT041615-15,,,skipped,1791144788106,,,2026-10-04,1791145121164,shadow_official_arrival,0.21908222831982746,0.08948045173089089,3,-2.54265612355975,4.819730463094807,True,,26.777495521279654,33.14581644876404,,False,False,True,no_recent_shock,,,,154.7481666666863,,0.08948045173089089,False
1791144900000,1791145145307,UP,0.79,85415.86,5.581399051650671,1,KXBTC15M-26OCT041630-30,1791145810728,,filled,1791145145307,1791145807912,1791145871817,2026-10-04,1791145810728,observed_grade,0.32720610506358383,0.15811387183582615,2,5.012445224448214,10.669386909396561,True,,25.013352591202242,41.098200861926955,,False,False,True,no_recent_shock,,,,144.79283333331114,,0.15811387183582615,False
1791145800000,1791146055648,UP,0.79,85452.46,3.0779687325654947,1,KXBTC15M-26OCT041645-45,1791146560090,1791146560090,filled,1791146055648,1791146707170,1791146782160,2026-10-04,1791146967090,shadow_official_arrival,0.04374843727333,0.08532502485666874,4,1.781812579864095,-3.119489799591202,True,,25.546099692886933,47.57599100623876,,False,False,True,no_recent_shock,,,,132.98166666661564,,0.08532502485666874,False
1791146700000,1791146944535,UP,0.73,85742.33,11.092479059058302,1,KXBTC15M-26OCT041700-00,1791147529176,1791147529176,filled,1791146944535,1791147607171,1791147686640,2026-10-04,1791147883331,shadow_official_arrival,0.784476932429191,0.4924293056813031,3,44.58490180717423,47.94307647039808,False,UP,30.808897659851464,27.11206600111634,,False,False,True,no_recent_shock,,,,357.30883333332895,,0.4924293056813031,True
1791147600000,1791147949160,UP,0.66,85817.53,2.939764560148106,1,KXBTC15M-26OCT041715-15,1791148283694,1791148283694,filled,1791147949160,1791148507171,1791148573081,2026-10-04,1791148799316,shadow_official_arrival,0.05979514531347859,0.4261805899750178,8,2.8239247420880353,51.17948972289676,False,UP,41.12691026519192,20.926803685782456,,False,False,True,no_recent_shock,,,,470.8471666665573,,0.4261805899750178,False
1791148500000,1791148845524,DOWN,0.79,86008.37,4.601509519747138,1,KXBTC15M-26OCT041730-30,1791149268856,1791149268856,filled,1791148845524,1791149407174,1791149477932,2026-10-04,1791149410390,shadow_official_arrival,0.6643035145132514,0.4795537679286281,3,15.028617449963644,58.29842904439886,False,UP,48.420019574889345,16.134294638518202,,False,False,True,no_recent_shock,,,,588.8716666667315,,0.4795537679286281,False
1791149400000,1791149672683,UP,0.65,85812.33,4.216915370236496,1,KXBTC15M-26OCT041745-45,1791150045216,1791150045216,filled,1791149672683,1791150307213,1791150381151,2026-10-04,1791150643694,shadow_official_arrival,0.44812748611107267,0.25427579404639206,2,-19.61939188875661,41.84153455339734,False,UP,45.573282307166686,26.101549466558925,False,True,False,True,no_recent_shock,,,,563.5709999998799,,0.25427579404639206,False
1791150300000,1791150585877,DOWN,0.7,85964.27,1.6662542860490515,1,KXBTC15M-26OCT041800-00,1791151080702,1791151080702,filled,1791150585877,1791151207220,1791151281098,2026-10-04,1791151258625,shadow_official_arrival,0.7158568872166423,0.13895842462940503,3,11.814978017725686,13.862907668711344,False,UP,43.57152842464461,33.969199609183526,False,True,False,True,no_recent_shock,,,,233.96083333328716,,0.13895842462940503,False
1791151200000,1791151443921,UP,0.87,85831.75,29.435416769825196,1,KXBTC15M-26OCT041815-15,1791151772327,1791151772327,filled,1791151443921,1791152107205,1791152177731,2026-10-04,1791152190908,shadow_official_arrival,0.1736583896849077,0.16665890285599183,2,10.353620268275243,27.28827189204308,False,UP,41.60679982844714,55.06982321440143,False,True,False,True,no_recent_shock,,,,231.3353333332925,,0.16665890285599183,True
1791152100000,1791152342746,UP,0.89,86315.92,33.73303943622563,0,KXBTC15M-26OCT041830-30,1791153010458,,filled,1791152342746,1791153007219,1791153071177,2026-10-04,1791153010458,observed_grade,0.8048211552550806,0.30914992854001777,1,58.27191994147718,68.24993883255192,False,UP,42.93606375969142,39.63086229257941,False,True,False,True,no_recent_shock,,,,660.3186666666006,,0.30914992854001777,True
1791153000000,1791153245491,UP,0.69,86266.78,10.962253759010387,1,KXBTC15M-26OCT041845-45,1791153742960,1791153742960,filled,1791153245491,1791153907216,1791153979790,2026-10-04,1791154026483,shadow_official_arrival,0.44367448450209623,0.26800541638571573,2,-28.374351392367323,61.691364931462104,False,UP,45.33211779205879,32.02725210518722,False,True,False,True,no_recent_shock,,,,804.1396666666842,,0.26800541638571573,False
1791153900000,1791154141917,DOWN,0.65,86382.01,4.954542425359421,0,KXBTC15M-26OCT041900-00,1791154810954,,filled,1791154141917,1791154807209,1791154881507,2026-10-04,1791154810954,observed_grade,0.052563804797338694,0.15716725733300296,4,-2.599764646333824,39.06161597959867,False,UP,42.99278478701134,33.305749646986975,False,True,False,True,no_recent_shock,,,,803.1766666666808,,0.15716725733300296,False
1791154800000,1791155096606,UP,0.67,86404.71,3.9963292124567396,1,KXBTC15M-26OCT041915-15,1791155556369,1791155556369,filled,1791155107601,1791155707162,1791155778134,2026-10-04,1791155846659,shadow_official_arrival,0.15194364364754195,0.15113293628819374,4,13.49785579244811,37.81866195650796,False,UP,41.012163119725926,33.77989341564723,False,True,False,True,no_recent_shock,,,,524.9219999999914,,0.15113293628819374,False
1791155700000,1791156238983,UP,0.62,86577.85,2.355567850209628,1,KXBTC15M-26OCT041930-30,1791156468259,1791156468259,filled,1791156238983,1791156607214,1791156675947,2026-10-04,1791156758779,shadow_official_arrival,0.4063083287683172,0.044427425988700364,5,15.289875920470042,11.797145955265709,False,UP,41.53395019764927,51.493189178457996,False,True,False,True,no_recent_shock,,,,390.8066666666564,,0.044427425988700364,False
1791156600000,1791156849014,DOWN,0.72,86697.4,8.954382330561561,1,KXBTC15M-26OCT041945-45,,,unfilled,1791156849014,,,2026-10-04,1791157675908,shadow_official_arrival,0.10977363447118671,0.1680061487042163,2,7.524977277661993,29.92310871512638,False,UP,43.03307684446485,40.215023474704395,False,True,False,True,no_recent_shock,,,,469.8484999999928,,0.1680061487042163,False
1791157500000,1791157874838,UP,0.66,86485.78,3.4063210545487443,1,KXBTC15M-26OCT042000-00,1791158423174,,filled,1791157874838,1791158407919,1791158484869,2026-10-04,1791158423174,observed_grade,0.07593439831853283,0.14791347575861694,2,-0.5554589455281089,26.512072645965556,False,UP,40.96171203262851,36.430321942629895,False,True,False,True,no_recent_shock,,,,469.8484999999928,,0.14791347575861694,False
1791158400000,1791158647263,DOWN,0.78,86505.93,17.913839355669925,1,KXBTC15M-26OCT042015-15,1791159191626,1791159191626,filled,1791158647263,1791159307222,1791159385389,2026-10-04,1791159513542,shadow_official_arrival,0.4128609738366172,0.03166285322177089,3,-18.045538273403494,-5.402905785613088,False,UP,38.58366631368272,36.44325894737404,False,True,False,True,no_recent_shock,,,,367.85516666658805,,0.03166285322177089,True
1791159300000,1791159540238,UP,0.68,86344.42,9.669723494190041,0,KXBTC15M-26OCT042030-30,1791160213803,,filled,1791159540238,1791160207217,1791160274892,2026-10-04,1791160213803,observed_grade,0.18801415596833765,0.08479607048188553,3,9.772745222509371,-16.632590144119995,False,UP,32.1448894918352,45.15802350000726,False,True,False,True,no_recent_shock,,,,417.87783333331754,,0.08479607048188553,False
1791160200000,1791160610116,UP,0.7,86262.95,2.871530206964845,1,KXBTC15M-26OCT042045-45,1791160914203,1791160914203,filled,1791160765275,1791161107216,1791161182962,2026-10-04,1791161355494,shadow_official_arrival,0.7492486831165844,0.20609215098328298,1,-20.352292323356778,-25.98325299535187,False,UP,26.16159652847246,35.79288118693333,False,True,False,True,no_recent_shock,,,,316.03383333333477,,0.20609215098328298,False
1791161100000,1791161496952,UP,0.73,86587.36,2.3409305930943702,1,KXBTC15M-26OCT042100-00,1791161922699,1791161922699,filled,1791161496952,1791162007213,1791162078815,2026-10-04,1791162264264,shadow_official_arrival,0.6607936410757285,0.04246135330042354,2,40.37401194665114,10.40456753246044,False,UP,24.49508988700587,48.843914359201165,False,True,False,True,no_recent_shock,,,,369.8785000000644,,0.04246135330042354,False
1791162000000,1791162242348,DOWN,0.84,86659.29,20.639410577528714,0,KXBTC15M-26OCT042115-15,1791162908341,,filled,1791162242348,1791162907162,1791162969328,2026-10-04,1791162908341,observed_grade,0.2133513800903944,0.07789214127083353,2,-10.84661340306714,15.855154159885032,False,UP,25.03761467609464,44.0293044218849,False,True,False,True,no_recent_shock,,,,443.00916666661215,,0.07789214127083353,False
1791162900000,1791163174493,UP,0.73,86664.33,10.733635549184939,1,KXBTC15M-26OCT042130-30,1791163676372,1791163676372,filled,1791163174493,1791163807214,1791163886624,2026-10-04,1791164116410,shadow_official_arrival,0.5597883399145394,0.19185795314411783,1,31.636154788599047,38.15035866030492,False,UP,23.47286467425553,45.74652045704016,False,True,False,True,no_recent_shock,,,,490.3573333332897,,0.19185795314411783,True
1791163800000,1791164047782,DOWN,0.83,86947.11,25.69335925406979,1,KXBTC15M-26OCT042145-45,1791164588580,1791164588580,filled,1791164047782,1791164707169,1791164787052,2026-10-04,1791164731217,shadow_official_arrival,0.09083405406345038,0.23865227147570495,2,-5.397933478250572,57.507763057658146,False,UP,26.435553443173436,29.07160492952052,False,True,False,True,no_recent_shock,,,,722.3255000000936,,0.23865227147570495,False
1791164700000,1791165056935,DOWN,0.77,86711.67,4.4035979624701405,1,KXBTC15M-26OCT042200-00,1791165515856,1791165515856,filled,1791165056935,1791165607215,1791165681463,2026-10-04,1791165647645,shadow_official_arrival,0.10066631812109308,0.06693654540193084,5,-0.7349842963233488,10.478163362355186,False,UP,25.30158941464447,38.584097408527235,False,True,False,True,no_recent_shock,,,,471.5348333334259,,0.06693654540193084,False
1791165600000,1791165866111,UP,0.7,86601.75,1.796345531894783,1,KXBTC15M-26OCT042215-15,1791166438249,1791166438249,filled,1791165866111,1791166507316,1791166580711,2026-10-04,1791166569400,shadow_official_arrival,0.6908083388291043,0.06326908909339023,3,-12.603301987285098,15.442862401600088,False,UP,22.589016744834954,42.70263355368875,False,True,False,True,no_recent_shock,,,,471.5348333334259,,0.06326908909339023,False
1791166500000,1791166741717,DOWN,0.77,86672.54,11.113323781678508,1,KXBTC15M-26OCT042230-30,1791167296575,1791167296575,filled,1791166741717,1791167409806,1791167483278,2026-10-04,1791167483278,shadow_official_arrival,0.005684574431099075,0.1407992524317166,6,-0.22126449088721856,-23.102152364684603,False,UP,20.74030936772863,39.28440663068991,False,True,False,True,no_recent_shock,,,,375.70716666668886,,0.1407992524317166,False
1791167400000,1791167646084,DOWN,0.69,86516.66,9.378906521196884,0,KXBTC15M-26OCT042245-45,1791168311106,,filled,1791167646084,1791168307211,1791168371864,2026-10-04,1791168311106,observed_grade,0.5159710353233576,0.2580770237663214,1,-16.25171091055977,-33.325212537099745,False,UP,17.07827276483233,36.28058738339235,False,True,False,True,no_recent_shock,,,,303.138833333418,,0.2580770237663214,True
1791168300000,1791168544650,DOWN,0.76,86660.91,6.140100152022265,1,KXBTC15M-26OCT042300-00,1791169108453,1791169108453,filled,1791168544650,1791169207261,1791169273637,2026-10-04,1791169319991,shadow_official_arrival,0.43404880160030235,0.0944070586447372,4,20.148271744422352,-14.483495776558275,False,UP,15.472324757401585,41.29364366681308,False,True,False,True,no_recent_shock,,,,319.4548333333223,,0.0944070586447372,False
1791169200000,1791169533882,DOWN,0.68,86505.49,3.930097384576836,1,KXBTC15M-26OCT042315-15,1791170028035,1791170028035,filled,1791169533882,1791170107219,1791170178371,2026-10-04,1791170246466,shadow_official_arrival,0.42230106978037923,0.12884279168933516,3,-10.823827403225739,-22.495996644191774,True,,12.70220442025367,47.43226192274673,True,True,False,True,no_recent_shock,,,,290.1373333333031,,0.12884279168933516,False
1791170100000,1791170339235,DOWN,0.75,86486.54,8.596270201886025,1,KXBTC15M-26OCT042330-30,1791171072826,,filled,1791170339235,1791171007570,1791171072826,2026-10-04,1791171072826,observed_grade,0.26756069785708547,0.1425024701615665,1,-9.743942302784525,-18.913857081619412,True,,13.406780550528419,47.65073119813833,False,True,False,True,no_recent_shock,,,,280.90883333318925,,0.1425024701615665,False
1791171000000,1791171240257,DOWN,0.78,86433.24,8.024324129628502,1,KXBTC15M-26OCT042345-45,1791171748420,1791171748420,filled,1791171240257,1791171907156,1791171982332,2026-10-04,1791172098330,shadow_official_arrival,0.15552701455513462,0.053809970996253266,2,-5.590723313880774,-8.060238120819463,True,,15.047114507561977,40.75833914941874,False,True,False,True,no_recent_shock,,,,356.0086666665593,,0.053809970996253266,False
1791171900000,1791172155617,UP,0.68,86243.85,3.8215671803421003,0,KXBTC15M-26OCT050000-00,1791172814131,,filled,1791172155617,1791172807169,1791172883141,2026-10-04,1791172814131,observed_grade,0.34302705613942924,0.3149211140699076,0,-9.444037746620948,-37.47154323017976,True,,18.219460371144052,36.49265821819888,False,True,False,True,no_recent_shock,,,,373.01816666663217,,0.3149211140699076,False
1791172800000,1791173199069,UP,0.7,86045.36,0.15530568217014817,0,KXBTC15M-26OCT050015-15,1791173709742,,filled,1791173199069,1791173707170,1791173769961,2026-10-05,1791173709742,observed_grade,0.6110390984421564,0.35662200175336134,5,-24.924503187597757,-47.38361761548293,False,DOWN,24.895591847120237,24.07148792175158,False,True,False,True,no_recent_shock,,,,447.6265000000276,,0.35662200175336134,False
1791173700000,1791173943829,DOWN,0.79,85946.09,14.782425432812163,1,KXBTC15M-26OCT050030-30,1791174487604,1791174487604,filled,1791173943829,1791174607202,1791174675651,2026-10-05,1791174847883,shadow_official_arrival,0.530513932854517,0.44268985560642465,3,-25.16399986049023,-68.64227994767602,False,DOWN,29.22312658547468,27.833867182318176,False,True,False,True,no_recent_shock,,,,537.7360000000044,,0.44268985560642465,False
1791174600000,1791174847883,DOWN,0.83,85755.53,23.3583770049528,1,KXBTC15M-26OCT050045-45,1791175285545,1791175285545,filled,1791174847883,1791175507199,1791175576887,2026-10-05,1791175772828,shadow_official_arrival,0.4381553195655843,0.48812851129886586,3,-32.486030756438964,-95.3679134301777,False,DOWN,36.48187330882687,20.348928048441167,False,True,False,True,no_recent_shock,,,,662.9724999999598,,0.48812851129886586,True
1791175500000,1791175750669,UP,0.71,85573.46,5.253127936313273,0,KXBTC15M-26OCT050100-00,1791176414573,,filled,1791175750669,1791176407154,1791176475543,2026-10-05,1791176414573,observed_grade,0.2807154673465334,0.3939242723565872,3,7.386321263844753,-76.05713490512534,False,DOWN,43.301873454810675,20.759476714450205,False,True,False,True,no_recent_shock,,,,751.3074999999662,,0.3939242723565872,False
1791176400000,1791176649926,DOWN,0.66,85503.02,4.769831521742596,1,KXBTC15M-26OCT050115-15,,,skipped,1791177188315,,,2026-10-05,1791177595301,shadow_official_arrival,0.652991761399539,0.373561286347873,5,-17.57894631594703,-67.03391141059112,False,DOWN,47.45056287879875,21.33089510290251,False,True,False,True,no_recent_shock,,,,601.3088333334308,,0.373561286347873,False
1791177300000,1791177548377,DOWN,0.76,85489.06,6.8565303365530905,0,KXBTC15M-26OCT050130-30,1791178208602,,filled,1791177548377,1791178207206,1791178268634,2026-10-05,1791178208602,observed_grade,0.0987862760841928,0.27858418585879063,2,-3.4724188904666775,-45.28093799385901,False,DOWN,50.279900910984566,25.434282464723793,False,True,False,True,no_recent_shock,,,,413.5760000000155,,0.27858418585879063,False
1791178200000,1791178442954,UP,0.65,85501.39,1.6145936340872247,1,KXBTC15M-26OCT050145-45,,,unfilled,1791178497238,,,2026-10-05,1791179109856,shadow_official_arrival,0.25368431614388864,0.03636977527190914,1,9.554714554673716,-2.928894137564919,False,DOWN,52.397584126272776,34.89785385530294,False,True,False,True,no_recent_shock,,,,199.17083333336632,,0.03636977527190914,False
1791179100000,1791179630222,DOWN,0.64,85720.37,1.4834280346698314,0,KXBTC15M-26OCT050200-00,,,skipped,1791179881627,,,2026-10-05,1791180031841,shadow_official_arrival,0.17228028801402676,0.16346101582210718,4,4.0431050311262595,21.68073588301178,False,DOWN,44.44377308282443,42.656534929938715,False,True,False,True,no_recent_shock,,,,311.22649999998976,,0.16346101582210718,False
1791180000000,1791180240772,UP,0.9,85724.84,15.892418113583329,1,KXBTC15M-26OCT050215-15,1791180775753,1791180775753,filled,1791180240772,1791180907305,1791180975698,2026-10-05,1791180940073,shadow_official_arrival,0.7681129733838876,0.3439065784153234,5,20.683905661493807,46.917556673906624,False,DOWN,39.94885442269919,41.3694618887438,False,True,False,True,no_recent_shock,,,,372.90699999999197,,0.3439065784153234,True
1791180900000,1791181149248,UP,0.82,85884.15,9.654885874361696,0,KXBTC15M-26OCT050230-30,1791181819507,,filled,1791181149248,1791181807198,1791181880080,2026-10-05,1791181819507,observed_grade,0.5375682086651261,0.4909415646518552,1,12.344669989339252,62.81437551150848,False,DOWN,34.284169367535846,29.466634856922923,False,True,False,True,no_recent_shock,,,,512.876333333319,,0.4909415646518552,True
1791181800000,1791182053817,DOWN,0.68,85876.79,3.9481564227050736,1,KXBTC15M-26OCT050245-45,1791182624477,1791182624477,filled,1791182141696,1791182707197,1791182779348,2026-10-05,1791182768045,shadow_official_arrival,0.38941599495487483,0.3241127485270138,3,-14.445725139391463,38.31944720468216,False,DOWN,32.66218150144772,24.835643306065275,False,True,False,True,no_recent_shock,,,,483.470833333311,,0.3241127485270138,False
1791182700000,1791182942153,UP,0.951,85797.86,36.96735559604258,1,KXBTC15M-26OCT050300-00,1791183301139,1791183301139,filled,1791182942153,1791183607197,1791183604369,2026-10-05,1791183678544,shadow_official_arrival,0.535057785358829,0.3589722349759625,2,29.983055587525786,50.3224548739678,False,DOWN,28.432845226062206,32.29880930804834,False,True,False,True,no_recent_shock,,,,302.29433333320776,,0.3589722349759625,False
1791183600000,1791184115658,UP,0.8,86207.8,5.232763160640808,1,KXBTC15M-26OCT050315-15,1791184515278,,filled,1791184115658,1791184507187,1791184585716,2026-10-05,1791184515278,observed_grade,0.3218594802797241,0.2527287091620941,5,17.474512301143275,50.82734832264624,False,DOWN,32.56647156898324,35.52943865212594,False,True,False,True,no_recent_shock,,,,477.5133333332924,,0.2527287091620941,False
1791184500000,1791184748790,UP,0.69,86269.96,10.160624470756385,0,KXBTC15M-26OCT050330-30,1791185407587,,filled,1791184748790,1791185407142,1791185468653,2026-10-05,1791185407587,observed_grade,0.2470837119614528,0.21110711622173634,5,16.969755805624764,45.43718017709031,True,,34.47078206519129,39.66974928909779,False,True,False,True,no_recent_shock,,,,542.6758333333419,,0.21110711622173634,True
1791185400000,1791185652192,UP,0.65,86190.88,5.29197520665603,1,KXBTC15M-26OCT050345-45,1791186196226,1791186196226,filled,1791185652192,1791186307190,1791186372965,2026-10-05,1791186442515,shadow_official_arrival,0.30921856048969754,0.19156279022617387,2,-14.025823400946047,45.18535117798539,True,,35.43178014193834,38.179921107113174,False,True,False,True,no_recent_shock,,,,621.109999999986,,0.19156279022617387,False
1791186300000,1791186546902,DOWN,0.73,86363.11,7.208131650958682,1,KXBTC15M-26OCT050400-00,1791186983795,1791186983795,filled,1791186546902,1791187207135,1791187289755,2026-10-05,1791187360503,shadow_official_arrival,0.15942080735500747,0.10288497283378475,2,6.940047313928055,21.578849710399695,True,,35.86521696145227,39.56679080542153,False,True,False,True,no_recent_shock,,,,371.8488333332789,,0.10288497283378475,False
1791187200000,1791187441194,UP,0.84,86188.6,12.659118104552114,1,KXBTC15M-26OCT050415-15,1791187814161,1791187814161,filled,1791187441194,1791188107132,1791188188190,2026-10-05,1791188271003,shadow_official_arrival,0.0641242660293044,0.04034174852423985,2,-1.0986724731021358,10.020726145829606,True,,36.03439847661595,55.097180246692936,False,True,False,True,no_recent_shock,,,,267.7778333333408,,0.04034174852423985,False
1791188100000,1791188349286,DOWN,0.82,86395.4,8.792539880593253,0,KXBTC15M-26OCT050430-30,1791189070990,,filled,1791188349286,1791189007134,1791189070990,2026-10-05,1791189070990,observed_grade,0.16421103987731797,0.024743535055114566,2,4.078941896501487,-2.8611450740001487,True,,36.69800456523292,60.98542789996964,False,True,False,True,no_recent_shock,,,,288.56283333330066,,0.024743535055114566,False
1791189000000,1791189280712,DOWN,0.82,86401.75,5.554536414666966,1,KXBTC15M-26OCT050445-45,1791189767105,1791189767105,filled,1791189280712,1791189907188,1791189977877,2026-10-05,1791190106370,shadow_official_arrival,0.26225322281568203,0.11495445599320181,1,5.784138249356197,15.331217835374833,True,,35.23069406057274,54.908653699463954,False,True,False,True,no_recent_shock,,,,277.7866666665941,,0.11495445599320181,False
1791189900000,1791190141359,DOWN,0.91,86268.15,23.197958922270836,1,KXBTC15M-26OCT050500-00,1791190809782,,filled,1791190141359,1791190807183,1791190870434,2026-10-05,1791190809782,observed_grade,0.6971406150884638,0.16371682623169403,1,-38.801015873490826,-27.7107853222458,False,DOWN,32.92534393788996,56.38101959953973,False,True,False,True,no_recent_shock,,,,325.87433333328227,,0.16371682623169403,True
1791190800000,1791191043616,DOWN,0.69,86205.14,6.25065202995323,1,KXBTC15M-26OCT050515-15,,,unfilled,1791191043616,,,2026-10-05,1791191935220,shadow_official_arrival,0.2635340835224854,0.09156095173938075,4,9.670335317115697,-16.970439286075887,False,DOWN,27.744601899525144,44.67735759791964,False,True,False,True,no_recent_shock,,,,369.49883333324397,,0.09156095173938075,False
1791191700000,1791191946120,DOWN,0.89,85970.27,20.219412284429026,1,KXBTC15M-26OCT050530-30,1791192526163,1791192526163,filled,1791191946120,1791192607185,1791192679268,2026-10-05,1791192860980,shadow_official_arrival,0.9216236402808741,0.3644431629334994,3,-41.18488990034086,-62.13903236531038,False,DOWN,26.75286891855896,33.45762015075673,False,True,False,True,no_recent_shock,,,,573.3159999999771,,0.3644431629334994,True
1791192600000,1791193110328,UP,0.8,85868.12,2.9625469072058763,1,KXBTC15M-26OCT050545-45,1791193510669,,filled,1791193110328,1791193507180,1791193582121,2026-10-05,1791193510669,observed_grade,0.05232354262053732,0.3006171532873994,7,1.1964687757348713,-45.51334031277388,False,DOWN,31.498768566707067,23.889245179354365,False,True,False,True,no_recent_shock,,,,501.1296666665876,,0.3006171532873994,False
1791193500000,1791193796222,UP,0.67,85939.7,1.5039033182584483,1,KXBTC15M-26OCT050600-00,1791194411418,,filled,1791193796222,1791194407133,1791194474143,2026-10-05,1791194411418,observed_grade,0.3425477889128185,0.10361291354097964,2,13.331517643184743,-25.27971853370503,False,DOWN,32.19194606498691,28.092399953800438,False,True,False,True,no_recent_shock,,,,428.084166666682,,0.10361291354097964,False
1791194400000,1791194648134,UP,0.8,85950.36,7.609450385075434,1,KXBTC15M-26OCT050615-15,1791195313719,,filled,1791194648134,1791195307187,1791195375875,2026-10-05,1791195313719,observed_grade,0.4241766517860694,0.1300809975905059,5,8.997758742523843,-15.727300180579107,False,DOWN,31.58123169913825,28.568228355328742,False,True,False,True,no_recent_shock,,,,360.31566666666185,,0.1300809975905059,False
1791195300000,1791195549046,UP,0.7,86006.62,5.288430123173704,1,KXBTC15M-26OCT050630-30,1791195979087,1791195979087,filled,1791195549046,1791196207137,1791196285297,2026-10-05,1791196529256,shadow_official_arrival,0.22941087787769937,0.2895767546194586,2,4.224865131854383,29.798535218616973,False,DOWN,28.0777380966308,39.04847075479382,False,True,False,True,no_recent_shock,,,,246.96266666676092,,0.2895767546194586,False
1791196200000,1791196448606,DOWN,0.86,86085.0,7.979709976574378,1,KXBTC15M-26OCT050645-45,1791196922593,1791196922593,filled,1791196448606,1791197107136,1791197182164,2026-10-05,1791197148674,shadow_official_arrival,0.16502121453283233,0.1923331053051323,2,-4.109101145298721,18.953606127785072,False,DOWN,23.94414321913749,34.37656025895734,False,True,False,True,no_recent_shock,,,,283.8471666668629,,0.1923331053051323,False
1791197100000,1791197343594,UP,0.87,86016.03,10.012184163037396,1,KXBTC15M-26OCT050700-00,1791197770493,1791197770493,filled,1791197343594,1791198007136,1791198071761,2026-10-05,1791198060516,shadow_official_arrival,0.29104428890006484,0.182489502352113,3,10.381451848917589,19.04999324623402,False,DOWN,21.06091375830012,35.94505025339432,False,True,False,True,no_recent_shock,,,,183.3966666668275,,0.182489502352113,False
1791198000000,1791198245410,DOWN,0.86,86097.13,11.530078490027407,1,KXBTC15M-26OCT050715-15,1791198674130,1791198674130,filled,1791198245410,1791198907184,1791198980087,2026-10-05,1791198968610,shadow_official_arrival,0.3287161451359366,0.006880909930845749,3,-12.112531335228827,-1.7148842189895763,False,DOWN,17.86417718635411,48.07316661975971,False,True,False,True,no_recent_shock,,,,159.44550000004529,,0.006880909930845749,False
1791198900000,1791199143571,UP,0.77,85931.95,5.329934519890944,1,KXBTC15M-26OCT050730-30,1791199615180,1791199615180,filled,1791199143571,1791199807132,1791199880922,2026-10-05,1791199880922,shadow_official_arrival,0.15198827205794196,0.07691146457226546,2,-3.2727406417931704,-8.589607068952843,False,DOWN,17.14609967475969,46.48409674460975,False,True,False,True,no_recent_shock,,,,237.0889999999781,,0.07691146457226546,False
1791199800000,1791200044184,DOWN,0.67,86189.77,4.313060200391572,1,KXBTC15M-26OCT050745-45,,,unfilled,1791200044184,,,2026-10-05,1791200802093,shadow_official_arrival,0.5909529208792972,0.12967453836517803,2,20.336036276131786,16.246272732598488,True,,15.915975136576076,48.09672495818089,True,True,False,True,no_recent_shock,,,,278.9686666667112,,0.12967453836517803,False
1791200700000,1791201114689,DOWN,0.79,86064.36,4.106558549124006,0,KXBTC15M-26OCT050800-00,1791201613230,,filled,1791201114689,1791201607186,1791201673645,2026-10-05,1791201613230,observed_grade,0.22144801655211932,0.03783296888565312,3,-6.6265082365513095,-6.9229826954808615,True,,15.294768285846413,45.593494457739595,True,True,False,True,no_recent_shock,,,,278.9686666667112,,0.03783296888565312,False
1791201600000,1791201848130,DOWN,0.72,86195.77,5.963923751703959,1,KXBTC15M-26OCT050815-15,1791202392802,1791202392802,filled,1791201848130,1791202507185,1791202580648,2026-10-05,1791202627496,shadow_official_arrival,0.3493774176557209,0.12538770736848623,2,11.207126270345036,17.035792263015992,True,,15.10987602534311,48.40156029312746,True,True,False,True,no_recent_shock,,,,278.9686666667112,,0.12538770736848623,False
1791202500000,1791202856004,DOWN,0.66,86118.82,3.66135609693119,1,KXBTC15M-26OCT050830-30,1791203303895,1791203303895,filled,1791202856004,1791203407140,1791203479028,2026-10-05,1791203548174,shadow_official_arrival,0.20006179738231683,0.10206204835276736,3,-6.8993530527894364,10.420029281634768,True,,15.434863114928243,43.664729114561425,True,True,False,True,no_recent_shock,,,,209.0640000000567,,0.10206204835276736,False
1791203400000,1791203642338,DOWN,0.77,86033.69,8.406667976987858,1,KXBTC15M-26OCT050845-45,1791204092879,1791204092879,filled,1791203642338,1791204307185,1791204383706,2026-10-05,1791204466257,shadow_official_arrival,0.6766184314356319,0.19581936163522562,3,-16.861202711973,-22.406650137584137,True,,13.432590580749368,55.72397455711671,True,True,False,True,no_recent_shock,,,,196.8323333333392,,0.19581936163522562,False
1791204300000,1791204546558,DOWN,0.77,85909.59,6.963134150673733,1,KXBTC15M-26OCT050900-00,1791205205651,,filled,1791204546558,1791205207144,1791205270686,2026-10-05,1791205205651,observed_grade,0.3602810645739693,0.19589228048714796,3,-12.981917422889566,-23.02885187990156,True,,15.294672064911694,36.92735726716295,True,True,False,True,no_recent_shock,,,,350.59366666666756,,0.19589228048714796,False
1791205200000,1791205444623,UP,0.932,85875.89,17.14412120405573,1,KXBTC15M-26OCT050915-15,1791205825125,1791205825125,filled,1791205444623,1791206107193,1791206186910,2026-10-05,1791206280791,shadow_official_arrival,0.42788731744406966,0.12313941211085382,5,18.931993485009624,-13.99060581804168,True,,16.655898350452443,37.05785048809311,True,True,False,True,no_recent_shock,,,,302.71033333327796,,0.12313941211085382,False
1791206100000,1791206347201,UP,0.73,86120.91,5.9467555556436125,0,KXBTC15M-26OCT050930-30,1791207007711,,filled,1791206347201,1791207007201,1791207068995,2026-10-05,1791207007711,observed_grade,0.5521203646965918,0.05694743474169534,3,17.262394778767565,8.048060572420912,True,,16.32679852022324,42.07958572553889,True,True,False,True,no_recent_shock,,,,276.7739999999467,,0.05694743474169534,False
1791207000000,1791207243353,DOWN,0.82,86093.08,25.0860076868753,1,KXBTC15M-26OCT050945-45,1791207829188,1791207829188,filled,1791207243353,1791207907155,1791207982673,2026-10-05,1791208109297,shadow_official_arrival,0.5267147680871145,0.05662742901935106,1,-34.176722764104326,-9.801787192841305,True,,16.908411958749465,45.974802630258104,True,True,False,True,no_recent_shock,,,,326.82449999988603,,0.05662742901935106,False
1791207900000,1791208145061,UP,0.9,85967.08,41.139546285240414,1,KXBTC15M-26OCT051000-00,1791208555582,1791208555582,filled,1791208145061,1791208807143,1791208882696,2026-10-05,1791209021990,shadow_official_arrival,0.4445385119803083,0.2129379028394028,7,51.65961566385269,53.596102469952726,True,,15.746070136740242,56.50160937416502,True,True,False,True,no_recent_shock,,,,326.82449999988603,,0.2129379028394028,False
1791208800000,1791209057044,DOWN,0.73,86409.81,7.541157653266906,0,KXBTC15M-26OCT051015-15,1791209720731,,filled,1791209057044,1791209707148,1791209781551,2026-10-05,1791209720731,observed_grade,0.0802012166103692,0.14902271257201327,4,2.769013801457998,36.361953688122114,True,,17.96315792052955,43.15242866204354,True,True,False,True,no_recent_shock,,,,597.3621666666731,,0.14902271257201327,False
1791209700000,1791209939118,DOWN,0.74,86650.13,13.65300894528021,1,KXBTC15M-26OCT051030-30,,,unfilled,1791209939118,,,2026-10-05,1791210854661,shadow_official_arrival,0.3052833353787447,0.17661425504697828,4,17.544011805088466,41.8018556339117,False,UP,22.17806424339617,37.1363601970098,False,True,False,True,no_recent_shock,,,,796.825833333336,,0.17661425504697828,False
1791210600000,1791210843654,DOWN,0.966,86279.12,55.72657671983894,1,KXBTC15M-26OCT051045-45,1791211169969,1791211169969,filled,1791210843654,1791211507148,1791211508206,2026-10-05,1791211527634,shadow_official_arrival,0.7715634137518846,0.013397529375962232,1,-84.76771260572669,-9.17483555731069,True,,19.73209142875891,41.5301439892957,False,True,False,True,no_recent_shock,,,,771.096833333344,,0.013397529375962232,False
1791211500000,1791211739250,DOWN,0.78,85781.88,17.810482431335206,1,KXBTC15M-26OCT051100-00,1791212414556,,filled,1791211739250,1791212407191,1791212481711,2026-10-05,1791212414556,observed_grade,0.38973715523109587,0.1827803416295226,3,-24.190728173432152,-81.48277621637945,False,DOWN,23.68450582943593,36.95283668105032,False,True,False,True,no_recent_shock,,,,1144.0996666667052,,0.1827803416295226,False
1791212400000,1791212689581,DOWN,0.65,85605.89,2.552063493137524,1,KXBTC15M-26OCT051115-15,1791213308491,,filled,1791212689581,1791213307203,1791213371178,2026-10-05,1791213308491,observed_grade,0.23122407540816953,0.27616894670124476,5,-5.7010434127047205,-84.66850532398152,False,DOWN,26.429015892042,33.00345346631454,False,True,False,True,conditions_not_met,1791212580000,-105.7189888059451,1144.0996666667052,1144.0996666667052,1.0,0.27616894670124476,False
1791213300000,1791213833017,DOWN,0.56,85532.09,1.8590293615761144,1,KXBTC15M-26OCT051130-30,1791214222219,,filled,1791213833017,1791214207202,1791214282258,2026-10-05,1791214222219,observed_grade,0.2390462048740925,0.33439793752683866,7,-9.833914109660391,-96.1108034237701,False,DOWN,30.125019765097502,27.155652644103792,False,True,False,True,conditions_not_met,1791213660000,-101.65554657619258,882.3298333333951,859.2486666666518,0.9738406593602941,0.33439793752683866,False
1791214200000,1791214445122,DOWN,0.929,85524.5,30.817114783863175,1,KXBTC15M-26OCT051145-45,1791215108198,,filled,1791214445122,1791215107153,1791215178082,2026-10-05,1791215108198,observed_grade,0.45665761565675456,0.24110347750697092,6,-28.394883770656023,-62.63267840049824,False,DOWN,31.49162957920962,32.55538913131119,False,True,False,True,conditions_not_met,1791213660000,-101.65554657619258,882.3298333333951,343.4823333333479,0.3892901728548495,0.24110347750697092,True
1791215100000,1791215348651,UP,0.66,85311.71,7.238689741420057,0,KXBTC15M-26OCT051200-00,1791216009419,,filled,1791215348651,1791216007206,1791216069448,2026-10-05,1791216009419,observed_grade,0.19810939855823897,0.13607106064422186,5,13.197876513308948,-29.853617322722627,False,DOWN,35.79300661768974,45.48976334078777,False,True,True,True,flagged,1791213660000,-101.65554657619258,882.3298333333951,413.910833333357,0.46911122994631604,0.13607106064422186,False
1791216000000,1791216247976,DOWN,0.7,85246.9,4.975918967915494,1,KXBTC15M-26OCT051215-15,1791216909095,,filled,1791216258995,1791216907156,1791216970063,2026-10-05,1791216909095,observed_grade,0.6088961048179258,0.19127885270672917,3,-20.725990694381302,-39.59083606856928,False,DOWN,38.950243681553324,43.76321473759684,False,True,True,True,flagged,1791213660000,-101.65554657619258,882.3298333333951,383.08550000000105,0.43417493722582684,0.19127885270672917,False
1791216900000,1791217142141,DOWN,0.72,85238.81,12.409390354782834,1,KXBTC15M-26OCT051230-30,1791217810964,,filled,1791217142141,1791217807202,1791217881977,2026-10-05,1791217810964,observed_grade,0.25532780291926976,0.23092209548801546,2,-9.024163561301979,-43.80716867547485,False,DOWN,41.556316053291845,42.77895678931297,False,True,False,True,conditions_not_met,1791213660000,-101.65554657619258,882.3298333333951,393.2379999999248,0.44568140523401845,0.23092209548801546,True
1791217800000,1791218044991,UP,0.66,85131.8,6.34110872787641,1,KXBTC15M-26OCT051245-45,1791218711715,,filled,1791218044991,1791218707154,1791218771803,2026-10-05,1791218711715,observed_grade,0.15650614705589916,0.06117821265658552,3,6.1960867939903075,-10.563891361189404,False,DOWN,44.67420680486642,36.17013789891862,False,True,True,True,flagged,1791213660000,-101.65554657619258,882.3298333333951,361.7753333333676,0.410022782485547,0.06117821265658552,False
1791218700000,1791218967077,UP,0.72,85164.11,5.079271851331502,1,KXBTC15M-26OCT051300-00,1791219615244,,filled,1791218967077,1791219607150,1791219676888,2026-10-05,1791219615244,observed_grade,0.01465177008675876,0.15841899575551743,2,1.7709742435423337,-18.724207151330496,False,DOWN,43.722791433359205,43.33931830284405,False,True,True,True,flagged,1791213660000,-101.65554657619258,882.3298333333951,353.80216666674824,0.40098629027435523,0.15841899575551743,False
1791219600000,1791219839965,DOWN,0.85,85305.08,10.231199986380224,1,KXBTC15M-26OCT051315-15,1791220515683,,filled,1791219839965,1791220507200,1791220576860,2026-10-05,1791220515683,observed_grade,0.2886365664319511,0.03737317852097174,2,3.342554845766621,0.9240707184043906,False,DOWN,40.694793632028734,47.078873601285316,False,True,True,True,flagged,1791213660000,-101.65554657619258,882.3298333333951,280.7140000001091,0.31815086535109727,0.03737317852097174,False
1791220500000,1791220749005,UP,0.86,85250.58,9.083007607297855,1,KXBTC15M-26OCT051330-30,1791221476743,,filled,1791220749005,1791221407205,1791221476743,2026-10-05,1791221476743,observed_grade,0.48470222489176207,0.1821058662167717,3,12.932802366563134,22.902899679939637,False,DOWN,38.237346158054166,46.29145343704165,False,True,True,True,flagged,1791213660000,-101.65554657619258,882.3298333333951,280.7140000001091,0.31815086535109727,0.1821058662167717,False
1791221400000,1791221646466,DOWN,0.74,85366.38,8.74592940843133,1,KXBTC15M-26OCT051345-45,1791222319375,,filled,1791221646466,1791222307157,1791222382230,2026-10-05,1791222319375,observed_grade,0.18832435124148733,0.12213486610285294,2,-4.322602881781101,12.435897509646132,False,DOWN,32.95354311502478,36.10112453598206,False,True,True,True,flagged,1791213660000,-101.65554657619258,882.3298333333951,205.18833333342627,0.23255286807908976,0.12213486610285294,False
1791222300000,1791222540404,DOWN,0.81,85319.11,8.4523463344377,0,KXBTC15M-26OCT051400-00,1791223209584,,filled,1791222540404,1791223207317,1791223209584,2026-10-05,1791223209584,observed_grade,0.29811391300739565,0.07381505636597961,4,-5.784168214512109,6.769353420938984,False,DOWN,28.79969970210562,49.10079640682944,False,True,True,True,flagged,1791213660000,-101.65554657619258,882.3298333333951,178.20116666681133,0.20196661150351997,0.07381505636597961,False
1791223200000,1791223505729,DOWN,0.7,85423.41,3.452351839695611,0,KXBTC15M-26OCT051415-15,1791224176318,,filled,1791223527961,1791224107213,1791224176318,2026-10-05,1791224176318,observed_grade,0.4922514910297788,0.19515239777417384,2,17.15199705128123,18.570343623887098,False,DOWN,24.28692548224441,41.23649624796502,False,True,True,True,flagged,1791213660000,-101.65554657619258,882.3298333333951,260.4388333334646,0.2951717413311761,0.19515239777417384,False
1791224100000,1791224348927,UP,0.69,85432.83,4.629621501093251,1,KXBTC15M-26OCT051430-30,1791225012513,,filled,1791224404040,1791225007156,1791225036509,2026-10-05,1791225012513,observed_grade,0.16029659261726775,0.17228258307168262,2,5.066052626647721,16.850016022373904,False,DOWN,21.376529430229823,39.5513320107364,False,True,True,True,flagged,1791213660000,-101.65554657619258,882.3298333333951,230.50733333324024,0.2612484862518995,0.17228258307168262,False
1791225000000,1791225310772,UP,0.68,85579.27,2.5161856759647883,1,KXBTC15M-26OCT051445-45,1791225915476,,filled,1791225310772,1791225907161,1791225976889,2026-10-05,1791225915476,observed_grade,0.42881915680824695,0.2982194717609253,3,14.507855639849243,33.71374322456822,False,DOWN,21.67099624474778,33.20345259733884,False,True,False,True,conditions_not_met,1791213660000,-101.65554657619258,882.3298333333951,337.6549999999406,0.38268568877955544,0.2982194717609253,False
1791225900000,1791226390145,DOWN,0.65,85615.46,0.9113618809863944,0,KXBTC15M-26OCT051500-00,1791226818508,,filled,1791226390145,1791226807159,1791226879621,2026-10-05,1791226818508,observed_grade,0.012324878487171186,0.3264148085307686,4,0.46906103986499303,35.75508009477923,False,DOWN,24.00279803836377,26.78169741326865,False,True,False,True,conditions_not_met,1791213660000,-101.65554657619258,882.3298333333951,328.8829999999434,0.3727438284132828,0.3264148085307686,False
1791226800000,1791227041780,DOWN,0.8,85652.99,8.771069560247202,0,KXBTC15M-26OCT051515-15,1791227710370,,filled,1791227041780,1791227707208,1791227773463,2026-10-05,1791227710370,observed_grade,0.25887693452489846,0.1584344063062262,4,-4.79596066877197,16.441806355775856,False,DOWN,25.224776849899182,23.0092281309298,False,True,True,True,flagged,1791213660000,-101.65554657619258,882.3298333333951,292.45816666661995,0.33146126949117044,0.1584344063062262,False
1791227700000,1791227948333,UP,0.81,85684.11,7.815101306418715,1,KXBTC15M-26OCT051530-30,1791228617857,,filled,1791227948333,1791228607157,1791228680352,2026-10-05,1791228617857,observed_grade,0.5790104672713133,0.2831779869549802,3,20.24002784411838,32.254572030694376,False,DOWN,25.821396279504942,29.413721264879534,False,True,False,True,conditions_not_met,1791213660000,-101.65554657619258,882.3298333333951,209.78083333322138,0.23775783772456222,0.2831779869549802,False
1791228600000,1791228841675,UP,0.68,85731.12,4.756479716279127,0,KXBTC15M-26OCT051545-45,1791229511479,,filled,1791228841675,1791229507166,1791229572414,2026-10-05,1791229511479,observed_grade,0.14992761427616338,0.2392983295975575,2,4.731545040979057,26.058017508479026,False,DOWN,29.810271392749655,35.13793922725123,False,True,True,True,flagged,1791213660000,-101.65554657619258,882.3298333333951,226.92916666659585,0.2571931244909509,0.2392983295975575,False
1791229500000,1791229886128,DOWN,0.68,85718.26,2.669404006402365,0,KXBTC15M-26OCT051600-00,1791230416008,,filled,1791230138330,1791230407210,1791230477815,2026-10-05,1791230416008,observed_grade,0.1745565218257676,0.09150066728410246,3,-3.2187988507337284,9.770019594279589,False,DOWN,29.985168129464057,47.73600846409264,False,True,True,True,flagged,1791213660000,-101.65554657619258,882.3298333333951,210.5836666666146,0.2386677393317199,0.09150066728410246,False
1791230400000,1791230730256,DOWN,0.7,85729.81,3.7142078506147147,1,KXBTC15M-26OCT051615-15,1791231375183,,filled,1791230751765,1791231307163,1791231375183,2026-10-05,1791231375183,observed_grade,0.04137161762017182,0.14112995979324344,2,-0.19054931152506782,14.268216584427673,False,DOWN,28.44147514666786,51.587857663166545,False,True,True,True,flagged,1791213660000,-101.65554657619258,882.3298333333951,210.5836666666146,0.2386677393317199,0.14112995979324344,False
1791231300000,1791231543940,UP,0.76,85679.51,7.396478652434979,1,KXBTC15M-26OCT051630-30,1791232271508,,filled,1791231543940,1791232207159,1791232271508,2026-10-05,1791232271508,observed_grade,0.2377270590279103,0.012447938826893795,4,5.172899557541744,1.347115401799659,False,DOWN,25.9045380780546,49.10062811492924,False,True,True,True,flagged,1791213660000,-101.65554657619258,882.3298333333951,107.2848333332222,0.12159266215436218,0.012447938826893795,False
1791232200000,1791232538647,DOWN,0.79,85770.8,2.090027530747829,0,KXBTC15M-26OCT051645-45,1791233110509,,filled,1791232538647,1791233107958,1791233172250,2026-10-05,1791233110509,observed_grade,0.15337885925223457,0.021510582506082957,6,0.10302967874853408,1.2441947249808294,False,DOWN,26.67926344870138,54.95077824250532,False,True,True,True,flagged,1791213660000,-101.65554657619258,882.3298333333951,139.68416666661506,0.1583128682602692,0.021510582506082957,False
1791233100000,1791233346951,UP,0.69,85787.94,3.7032983113172158,1,KXBTC15M-26OCT051700-00,1791234018609,,filled,1791233446510,1791234007168,1791234080261,2026-10-05,1791234018609,observed_grade,0.31736030559717576,0.19611264620083035,3,5.8840634588275265,14.50523096882872,False,DOWN,26.125516295325557,54.1708409132369,False,True,True,True,flagged,1791213660000,-101.65554657619258,882.3298333333951,139.68416666661506,0.1583128682602692,0.19611264620083035,False
1791234000000,1791234245022,DOWN,0.82,85791.7,8.31927797210641,1,KXBTC15M-26OCT051715-15,1791234909969,,filled,1791234245022,1791234907166,1791234971867,2026-10-05,1791234909969,observed_grade,0.5056224557580624,0.0348624146842633,1,-11.751605523914188,2.54098032111294,False,DOWN,26.362430795156797,42.17368410340893,False,True,True,True,flagged,1791213660000,-101.65554657619258,882.3298333333951,167.73383333341917,0.19010332303933292,0.0348624146842633,False
1791234900000,1791235145631,UP,0.83,85733.2,5.689802783530595,1,KXBTC15M-26OCT051730-30,1791235818097,,filled,1791235145631,1791235807163,1791235886644,2026-10-05,1791235818097,observed_grade,0.2996795859269674,0.04907701986453734,3,7.192343029727155,4.559892566884383,False,DOWN,21.589722621757524,44.497451320153594,False,True,True,True,flagged,1791213660000,-101.65554657619258,882.3298333333951,127.05200000005425,0.1439960377629515,0.04907701986453734,False
1791235800000,1791236047320,UP,0.68,85805.68,2.7367457880744794,1,KXBTC15M-26OCT051745-45,1791236712534,,filled,1791236047320,1791236707154,1791236774708,2026-10-05,1791236712534,observed_grade,0.3781019108133378,0.08726231444801341,3,5.500261600184242,6.986206803694106,False,DOWN,20.500302980995862,53.79973249050435,False,True,True,True,flagged,1791213660000,-101.65554657619258,882.3298333333951,127.05200000005425,0.1439960377629515,0.08726231444801341,False
1791236700000,1791237027097,UP,0.67,85912.96,0.3757291100137117,1,KXBTC15M-26OCT051800-00,1791237613465,,filled,1791237027097,1791237607154,1791237675453,2026-10-05,1791237613465,observed_grade,0.182333693128411,0.12279577509106318,2,4.17695636606652,11.563332677080318,True,,23.03511523957848,39.646126796165234,False,True,True,True,flagged,1791213660000,-101.65554657619258,882.3298333333951,203.96199999997043,0.23116298723507156,0.12279577509106318,False
1791237600000,1791237902298,UP,0.69,85952.42,3.6243113728784415,1,KXBTC15M-26OCT051815-15,1791238518794,,filled,1791237902298,1791238507221,1791238580478,2026-10-05,1791238518794,observed_grade,0.5652424569025484,0.37970248939946044,1,10.66356831505022,31.270469111286392,True,,26.001528131234693,29.86494645896962,False,True,False,True,conditions_not_met,1791213660000,-101.65554657619258,882.3298333333951,272.27649999996356,0.3085881149131243,0.37970248939946044,False
1791238500000,1791238764860,UP,0.7,85962.14,1.6897942900517826,1,KXBTC15M-26OCT051830-30,1791239417180,,filled,1791238764860,1791239407160,1791239479169,2026-10-05,1791239417180,observed_grade,0.00478639523158676,0.2543208242116701,2,-0.2532599783355849,21.75906413825368,True,,23.69636792507257,36.752235615908695,False,True,False,True,conditions_not_met,1791213660000,-101.65554657619258,882.3298333333951,207.47033333328727,0.23513920247882292,0.2543208242116701,False
1791239400000,1791239651371,DOWN,0.65,85978.33,3.1880319920896127,1,KXBTC15M-26OCT051845-45,1791240309926,,filled,1791239651371,1791240307214,1791240371017,2026-10-05,1791240309926,observed_grade,0.08167654050687546,0.1420134028781395,2,-2.1040140459704926,14.185970826317007,True,,20.39903902563981,47.77523005398561,False,True,True,True,flagged,1791213660000,-101.65554657619258,882.3298333333951,175.3958333334449,0.19878715045915288,0.1420134028781395,False
1791240300000,1791240565598,DOWN,0.65,85963.6,1.9286457679046354,1,KXBTC15M-26OCT051900-00,1791241213672,,filled,1791240565598,1791241207212,1791241274193,2026-10-05,1791241213672,observed_grade,0.02564559038491768,0.08385757764179982,4,-0.4751538698521962,6.86944851030713,True,,17.883286427918183,63.08472184898974,True,True,True,True,flagged,1791213660000,-101.65554657619258,882.3298333333951,139.512000000017,0.15811774092795672,0.08385757764179982,False
1791241200000,1791241448304,UP,0.76,85925.79,8.57860408770117,0,KXBTC15M-26OCT051915-15,1791242113610,,filled,1791241448304,1791242107209,1791242173958,2026-10-05,1791242113610,observed_grade,0.2541234429557827,0.03228808709980299,4,5.568674129907691,2.9922302161189407,True,,17.31559378106792,62.83931267998303,True,True,True,True,flagged,1791213660000,-101.65554657619258,882.3298333333951,139.512000000017,0.15811774092795672,0.03228808709980299,False
1791242100000,1791242358477,UP,0.65,85868.65,2.402661895042346,1,KXBTC15M-26OCT051930-30,1791243073523,,filled,1791242509806,1791243007224,1791243073523,2026-10-05,1791243073523,observed_grade,0.3702652327812956,0.09414239280769943,2,-12.697030839792234,-9.505262276554571,True,,16.817329970636113,59.23198301998885,False,True,True,True,flagged,1791213660000,-101.65554657619258,882.3298333333951,194.93833333345538,0.2209358971768967,0.09414239280769943,False
1791243000000,1791243241195,DOWN,0.75,85917.79,6.481350757886473,1,KXBTC15M-26OCT051945-45,1791243910836,,filled,1791243241195,1791243907266,1791243972278,2026-10-05,1791243910836,observed_grade,0.09991708226061063,0.09892342298276684,4,-2.672098640176257,-10.251167189267996,True,,15.111403076053323,54.92044211767329,False,True,False,True,no_recent_shock,,,,194.93833333345538,,0.09892342298276684,False
1791243900000,1791244146412,DOWN,0.83,85831.89,10.69823814901727,1,KXBTC15M-26OCT052000-00,1791244812117,,filled,1791244146412,1791244807164,1791244876635,2026-10-05,1791244812117,observed_grade,0.8318772058698193,0.2617649008924849,3,-14.21333294378102,-24.615431415706546,False,DOWN,15.053777877086151,46.76514941245409,True,True,False,True,no_recent_shock,,,,284.1858333334385,,0.2617649008924849,True
1791244800000,1791245040716,UP,0.76,85776.0,7.625384723011219,1,KXBTC15M-26OCT052015-15,1791245709941,,filled,1791245040716,1791245707255,1791245770388,2026-10-05,1791245709941,observed_grade,0.44716793665067966,0.17850401531282314,3,11.963170637852016,-17.869240553086698,True,,17.81367413817679,37.877318494606605,True,True,False,True,no_recent_shock,,,,318.39266666669573,,0.17850401531282314,False
1791245700000,1791245988885,UP,0.67,85845.19,2.328862766418638,0,KXBTC15M-26OCT052030-30,1791246674839,,filled,1791245988885,1791246607213,1791246674839,2026-10-05,1791246674839,observed_grade,0.18759437472310783,0.0024617737066083083,3,4.101053288307899,-2.451498714415301,True,,17.690691893088204,37.45129989173886,True,True,False,True,no_recent_shock,,,,229.3593333333556,,0.0024617737066083083,False
1791246600000,1791246841747,UP,0.73,85828.14,6.368501830131823,0,KXBTC15M-26OCT052045-45,1791247574969,,filled,1791246841747,1791247507267,1791247574969,2026-10-05,1791247574969,observed_grade,0.014163581532744517,0.024951673299591748,2,-0.027673295449615054,2.41037653587739,True,,15.093844930474123,51.75566817044704,True,True,False,True,no_recent_shock,,,,216.7455000000191,,0.024951673299591748,False
1791247500000,1791247796851,UP,0.66,85795.29,2.515522705264228,1,KXBTC15M-26OCT052100-00,1791248410461,,filled,1791247852638,1791248407206,1791248481285,2026-10-05,1791248410461,observed_grade,0.3450105539520557,0.0714547165646911,6,-2.925832343123602,8.658694890542051,True,,13.576572247543789,51.97815774361316,True,True,False,True,no_recent_shock,,,,216.7455000000191,,0.0714547165646911,False
1791248400000,1791248645060,UP,0.904,85861.4,23.544728286899463,1,KXBTC15M-26OCT052115-15,1791249311280,,filled,1791248645060,1791249307212,1791249372699,2026-10-05,1791249311280,observed_grade,0.8796869155985715,0.2146755288328053,1,29.3807959263348,25.879216080324507,True,,11.558735198647133,50.89962175419162,True,True,False,True,no_recent_shock,,,,230.83783333326573,,0.2146755288328053,True
1791249300000,1791249545568,DOWN,0.91,86047.2,19.094074724874677,1,KXBTC15M-26OCT052130-30,1791250213321,,filled,1791249545568,1791250207214,1791250275815,2026-10-05,1791250213321,observed_grade,0.45004719571347895,0.005176749681070671,3,-20.99117251231908,-0.015893708951164598,True,,17.280814065067734,39.92187923993346,True,True,False,True,no_recent_shock,,,,322.63350000003993,,0.005176749681070671,False
1791250200000,1791250447553,DOWN,0.81,85970.96,9.846580752382872,1,KXBTC15M-26OCT052145-45,1791251117106,,filled,1791250447553,1791251107202,1791251178152,2026-10-05,1791251117106,observed_grade,0.03069665726557786,0.008876616801524888,0,0.3967223549250498,0.40850244134693625,True,,15.494215510487615,45.82626822122442,True,True,False,True,no_recent_shock,,,,322.63350000003993,,0.008876616801524888,False
1791251100000,1791251340302,UP,0.67,85676.72,5.175034711879523,0,KXBTC15M-26OCT052200-00,1791252015313,,filled,1791251340302,1791252007910,1791252086437,2026-10-05,1791252015313,observed_grade,0.446775409389346,0.06455830806385791,2,-20.623576628053808,-10.417127003804483,True,,15.86832545092048,37.96008154442021,True,True,False,True,no_recent_shock,,,,435.32116666663205,,0.06455830806385791,False
1791252000000,1791252280666,DOWN,0.73,85623.37,4.667475713702185,1,KXBTC15M-26OCT052215-15,1791252971338,,filled,1791252302350,1791252907366,1791252971338,2026-10-05,1791252971338,observed_grade,0.6212199234967409,0.3719731118372835,5,-14.164200920859793,-52.03455714541949,False,DOWN,19.341536604541584,33.594501857934304,True,True,False,True,no_recent_shock,,,,498.1621666667197,,0.3719731118372835,False
1791252900000,1791253147460,UP,0.68,85466.61,4.341520039232716,1,KXBTC15M-26OCT052230-30,1791253809732,,filled,1791253147460,1791253807210,1791253871402,2026-10-05,1791253809732,observed_grade,0.3173329128891545,0.332854927343372,2,-9.57584360119168,-44.15143522797593,False,DOWN,24.505101314637106,21.007569280663603,False,True,False,True,no_recent_shock,,,,510.63466666653403,,0.332854927343372,False
1791253800000,1791254078421,DOWN,0.7,85629.96,3.3917840593744586,1,KXBTC15M-26OCT052245-45,1791254715496,,filled,1791254078421,1791254707169,1791254786489,2026-10-05,1791254715496,observed_grade,0.32723412196476603,0.22107371333364048,4,11.275565733837034,-32.098047457364,True,,24.10702297727368,32.15678258528023,False,True,False,True,no_recent_shock,,,,437.8854999999312,,0.22107371333364048,False
1791254700000,1791254947167,DOWN,0.7,85610.62,7.70907082944472,1,KXBTC15M-26OCT052300-00,1791255612441,,filled,1791254947167,1791255607209,1791255674053,2026-10-05,1791255612441,observed_grade,0.2931115360166908,0.16071011788382494,3,-8.41442505635892,-20.582554327931433,False,DOWN,22.6496612228273,40.82098515454696,False,True,False,True,no_recent_shock,,,,263.2198333332344,,0.16071011788382494,False
1791255600000,1791255848869,UP,0.77,85517.0,6.134316373753723,1,KXBTC15M-26OCT052315-15,1791256509503,,filled,1791255848869,1791256507166,1791256571004,2026-10-05,1791256509503,observed_grade,0.1699442472930572,0.013778412741477376,2,2.9033580414106197,-2.3363664574604925,False,DOWN,23.85052892753847,48.45106904915961,False,True,False,True,no_recent_shock,,,,263.2198333332344,,0.013778412741477376,False
1791256500000,1791256745738,UP,0.66,85519.28,4.828794161972905,0,KXBTC15M-26OCT052330-30,1791257418073,,filled,1791256745738,1791257407164,1791257479953,2026-10-05,1791257418073,observed_grade,0.05172994526843976,0.05823669643475314,4,-1.1576227197784839,6.873109926686105,False,DOWN,24.279152352896528,46.88091561020987,False,True,False,True,no_recent_shock,,,,221.73599999998987,,0.05823669643475314,False
1791257400000,1791257643994,DOWN,0.9,85461.7,16.38416195012926,1,KXBTC15M-26OCT052345-45,1791258319315,,filled,1791257643994,1791258307220,1791258381452,2026-10-05,1791258319315,observed_grade,0.9772201654690048,0.3324370238977258,1,-27.9870438298746,-35.13443373244884,False,DOWN,24.58914668992241,45.759586076625595,False,True,False,True,no_recent_shock,,,,236.12900000008813,,0.3324370238977258,True
1791258300000,1791258542026,UP,0.74,85452.04,6.219161063909517,1,KXBTC15M-26OCT060000-00,1791259212148,,filled,1791258542026,1791259207214,1791259282867,2026-10-05,1791259212148,observed_grade,0.7479091251707926,0.04044920999842806,1,20.917915512135288,-3.963821289273417,False,DOWN,28.326780227593172,35.040141371929884,False,True,False,True,no_recent_shock,,,,243.78300000005402,,0.04044920999842806,False
1791259200000,1791259447168,UP,0.79,85482.32,7.2988582122324175,1,KXBTC15M-26OCT060015-15,1791260174377,,filled,1791259447168,1791260107159,1791260174377,2026-10-06,1791260174377,observed_grade,0.24977498008883683,0.026581315307130777,0,4.622916586356496,-3.011435672513052,False,DOWN,26.341798019303692,42.26657359341446,False,True,False,True,no_recent_shock,,,,243.78300000005402,,0.026581315307130777,False
1791260100000,1791260362527,DOWN,0.66,85602.2,1.8967581051310134,1,KXBTC15M-26OCT060030-30,1791261011836,,filled,1791260362527,1791261007213,1791261073503,2026-10-06,1791261011836,observed_grade,0.3259110767884523,0.03515179207386471,4,4.970515342230808,3.2669646478500347,False,DOWN,21.89098251136819,39.03222555294607,False,True,False,True,no_recent_shock,,,,275.58316666659084,,0.03515179207386471,False
1791261000000,1791261311073,DOWN,0.68,85571.0,2.753775617124754,0,KXBTC15M-26OCT060045-45,1791261914200,,filled,1791261311073,1791261907208,1791261974930,2026-10-06,1791261914200,observed_grade,0.23860993003171882,0.3308104247353698,5,-3.414603005050809,23.057875148499996,False,DOWN,16.792349059622698,36.18029417811081,False,True,False,True,no_recent_shock,,,,258.44683333339344,,0.3308104247353698,False
1791261900000,1791262139852,DOWN,0.65,85576.76,2.2090888538639497,0,KXBTC15M-26OCT060100-00,,,skipped,1791262688620,,,2026-10-06,1791262918010,shadow_official_arrival,0.03190870339865585,0.14522979481891285,2,-1.6237445963984687,6.1853131274469675,False,DOWN,14.869640045464157,34.022685010246626,False,True,False,True,no_recent_shock,,,,122.76750000005995,,0.14522979481891285,False
1791262800000,1791263046709,DOWN,0.67,85598.49,3.5108874778866372,0,KXBTC15M-26OCT060115-15,,,skipped,1791263584530,,,2026-10-06,1791263839062,shadow_official_arrival,0.07818955064610365,0.039827113821151894,2,1.2368238963755829,2.347970452307724,False,DOWN,12.446707354782578,50.329134376014636,False,True,False,True,no_recent_shock,,,,60.00716666683729,,0.039827113821151894,False
1791263700000,1791263943768,DOWN,0.66,85690.09,2.2377150029884163,1,KXBTC15M-26OCT060130-30,1791264619559,,filled,1791264141509,1791264607301,1791264681003,2026-10-06,1791264619559,observed_grade,0.46522356098275225,0.1399951373160514,4,11.960485686499656,9.671336101917394,True,,14.301023276158705,43.941865899424265,True,True,False,True,no_recent_shock,,,,155.69533333342406,,0.1399951373160514,False
1791264600000,1791264901188,DOWN,0.73,85668.35,2.545844916275186,1,KXBTC15M-26OCT060145-45,1791265514614,,filled,1791264901188,1791265507153,1791265575695,2026-10-06,1791265514614,observed_grade,0.057497664032071835,0.14209462720747668,4,-1.3914951778171147,11.3098277829482,True,,14.81613113888748,43.625795063497044,True,True,False,True,no_recent_shock,,,,155.69533333342406,,0.14209462720747668,False
1791265500000,1791265740815,DOWN,0.73,85576.35,4.503035398605304,1,KXBTC15M-26OCT060200-00,1791266416067,,filled,1791265740815,1791266407143,1791266485817,2026-10-06,1791266416067,observed_grade,0.6662810587590275,0.028462159004466102,3,-13.89519368173997,-2.342352620771093,False,DOWN,14.066620353442586,47.88114606835882,True,True,False,True,no_recent_shock,,,,174.53450000009616,,0.028462159004466102,False
1791266400000,1791266647694,DOWN,0.9,85502.44,12.08324191293464,1,KXBTC15M-26OCT060215-15,1791267375377,,filled,1791266647694,1791267307197,1791267375377,2026-10-06,1791267375377,observed_grade,0.6824973128223727,0.21451271819910445,1,-16.213803669609117,-19.786735071526394,False,DOWN,15.153138073357724,39.87275508978037,True,True,False,True,no_recent_shock,,,,258.17800000010175,,0.21451271819910445,True
1791267300000,1791267544823,UP,0.8,85163.92,8.315747638982796,1,KXBTC15M-26OCT060230-30,1791268214563,,filled,1791267544823,1791268207148,1791268277346,2026-10-06,1791268214563,observed_grade,0.47114456112991154,0.48790191673512456,2,-19.837032131970744,-50.912825354240134,False,DOWN,22.787286194541906,18.00666729957161,False,True,False,True,no_recent_shock,,,,546.2511666666251,,0.48790191673512456,False
1791268200000,1791268439950,UP,0.74,85232.74,3.9478569698347954,1,KXBTC15M-26OCT060245-45,1791269112040,,filled,1791268439950,1791269107141,1791269182991,2026-10-06,1791269112040,observed_grade,0.3121298757121862,0.4348947768671867,3,4.95986355288025,-45.58279867517556,False,DOWN,31.146830694685516,17.84867893166814,False,True,False,True,no_recent_shock,,,,526.3581666667014,,0.4348947768671867,False
1791269100000,1791269345868,UP,0.78,85301.31,5.080500326815063,0,KXBTC15M-26OCT060300-00,1791270005216,,filled,1791269345868,1791270007138,1791270068994,2026-10-06,1791270005216,observed_grade,0.36101742135936776,0.19880636030475415,3,9.178137820811116,-22.58268276856823,True,,34.04206064379003,22.364498797549498,False,True,False,True,no_recent_shock,,,,406.01849999999104,,0.19880636030475415,False
1791270000000,1791270245189,DOWN,0.66,85294.06,3.380520675574372,0,KXBTC15M-26OCT060315-15,,,skipped,1791270782410,,,2026-10-06,1791271148981,shadow_official_arrival,0.6616664911565695,0.15504725577444556,1,-9.423249316692361,-16.267416648386714,True,,34.38485006033565,30.252879747965107,False,True,False,True,no_recent_shock,,,,269.2843333333585,,0.15504725577444556,False
1791270900000,1791271315214,DOWN,0.8,85335.33,2.7236276776121393,1,KXBTC15M-26OCT060330-30,1791271811106,,filled,1791271337081,1791271807192,1791271872561,2026-10-06,1791271811106,observed_grade,0.040139777522963195,0.08985405568687657,4,-1.1945101998100949,6.92898261232644,True,,33.05458472246986,44.44481800727301,False,True,False,True,no_recent_shock,,,,157.36066666670376,,0.08985405568687657,False
1791271800000,1791272046518,UP,0.87,85286.79,10.353909048119725,1,KXBTC15M-26OCT060345-45,1791272718789,,filled,1791272046518,1791272707192,1791272778998,2026-10-06,1791272718789,observed_grade,0.1357691825020325,0.13310578297439163,2,3.4326821539676367,12.74904469390048,True,,32.243587274114056,50.710707427866026,False,True,False,True,no_recent_shock,,,,109.30283333342231,,0.13310578297439163,False
1791272700000,1791272941768,UP,0.83,85480.8,8.053484915135911,1,KXBTC15M-26OCT060400-00,1791273611014,,filled,1791272941768,1791273607134,1791273672221,2026-10-06,1791273611014,observed_grade,0.8771988407731116,0.26793295981721205,1,21.089689225839425,23.901901799152636,True,,27.197781989961754,42.16607468608841,False,True,False,True,no_recent_shock,,,,254.94116666683112,,0.26793295981721205,True
1791273600000,1791273846774,UP,0.75,85550.9,5.971104141899719,1,KXBTC15M-26OCT060415-15,1791274517672,,filled,1791273846774,1791274507137,1791274578438,2026-10-06,1791274517672,observed_grade,0.2982709071476604,0.41161314386271763,3,6.118260565242117,39.49525284885125,True,,27.662611865718116,25.91457869865982,False,True,False,True,no_recent_shock,,,,338.4204999999929,,0.41161314386271763,False
1791274500000,1791274839928,UP,0.65,85781.39,2.939623617659315,1,KXBTC15M-26OCT060430-30,1791275416430,,filled,1791274839928,1791275407138,1791275481558,2026-10-06,1791275416430,observed_grade,0.32244710693401907,0.3951527063978221,5,23.467066421909433,56.52676789840161,False,UP,34.30100658772564,18.117145135150995,False,True,False,True,no_recent_shock,,,,649.9029999999184,,0.3951527063978221,False
1791275400000,1791275645368,DOWN,0.65,85877.22,3.4153411114079546,0,KXBTC15M-26OCT060445-45,1791276312707,,filled,1791275645368,1791276307137,1791276374758,2026-10-06,1791276312707,observed_grade,0.3369637159399338,0.3993763841901004,2,8.158355363361292,56.025798410688225,False,UP,37.80114624801298,18.81958119692079,False,True,False,True,no_recent_shock,,,,564.3098333333619,,0.3993763841901004,False
1791276300000,1791276548070,UP,0.73,85934.54,7.103468911728861,1,KXBTC15M-26OCT060500-00,1791277218760,,filled,1791276548070,1791277207133,1791277280654,2026-10-06,1791277218760,observed_grade,0.5391023219708839,0.35308334677801995,1,17.204072614167565,52.12663553504582,False,UP,42.169820066223515,27.865235565878898,False,True,False,True,no_recent_shock,,,,405.7368333332124,,0.35308334677801995,True
1791277200000,1791277574739,DOWN,0.72,86020.52,3.1203794939482776,1,KXBTC15M-26OCT060515-15,1791278117689,,filled,1791277574739,1791278107179,1791278177981,2026-10-06,1791278117689,observed_grade,0.31303156671025056,0.3044869559699846,4,5.045764242630479,45.56127384924391,False,UP,48.22405032213185,31.535109232383576,False,True,False,True,no_recent_shock,,,,427.3038333334407,,0.3044869559699846,False
1791278100000,1791278340887,UP,0.76,85917.83,5.957998861640945,0,KXBTC15M-26OCT060530-30,1791279018989,,filled,1791278340887,1791279007184,1791279079875,2026-10-06,1791279018989,observed_grade,0.20110510912022628,0.20006473582805892,4,-5.821498065604613,22.279687332726894,False,UP,47.31482467337469,36.22063417138116,False,True,False,True,no_recent_shock,,,,256.2595000000438,,0.20006473582805892,False
1791279000000,1791279241958,UP,0.88,85735.81,18.73635609981994,1,KXBTC15M-26OCT060545-45,1791279911728,,filled,1791279241958,1791279907131,1791279973357,2026-10-06,1791279911728,observed_grade,0.09699803877218476,0.03747972007076852,0,-8.441665009967236,5.701330637990498,False,UP,43.05897106917089,47.567706772300255,False,True,False,True,no_recent_shock,,,,326.6349999998638,,0.03747972007076852,False
1791279900000,1791280146708,UP,0.81,85884.4,8.833831677621529,1,KXBTC15M-26OCT060600-00,1791280817912,,filled,1791280146708,1791280807186,1791280879393,2026-10-06,1791280817912,observed_grade,0.18449727248202655,0.025536565717728953,4,7.430012346305581,-4.45160596036942,False,UP,35.03175118666298,52.41520939068504,False,True,False,True,no_recent_shock,,,,326.6349999998638,,0.025536565717728953,False
1791280800000,1791281263812,UP,0.66,85972.66,0.27194691893495104,1,KXBTC15M-26OCT060615-15,1791281714343,,filled,1791281263812,1791281707184,1791281775014,2026-10-06,1791281714343,observed_grade,0.20145552853180382,0.0062742180775780965,4,-18.26426448701013,-1.9197244900082122,False,UP,32.06121778167548,48.76249003131411,False,True,False,True,no_recent_shock,,,,382.25449999999546,,0.0062742180775780965,False
1791281700000,1791281949476,DOWN,0.73,86130.4,6.582286858075603,1,KXBTC15M-26OCT060630-30,1791282608971,,filled,1791281949476,1791282607190,1791282670538,2026-10-06,1791282608971,observed_grade,0.1306515765168636,0.05940347125070614,0,6.00386691506305,12.177254884304656,False,UP,31.82915647636886,51.81726332752071,False,True,False,True,no_recent_shock,,,,390.3776666665799,,0.05940347125070614,False
1791282600000,1791282844885,DOWN,0.71,86100.68,2.5689305434806187,0,KXBTC15M-26OCT060645-45,1791283514618,,filled,1791282844885,1791283507144,1791283574867,2026-10-06,1791283514618,observed_grade,0.041333697077114394,0.13120351886859613,4,0.6991195719385779,21.201536456247894,False,UP,31.580096910410255,52.024230921979054,False,True,False,True,no_recent_shock,,,,293.2190000000264,,0.13120351886859613,False
1791283500000,1791283848384,UP,0.65,86175.23,2.8197971350563122,0,KXBTC15M-26OCT060700-00,1791284474298,,filled,1791283979530,1791284407140,1791284474298,2026-10-06,1791284474298,observed_grade,0.569231108242454,0.1688234516322134,1,18.36229387393029,25.94261700299416,False,UP,30.598843848702977,51.45965613804126,False,True,False,True,no_recent_shock,,,,225.71683333323745,,0.1688234516322134,False
1791284400000,1791284642159,UP,0.76,86125.05,5.859657943108054,1,KXBTC15M-26OCT060715-15,1791285313885,,filled,1791284642159,1791285307187,1791285384721,2026-10-06,1791285313885,observed_grade,0.013595129609877734,0.1235107334870337,2,0.10093842780056761,16.91460343290707,False,UP,30.675080332451245,56.192515938351946,False,True,False,True,no_recent_shock,,,,272.95483333324955,,0.1235107334870337,False
1791285300000,1791285545360,UP,0.912,86184.01,18.506255781478576,1,KXBTC15M-26OCT060730-30,1791286271087,,filled,1791285545360,1791286207148,1791286271087,2026-10-06,1791286271087,observed_grade,0.4240581791960691,0.2200606876337368,1,19.49370391356231,31.480480061647498,False,UP,28.780822330793857,51.90633390437533,False,True,False,True,no_recent_shock,,,,313.4760000000533,,0.2200606876337368,False
1791286200000,1791286439412,UP,0.83,86190.94,9.70390081989514,1,KXBTC15M-26OCT060745-45,1791287109909,,filled,1791286439412,1791287107187,1791287181003,2026-10-06,1791287109909,observed_grade,0.31009874699200785,0.12200434041873344,0,-7.671632353382085,22.02602902368289,False,UP,29.843639921626618,45.25059243571846,False,True,False,True,no_recent_shock,,,,336.2815000000701,,0.12200434041873344,False
1791287100000,1791287344770,UP,0.65,86292.9,1.7982360078283577,0,KXBTC15M-26OCT060800-00,1791288018359,,filled,1791287344770,1791288007137,1791288078447,2026-10-06,1791288018359,observed_grade,0.1166932109615872,0.10828723577802656,3,3.9222059526955455,15.52324325462262,False,UP,30.091098828221853,45.65945985948829,False,True,False,True,no_recent_shock,,,,267.26566666668805,,0.10828723577802656,False
1791288000000,1791288243275,UP,0.69,86239.73,4.222667054583074,1,KXBTC15M-26OCT060815-15,1791288909973,,filled,1791288353021,1791288907191,1791288970001,2026-10-06,1791288909973,observed_grade,0.15231776143871273,0.09136340573645076,0,-3.4306904948955275,11.677311330997586,False,UP,29.868896171448807,49.678460389237614,False,True,False,True,no_recent_shock,,,,267.26566666668805,,0.09136340573645076,False
1791288900000,1791289146373,DOWN,0.8,86355.6,10.886497227740044,1,KXBTC15M-26OCT060830-30,1791289817929,,filled,1791289146373,1791289807142,1791289879956,2026-10-06,1791289817929,observed_grade,0.05782208006163881,0.07589355529300104,2,-1.6872759520991654,-9.487144860033103,False,UP,29.194492525128105,48.2139542188173,False,True,False,True,no_recent_shock,,,,169.45016666661832,,0.07589355529300104,False
1791289800000,1791290043816,UP,0.65,86150.88,3.0992331902601755,1,KXBTC15M-26OCT060845-45,1791290774142,,filled,1791290043816,1791290707194,1791290774142,2026-10-06,1791290774142,observed_grade,0.24584060030075258,0.0870481938949545,4,-9.593941867768185,-11.243018277041772,False,UP,26.64965113783112,53.442407154543986,False,True,False,True,no_recent_shock,,,,230.59083333330636,,0.0870481938949545,False
1791290700000,1791290940951,DOWN,0.8,86242.09,7.75874054072867,1,KXBTC15M-26OCT060900-00,1791291662280,,filled,1791290940951,1791291607146,1791291662280,2026-10-06,1791291662280,observed_grade,0.006930572801224967,0.1199860308351027,2,-0.7058959180550328,-15.129697897904304,False,UP,22.58416174616559,47.27257649565609,False,True,False,True,no_recent_shock,,,,230.59083333330636,,0.1199860308351027,False
1791291600000,1791291846198,DOWN,0.65,86207.18,5.6288621589695165,1,KXBTC15M-26OCT060915-15,1791292509443,,filled,1791291846198,1791292507196,1791292570375,2026-10-06,1791292509443,observed_grade,0.06465495002937494,0.0992814402040613,2,-1.917238108293251,-13.618016708011327,False,UP,19.570238330255844,52.2922146985738,False,True,False,True,no_recent_shock,,,,230.59083333330636,,0.0992814402040613,False
1791292500000,1791292744252,DOWN,0.76,86079.33,9.170900842287999,1,KXBTC15M-26OCT060930-30,1791293474360,,filled,1791292744252,1791293407152,1791293474360,2026-10-06,1791293474360,observed_grade,0.5495457309983556,0.21628755901807842,1,-18.200819601071892,-30.135557066289785,False,UP,17.543157244372626,47.59604269972709,False,True,False,True,no_recent_shock,,,,196.7533333333413,,0.21628755901807842,True
1791293400000,1791293640427,UP,0.8,86007.18,17.61035144586698,1,KXBTC15M-26OCT060945-45,1791294313463,,filled,1791293640427,1791294307142,1791294373773,2026-10-06,1791294313463,observed_grade,0.43873291981241513,0.019192690743686795,3,18.30866245236429,-2.6245651551104476,True,,19.403775091153857,48.044799129347844,True,True,False,True,no_recent_shock,,,,274.9173333334038,,0.019192690743686795,False
1791294300000,1791294638582,UP,0.68,86335.68,6.459438322599098,0,KXBTC15M-26OCT061000-00,1791295218717,,filled,1791294638582,1791295207197,1791295281136,2026-10-06,1791295218717,observed_grade,0.11520202642672658,0.1111446293347318,3,6.633294020981229,24.51373544516855,True,,20.005847197094006,49.919839344218325,False,True,False,True,no_recent_shock,,,,380.22633333342674,,0.1111446293347318,False
1791295200000,1791295534710,DOWN,0.67,86282.61,1.7855471301353454,0,KXBTC15M-26OCT061015-15,1791296114483,,filled,1791295567042,1791296107146,1791296176049,2026-10-06,1791296114483,observed_grade,0.12609957481384257,0.08152921239664893,2,-12.855088859429209,14.673010502024297,True,,20.93241255945071,46.94050577754096,False,True,False,True,no_recent_shock,,,,432.0170000000071,,0.08152921239664893,False
1791296100000,1791296349569,DOWN,0.85,86304.41,23.28617969812541,1,KXBTC15M-26OCT061030-30,1791297010721,,filled,1791296349569,1791297007153,1791297071398,2026-10-06,1791297010721,observed_grade,0.3068277499877069,0.04699521670188638,3,-24.473934829595258,11.982794844964673,True,,18.410079283563334,51.20129832691666,True,True,False,True,no_recent_shock,,,,432.0170000000071,,0.04699521670188638,False
1791297000000,1791297267243,UP,0.69,86065.81,4.336971905567477,1,KXBTC15M-26OCT061045-45,1791297919691,,filled,1791297267243,1791297907202,1791297980688,2026-10-06,1791297919691,observed_grade,0.07508114938160305,0.042791017904362155,5,-0.34360711177128245,-10.997440922762003,True,,18.19179512762557,56.03023462813791,True,True,False,True,no_recent_shock,,,,447.25449999990815,,0.042791017904362155,False
1791297900000,1791298297475,UP,0.78,86300.19,3.449026782760267,1,KXBTC15M-26OCT061100-00,1791298813503,,filled,1791298297475,1791298807200,1791298875360,2026-10-06,1791298813503,observed_grade,0.4129289767419482,0.05250255001140928,2,20.537140031320344,-13.59832892504631,True,,16.22122009551413,50.77577965558019,True,True,False,True,no_recent_shock,,,,447.25449999990815,,0.05250255001140928,False
1791298800000,1791299337265,DOWN,0.6,86591.76,2.2446708555223793,0,KXBTC15M-26OCT061115-15,1791299719232,,filled,1791299337265,1791299707209,1791299780917,2026-10-06,1791299719232,observed_grade,0.24829708219365262,0.18026600486570257,4,13.67007996187164,49.38215370252408,False,UP,20.51245669296986,39.85910126496438,False,True,False,True,no_recent_shock,,,,660.0441666665429,,0.18026600486570257,False
1791299700000,1791300007540,DOWN,0.71,86595.4,4.044287186927287,1,KXBTC15M-26OCT061130-30,1791300611480,,filled,1791300018348,1791300607195,1791300672054,2026-10-06,1791300611480,observed_grade,0.01660607479393423,0.23130046180627092,6,0.25789985534929727,51.337228232704035,False,UP,24.474192543393087,35.9689980889833,False,True,False,True,no_recent_shock,,,,660.0441666665429,,0.23130046180627092,False
1791300600000,1791300846512,UP,0.79,86281.03,12.35209717207253,0,KXBTC15M-26OCT061145-45,1791301574622,,filled,1791300846512,1791301507208,1791301574622,2026-10-06,1791301574622,observed_grade,0.4078442931852402,0.1652481065303111,4,-21.72530484361279,36.84462940827915,True,,21.584911935081756,33.953827649088886,False,True,False,True,no_recent_shock,,,,591.9823333333043,,0.1652481065303111,False
1791301500000,1791301753366,DOWN,0.67,86105.99,4.748701764730745,1,KXBTC15M-26OCT061200-00,1791302414530,,filled,1791301764743,1791302407201,1791302475672,2026-10-06,1791302414530,observed_grade,0.5691563942034151,0.09757843525678539,1,-37.332246068302325,-23.19608539569029,True,,18.420731580401117,45.546242490823325,True,True,False,True,no_recent_shock,,,,555.6723333332775,,0.09757843525678539,False
1791302400000,1791302648378,UP,0.7,85735.8,8.497267185938462,1,KXBTC15M-26OCT061215-15,1791303379820,,filled,1791302648378,1791303307165,1791303379820,2026-10-06,1791303379820,observed_grade,0.5796048333845548,0.4490163925895552,0,-30.84597961698354,-94.89619821633322,False,DOWN,19.113597811777957,28.07752826561187,False,True,False,True,conditions_not_met,1791302580000,-104.2877966020106,904.1285000000353,901.561666666661,0.997160986150338,0.4490163925895552,False
1791303300000,1791303655551,DOWN,0.71,85758.97,2.4507446082155937,1,KXBTC15M-26OCT061230-30,1791304208938,,filled,1791303655551,1791304207217,1791304269862,2026-10-06,1791304208938,observed_grade,0.03868898010545924,0.41002418586053413,8,0.38067049693113475,-91.00282118260417,False,DOWN,22.718144332216223,20.60381433274174,False,True,False,True,conditions_not_met,1791303480000,-109.61753998829371,949.7271666666202,878.457333333281,0.924957571148055,0.41002418586053413,False
1791304200000,1791304443835,DOWN,0.75,85730.54,9.084938303973722,1,KXBTC15M-26OCT061245-45,1791305113422,,filled,1791304443835,1791305107159,1791305174668,2026-10-06,1791305113422,observed_grade,0.18268432401074405,0.3991668759352585,6,-8.434960382160961,-82.10353057159226,False,DOWN,24.6186166919287,24.350284003109547,False,True,False,True,conditions_not_met,1791303480000,-109.61753998829371,949.7271666666202,752.9436666666006,0.7927999672888205,0.3991668759352585,False
1791305100000,1791305368904,DOWN,0.65,85690.16,3.999739682285508,1,KXBTC15M-26OCT061300-00,1791306019760,,filled,1791305368904,1791306007201,1791306081387,2026-10-06,1791306019760,observed_grade,0.039635710853853805,0.2668888424082064,2,0.44248771129629105,-45.757567382094244,False,DOWN,28.084932900633053,18.077385393063636,False,True,False,True,conditions_not_met,1791303480000,-109.61753998829371,949.7271666666202,498.0951666665933,0.5244613233659747,0.2668888424082064,False
1791306000000,1791306532126,UP,0.63,85588.06,2.011222905007326,0,KXBTC15M-26OCT061315-15,1791306914672,,filled,1791306532126,1791306907159,1791306984822,2026-10-06,1791306914672,observed_grade,0.49980149061115187,0.18770124258958487,2,-9.605301118371656,-24.856134844272184,False,DOWN,30.384532340504173,43.26044491468165,False,True,True,True,flagged,1791303480000,-109.61753998829371,949.7271666666202,256.07633333331614,0.2696314713541366,0.18770124258958487,False
1791306900000,1791307221652,DOWN,0.66,85530.47,2.9661554141680035,0,KXBTC15M-26OCT061330-30,,,skipped,1791307683823,,,2026-10-06,1791308019002,shadow_official_arrival,0.2163157970404105,0.22774602223153728,3,-6.061123877885155,-30.290443781085806,False,DOWN,33.29720026223399,49.23701890605002,False,True,True,True,flagged,1791303480000,-109.61753998829371,949.7271666666202,251.71699999998964,0.26504138118263293,0.22774602223153728,False
1791307800000,1791308043545,DOWN,0.67,85627.02,4.420177960958727,1,KXBTC15M-26OCT061345-45,1791308772506,,filled,1791308230246,1791308707213,1791308772506,2026-10-06,1791308772506,observed_grade,0.3087380968860491,0.06290280619851715,2,9.756244482115317,-7.61216244346552,False,DOWN,33.48260876092133,48.65340048520381,False,True,True,True,flagged,1791303480000,-109.61753998829371,949.7271666666202,214.09216666675638,0.2254249158926171,0.06290280619851715,False
1791308700000,1791308939799,DOWN,0.65,85586.99,4.38949112865461,0,KXBTC15M-26OCT061400-00,1791309616168,,filled,1791308939799,1791309607207,1791309676734,2026-10-06,1791309616168,observed_grade,0.05568184186518861,0.12170876349994349,4,-4.625340749305762,-13.524110541112133,False,DOWN,31.65513714677844,55.03423110999416,False,True,True,True,flagged,1791303480000,-109.61753998829371,949.7271666666202,207.79483333342068,0.21879423967911224,0.12170876349994349,False
1791309600000,1791309841920,UP,0.82,85707.35,9.709202302956577,1,KXBTC15M-26OCT061415-15,1791310511875,,filled,1791309841920,1791310507206,1791310573982,2026-10-06,1791310511875,observed_grade,0.6661881259611554,0.19386685598267298,3,28.18760532045994,25.87650113401896,False,DOWN,27.077587422017114,53.80607948634316,False,True,True,True,flagged,1791303480000,-109.61753998829371,949.7271666666202,274.0036666667438,0.2885077696876354,0.19386685598267298,False
1791310500000,1791310761767,DOWN,0.66,85768.68,2.7955037510962732,1,KXBTC15M-26OCT061430-30,1791311414571,,filled,1791310761767,1791311407208,1791311474901,2026-10-06,1791311414571,observed_grade,0.27993741253605203,0.24032444301107392,5,-5.245656571912782,27.954772475196066,False,DOWN,24.214756814215185,44.62716606672723,False,True,True,True,flagged,1791303480000,-109.61753998829371,949.7271666666202,299.2670000001672,0.3151083916558301,0.24032444301107392,False
1791311400000,1791311649961,DOWN,0.88,85719.39,9.950976863771777,1,KXBTC15M-26OCT061445-45,1791312371803,,filled,1791311649961,1791312307199,1791312371803,2026-10-06,1791312371803,observed_grade,0.43583470686016806,0.05297925413418487,1,-12.300542349513721,5.978482153314868,False,DOWN,20.84897110891674,44.13903516683121,False,True,True,True,flagged,1791303480000,-109.61753998829371,949.7271666666202,263.69666666672856,0.2776551792155833,0.05297925413418487,False
1791312300000,1791312549853,DOWN,0.86,85627.34,12.421344242001808,1,KXBTC15M-26OCT061500-00,1791313214744,,filled,1791312549853,1791313207259,1791313276298,2026-10-06,1791313214744,observed_grade,0.3950447112865826,0.028213594641091914,3,-13.937512672673735,-3.3246669327813283,False,DOWN,20.06419930476611,48.45649494884977,False,True,True,True,flagged,1791303480000,-109.61753998829371,949.7271666666202,242.90466666675638,0.25576257602413355,0.028213594641091914,False
1791313200000,1791313498551,UP,0.67,85501.45,1.6086666756320867,0,KXBTC15M-26OCT061515-15,1791314112434,,filled,1791313498551,1791314107206,1791314174111,2026-10-06,1791314112434,observed_grade,0.12368006477190034,0.3422827823494695,4,-1.1436813765008935,-30.573418036345945,False,DOWN,21.414541148858667,46.31135978677403,False,True,False,True,conditions_not_met,1791303480000,-109.61753998829371,949.7271666666202,303.72866666680784,0.319806232070673,0.3422827823494695,False
1791314100000,1791314347658,DOWN,0.66,85473.66,3.858888613568201,0,KXBTC15M-26OCT061530-30,,,skipped,1791314886872,,,2026-10-06,1791315315612,shadow_official_arrival,0.21973225935460647,0.31512089707147256,3,-7.440698102761933,-35.54394632707903,False,DOWN,23.0851944830958,29.993775360514118,False,True,False,True,conditions_not_met,1791303480000,-109.61753998829371,949.7271666666202,324.31116666668095,0.3414782455944244,0.31512089707147256,False
1791315000000,1791315246077,UP,0.86,85491.23,9.306900056693657,0,KXBTC15M-26OCT061545-45,1791315974206,,filled,1791315246077,1791315907217,1791315974206,2026-10-06,1791315974206,observed_grade,0.5722002047333501,0.06931120715165805,3,15.26264860051807,-8.120569440982495,False,DOWN,23.846871878817534,37.93721271629624,False,True,True,True,flagged,1791303480000,-109.61753998829371,949.7271666666202,219.20200000003388,0.2308052330117031,0.06931120715165805,False
1791315900000,1791316141685,UP,0.9,85490.48,16.785904114702266,1,KXBTC15M-26OCT061600-00,1791316807640,,filled,1791316141685,1791316807151,1791316867899,2026-10-06,1791316807640,observed_grade,0.19319383861076958,0.11866135150061602,0,7.033110724883329,13.315152476811587,False,DOWN,21.164727248953575,49.242193007700806,False,True,True,True,flagged,1791303480000,-109.61753998829371,949.7271666666202,152.65983333339682,0.16074072501180175,0.11866135150061602,False
1791316800000,1791317276871,DOWN,0.66,85618.0,2.380321116282058,1,KXBTC15M-26OCT061615-15,1791317707855,,filled,1791317276871,1791317707203,1791317768748,2026-10-06,1791317707855,observed_grade,0.1169600756290237,0.07581194219075525,2,2.634782054653506,11.512897154970503,True,,19.751011414993705,48.85030007426179,True,True,True,True,flagged,1791303480000,-109.61753998829371,949.7271666666202,215.182833333296,0.22657331588033952,0.07581194219075525,False
1791317700000,1791317942460,UP,0.68,85617.39,2.415416618832822,0,KXBTC15M-26OCT061630-30,1791318610420,,filled,1791317942460,1791318607160,1791318672688,2026-10-06,1791318610420,observed_grade,0.3493794138970609,0.2238066500508968,1,5.788451016826013,23.136481153802624,True,,19.085669037717075,47.72940395112134,True,True,True,True,flagged,1791303480000,-109.61753998829371,949.7271666666202,207.71416666674486,0.21870930300518415,0.2238066500508968,False
1791318600000,1791318847022,UP,0.65,85611.1,3.1881379867781945,1,KXBTC15M-26OCT061645-45,,,skipped,1791319386412,,,2026-10-06,1791319582107,shadow_official_arrival,0.010023939370547805,0.08256861673901159,4,0.03781417921455699,7.89967722145235,True,,18.652970056250975,47.29767003215971,True,True,True,True,flagged,1791303480000,-109.61753998829371,949.7271666666202,164.84700000003795,0.17357300684429477,0.08256861673901159,False
1791319500000,1791319747595,UP,0.68,85627.71,2.7429788791466514,0,KXBTC15M-26OCT061700-00,,,skipped,1791320287489,,,2026-10-06,1791320500706,shadow_official_arrival,0.12176891635199974,0.026610352257333967,2,1.4950654025547294,2.0101832586116863,True,,18.35709821943416,49.32631385810056,True,True,True,True,flagged,1791303480000,-109.61753998829371,949.7271666666202,92.43516666660435,0.09732812739371872,0.026610352257333967,False
1791320400000,1791320640274,DOWN,0.83,85611.7,7.77648771526307,1,KXBTC15M-26OCT061715-15,1791321313771,,filled,1791320640274,1791321307168,1791321375145,2026-10-06,1791321313771,observed_grade,0.6787356097557299,0.07241281042147388,3,-12.408378082581217,-5.071181989361184,True,,17.581890321388215,58.39903559706591,True,True,True,True,flagged,1791303480000,-109.61753998829371,949.7271666666202,77.7348333333648,0.08184964699514785,0.07241281042147388,False
1791321300000,1791321540919,DOWN,0.73,85558.36,3.988116025913646,0,KXBTC15M-26OCT061730-30,1791322214800,,filled,1791321540919,1791322207211,1791322276456,2026-10-06,1791322214800,observed_grade,0.12710125700079045,0.19459749366622447,2,-2.4414989792653774,-13.204115544742656,True,,17.51321806093513,48.059287741504384,True,True,True,True,flagged,1791303480000,-109.61753998829371,949.7271666666202,125.57599999995728,0.13222323674356662,0.19459749366622447,False
1791322200000,1791322444988,UP,0.74,85561.51,4.143023344640451,1,KXBTC15M-26OCT061745-45,1791323111921,,filled,1791322831991,1791323107215,1791323182799,2026-10-06,1791323111921,observed_grade,0.45863609772038894,0.0757783067493621,1,8.502852690313034,-4.875637668200206,True,,18.96333831719542,41.38084461529791,True,True,True,True,flagged,1791303480000,-109.61753998829371,949.7271666666202,157.54216666678258,0.16588149965187227,0.0757783067493621,False
1791323100000,1791323621292,DOWN,0.65,85586.19,1.1191836751645035,0,KXBTC15M-26OCT061800-00,1791324018774,,filled,1791323621292,1791324007209,1791324080874,2026-10-06,1791324018774,observed_grade,0.27330188612684325,0.10574039619660752,5,-1.4952907736243137,-5.638889955559279,True,,14.998170831433683,39.51258841731436,True,True,True,True,flagged,1791303480000,-109.61753998829371,949.7271666666202,136.33550000005926,0.1435522798390337,0.10574039619660752,False
1791324000000,1791324257939,UP,0.7,85605.76,1.0428231308989844,0,KXBTC15M-26OCT061815-15,1791324915425,,filled,1791324610389,1791324907218,1791324977141,2026-10-06,1791324915425,observed_grade,0.06380541932444794,0.09116655808248987,2,3.1336606841181336,8.733791472583796,True,,14.669699703024273,46.02692974784525,True,True,True,True,flagged,1791303480000,-109.61753998829371,949.7271666666202,110.9895000000979,0.11686461532910768,0.09116655808248987,False
1791324900000,1791325262605,UP,0.77,85579.58,1.950445811178536,0,KXBTC15M-26OCT061830-30,,,skipped,1791325681693,,,2026-10-06,1791325994501,shadow_official_arrival,0.19180938278082774,0.18158658747678016,2,-3.639896304569179,11.831260030481516,True,,13.95875890779495,42.99489612837721,True,True,True,True,flagged,1791303480000,-109.61753998829371,949.7271666666202,153.07666666684963,0.16117962299017152,0.18158658747678016,False
1791325800000,1791326063067,UP,0.76,85492.63,2.412215727463085,1,KXBTC15M-26OCT061845-45,1791326710101,,filled,1791326482512,1791326707212,1791326771595,2026-10-06,1791326710101,observed_grade,0.2634861208153072,0.16665531487457985,2,-5.891655921220762,-10.035963008785398,True,,15.137256104437231,44.961578443925944,True,True,True,True,flagged,1791303480000,-109.61753998829371,949.7271666666202,157.57200000011653,0.16591291218210308,0.16665531487457985,False
1791326700000,1791326944297,UP,0.73,85546.13,4.375689856848108,0,KXBTC15M-26OCT061900-00,1791327608374,,filled,1791326944297,1791327607214,1791327668941,2026-10-06,1791327608374,observed_grade,0.7687348093998397,0.010103660863992073,3,9.46764454477833,-0.5283640465836292,True,,18.040784631464398,40.56024475590238,True,True,True,True,flagged,1791303480000,-109.61753998829371,949.7271666666202,157.57200000011653,0.16591291218210308,0.010103660863992073,False
1791327600000,1791327971639,DOWN,0.76,85531.02,2.7865913442870482,1,KXBTC15M-26OCT061915-15,,,skipped,1791328384583,,,2026-10-06,1791328750529,shadow_official_arrival,0.5851251410173227,0.20138023713579478,1,-7.936809784667709,-13.928717464318785,True,,17.03778403347958,44.360675138750565,True,True,True,True,flagged,1791303480000,-109.61753998829371,949.7271666666202,157.57200000011653,0.16591291218210308,0.20138023713579478,False
1791328500000,1791328938146,UP,0.66,85495.4,1.2393259364484877,0,KXBTC15M-26OCT061930-30,,,skipped,1791329288901,,,2026-10-06,1791329665126,shadow_official_arrival,0.010946596708323047,0.19419034992565443,3,1.1862173651966401,-10.523905304320458,True,,19.760345640597443,35.397417395771996,True,True,True,True,flagged,1791303480000,-109.61753998829371,949.7271666666202,143.95066666668572,0.15157054754148808,0.19419034992565443,False
1791329400000,1791329642427,DOWN,0.81,85481.41,12.747235529539935,0,KXBTC15M-26OCT061945-45,1791330310648,,filled,1791329642427,1791330307166,1791330371275,2026-10-06,1791330310648,observed_grade,0.39055153692244515,0.22242152591408448,2,-11.143373510674737,-15.223706549225557,True,,20.678426570684387,47.08406342373378,False,True,False,True,conditions_not_met,1791303480000,-109.61753998829371,949.7271666666202,132.71616666667978,0.13974136080837912,0.22242152591408448,True
1791330300000,1791330586609,UP,0.69,85556.64,2.7474976421104635,0,KXBTC15M-26OCT062000-00,1791331217912,,filled,1791330685251,1791331207162,1791331280361,2026-10-06,1791331217912,observed_grade,0.9339291339158179,0.00169468344284878,1,22.973588955521596,-0.2904989697494198,True,,23.034065887204246,41.97026765436691,False,True,True,True,flagged,1791303480000,-109.61753998829371,949.7271666666202,220.00216666668712,0.2316477556800413,0.00169468344284878,False
1791331200000,1791331445975,DOWN,0.67,85549.85,3.875245446564035,0,KXBTC15M-26OCT062015-15,1791332110478,,filled,1791331488994,1791332107215,1791332172044,2026-10-06,1791332110478,observed_grade,0.553956130042754,0.029421172862863325,1,-7.231851938408473,-2.2050283808938698,True,,19.372270106621908,39.938541687232615,True,True,True,True,flagged,1791303480000,-109.61753998829371,949.7271666666202,235.96516666664684,0.24845574071008644,0.029421172862863325,False
1791332100000,1791332375855,DOWN,0.7,85573.48,1.9239410776927812,1,KXBTC15M-26OCT062030-30,1791333011329,,filled,1791332463865,1791333007214,1791333072668,2026-10-06,1791333011329,observed_grade,0.21268680885718647,0.11512524786367027,6,5.168952357219592,10.24250677694516,True,,18.299532610963087,44.53641084906262,True,True,False,True,no_recent_shock,,,,235.96516666664684,,0.11512524786367027,False
1791333000000,1791333324547,UP,0.79,85433.01,2.567274640088435,1,KXBTC15M-26OCT062045-45,1791333975860,,filled,1791333324547,1791333907206,1791333975860,2026-10-06,1791333975860,observed_grade,0.5863241911031881,0.09312431971732181,2,-10.102014163753115,9.460823819167352,True,,18.522247722470173,46.03910037936179,True,True,False,True,no_recent_shock,,,,225.5101666667615,,0.09312431971732181,False
1791333900000,1791334143513,UP,0.69,85501.67,1.6660298369930437,1,KXBTC15M-26OCT062100-00,1791334816388,,filled,1791334143513,1791334807216,1791334877675,2026-10-06,1791334816388,observed_grade,0.29080389921140953,0.09628352461765782,3,8.620675748476359,-7.579505511451368,True,,16.45126622834631,44.450939853770116,True,True,False,True,no_recent_shock,,,,194.90750000007392,,0.09628352461765782,False
1791334800000,1791335044040,DOWN,0.73,85537.85,9.418910264090696,1,KXBTC15M-26OCT062115-15,1791335710758,,filled,1791335044040,1791335707164,1791335771343,2026-10-06,1791335710758,observed_grade,0.2754830617381244,0.0741404539071477,2,-6.856287134490158,-6.9443187244233595,True,,13.949697491997474,42.29208798733514,True,True,False,True,no_recent_shock,,,,174.73650000018824,,0.0741404539071477,False
1791335700000,1791335944684,DOWN,0.69,85445.32,5.335458981247099,1,KXBTC15M-26OCT062130-30,1791336611881,,filled,1791335944684,1791336607214,1791336674046,2026-10-06,1791336611881,observed_grade,0.28949587342356775,0.19733990261234335,1,-6.734553787663966,-18.79579263178166,True,,13.508053436743895,51.253898160300125,True,True,False,True,no_recent_shock,,,,150.54883333340695,,0.19733990261234335,False
1791336600000,1791336846951,UP,0.76,85258.88,7.039853209409586,1,KXBTC15M-26OCT062145-45,1791337513240,,filled,1791336846951,1791337507163,1791337573328,2026-10-06,1791337513240,observed_grade,0.32379326176624923,0.1413781462172563,2,-9.464901007731896,-14.437450093387483,True,,17.217082355440006,34.794237432089666,True,True,False,True,no_recent_shock,,,,303.04599999998754,,0.1413781462172563,False
1791337500000,1791337932062,DOWN,0.66,85278.91,1.448013348201993,1,KXBTC15M-26OCT062200-00,1791338414588,,filled,1791337932062,1791338407315,1791338474630,2026-10-06,1791338414588,observed_grade,0.41287063082351394,0.27393551870281624,4,8.67809804276698,-31.282035335999936,False,DOWN,23.870324768501554,29.86386647017663,False,True,False,True,no_recent_shock,,,,352.13149999997404,,0.27393551870281624,False
1791338400000,1791338648282,DOWN,0.928,84573.15,93.68014553082338,1,KXBTC15M-26OCT062215-15,1791339314776,,filled,1791338648282,1791339307164,1791339375468,2026-10-06,1791339314776,observed_grade,0.8920946777397694,0.6920667570374903,1,-176.94045406323912,-196.16995934749082,False,DOWN,29.362774645511983,15.53521690575271,False,True,False,True,conditions_not_met,1791338640000,-194.27290604198677,1678.4506666667294,1492.1281666666619,0.8889913753794806,0.6920667570374903,False
1791339300000,1791339539601,UP,0.68,83924.25,11.630885391678003,0,KXBTC15M-26OCT062230-30,1791340308010,,filled,1791339539601,1791340307167,1791340369102,2026-10-06,1791340308010,observed_grade,0.13306898790536156,0.5326590516059057,4,26.943143109714462,-161.70017120765823,False,DOWN,40.333665558354355,12.800604188990873,False,True,False,True,conditions_not_met,1791339480000,-169.90394048628676,1650.7068333334464,1650.7068333334464,1.0,0.5326590516059057,False
1791340200000,1791340494076,UP,0.66,83818.84,7.030698587573436,0,KXBTC15M-26OCT062245-45,1791341173164,,filled,1791340494076,1791341107218,1791341173164,2026-10-06,1791341173164,observed_grade,,,,-19.445800679677163,-167.98186135893457,False,DOWN,48.516856198794166,19.830721083378787,False,True,False,False,missing_current_hour,,,,,,,
1791341100000,1791341349243,UP,0.7,83792.85,7.84613484324348,1,KXBTC15M-26OCT062300-00,1791342013558,,filled,1791341349243,1791342007166,1791342074550,2026-10-06,1791342013558,observed_grade,0.033231511997895695,,0,1.0887566874573373,-167.82713399816961,False,DOWN,,,,False,False,False,missing_current_hour,,,,,,,
1791342000000,1791342247722,UP,0.9,83852.84,21.327124996606273,1,KXBTC15M-26OCT062315-15,1791342914219,,filled,1791342247722,1791342907209,1791342984968,2026-10-06,1791342914219,observed_grade,0.5451485171110302,,2,20.82187836734084,28.11416038056125,False,DOWN,,,,False,False,False,missing_current_hour,,,,,,,
1791342900000,1791343147307,UP,0.85,83934.62,15.681372001208338,1,KXBTC15M-26OCT062330-30,1791343872896,,filled,1791343147307,1791343807211,1791343872896,2026-10-06,1791343872896,observed_grade,0.09489108747394248,,0,4.994707481755789,5.2819190104202995,False,DOWN,,,,False,False,False,missing_current_hour,,,,,,,
1791343800000,1791344048412,UP,0.75,83957.39,8.985847860840668,1,KXBTC15M-26OCT062345-45,1791344716777,,filled,1791344048412,1791344707154,1791344777526,2026-10-06,1791344716777,observed_grade,0.09808701414801582,0.12657819927694694,2,-3.9740288455003547,22.661906283389932,False,DOWN,,,,False,False,False,missing_shock_hour,1791341940000,-100.07833701913604,,283.9866666665912,,0.12657819927694694,False
1791344700000,1791344940160,UP,0.7,84121.82,4.911864721897086,0,KXBTC15M-26OCT070000-00,1791345673970,,filled,1791344940160,1791345607406,1791345673970,2026-10-06,1791345673970,observed_grade,1.0,0.26192799619401147,1,16.313469941724446,36.499209258666895,False,DOWN,,,,False,False,False,missing_shock_hour,1791341940000,-100.07833701913604,,307.6645000001008,,0.26192799619401147,False
1791345600000,1791345841178,UP,0.77,84114.94,7.673983559481901,1,KXBTC15M-26OCT070015-15,1791346515869,,filled,1791345841178,1791346507213,1791346576448,2026-10-07,1791346515869,observed_grade,0.06401976673716805,0.13788994112230624,0,1.9426754709739313,18.47279686878256,False,DOWN,,42.44141291869186,,False,False,False,missing_shock_hour,1791341940000,-100.07833701913604,,265.6396666666551,,0.13788994112230624,False
1791346500000,1791346749880,DOWN,0.71,84117.35,7.8151732866893475,0,KXBTC15M-26OCT070030-30,1791347418578,,filled,1791346749880,1791347407157,1791347479402,2026-10-07,1791347418578,observed_grade,0.5399339205437608,0.007928861625279398,3,-15.191210333984628,-1.7403141252281262,False,DOWN,,52.99086926675243,,False,False,False,missing_shock_hour,1791341940000,-100.07833701913604,,247.1863333332294,,0.007928861625279398,False
1791347400000,1791347646482,DOWN,0.76,84118.56,9.390674305410629,1,KXBTC15M-26OCT070045-45,1791348318519,,filled,1791347646482,1791348307157,1791348389560,2026-10-07,1791348318519,observed_grade,0.05952527539734578,0.012406085606207111,2,-1.4833469954711465,1.6070212087315738,False,DOWN,,49.072321509614035,,False,False,False,missing_shock_hour,1791341940000,-100.07833701913604,,178.37516666662123,,0.012406085606207111,False
1791348300000,1791348548487,UP,0.66,84043.54,5.863151409384315,1,KXBTC15M-26OCT070100-00,1791349212476,,filled,1791348548487,1791349207156,1791349282755,2026-10-07,1791349212476,observed_grade,0.2472315292482891,0.06956377177814013,3,6.299869837909089,-8.391876430249301,False,DOWN,,57.47558249976261,,False,False,False,missing_shock_hour,1791341940000,-100.07833701913604,,173.37066666662577,,0.06956377177814013,False
1791349200000,1791349446395,UP,0.65,84078.57,3.3555518368144632,1,KXBTC15M-26OCT070115-15,1791350115661,,filled,1791349446395,1791350108058,1791350175770,2026-10-07,1791350115661,observed_grade,0.09829504972734834,0.07602433809532456,2,1.6971983028213344,-8.637099958023198,False,DOWN,25.456882901605066,56.736900405247034,,False,False,False,missing_shock_hour,1791341940000,-100.07833701913604,,154.69883333331381,,0.07602433809532456,False
1791350100000,1791350428221,UP,0.68,84158.01,2.0528448015011413,1,KXBTC15M-26OCT070130-30,1791351014022,,filled,1791350428221,1791351007254,1791351084417,2026-10-07,1791351014022,observed_grade,0.4834034433501532,0.11725519124695194,5,10.782689247359478,12.156824332347771,False,DOWN,22.58677898356243,54.34215040451249,,False,False,False,missing_shock_hour,1791341940000,-100.07833701913604,,146.4536666666827,,0.11725519124695194,False
1791351000000,1791351248426,UP,0.72,84181.84,4.359214132960698,1,KXBTC15M-26OCT070145-45,1791351915597,,filled,1791351248426,1791351907210,1791351975686,2026-10-07,1791351915597,observed_grade,0.43507289428509,0.26941651196315886,1,7.085782274551811,21.295881577623188,False,DOWN,23.419948190636042,47.946754430937624,,False,False,False,missing_shock_hour,1791341940000,-100.07833701913604,,182.03933333329041,,0.26941651196315886,False
1791351900000,1791352140091,UP,0.66,84200.88,4.426656031781828,1,KXBTC15M-26OCT070200-00,1791352811447,,filled,1791352140091,1791352807149,1791352873306,2026-10-07,1791352811447,observed_grade,0.11737252344815835,0.23798746275924362,4,2.2450133839480024,17.31925929630007,False,DOWN,24.402283873337712,43.15087070232516,,False,False,False,missing_shock_hour,1791341940000,-100.07833701913604,,151.73166666661564,,0.23798746275924362,False
1791352800000,1791353179457,DOWN,0.69,84309.0,2.4392808992401704,1,KXBTC15M-26OCT070215-15,1791353713678,,filled,1791353179457,1791353707156,1791353775637,2026-10-07,1791353713678,observed_grade,0.08762618885339567,0.29542822087954157,2,0.5325648453369247,22.217040437690905,False,DOWN,29.05239541780558,31.399907556040933,,False,False,False,missing_shock_hour,1791341940000,-100.07833701913604,,229.27883333334466,,0.29542822087954157,False
1791353700000,1791353949670,DOWN,0.86,84285.79,11.207939084401097,1,KXBTC15M-26OCT070230-30,,,copied,1791353949670,,,2026-10-07,1791354634420,shadow_official_arrival,0.6475450213996821,0.05167104024649055,3,-13.390908312138627,3.604282739586573,False,DOWN,31.5526581000747,32.26508754488349,,False,False,False,missing_shock_hour,1791341940000,-100.07833701913604,,160.36999999989348,,0.05167104024649055,False
1791354600000,1791354851167,UP,0.7,84197.67,3.560272709048906,1,KXBTC15M-26OCT070245-45,,,copied,1791354851167,,,2026-10-07,1791355539477,shadow_official_arrival,0.10489975898319358,0.0023829720135892084,3,3.898442123306811,0.6658668691295055,False,DOWN,26.101399731307502,48.47456573210894,,False,False,False,missing_shock_hour,1791341940000,-100.07833701913604,,173.85316666662402,,0.0023829720135892084,False
1791355500000,1791355748305,DOWN,0.82,84323.56,7.584120025287966,1,KXBTC15M-26OCT070300-00,,,copied,1791355748305,,,2026-10-07,1791356451212,shadow_official_arrival,0.1678560882874735,0.03146922369995014,2,4.210609702315349,2.5469654717080736,False,DOWN,25.522437785725746,49.101044745197164,,False,False,False,missing_shock_hour,1791341940000,-100.07833701913604,,199.7476666666771,,0.03146922369995014,False
1791356400000,1791356649031,DOWN,0.68,84220.03,2.7462588175353186,0,KXBTC15M-26OCT070315-15,,,copied,1791356649031,,,2026-10-07,1791357358941,shadow_official_arrival,,,,-7.442118648367524,-12.729256926596877,False,DOWN,25.997481786180213,48.664365375375844,,False,False,False,missing_current_hour,,,,,,,
1791357300000,1791357544709,DOWN,0.83,84233.95,7.926950277564737,1,KXBTC15M-26OCT070330-30,,,copied,1791357544709,,,2026-10-07,1791358280540,shadow_official_arrival,0.13366770194704036,,2,-3.5781430225412247,-3.3823399788357467,False,DOWN,,,,False,False,False,missing_current_hour,,,,,,,
1791358200000,1791358444673,UP,0.79,84199.35,6.456304789370648,1,KXBTC15M-26OCT070345-45,,,copied,1791358444673,,,2026-10-07,1791359199406,shadow_official_arrival,0.4399251581801778,,5,10.519077183044345,3.5105333324869648,False,DOWN,,,,False,False,False,missing_current_hour,,,,,,,
1791359100000,1791359349318,DOWN,0.69,84274.88,4.232479081160978,1,KXBTC15M-26OCT070400-00,,,copied,1791359349318,,,2026-10-07,1791360115479,shadow_official_arrival,0.0968047358539028,,2,-1.721091337886227,-2.4207526181185823,False,DOWN,,,,False,False,False,missing_current_hour,,,,,,,
1791360000000,1791360243316,DOWN,0.78,84132.98,8.985160555742278,1,KXBTC15M-26OCT070415-15,,,copied,1791360243316,,,2026-10-07,1791361023183,shadow_official_arrival,0.6100893257959543,0.15541896755979867,3,-21.512247805440808,-16.61810906215422,False,DOWN,,,,False,False,False,missing_shock_hour,1791341940000,-100.07833701913604,,233.5149999999121,,0.15541896755979867,False
1791360900000,1791361143450,DOWN,0.69,84012.98,5.191995332144428,0,KXBTC15M-26OCT070430-30,,,copied,1791361143450,,,2026-10-07,1791361938856,shadow_official_arrival,0.40637710536461413,0.21427712225934586,3,-10.47197298513547,-23.26581753824164,False,DOWN,,44.82080664876,,False,False,False,missing_shock_hour,1791341940000,-100.07833701913604,,266.70683333333,,0.21427712225934586,True
1791361800000,1791362068457,UP,0.65,84018.7,1.9515695117000575,0,KXBTC15M-26OCT070445-45,,,copied,1791362135321,,,2026-10-07,1791362863387,shadow_official_arrival,0.20996971726634894,0.24765252501872057,5,8.720803306179192,-24.563334522650358,False,DOWN,,36.53765217069497,,False,False,False,missing_shock_hour,1791341940000,-100.07833701913604,,315.64850000001024,,0.24765252501872057,False
1791362700000,1791362944684,UP,0.66,83968.07,2.793085514529725,0,KXBTC15M-26OCT070500-00,,,skipped,1791363484626,,,2026-10-07,1791363775516,shadow_official_arrival,0.11865356874536187,0.23693565817737794,2,-4.198521491199925,-29.33077347232249,False,DOWN,,39.588933452061625,,False,False,False,missing_shock_hour,1791341940000,-100.07833701913604,,277.74400000003516,,0.23693565817737794,False
1791363600000,1791363932691,UP,0.7,83933.38,2.6983305092809218,0,KXBTC15M-26OCT070515-15,,,skipped,1791364383096,,,2026-10-07,1791364696499,shadow_official_arrival,0.24751314224133913,0.16756917395075582,0,-3.4092138504560054,-14.645502837457025,False,DOWN,,52.428832093121116,,False,False,False,missing_shock_hour,1791341940000,-100.07833701913604,,180.23066666662635,,0.16756917395075582,False
1791364500000,1791364743442,DOWN,0.81,83913.32,10.666046026237552,1,KXBTC15M-26OCT070530-30,,,copied,1791364743442,,,2026-10-07,1791365610038,shadow_official_arrival,0.4433858913966942,0.14459263255685395,3,-15.424921974012129,-17.987663305155664,False,DOWN,,47.53847142767021,,False,False,False,missing_shock_hour,1791341940000,-100.07833701913604,,222.1259999999602,,0.14459263255685395,True
1791365400000,1791365645622,DOWN,0.67,83802.62,6.379653364855242,1,KXBTC15M-26OCT070545-45,,,copied,1791365645622,,,2026-10-07,1791366526624,shadow_official_arrival,0.2880155634807869,0.26745697173351074,5,-8.90687580350158,-33.042433359630195,False,DOWN,29.216207187835124,33.577636419236626,,False,False,False,missing_shock_hour,1791341940000,-100.07833701913604,,340.7321666666394,,0.26745697173351074,False
1791366300000,1791366570565,UP,0.68,83762.63,1.5305552527711264,1,KXBTC15M-26OCT070600-00,,,copied,1791366570565,,,2026-10-07,1791367439452,shadow_official_arrival,0.010064061963308854,0.21526380344752113,4,6.452290585838849,-25.53237658374341,False,DOWN,33.06813801749639,26.297601711624782,,False,False,False,missing_shock_hour,1791341940000,-100.07833701913604,,343.47933333332185,,0.21526380344752113,False
1791367200000,1791367439452,DOWN,0.67,83773.42,6.139178751445318,0,KXBTC15M-26OCT070615-15,,,copied,1791367439452,,,2026-10-07,1791368350598,shadow_official_arrival,0.01648988495834485,0.17371488874039942,4,-5.0916671499734445,-27.554004270113897,False,DOWN,33.75086266365606,38.80180448960352,,False,False,False,missing_shock_hour,1791341940000,-100.07833701913604,,321.2723333333124,,0.17371488874039942,False
1791368100000,1791368339832,UP,0.69,83792.63,5.4502008907775235,1,KXBTC15M-26OCT070630-30,,,copied,1791368339832,,,2026-10-07,1791369263284,shadow_official_arrival,0.07324825087428562,0.05447438484456593,3,13.892248221365477,0.9085774426553783,False,DOWN,34.32753340852479,45.47695519998893,,False,False,False,missing_shock_hour,1791341940000,-100.07833701913604,,239.30083333335642,,0.05447438484456593,False
1791369000000,1791369241771,DOWN,0.78,83848.7,14.269690525903211,1,KXBTC15M-26OCT070645-45,,,copied,1791369241771,,,2026-10-07,1791370177178,shadow_official_arrival,0.3839513663889596,0.02783168636019139,4,-13.030818659734988,-4.715512669207778,False,DOWN,30.577115283632043,51.19280300180079,,False,False,False,missing_shock_hour,1791341940000,-100.07833701913604,,261.98300000003655,,0.02783168636019139,False
1791369900000,1791370144083,UP,0.73,83633.3,7.140158286245146,1,KXBTC15M-26OCT070700-00,,,copied,1791370144083,,,2026-10-07,1791371085333,shadow_official_arrival,0.16169480875457126,0.056433193547322104,0,-4.303763124599014,-8.550704273782017,False,DOWN,32.400266508271095,54.7080948213137,,False,False,False,missing_shock_hour,1791341940000,-100.07833701913604,,261.98300000003655,,0.056433193547322104,False
1791370800000,1791371049401,DOWN,0.68,83723.93,4.643097061171053,0,KXBTC15M-26OCT070715-15,,,copied,1791371049401,,,2026-10-07,1791372007839,shadow_official_arrival,0.008136606078398698,0.02662249484300598,6,-0.9426712555338224,-4.403144263528391,False,DOWN,31.391371139179487,54.67544680163572,,False,False,True,no_recent_shock,,,,261.98300000003655,,0.02662249484300598,False
1791371700000,1791371949390,DOWN,0.87,83796.16,10.31998363647868,1,KXBTC15M-26OCT070730-30,,,copied,1791371949390,,,2026-10-07,1791372931599,shadow_official_arrival,0.13307419440676524,0.11525999260179477,2,2.9343924271540978,-15.340980042786168,False,DOWN,28.930740080580904,52.20147125293621,,False,False,True,no_recent_shock,,,,260.364500000127,,0.11525999260179477,False
1791372600000,1791372895463,DOWN,0.69,83700.46,2.796977858119387,1,KXBTC15M-26OCT070745-45,,,copied,1791372895463,,,2026-10-07,1791373534080,shadow_official_arrival,0.13836477393388194,0.05380944795126956,5,-1.0479672765850712,-3.049547771004635,False,DOWN,30.215125216461065,47.42579759650768,False,True,False,True,no_recent_shock,,,,182.55416666659585,,0.05380944795126956,False
1791373500000,1791373817493,DOWN,0.66,83624.07,4.99449500604654,0,KXBTC15M-26OCT070800-00,,,copied,1791373817493,1791374407194,1791374487172,2026-10-07,1791374453536,shadow_official_arrival,0.37324363841359115,0.11342209631408501,3,-10.182126009131709,-15.6939629600239,False,DOWN,34.245435990676434,52.594000058249804,False,True,False,True,no_recent_shock,,,,235.50899999997637,,0.11342209631408501,False
1791374400000,1791374643535,DOWN,0.8,83710.72,11.820668448045968,1,KXBTC15M-26OCT070815-15,,,copied,1791374643535,,,2026-10-07,1791375370979,shadow_official_arrival,0.04328657168284517,0.06879771672783913,0,0.9476055092427771,-8.992717136706574,False,DOWN,34.42036465170951,52.71158593865421,False,True,False,True,no_recent_shock,,,,234.2159999999858,,0.06879771672783913,False
1791375300000,1791375547586,DOWN,0.83,83623.03,11.368299697671613,1,KXBTC15M-26OCT070830-30,,,copied,1791375547586,,,2026-10-07,1791376287185,shadow_official_arrival,0.3394579516930686,0.16452695036721837,6,-10.022931181878914,-22.21968722356138,False,DOWN,32.679223217556924,51.58366622266012,False,True,False,True,no_recent_shock,,,,151.77333333340357,,0.16452695036721837,False
1791376200000,1791376447699,UP,0.73,83439.89,10.814631546920417,1,KXBTC15M-26OCT070845-45,,,copied,1791376447699,,,2026-10-07,1791377194356,shadow_official_arrival,0.007708360994779845,0.13155937037661516,2,0.6925225595488804,-16.336892532019533,False,DOWN,34.486509152931106,46.53001898175393,False,True,False,True,no_recent_shock,,,,274.7225000000617,,0.13155937037661516,False
1791377100000,1791377344969,DOWN,0.73,83483.44,5.881984898246095,1,KXBTC15M-26OCT070900-00,,,copied,1791377344969,,,2026-10-07,1791378108665,shadow_official_arrival,0.22449730410264876,0.1347461993105602,3,-11.901078002609644,-20.048934704950394,False,DOWN,33.298830373421545,52.66128788369659,False,True,False,True,no_recent_shock,,,,277.94966666687105,,0.1347461993105602,False
1791378000000,1791378239290,UP,0.67,83449.86,5.181135115142066,0,KXBTC15M-26OCT070915-15,,,copied,1791378239290,,,2026-10-07,1791379032833,shadow_official_arrival,0.03726427212053658,0.1644403424533142,4,6.0974929425516855,-13.966512909031614,False,DOWN,33.07472657564624,48.71096377389512,False,True,False,True,no_recent_shock,,,,251.67750000003434,,0.1644403424533142,False
1791378900000,1791379146846,UP,0.77,83345.82,11.144910046685386,0,KXBTC15M-26OCT070930-30,,,copied,1791379146846,,,2026-10-07,1791379939105,shadow_official_arrival,0.12330974532081503,0.067064543033974,2,-6.852502669668636,-11.490186354510268,False,DOWN,31.389434496550706,49.47835910427978,False,True,False,True,no_recent_shock,,,,310.34450000009383,,0.067064543033974,False
1791379800000,1791380045769,UP,0.72,83299.08,11.838085926831887,0,KXBTC15M-26OCT070945-45,,,copied,1791380045769,,,2026-10-07,1791380850994,shadow_official_arrival,0.11187159904374419,0.08965560026284038,4,-4.577486972018319,-16.28792766427134,False,DOWN,32.27617622604065,42.53359026262184,False,True,False,True,no_recent_shock,,,,394.5093333333498,,0.08965560026284038,False
1791380700000,1791380945131,DOWN,0.7,83072.73,25.47354187909745,0,KXBTC15M-26OCT071000-00,,,copied,1791380945131,,,2026-10-07,1791381762361,shadow_official_arrival,0.6589237870605826,0.3003804591530279,3,-63.790879770302396,-68.70323017354684,False,DOWN,33.674048309159915,33.313352819328024,False,True,False,True,no_recent_shock,,,,469.50116666659596,,0.3003804591530279,True
1791381600000,1791381907760,DOWN,0.73,83180.95,7.273019443350126,1,KXBTC15M-26OCT071015-15,,,skipped,1791381907760,,,2026-10-07,1791382678545,shadow_official_arrival,0.2903382761919442,0.12588140488908903,2,25.48832654207578,-38.49895864910358,False,DOWN,34.2432772842598,40.144970304386156,False,True,False,True,no_recent_shock,,,,649.574166666629,,0.12588140488908903,False
1791382500000,1791382747154,DOWN,0.71,83142.31,12.857853801110375,1,KXBTC15M-26OCT071030-30,,,copied,1791382747154,,,2026-10-07,1791383594186,shadow_official_arrival,0.15571218102458073,0.1493632964786907,2,-11.937461510617142,-47.9980538828928,False,DOWN,32.827062665848786,42.19400403125854,False,True,False,True,no_recent_shock,,,,593.5300000000279,,0.1493632964786907,False
1791383400000,1791383641375,UP,0.68,83031.07,6.4509988048300215,0,KXBTC15M-26OCT071045-45,,,copied,1791383641375,,,2026-10-07,1791384512156,shadow_official_arrival,0.06955646199903844,0.1119158104610886,6,4.224285339062828,-36.987818476555965,False,DOWN,32.22380142844984,49.785742789375426,False,True,False,True,no_recent_shock,,,,550.7333333332062,,0.1119158104610886,False
1791384300000,1791384834107,DOWN,0.56,82959.63,1.0187083364154859,1,KXBTC15M-26OCT071100-00,,,copied,1791385054123,,,2026-10-07,1791385425547,shadow_official_arrival,0.3754674031758478,0.1400538437570928,2,-9.18812421977555,-38.642931393790825,False,DOWN,31.47123891259154,52.06718511417807,False,True,False,True,no_recent_shock,,,,371.87549999999464,,0.1400538437570928,False
1791385200000,1791385471780,DOWN,0.68,82955.97,9.000738584588053,0,KXBTC15M-26OCT071115-15,,,copied,1791385471780,,,2026-10-07,1791386334641,shadow_official_arrival,0.19352159604144845,0.14120936223498973,5,-7.886046619328679,-31.727725062462575,False,DOWN,31.81154194420381,54.065012549467085,False,True,False,True,no_recent_shock,,,,351.507000000056,,0.14120936223498973,False
1791386100000,1791386345522,DOWN,0.73,83070.1,10.395136156096108,1,KXBTC15M-26OCT071130-30,,,copied,1791386345522,,,2026-10-07,1791387248508,shadow_official_arrival,0.16627634138193934,0.030621946670175412,4,10.462258060583984,-7.92338220653388,False,DOWN,31.847970816937885,47.95609421799146,False,True,False,True,no_recent_shock,,,,371.12333333336574,,0.030621946670175412,False
1791387000000,1791387248508,UP,0.87,83009.13,22.971991153264426,1,KXBTC15M-26OCT071145-45,,,copied,1791387248508,,,2026-10-07,1791388155049,shadow_official_arrival,0.4149014381426852,0.0667171273770993,1,26.037749138778654,13.863594511456245,False,DOWN,28.839069336122133,50.57503440839683,False,True,False,True,no_recent_shock,,,,324.1724999999715,,0.0667171273770993,True
1791387900000,1791388267835,UP,0.74,83280.34,4.216781535710812,1,KXBTC15M-26OCT071200-00,,,copied,1791388267835,1791388807153,1791388881748,2026-10-07,1791389078777,shadow_official_arrival,0.28796199787567855,0.19858546548623532,3,9.340918984757085,39.753502097690244,False,DOWN,24.92914843057479,35.68887432892462,False,True,False,True,no_recent_shock,,,,493.8215000000928,,0.19858546548623532,False
1791388800000,1791389078777,UP,0.67,83406.45,5.303087071397705,1,KXBTC15M-26OCT071215-15,,,copied,1791389078777,1791389707206,1791389785480,2026-10-07,1791389995366,shadow_official_arrival,0.39986127743809236,0.3028218970636603,3,20.221951647974024,68.69796234161728,False,DOWN,24.97696106486723,29.60797701883922,False,True,False,True,no_recent_shock,,,,624.4368333333405,,0.3028218970636603,False
1791389700000,1791389939291,UP,0.73,83475.38,9.1572908483184,1,KXBTC15M-26OCT071230-30,,,copied,1791389939291,,,2026-10-07,1791390914426,shadow_official_arrival,0.42458450054736835,0.26487325609950785,3,16.4661880582595,66.91612247750945,False,DOWN,27.419886073857747,23.69290610469276,False,True,False,True,no_recent_shock,,,,687.0286666666798,,0.26487325609950785,False
1791390600000,1791390845475,UP,0.78,83532.9,11.025156954114212,0,KXBTC15M-26OCT071245-45,,,copied,1791390845475,,,2026-10-07,1791391844550,shadow_official_arrival,0.15916487719399403,0.3032392400877556,2,8.758097581835766,51.15153939845962,False,DOWN,29.415403237905547,19.60142828056982,False,True,False,True,no_recent_shock,,,,406.6468333333323,,0.3032392400877556,False
1791391500000,1791391744261,DOWN,0.67,83399.03,4.0933129957620995,1,KXBTC15M-26OCT071300-00,,,copied,1791391787129,,,2026-10-07,1791392455370,shadow_official_arrival,0.6385242874597389,0.06342040208047452,3,-30.063148755562487,11.261668186706153,False,DOWN,28.64156759448357,38.181930051974774,False,True,False,True,no_recent_shock,,,,345.15399999992223,,0.06342040208047452,False
1791392400000,1791392642756,UP,0.84,83355.86,18.12424065527951,1,KXBTC15M-26OCT071315-15,,,copied,1791392642756,,,2026-10-07,1791393363680,shadow_official_arrival,0.4429838517803885,0.055123536285620854,4,16.854546890898714,11.08526707360502,False,DOWN,25.0964258407433,47.07875290642078,False,True,False,True,no_recent_shock,,,,269.25316666654544,,0.055123536285620854,False
1791393300000,1791393684276,DOWN,0.65,83488.31,2.4901090943119097,1,KXBTC15M-26OCT071330-30,,,copied,1791393684276,,,2026-10-07,1791394274459,shadow_official_arrival,0.03957625659378113,0.07985091884854036,2,0.2892825655820275,-13.545724910054568,False,DOWN,25.660082288388132,54.50686480368474,False,True,False,True,no_recent_shock,,,,269.25316666654544,,0.07985091884854036,False
1791394200000,1791394735607,DOWN,0.52,83170.45,0.5388933208805291,1,KXBTC15M-26OCT071345-45,,,copied,1791394735607,,,2026-10-07,1791395182133,shadow_official_arrival,0.6962583989269603,0.23866402816044774,2,-29.925141371750506,-33.66574106871134,False,DOWN,22.998100553613277,38.949159872965716,False,True,False,True,no_recent_shock,,,,374.323833333372,,0.23866402816044774,False
1791395100000,1791395378571,UP,0.72,83047.88,6.621882862427597,1,KXBTC15M-26OCT071400-00,,,copied,1791395378571,,,2026-10-07,1791396098070,shadow_official_arrival,0.3224710582784213,0.20206162514070938,2,-10.647027949201027,-30.662291210453716,False,DOWN,22.64454205602909,32.73482400152848,False,True,False,True,no_recent_shock,,,,509.3448333332926,,0.20206162514070938,False
1791396000000,1791396239061,UP,0.87,83115.01,15.545447206222196,1,KXBTC15M-26OCT071415-15,,,copied,1791396239061,,,2026-10-07,1791397011920,shadow_official_arrival,0.5144903279563822,0.20507851776789554,7,15.266130788029741,-29.83778846238461,False,DOWN,23.09030974067168,29.719909545963922,False,True,False,True,no_recent_shock,,,,509.3448333332926,,0.20507851776789554,False
1791396900000,1791397141656,DOWN,0.74,83297.34,5.805467497522754,0,KXBTC15M-26OCT071430-30,,,copied,1791397141656,,,2026-10-07,1791397925446,shadow_official_arrival,0.03725333200096234,0.148274703653396,4,0.5725322705951719,-24.34652409651239,False,DOWN,20.421647128359393,32.19883318361029,False,True,False,True,no_recent_shock,,,,437.6389999999228,,0.148274703653396,False
1791397800000,1791398064473,DOWN,0.7,83308.98,3.699821235755296,1,KXBTC15M-26OCT071445-45,,,copied,1791398086475,,,2026-10-07,1791398836874,shadow_official_arrival,0.11616038094053958,0.07211997517769557,2,5.949574593349105,10.081882831332045,True,,17.25475064076382,39.24819310993953,True,True,False,True,no_recent_shock,,,,356.92216666656896,,0.07211997517769557,False
1791398700000,1791398944414,UP,0.7,83286.61,5.559597154929374,1,KXBTC15M-26OCT071500-00,,,copied,1791398944414,,,2026-10-07,1791399764317,shadow_official_arrival,0.21190173946434568,0.19725432577854748,4,5.437041880373972,25.937551794252833,True,,15.378788540109,38.271831609300484,True,True,False,True,no_recent_shock,,,,285.85216666656197,,0.19725432577854748,False
1791399600000,1791399966266,UP,0.65,83373.63,1.0821167316321656,0,KXBTC15M-26OCT071515-15,,,copied,1791399966266,,,2026-10-07,1791400682542,shadow_official_arrival,0.10587324300816278,0.010353307736313105,5,4.338895036002377,-0.02030794001184333,True,,17.039555435323496,41.98947229316831,True,True,False,True,no_recent_shock,,,,236.44566666665196,,0.010353307736313105,False
1791400500000,1791400740630,UP,0.81,83353.5,8.61173595990472,1,KXBTC15M-26OCT071530-30,,,copied,1791400740630,,,2026-10-07,1791401607473,shadow_official_arrival,0.07816163961228201,0.15835706246000242,4,3.3446091193845007,19.911441497351134,True,,17.181535578365576,49.94401331516659,True,True,False,True,no_recent_shock,,,,236.44566666665196,,0.15835706246000242,False
1791401400000,1791401765614,DOWN,0.76,83416.25,2.050599653352636,1,KXBTC15M-26OCT071545-45,,,copied,1791401765614,,,2026-10-07,1791402529678,shadow_official_arrival,0.10283243007995307,0.1530436739992469,5,-4.078214111903344,15.802231753394569,True,,19.868716962065722,46.4562072532627,False,True,False,True,no_recent_shock,,,,218.86183333341614,,0.1530436739992469,False
1791402300000,1791402541065,DOWN,0.87,83411.94,14.20498072577936,1,KXBTC15M-26OCT071600-00,,,copied,1791402541065,,,2026-10-07,1791403445246,shadow_official_arrival,0.3262541545292259,0.02906997727984937,1,-14.77651503280053,-4.418962078689415,True,,17.53257540372354,50.45057640885401,True,True,False,True,no_recent_shock,,,,158.25766666664276,,0.02906997727984937,False
1791403200000,1791403445246,UP,0.78,83382.33,11.971761083362509,1,KXBTC15M-26OCT071615-15,,,copied,1791403445246,,,2026-10-07,1791404349614,shadow_official_arrival,0.5893562869855065,0.07628230116314581,5,22.654821646144185,10.163947339592028,True,,15.23989243656093,62.876596253806525,True,True,False,True,no_recent_shock,,,,169.30383333333884,,0.07628230116314581,False
1791404100000,1791404417531,UP,0.66,83506.46,3.060940834203052,1,KXBTC15M-26OCT071630-30,,,copied,1791404417531,,,2026-10-07,1791405269342,shadow_official_arrival,0.5407195436981729,0.08328202331938832,5,13.899258814367155,11.529540072328093,True,,16.683324803906732,46.61946682364542,True,True,False,True,no_recent_shock,,,,258.82600000003004,,0.08328202331938832,False
1791405000000,1791405247490,DOWN,0.84,83518.14,6.563524203652138,1,KXBTC15M-26OCT071645-45,,,copied,1791405247490,,,2026-10-07,1791406190152,shadow_official_arrival,0.38069011885327775,0.04888104327732721,3,-7.957540083343151,5.192019624613575,True,,17.83238746748542,43.94844656965968,True,True,False,True,no_recent_shock,,,,258.82600000003004,,0.04888104327732721,False
1791405900000,1791406436267,DOWN,0.64,83349.21,1.140442722855628,0,KXBTC15M-26OCT071700-00,,,copied,1791406436267,,,2026-10-07,1791407106739,shadow_official_arrival,0.12752427318020057,0.05126504071343778,4,0.990442372106326,4.132671363010765,True,,16.146525394153052,45.90936183880035,True,True,False,True,no_recent_shock,,,,255.75683333334746,,0.05126504071343778,False
1791406800000,1791407047042,DOWN,0.79,83392.87,7.792652617268914,1,KXBTC15M-26OCT071715-15,,,copied,1791407047042,,,2026-10-07,1791408010378,shadow_official_arrival,0.03627972606011204,0.19782658047410343,2,-0.661539489301699,-18.4792190714278,True,,14.8555736353731,42.09897826015642,True,True,False,True,no_recent_shock,,,,248.7388333333074,,0.19782658047410343,False
1791407700000,1791407940831,UP,0.72,83317.42,3.1220961954958604,0,KXBTC15M-26OCT071730-30,,,copied,1791407940831,,,2026-10-07,1791408915420,shadow_official_arrival,0.15066784065429792,0.2808216654432651,2,1.899550597905808,-22.31052289763835,True,,13.711383538138108,36.10106421479004,True,True,False,True,no_recent_shock,,,,231.5348333332804,,0.2808216654432651,False
1791408600000,1791408840259,DOWN,0.71,83293.61,3.561737809184562,1,KXBTC15M-26OCT071745-45,,,copied,1791409083954,,,2026-10-07,1791409833072,shadow_official_arrival,0.6891488121804579,0.32935237915006393,1,-9.493131771804997,-24.591504142693623,True,,13.177255250367766,36.53370811678268,True,True,False,True,no_recent_shock,,,,185.49050000001444,,0.32935237915006393,False
1791409500000,1791410007222,DOWN,0.76,83177.69,2.80293509794749,1,KXBTC15M-26OCT071800-00,,,copied,1791410007222,,,2026-10-07,1791410437969,shadow_official_arrival,0.7424601369675431,0.3750574443900239,1,-10.50909619220941,-22.505674938716467,True,,18.121792896166404,26.6372506970979,True,True,False,True,no_recent_shock,,,,237.27066666661995,,0.3750574443900239,False
1791410400000,1791410649086,UP,0.81,83120.05,9.096240919002074,1,KXBTC15M-26OCT071815-15,,,copied,1791410649086,,,2026-10-07,1791411359576,shadow_official_arrival,0.20463561489411983,0.2396676138490939,2,3.9512659575824394,-15.868257498411475,True,,22.290511024448556,19.28302937938411,False,True,False,True,no_recent_shock,,,,261.8351666666131,,0.2396676138490939,False
