window_close_ny,mode,cycle,action,reasons,suppressed_recorded_trade,normal_ticker,normal_side,normal_contracts,normal_cost,normal_net_pnl,btc_ticker,btc_dir,btc_ask,btc_ask_field,btc_quote_ny,btc_ask_size,btc_contracts,btc_cost,btc_result,btc_payout,btc_pnl,gold_ticker,gold_dir,gold_ask,gold_ask_field,gold_quote_ny,gold_ask_size,gold_contracts,gold_cost,gold_result,gold_payout,gold_pnl,combined_ask,matched_contracts,unmatched_market,unmatched_contracts,fill_basis,combined_cost,unused_cash,combined_payout,combined_pnl,outcome_class,est_fees_not_deducted,balance_before,balance_after
2026-09-23 15:45:00,normal,,btc_trade,,,KXBTC15M-26SEP231545-45,yes,2.0,1.507,0.493,,,,,,,,,,,,,,,,,,,,,,,,,,,,,,,,,,,
2026-09-23 16:00:00,normal,,btc_trade,,,KXBTC15M-26SEP231600-00,yes,2.0,1.6798,0.3202,,,,,,,,,,,,,,,,,,,,,,,,,,,,,,,,,,,
2026-09-23 16:15:00,normal,,btc_trade,,,KXBTC15M-26SEP231615-15,yes,2.0,0.0065,0.4456,,,,,,,,,,,,,,,,,,,,,,,,,,,,,,,,,,,
2026-09-23 17:00:00,normal,,btc_trade,,,KXBTC15M-26SEP231700-00,yes,2.0,0.0022,0.2989,,,,,,,,,,,,,,,,,,,,,,,,,,,,,,,,,,,
2026-09-23 17:45:00,normal,,btc_trade,,,KXBTC15M-26SEP231745-45,yes,2.0,1.6607,0.3243,,,,,,,,,,,,,,,,,,,,,,,,,,,,,,,,,,,
2026-09-23 18:00:00,normal,,btc_trade,,,KXBTC15M-26SEP231800-00,yes,2.0,0.0086,0.4073,,,,,,,,,,,,,,,,,,,,,,,,,,,,,,,,,,,
2026-09-23 19:00:00,normal,,btc_trade,,,KXBTC15M-26SEP231900-00,yes,2.0,1.7559,0.2441,,,,,,,,,,,,,,,,,,,,,,,,,,,,,,,,,,,
2026-09-23 20:15:00,normal,,btc_trade,,,KXBTC15M-26SEP232015-15,yes,2.0,1.6033,-1.6033,,,,,,,,,,,,,,,,,,,,,,,,,,,,,,,,,,,
2026-09-23 20:30:00,recovery,1,skip,gold_quote_missing,KXBTC15M-26SEP232030-30,,,,,,,DOWN,,,,,,,,,,,,,,,,,,,,,,,,,,,,,,,,,
2026-09-23 20:45:00,recovery,1,skip,gold_quote_missing,,,,,,,,UP,,,,,,,,,,,,,,,,,,,,,,,,,,,,,,,,,
2026-09-23 21:00:00,recovery,1,skip,gold_quote_missing,,,,,,,,DOWN,,,,,,,,,,,,,,,,,,,,,,,,,,,,,,,,,
2026-09-23 21:15:00,recovery,1,skip,gold_quote_missing,,,,,,,,UP,,,,,,,,,,,,,,,,,,,,,,,,,,,,,,,,,
2026-09-23 21:30:00,recovery,1,skip,gold_quote_missing,,,,,,,,DOWN,,,,,,,,,,,,,,,,,,,,,,,,,,,,,,,,,
2026-09-23 21:45:00,recovery,1,skip,gold_quote_missing,KXBTC15M-26SEP232145-45,,,,,,,UP,,,,,,,,,,,,,,,,,,,,,,,,,,,,,,,,,
2026-09-23 22:00:00,recovery,1,skip,gold_quote_missing,,,,,,,,DOWN,,,,,,,,,,,,,,,,,,,,,,,,,,,,,,,,,
2026-09-23 22:15:00,recovery,1,skip,gold_quote_missing,KXBTC15M-26SEP232215-15,,,,,,,UP,,,,,,,,,,,,,,,,,,,,,,,,,,,,,,,,,
2026-09-23 22:30:00,recovery,1,skip,gold_quote_missing,KXBTC15M-26SEP232230-30,,,,,,,DOWN,,,,,,,,,,,,,,,,,,,,,,,,,,,,,,,,,
2026-09-23 22:45:00,recovery,1,skip,gold_quote_missing,,,,,,,,UP,,,,,,,,,,,,,,,,,,,,,,,,,,,,,,,,,
2026-09-23 23:00:00,recovery,1,skip,gold_quote_missing,,,,,,,,DOWN,,,,,,,,,,,,,,,,,,,,,,,,,,,,,,,,,
2026-09-23 23:15:00,recovery,1,skip,gold_quote_missing,KXBTC15M-26SEP232315-15,,,,,,,UP,,,,,,,,,,,,,,,,,,,,,,,,,,,,,,,,,
2026-09-23 23:30:00,recovery,1,skip,gold_quote_missing,,,,,,,,DOWN,,,,,,,,,,,,,,,,,,,,,,,,,,,,,,,,,
2026-09-23 23:45:00,recovery,1,skip,gold_quote_missing,,,,,,,,UP,,,,,,,,,,,,,,,,,,,,,,,,,,,,,,,,,
2026-09-24 00:00:00,recovery,1,skip,gold_quote_missing,KXBTC15M-26SEP240000-00,,,,,,,DOWN,,,,,,,,,,,,,,,,,,,,,,,,,,,,,,,,,
2026-09-24 00:15:00,recovery,1,skip,gold_quote_missing,,,,,,,,UP,,,,,,,,,,,,,,,,,,,,,,,,,,,,,,,,,
2026-09-24 00:30:00,recovery,1,skip,gold_quote_missing,,,,,,,,DOWN,,,,,,,,,,,,,,,,,,,,,,,,,,,,,,,,,
2026-09-24 00:45:00,recovery,1,skip,gold_quote_missing,,,,,,,,UP,,,,,,,,,,,,,,,,,,,,,,,,,,,,,,,,,
2026-09-24 01:00:00,recovery,1,skip,gold_quote_missing,,,,,,,,DOWN,,,,,,,,,,,,,,,,,,,,,,,,,,,,,,,,,
2026-09-24 01:15:00,recovery,1,skip,gold_quote_missing,KXBTC15M-26SEP240115-15,,,,,,,UP,,,,,,,,,,,,,,,,,,,,,,,,,,,,,,,,,
2026-09-24 01:30:00,recovery,1,skip,gold_quote_missing,,,,,,,,DOWN,,,,,,,,,,,,,,,,,,,,,,,,,,,,,,,,,
2026-09-24 01:45:00,recovery,1,skip,gold_quote_missing,,,,,,,,UP,,,,,,,,,,,,,,,,,,,,,,,,,,,,,,,,,
2026-09-24 02:00:00,recovery,1,skip,gold_quote_missing,,,,,,,,DOWN,,,,,,,,,,,,,,,,,,,,,,,,,,,,,,,,,
2026-09-24 02:15:00,recovery,1,skip,gold_quote_missing,,,,,,,,UP,,,,,,,,,,,,,,,,,,,,,,,,,,,,,,,,,
2026-09-24 02:30:00,recovery,1,skip,gold_quote_missing,,,,,,,,DOWN,,,,,,,,,,,,,,,,,,,,,,,,,,,,,,,,,
2026-09-24 02:45:00,recovery,1,skip,gold_quote_missing,,,,,,,,UP,,,,,,,,,,,,,,,,,,,,,,,,,,,,,,,,,
2026-09-24 03:00:00,recovery,1,skip,gold_quote_missing,,,,,,,,DOWN,,,,,,,,,,,,,,,,,,,,,,,,,,,,,,,,,
2026-09-24 03:15:00,recovery,1,skip,btc_quote_missing;gold_quote_missing,,,,,,,,UP,,,,,,,,,,,,,,,,,,,,,,,,,,,,,,,,,
2026-09-24 03:30:00,recovery,1,skip,btc_quote_missing;gold_quote_missing,,,,,,,,DOWN,,,,,,,,,,,,,,,,,,,,,,,,,,,,,,,,,
2026-09-24 03:45:00,recovery,1,skip,btc_quote_missing;gold_quote_missing,,,,,,,,UP,,,,,,,,,,,,,,,,,,,,,,,,,,,,,,,,,
2026-09-24 04:00:00,recovery,1,skip,btc_quote_missing;gold_quote_missing,,,,,,,,DOWN,,,,,,,,,,,,,,,,,,,,,,,,,,,,,,,,,
2026-09-24 04:15:00,recovery,1,skip,btc_quote_missing;gold_quote_missing,,,,,,,,UP,,,,,,,,,,,,,,,,,,,,,,,,,,,,,,,,,
2026-09-24 04:30:00,recovery,1,skip,btc_quote_missing;gold_quote_missing,,,,,,,,DOWN,,,,,,,,,,,,,,,,,,,,,,,,,,,,,,,,,
2026-09-24 04:45:00,recovery,1,skip,btc_quote_missing;gold_quote_missing,,,,,,,,UP,,,,,,,,,,,,,,,,,,,,,,,,,,,,,,,,,
2026-09-24 05:00:00,recovery,1,skip,btc_quote_missing;gold_quote_missing,,,,,,,,DOWN,,,,,,,,,,,,,,,,,,,,,,,,,,,,,,,,,
2026-09-24 05:15:00,recovery,1,skip,gold_quote_missing,,,,,,,,UP,,,,,,,,,,,,,,,,,,,,,,,,,,,,,,,,,
2026-09-24 05:30:00,recovery,1,skip,gold_quote_missing,KXBTC15M-26SEP240530-30,,,,,,,DOWN,,,,,,,,,,,,,,,,,,,,,,,,,,,,,,,,,
2026-09-24 05:45:00,recovery,1,skip,gold_quote_missing,,,,,,,,UP,,,,,,,,,,,,,,,,,,,,,,,,,,,,,,,,,
2026-09-24 06:00:00,recovery,1,skip,gold_quote_missing,,,,,,,,DOWN,,,,,,,,,,,,,,,,,,,,,,,,,,,,,,,,,
2026-09-24 06:15:00,recovery,1,skip,gold_quote_missing,KXBTC15M-26SEP240615-15,,,,,,,UP,,,,,,,,,,,,,,,,,,,,,,,,,,,,,,,,,
2026-09-24 06:30:00,recovery,1,skip,gold_quote_missing,,,,,,,,DOWN,,,,,,,,,,,,,,,,,,,,,,,,,,,,,,,,,
2026-09-24 06:45:00,recovery,1,skip,gold_quote_missing,,,,,,,,UP,,,,,,,,,,,,,,,,,,,,,,,,,,,,,,,,,
2026-09-24 07:00:00,recovery,1,skip,gold_quote_missing,KXBTC15M-26SEP240700-00,,,,,,,DOWN,,,,,,,,,,,,,,,,,,,,,,,,,,,,,,,,,
2026-09-24 07:15:00,recovery,1,skip,gold_quote_missing,KXBTC15M-26SEP240715-15,,,,,,,UP,,,,,,,,,,,,,,,,,,,,,,,,,,,,,,,,,
2026-09-24 07:30:00,recovery,1,skip,gold_quote_missing,,,,,,,,DOWN,,,,,,,,,,,,,,,,,,,,,,,,,,,,,,,,,
2026-09-24 07:45:00,recovery,1,skip,gold_quote_missing,,,,,,,,UP,,,,,,,,,,,,,,,,,,,,,,,,,,,,,,,,,
2026-09-24 08:00:00,recovery,1,skip,gold_quote_missing,KXBTC15M-26SEP240800-00,,,,,,,DOWN,,,,,,,,,,,,,,,,,,,,,,,,,,,,,,,,,
2026-09-24 08:15:00,recovery,1,skip,gold_quote_missing,KXBTC15M-26SEP240815-15,,,,,,,UP,,,,,,,,,,,,,,,,,,,,,,,,,,,,,,,,,
2026-09-24 08:30:00,recovery,1,skip,gold_quote_missing,KXBTC15M-26SEP240830-30,,,,,,,DOWN,,,,,,,,,,,,,,,,,,,,,,,,,,,,,,,,,
2026-09-24 08:45:00,recovery,1,skip,gold_quote_missing,,,,,,,,UP,,,,,,,,,,,,,,,,,,,,,,,,,,,,,,,,,
2026-09-24 09:00:00,recovery,1,skip,gold_quote_missing,,,,,,,,DOWN,,,,,,,,,,,,,,,,,,,,,,,,,,,,,,,,,
2026-09-24 09:15:00,recovery,1,skip,gold_quote_missing,KXBTC15M-26SEP240915-15,,,,,,,UP,,,,,,,,,,,,,,,,,,,,,,,,,,,,,,,,,
2026-09-24 09:30:00,recovery,1,skip,gold_quote_missing,KXBTC15M-26SEP240930-30,,,,,,,DOWN,,,,,,,,,,,,,,,,,,,,,,,,,,,,,,,,,
2026-09-24 09:45:00,recovery,1,skip,gold_quote_missing,,,,,,,,UP,,,,,,,,,,,,,,,,,,,,,,,,,,,,,,,,,
2026-09-24 10:00:00,recovery,1,skip,gold_quote_missing,KXBTC15M-26SEP241000-00,,,,,,,DOWN,,,,,,,,,,,,,,,,,,,,,,,,,,,,,,,,,
2026-09-24 10:15:00,recovery,1,skip,gold_quote_missing,,,,,,,,UP,,,,,,,,,,,,,,,,,,,,,,,,,,,,,,,,,
2026-09-24 10:30:00,recovery,1,skip,gold_quote_missing,,,,,,,,DOWN,,,,,,,,,,,,,,,,,,,,,,,,,,,,,,,,,
2026-09-24 10:45:00,recovery,1,skip,gold_quote_missing,KXBTC15M-26SEP241045-45,,,,,,,UP,,,,,,,,,,,,,,,,,,,,,,,,,,,,,,,,,
2026-09-24 11:00:00,recovery,1,skip,gold_quote_missing,,,,,,,,DOWN,,,,,,,,,,,,,,,,,,,,,,,,,,,,,,,,,
2026-09-24 11:15:00,recovery,1,skip,gold_quote_missing,KXBTC15M-26SEP241115-15,,,,,,,UP,,,,,,,,,,,,,,,,,,,,,,,,,,,,,,,,,
2026-09-24 11:30:00,recovery,1,skip,gold_quote_missing,KXBTC15M-26SEP241130-30,,,,,,,DOWN,,,,,,,,,,,,,,,,,,,,,,,,,,,,,,,,,
2026-09-24 11:45:00,recovery,1,skip,gold_quote_missing,KXBTC15M-26SEP241145-45,,,,,,,UP,,,,,,,,,,,,,,,,,,,,,,,,,,,,,,,,,
2026-09-24 12:00:00,recovery,1,skip,gold_quote_missing,,,,,,,,DOWN,,,,,,,,,,,,,,,,,,,,,,,,,,,,,,,,,
2026-09-24 12:15:00,recovery,1,skip,gold_quote_missing,KXBTC15M-26SEP241215-15,,,,,,,UP,,,,,,,,,,,,,,,,,,,,,,,,,,,,,,,,,
2026-09-24 12:30:00,recovery,1,skip,gold_quote_missing,,,,,,,,DOWN,,,,,,,,,,,,,,,,,,,,,,,,,,,,,,,,,
2026-09-24 12:45:00,recovery,1,skip,gold_quote_missing,,,,,,,,UP,,,,,,,,,,,,,,,,,,,,,,,,,,,,,,,,,
2026-09-24 13:00:00,recovery,1,skip,gold_quote_missing,,,,,,,,DOWN,,,,,,,,,,,,,,,,,,,,,,,,,,,,,,,,,
2026-09-24 13:15:00,recovery,1,skip,gold_quote_missing,,,,,,,,UP,,,,,,,,,,,,,,,,,,,,,,,,,,,,,,,,,
2026-09-24 13:30:00,recovery,1,skip,gold_quote_missing,KXBTC15M-26SEP241330-30,,,,,,,DOWN,,,,,,,,,,,,,,,,,,,,,,,,,,,,,,,,,
2026-09-24 13:45:00,recovery,1,skip,gold_quote_missing,,,,,,,,UP,,,,,,,,,,,,,,,,,,,,,,,,,,,,,,,,,
2026-09-24 14:00:00,recovery,1,skip,gold_quote_missing,,,,,,,,DOWN,,,,,,,,,,,,,,,,,,,,,,,,,,,,,,,,,
2026-09-24 14:15:00,recovery,1,skip,gold_quote_missing,,,,,,,,UP,,,,,,,,,,,,,,,,,,,,,,,,,,,,,,,,,
2026-09-24 14:30:00,recovery,1,skip,gold_quote_missing,KXBTC15M-26SEP241430-30,,,,,,,DOWN,,,,,,,,,,,,,,,,,,,,,,,,,,,,,,,,,
2026-09-24 14:45:00,recovery,1,skip,gold_quote_missing,,,,,,,,UP,,,,,,,,,,,,,,,,,,,,,,,,,,,,,,,,,
2026-09-24 15:00:00,recovery,1,skip,gold_quote_missing,,,,,,,,DOWN,,,,,,,,,,,,,,,,,,,,,,,,,,,,,,,,,
2026-09-24 15:15:00,recovery,1,skip,gold_quote_missing,,,,,,,,UP,,,,,,,,,,,,,,,,,,,,,,,,,,,,,,,,,
2026-09-24 15:30:00,recovery,1,skip,gold_quote_missing,,,,,,,,DOWN,,,,,,,,,,,,,,,,,,,,,,,,,,,,,,,,,
2026-09-24 15:45:00,recovery,1,skip,gold_quote_missing,KXBTC15M-26SEP241545-45,,,,,,,UP,,,,,,,,,,,,,,,,,,,,,,,,,,,,,,,,,
2026-09-24 16:00:00,recovery,1,skip,gold_quote_missing,KXBTC15M-26SEP241600-00,,,,,,,DOWN,,,,,,,,,,,,,,,,,,,,,,,,,,,,,,,,,
2026-09-24 16:15:00,recovery,1,skip,gold_quote_missing,,,,,,,,UP,,,,,,,,,,,,,,,,,,,,,,,,,,,,,,,,,
2026-09-24 16:30:00,recovery,1,skip,gold_quote_missing,,,,,,,,DOWN,,,,,,,,,,,,,,,,,,,,,,,,,,,,,,,,,
2026-09-24 16:45:00,recovery,1,skip,gold_quote_missing,,,,,,,,UP,,,,,,,,,,,,,,,,,,,,,,,,,,,,,,,,,
2026-09-24 17:00:00,recovery,1,skip,gold_quote_missing,,,,,,,,DOWN,,,,,,,,,,,,,,,,,,,,,,,,,,,,,,,,,
2026-09-24 17:15:00,recovery,1,skip,gold_quote_missing,,,,,,,,UP,,,,,,,,,,,,,,,,,,,,,,,,,,,,,,,,,
2026-09-24 17:30:00,recovery,1,skip,gold_quote_missing,KXBTC15M-26SEP241730-30,,,,,,,DOWN,,,,,,,,,,,,,,,,,,,,,,,,,,,,,,,,,
2026-09-24 17:45:00,recovery,1,skip,gold_quote_missing,,,,,,,,UP,,,,,,,,,,,,,,,,,,,,,,,,,,,,,,,,,
2026-09-24 18:00:00,recovery,1,skip,gold_quote_missing,KXBTC15M-26SEP241800-00,,,,,,,DOWN,,,,,,,,,,,,,,,,,,,,,,,,,,,,,,,,,
2026-09-24 18:15:00,recovery,1,skip,gold_quote_missing,,,,,,,,UP,,,,,,,,,,,,,,,,,,,,,,,,,,,,,,,,,
2026-09-24 18:30:00,recovery,1,skip,gold_quote_missing,,,,,,,,DOWN,,,,,,,,,,,,,,,,,,,,,,,,,,,,,,,,,
2026-09-24 18:45:00,recovery,1,skip,gold_quote_missing,,,,,,,,UP,,,,,,,,,,,,,,,,,,,,,,,,,,,,,,,,,
2026-09-24 19:00:00,recovery,1,skip,gold_quote_missing,,,,,,,,DOWN,,,,,,,,,,,,,,,,,,,,,,,,,,,,,,,,,
2026-09-24 19:15:00,recovery,1,skip,gold_quote_missing,KXBTC15M-26SEP241915-15,,,,,,,UP,,,,,,,,,,,,,,,,,,,,,,,,,,,,,,,,,
2026-09-24 19:30:00,recovery,1,skip,gold_quote_missing,KXBTC15M-26SEP241930-30,,,,,,,DOWN,,,,,,,,,,,,,,,,,,,,,,,,,,,,,,,,,
2026-09-24 19:45:00,recovery,1,skip,gold_quote_missing,,,,,,,,UP,,,,,,,,,,,,,,,,,,,,,,,,,,,,,,,,,
2026-09-24 20:00:00,recovery,1,skip,gold_quote_missing,,,,,,,,DOWN,,,,,,,,,,,,,,,,,,,,,,,,,,,,,,,,,
2026-09-24 20:15:00,recovery,1,skip,gold_quote_missing,,,,,,,,UP,,,,,,,,,,,,,,,,,,,,,,,,,,,,,,,,,
2026-09-24 20:30:00,recovery,1,skip,gold_quote_missing,,,,,,,,DOWN,,,,,,,,,,,,,,,,,,,,,,,,,,,,,,,,,
2026-09-24 20:45:00,recovery,1,skip,gold_quote_missing,,,,,,,,UP,,,,,,,,,,,,,,,,,,,,,,,,,,,,,,,,,
2026-09-24 21:00:00,recovery,1,skip,gold_quote_missing,,,,,,,,DOWN,,,,,,,,,,,,,,,,,,,,,,,,,,,,,,,,,
2026-09-24 21:15:00,recovery,1,skip,gold_quote_missing,KXBTC15M-26SEP242115-15,,,,,,,UP,,,,,,,,,,,,,,,,,,,,,,,,,,,,,,,,,
2026-09-24 21:30:00,recovery,1,skip,gold_quote_missing,,,,,,,,DOWN,,,,,,,,,,,,,,,,,,,,,,,,,,,,,,,,,
2026-09-24 21:45:00,recovery,1,skip,gold_quote_missing,,,,,,,,UP,,,,,,,,,,,,,,,,,,,,,,,,,,,,,,,,,
2026-09-24 22:00:00,recovery,1,skip,gold_quote_missing,KXBTC15M-26SEP242200-00,,,,,,,DOWN,,,,,,,,,,,,,,,,,,,,,,,,,,,,,,,,,
2026-09-24 22:15:00,recovery,1,skip,gold_quote_missing,,,,,,,,UP,,,,,,,,,,,,,,,,,,,,,,,,,,,,,,,,,
2026-09-24 22:30:00,recovery,1,skip,gold_quote_missing,,,,,,,,DOWN,,,,,,,,,,,,,,,,,,,,,,,,,,,,,,,,,
2026-09-24 22:45:00,recovery,1,skip,gold_quote_missing,,,,,,,,UP,,,,,,,,,,,,,,,,,,,,,,,,,,,,,,,,,
2026-09-24 23:00:00,recovery,1,skip,gold_quote_missing,,,,,,,,DOWN,,,,,,,,,,,,,,,,,,,,,,,,,,,,,,,,,
2026-09-24 23:15:00,recovery,1,skip,combined_ask_above_ceiling,,,,,,,,UP,,,,,,,,,,,,,,,,,,,,,1.09,,,,,,,,,,,,
2026-09-24 23:30:00,recovery,1,skip,combined_ask_above_ceiling,,,,,,,,DOWN,,,,,,,,,,,,,,,,,,,,,1.22,,,,,,,,,,,,
2026-09-24 23:45:00,recovery,1,skip,combined_ask_above_ceiling,,,,,,,,UP,,,,,,,,,,,,,,,,,,,,,1.6,,,,,,,,,,,,
2026-09-25 00:00:00,recovery,1,skip,combined_ask_above_ceiling,,,,,,,,DOWN,,,,,,,,,,,,,,,,,,,,,0.86,,,,,,,,,,,,
2026-09-25 00:15:00,recovery,1,skip,combined_ask_above_ceiling,KXBTC15M-26SEP250015-15,,,,,,,UP,,,,,,,,,,,,,,,,,,,,,0.74,,,,,,,,,,,,
2026-09-25 00:30:00,recovery,1,skip,combined_ask_above_ceiling,,,,,,,,DOWN,,,,,,,,,,,,,,,,,,,,,1.07,,,,,,,,,,,,
2026-09-25 00:45:00,recovery,1,skip,combined_ask_above_ceiling,KXBTC15M-26SEP250045-45,,,,,,,UP,,,,,,,,,,,,,,,,,,,,,1.45,,,,,,,,,,,,
2026-09-25 01:00:00,recovery,1,skip,combined_ask_above_ceiling,,,,,,,,DOWN,,,,,,,,,,,,,,,,,,,,,1.096,,,,,,,,,,,,
2026-09-25 01:15:00,recovery,1,skip,combined_ask_above_ceiling,,,,,,,,UP,,,,,,,,,,,,,,,,,,,,,1.34,,,,,,,,,,,,
2026-09-25 01:30:00,recovery,1,skip,combined_ask_above_ceiling,,,,,,,,DOWN,,,,,,,,,,,,,,,,,,,,,1.474,,,,,,,,,,,,
2026-09-25 01:45:00,recovery,1,skip,combined_ask_above_ceiling,,,,,,,,UP,,,,,,,,,,,,,,,,,,,,,0.95,,,,,,,,,,,,
2026-09-25 02:00:00,recovery,1,skip,combined_ask_above_ceiling,,,,,,,,DOWN,,,,,,,,,,,,,,,,,,,,,0.69,,,,,,,,,,,,
2026-09-25 02:15:00,recovery,1,skip,combined_ask_above_ceiling,,,,,,,,UP,,,,,,,,,,,,,,,,,,,,,1.0,,,,,,,,,,,,
2026-09-25 02:30:00,recovery,1,skip,combined_ask_above_ceiling,,,,,,,,DOWN,,,,,,,,,,,,,,,,,,,,,0.969,,,,,,,,,,,,
2026-09-25 02:45:00,recovery,1,paired_entry,,,,,,,,KXBTC15M-26SEP250245-45,UP,0.12,yes_ask,2026-09-25 02:36:59,,60,7.2,no,0.0,-7.2,KXGOLD15M-26SEP250245-45,DOWN,0.29,no_ask,2026-09-25 02:36:53,,60,17.4,no,60.0,42.6,0.41,60,,0,quote_based_unverified,24.6,0.4,60.0,35.4,gold_only_win,1.3084,-1.6033,33.7967
2026-09-25 03:30:00,normal,,btc_trade,,,KXBTC15M-26SEP250330-30,yes,1.0,0.8969,0.0956,,,,,,,,,,,,,,,,,,,,,,,,,,,,,,,,,,,
2026-09-25 04:45:00,normal,,btc_trade,,,KXBTC15M-26SEP250445-45,yes,1.0,0.0075,0.1621,,,,,,,,,,,,,,,,,,,,,,,,,,,,,,,,,,,
2026-09-25 05:15:00,normal,,btc_trade,,,KXBTC15M-26SEP250515-15,yes,1.0,0.8874,0.1029,,,,,,,,,,,,,,,,,,,,,,,,,,,,,,,,,,,
2026-09-25 10:45:00,normal,,btc_trade,,,KXBTC15M-26SEP251045-45,yes,1.0,0.8304,0.1663,,,,,,,,,,,,,,,,,,,,,,,,,,,,,,,,,,,
2026-09-25 11:30:00,normal,,btc_trade,,,KXBTC15M-26SEP251130-30,yes,1.0,0.0075,0.1051,,,,,,,,,,,,,,,,,,,,,,,,,,,,,,,,,,,
2026-09-25 12:15:00,normal,,btc_trade,,,KXBTC15M-26SEP251215-15,yes,1.0,0.8969,0.1031,,,,,,,,,,,,,,,,,,,,,,,,,,,,,,,,,,,
2026-09-25 13:00:00,normal,,btc_trade,,,KXBTC15M-26SEP251300-00,yes,1.0,0.0107,0.0566,,,,,,,,,,,,,,,,,,,,,,,,,,,,,,,,,,,
2026-09-25 13:15:00,normal,,btc_trade,,,KXBTC15M-26SEP251315-15,yes,1.0,0.9063,0.0904,,,,,,,,,,,,,,,,,,,,,,,,,,,,,,,,,,,
2026-09-25 14:00:00,normal,,btc_trade,,,KXBTC15M-26SEP251400-00,yes,1.0,0.0054,0.1261,,,,,,,,,,,,,,,,,,,,,,,,,,,,,,,,,,,
2026-09-25 14:15:00,normal,,btc_trade,,,KXBTC15M-26SEP251415-15,yes,1.0,0.9101,0.077,,,,,,,,,,,,,,,,,,,,,,,,,,,,,,,,,,,
2026-09-25 16:15:00,normal,,btc_trade,,,KXBTC15M-26SEP251615-15,yes,1.0,0.0065,0.144,,,,,,,,,,,,,,,,,,,,,,,,,,,,,,,,,,,
2026-09-25 18:15:00,normal,,btc_trade,,,KXBTC15M-26SEP251815-15,yes,1.0,0.912,0.0805,,,,,,,,,,,,,,,,,,,,,,,,,,,,,,,,,,,
2026-09-25 18:45:00,normal,,btc_trade,,,KXBTC15M-26SEP251845-45,yes,1.0,0.878,0.1113,,,,,,,,,,,,,,,,,,,,,,,,,,,,,,,,,,,
2026-09-25 20:30:00,normal,,btc_trade,,,KXBTC15M-26SEP252030-30,yes,1.0,0.0043,0.2036,,,,,,,,,,,,,,,,,,,,,,,,,,,,,,,,,,,
2026-09-25 21:15:00,normal,,btc_trade,,,KXBTC15M-26SEP252115-15,yes,1.0,0.8685,0.1315,,,,,,,,,,,,,,,,,,,,,,,,,,,,,,,,,,,
2026-09-25 21:45:00,normal,,btc_trade,,,KXBTC15M-26SEP252145-45,yes,1.0,0.7921,0.194,,,,,,,,,,,,,,,,,,,,,,,,,,,,,,,,,,,
2026-09-26 00:15:00,normal,,btc_trade,,,KXBTC15M-26SEP260015-15,yes,1.0,0.8874,0.0976,,,,,,,,,,,,,,,,,,,,,,,,,,,,,,,,,,,
2026-09-26 00:30:00,normal,,btc_trade,,,KXBTC15M-26SEP260030-30,yes,1.0,0.8685,-0.8685,,,,,,,,,,,,,,,,,,,,,,,,,,,,,,,,,,,
2026-09-26 00:45:00,recovery,2,skip,gold_quote_missing,,,,,,,,UP,,,,,,,,,,,,,,,,,,,,,,,,,,,,,,,,,
2026-09-26 01:00:00,recovery,2,skip,gold_quote_missing,,,,,,,,DOWN,,,,,,,,,,,,,,,,,,,,,,,,,,,,,,,,,
2026-09-26 01:15:00,recovery,2,skip,gold_quote_missing,,,,,,,,UP,,,,,,,,,,,,,,,,,,,,,,,,,,,,,,,,,
2026-09-26 01:30:00,recovery,2,skip,gold_quote_missing,,,,,,,,DOWN,,,,,,,,,,,,,,,,,,,,,,,,,,,,,,,,,
2026-09-26 01:45:00,recovery,2,skip,gold_quote_missing,,,,,,,,UP,,,,,,,,,,,,,,,,,,,,,,,,,,,,,,,,,
2026-09-26 02:00:00,recovery,2,skip,gold_quote_missing,,,,,,,,DOWN,,,,,,,,,,,,,,,,,,,,,,,,,,,,,,,,,
2026-09-26 02:15:00,recovery,2,skip,gold_quote_missing,,,,,,,,UP,,,,,,,,,,,,,,,,,,,,,,,,,,,,,,,,,
2026-09-26 02:30:00,recovery,2,skip,gold_quote_missing,,,,,,,,DOWN,,,,,,,,,,,,,,,,,,,,,,,,,,,,,,,,,
2026-09-26 02:45:00,recovery,2,skip,gold_quote_missing,,,,,,,,UP,,,,,,,,,,,,,,,,,,,,,,,,,,,,,,,,,
2026-09-26 03:00:00,recovery,2,skip,gold_quote_missing,,,,,,,,DOWN,,,,,,,,,,,,,,,,,,,,,,,,,,,,,,,,,
2026-09-26 03:15:00,recovery,2,skip,gold_quote_missing,KXBTC15M-26SEP260315-15,,,,,,,UP,,,,,,,,,,,,,,,,,,,,,,,,,,,,,,,,,
2026-09-26 03:30:00,recovery,2,skip,gold_quote_missing,,,,,,,,DOWN,,,,,,,,,,,,,,,,,,,,,,,,,,,,,,,,,
2026-09-26 03:45:00,recovery,2,skip,gold_quote_missing,,,,,,,,UP,,,,,,,,,,,,,,,,,,,,,,,,,,,,,,,,,
2026-09-26 04:00:00,recovery,2,skip,gold_quote_missing,KXBTC15M-26SEP260400-00,,,,,,,DOWN,,,,,,,,,,,,,,,,,,,,,,,,,,,,,,,,,
2026-09-26 04:15:00,recovery,2,skip,gold_quote_missing,,,,,,,,UP,,,,,,,,,,,,,,,,,,,,,,,,,,,,,,,,,
2026-09-26 04:30:00,recovery,2,skip,gold_quote_missing,,,,,,,,DOWN,,,,,,,,,,,,,,,,,,,,,,,,,,,,,,,,,
2026-09-26 04:45:00,recovery,2,skip,gold_quote_missing,,,,,,,,UP,,,,,,,,,,,,,,,,,,,,,,,,,,,,,,,,,
2026-09-26 05:00:00,recovery,2,skip,gold_quote_missing,KXBTC15M-26SEP260500-00,,,,,,,DOWN,,,,,,,,,,,,,,,,,,,,,,,,,,,,,,,,,
2026-09-26 05:15:00,recovery,2,skip,gold_quote_missing,,,,,,,,UP,,,,,,,,,,,,,,,,,,,,,,,,,,,,,,,,,
2026-09-26 05:30:00,recovery,2,skip,gold_quote_missing,,,,,,,,DOWN,,,,,,,,,,,,,,,,,,,,,,,,,,,,,,,,,
2026-09-26 05:45:00,recovery,2,skip,gold_quote_missing,,,,,,,,UP,,,,,,,,,,,,,,,,,,,,,,,,,,,,,,,,,
2026-09-26 06:00:00,recovery,2,skip,gold_quote_missing,,,,,,,,DOWN,,,,,,,,,,,,,,,,,,,,,,,,,,,,,,,,,
2026-09-26 06:15:00,recovery,2,skip,gold_quote_missing,KXBTC15M-26SEP260615-15,,,,,,,UP,,,,,,,,,,,,,,,,,,,,,,,,,,,,,,,,,
2026-09-26 06:30:00,recovery,2,skip,gold_quote_missing,,,,,,,,DOWN,,,,,,,,,,,,,,,,,,,,,,,,,,,,,,,,,
2026-09-26 06:45:00,recovery,2,skip,gold_quote_missing,,,,,,,,UP,,,,,,,,,,,,,,,,,,,,,,,,,,,,,,,,,
2026-09-26 07:00:00,recovery,2,skip,gold_quote_missing,,,,,,,,DOWN,,,,,,,,,,,,,,,,,,,,,,,,,,,,,,,,,
2026-09-26 07:15:00,recovery,2,skip,gold_quote_missing,,,,,,,,UP,,,,,,,,,,,,,,,,,,,,,,,,,,,,,,,,,
2026-09-26 07:30:00,recovery,2,skip,gold_quote_missing,,,,,,,,DOWN,,,,,,,,,,,,,,,,,,,,,,,,,,,,,,,,,
2026-09-26 07:45:00,recovery,2,skip,gold_quote_missing,KXBTC15M-26SEP260745-45,,,,,,,UP,,,,,,,,,,,,,,,,,,,,,,,,,,,,,,,,,
2026-09-26 08:00:00,recovery,2,skip,gold_quote_missing,,,,,,,,DOWN,,,,,,,,,,,,,,,,,,,,,,,,,,,,,,,,,
2026-09-26 08:15:00,recovery,2,skip,gold_quote_missing,,,,,,,,UP,,,,,,,,,,,,,,,,,,,,,,,,,,,,,,,,,
2026-09-26 08:30:00,recovery,2,skip,gold_quote_missing,KXBTC15M-26SEP260830-30,,,,,,,DOWN,,,,,,,,,,,,,,,,,,,,,,,,,,,,,,,,,
2026-09-26 08:45:00,recovery,2,skip,gold_quote_missing,,,,,,,,UP,,,,,,,,,,,,,,,,,,,,,,,,,,,,,,,,,
2026-09-26 09:00:00,recovery,2,skip,gold_quote_missing,,,,,,,,DOWN,,,,,,,,,,,,,,,,,,,,,,,,,,,,,,,,,
2026-09-26 09:15:00,recovery,2,skip,gold_quote_missing,KXBTC15M-26SEP260915-15,,,,,,,UP,,,,,,,,,,,,,,,,,,,,,,,,,,,,,,,,,
2026-09-26 09:30:00,recovery,2,skip,gold_quote_missing,,,,,,,,DOWN,,,,,,,,,,,,,,,,,,,,,,,,,,,,,,,,,
2026-09-26 09:45:00,recovery,2,skip,gold_quote_missing;btc_quote_stale,,,,,,,,UP,,,,,,,,,,,,,,,,,,,,,,,,,,,,,,,,,
2026-09-26 10:00:00,recovery,2,skip,gold_quote_missing,,,,,,,,DOWN,,,,,,,,,,,,,,,,,,,,,,,,,,,,,,,,,
2026-09-26 10:15:00,recovery,2,skip,gold_quote_missing,,,,,,,,UP,,,,,,,,,,,,,,,,,,,,,,,,,,,,,,,,,
2026-09-26 10:30:00,recovery,2,skip,gold_quote_missing,,,,,,,,DOWN,,,,,,,,,,,,,,,,,,,,,,,,,,,,,,,,,
2026-09-26 10:45:00,recovery,2,skip,gold_quote_missing,,,,,,,,UP,,,,,,,,,,,,,,,,,,,,,,,,,,,,,,,,,
2026-09-26 11:00:00,recovery,2,skip,gold_quote_missing,,,,,,,,DOWN,,,,,,,,,,,,,,,,,,,,,,,,,,,,,,,,,
2026-09-26 11:15:00,recovery,2,skip,gold_quote_missing,,,,,,,,UP,,,,,,,,,,,,,,,,,,,,,,,,,,,,,,,,,
2026-09-26 11:30:00,recovery,2,skip,gold_quote_missing,,,,,,,,DOWN,,,,,,,,,,,,,,,,,,,,,,,,,,,,,,,,,
2026-09-26 11:45:00,recovery,2,skip,gold_quote_missing,,,,,,,,UP,,,,,,,,,,,,,,,,,,,,,,,,,,,,,,,,,
2026-09-26 12:00:00,recovery,2,skip,gold_quote_missing,,,,,,,,DOWN,,,,,,,,,,,,,,,,,,,,,,,,,,,,,,,,,
2026-09-26 12:15:00,recovery,2,skip,gold_quote_missing,,,,,,,,UP,,,,,,,,,,,,,,,,,,,,,,,,,,,,,,,,,
2026-09-26 12:30:00,recovery,2,skip,gold_quote_missing,,,,,,,,DOWN,,,,,,,,,,,,,,,,,,,,,,,,,,,,,,,,,
2026-09-26 12:45:00,recovery,2,skip,gold_quote_missing,KXBTC15M-26SEP261245-45,,,,,,,UP,,,,,,,,,,,,,,,,,,,,,,,,,,,,,,,,,
2026-09-26 13:00:00,recovery,2,skip,gold_quote_missing,,,,,,,,DOWN,,,,,,,,,,,,,,,,,,,,,,,,,,,,,,,,,
2026-09-26 13:15:00,recovery,2,skip,gold_quote_missing,,,,,,,,UP,,,,,,,,,,,,,,,,,,,,,,,,,,,,,,,,,
2026-09-26 13:30:00,recovery,2,skip,gold_quote_missing,,,,,,,,DOWN,,,,,,,,,,,,,,,,,,,,,,,,,,,,,,,,,
2026-09-26 13:45:00,recovery,2,skip,gold_quote_missing,,,,,,,,UP,,,,,,,,,,,,,,,,,,,,,,,,,,,,,,,,,
2026-09-26 14:00:00,recovery,2,skip,gold_quote_missing,,,,,,,,DOWN,,,,,,,,,,,,,,,,,,,,,,,,,,,,,,,,,
2026-09-26 14:15:00,recovery,2,skip,gold_quote_missing,,,,,,,,UP,,,,,,,,,,,,,,,,,,,,,,,,,,,,,,,,,
2026-09-26 14:30:00,recovery,2,skip,gold_quote_missing,,,,,,,,DOWN,,,,,,,,,,,,,,,,,,,,,,,,,,,,,,,,,
2026-09-26 14:45:00,recovery,2,skip,gold_quote_missing,,,,,,,,UP,,,,,,,,,,,,,,,,,,,,,,,,,,,,,,,,,
2026-09-26 15:00:00,recovery,2,skip,gold_quote_missing,,,,,,,,DOWN,,,,,,,,,,,,,,,,,,,,,,,,,,,,,,,,,
2026-09-26 15:15:00,recovery,2,skip,gold_quote_missing,,,,,,,,UP,,,,,,,,,,,,,,,,,,,,,,,,,,,,,,,,,
2026-09-26 15:30:00,recovery,2,skip,gold_quote_missing,,,,,,,,DOWN,,,,,,,,,,,,,,,,,,,,,,,,,,,,,,,,,
2026-09-26 15:45:00,recovery,2,skip,gold_quote_missing,,,,,,,,UP,,,,,,,,,,,,,,,,,,,,,,,,,,,,,,,,,
2026-09-26 16:00:00,recovery,2,skip,gold_quote_missing,,,,,,,,DOWN,,,,,,,,,,,,,,,,,,,,,,,,,,,,,,,,,
2026-09-26 16:15:00,recovery,2,skip,gold_quote_missing,KXBTC15M-26SEP261615-15,,,,,,,UP,,,,,,,,,,,,,,,,,,,,,,,,,,,,,,,,,
2026-09-26 16:30:00,recovery,2,skip,gold_quote_missing,KXBTC15M-26SEP261630-30,,,,,,,DOWN,,,,,,,,,,,,,,,,,,,,,,,,,,,,,,,,,
2026-09-26 16:45:00,recovery,2,skip,gold_quote_missing,,,,,,,,UP,,,,,,,,,,,,,,,,,,,,,,,,,,,,,,,,,
2026-09-26 17:00:00,recovery,2,skip,gold_quote_missing,,,,,,,,DOWN,,,,,,,,,,,,,,,,,,,,,,,,,,,,,,,,,
2026-09-26 17:15:00,recovery,2,skip,gold_quote_missing,,,,,,,,UP,,,,,,,,,,,,,,,,,,,,,,,,,,,,,,,,,
2026-09-26 17:30:00,recovery,2,skip,gold_quote_missing,,,,,,,,DOWN,,,,,,,,,,,,,,,,,,,,,,,,,,,,,,,,,
2026-09-26 17:45:00,recovery,2,skip,gold_quote_missing,,,,,,,,UP,,,,,,,,,,,,,,,,,,,,,,,,,,,,,,,,,
2026-09-26 18:00:00,recovery,2,skip,gold_quote_missing,,,,,,,,DOWN,,,,,,,,,,,,,,,,,,,,,,,,,,,,,,,,,
2026-09-26 18:15:00,recovery,2,skip,gold_quote_missing,KXBTC15M-26SEP261815-15,,,,,,,UP,,,,,,,,,,,,,,,,,,,,,,,,,,,,,,,,,
2026-09-26 18:30:00,recovery,2,skip,gold_quote_missing,,,,,,,,DOWN,,,,,,,,,,,,,,,,,,,,,,,,,,,,,,,,,
2026-09-26 18:45:00,recovery,2,skip,gold_quote_missing,KXBTC15M-26SEP261845-45,,,,,,,UP,,,,,,,,,,,,,,,,,,,,,,,,,,,,,,,,,
2026-09-26 19:00:00,recovery,2,skip,gold_quote_missing,KXBTC15M-26SEP261900-00,,,,,,,DOWN,,,,,,,,,,,,,,,,,,,,,,,,,,,,,,,,,
2026-09-26 19:15:00,recovery,2,skip,gold_quote_missing,KXBTC15M-26SEP261915-15,,,,,,,UP,,,,,,,,,,,,,,,,,,,,,,,,,,,,,,,,,
2026-09-26 19:30:00,recovery,2,skip,gold_quote_missing,,,,,,,,DOWN,,,,,,,,,,,,,,,,,,,,,,,,,,,,,,,,,
2026-09-26 19:45:00,recovery,2,skip,gold_quote_missing,,,,,,,,UP,,,,,,,,,,,,,,,,,,,,,,,,,,,,,,,,,
2026-09-26 20:00:00,recovery,2,skip,gold_quote_missing,KXBTC15M-26SEP262000-00,,,,,,,DOWN,,,,,,,,,,,,,,,,,,,,,,,,,,,,,,,,,
2026-09-26 20:15:00,recovery,2,skip,gold_quote_missing,KXBTC15M-26SEP262015-15,,,,,,,UP,,,,,,,,,,,,,,,,,,,,,,,,,,,,,,,,,
2026-09-26 20:30:00,recovery,2,skip,gold_quote_missing,,,,,,,,DOWN,,,,,,,,,,,,,,,,,,,,,,,,,,,,,,,,,
2026-09-26 20:45:00,recovery,2,skip,gold_quote_missing,KXBTC15M-26SEP262045-45,,,,,,,UP,,,,,,,,,,,,,,,,,,,,,,,,,,,,,,,,,
2026-09-26 21:00:00,recovery,2,skip,gold_quote_missing,KXBTC15M-26SEP262100-00,,,,,,,DOWN,,,,,,,,,,,,,,,,,,,,,,,,,,,,,,,,,
2026-09-26 21:15:00,recovery,2,skip,gold_quote_missing,,,,,,,,UP,,,,,,,,,,,,,,,,,,,,,,,,,,,,,,,,,
2026-09-26 21:30:00,recovery,2,skip,gold_quote_missing,,,,,,,,DOWN,,,,,,,,,,,,,,,,,,,,,,,,,,,,,,,,,
2026-09-26 21:45:00,recovery,2,skip,gold_quote_missing,,,,,,,,UP,,,,,,,,,,,,,,,,,,,,,,,,,,,,,,,,,
2026-09-26 22:00:00,recovery,2,skip,gold_quote_missing,,,,,,,,DOWN,,,,,,,,,,,,,,,,,,,,,,,,,,,,,,,,,
2026-09-26 22:15:00,recovery,2,skip,gold_quote_missing,,,,,,,,UP,,,,,,,,,,,,,,,,,,,,,,,,,,,,,,,,,
2026-09-26 22:30:00,recovery,2,skip,gold_quote_missing,,,,,,,,DOWN,,,,,,,,,,,,,,,,,,,,,,,,,,,,,,,,,
2026-09-26 22:45:00,recovery,2,skip,gold_quote_missing,,,,,,,,UP,,,,,,,,,,,,,,,,,,,,,,,,,,,,,,,,,
2026-09-26 23:00:00,recovery,2,skip,gold_quote_missing,,,,,,,,DOWN,,,,,,,,,,,,,,,,,,,,,,,,,,,,,,,,,
2026-09-26 23:15:00,recovery,2,skip,gold_quote_missing,KXBTC15M-26SEP262315-15,,,,,,,UP,,,,,,,,,,,,,,,,,,,,,,,,,,,,,,,,,
2026-09-26 23:30:00,recovery,2,skip,gold_quote_missing,KXBTC15M-26SEP262330-30,,,,,,,DOWN,,,,,,,,,,,,,,,,,,,,,,,,,,,,,,,,,
2026-09-26 23:45:00,recovery,2,skip,gold_quote_missing,,,,,,,,UP,,,,,,,,,,,,,,,,,,,,,,,,,,,,,,,,,
2026-09-27 00:00:00,recovery,2,skip,gold_quote_missing,,,,,,,,DOWN,,,,,,,,,,,,,,,,,,,,,,,,,,,,,,,,,
2026-09-27 00:15:00,recovery,2,skip,gold_quote_missing,,,,,,,,UP,,,,,,,,,,,,,,,,,,,,,,,,,,,,,,,,,
2026-09-27 00:30:00,recovery,2,skip,gold_quote_missing,,,,,,,,DOWN,,,,,,,,,,,,,,,,,,,,,,,,,,,,,,,,,
2026-09-27 00:45:00,recovery,2,skip,gold_quote_missing,KXBTC15M-26SEP270045-45,,,,,,,UP,,,,,,,,,,,,,,,,,,,,,,,,,,,,,,,,,
2026-09-27 01:00:00,recovery,2,skip,gold_quote_missing,,,,,,,,DOWN,,,,,,,,,,,,,,,,,,,,,,,,,,,,,,,,,
2026-09-27 01:15:00,recovery,2,skip,gold_quote_missing,,,,,,,,UP,,,,,,,,,,,,,,,,,,,,,,,,,,,,,,,,,
2026-09-27 01:30:00,recovery,2,skip,gold_quote_missing,KXBTC15M-26SEP270130-30,,,,,,,DOWN,,,,,,,,,,,,,,,,,,,,,,,,,,,,,,,,,
2026-09-27 01:45:00,recovery,2,skip,gold_quote_missing,,,,,,,,UP,,,,,,,,,,,,,,,,,,,,,,,,,,,,,,,,,
2026-09-27 02:00:00,recovery,2,skip,gold_quote_missing,,,,,,,,DOWN,,,,,,,,,,,,,,,,,,,,,,,,,,,,,,,,,
2026-09-27 02:15:00,recovery,2,skip,gold_quote_missing,KXBTC15M-26SEP270215-15,,,,,,,UP,,,,,,,,,,,,,,,,,,,,,,,,,,,,,,,,,
2026-09-27 02:30:00,recovery,2,skip,gold_quote_missing,,,,,,,,DOWN,,,,,,,,,,,,,,,,,,,,,,,,,,,,,,,,,
2026-09-27 02:45:00,recovery,2,skip,gold_quote_missing,,,,,,,,UP,,,,,,,,,,,,,,,,,,,,,,,,,,,,,,,,,
2026-09-27 03:00:00,recovery,2,skip,gold_quote_missing,KXBTC15M-26SEP270300-00,,,,,,,DOWN,,,,,,,,,,,,,,,,,,,,,,,,,,,,,,,,,
2026-09-27 03:15:00,recovery,2,skip,gold_quote_missing,,,,,,,,UP,,,,,,,,,,,,,,,,,,,,,,,,,,,,,,,,,
2026-09-27 03:30:00,recovery,2,skip,gold_quote_missing,,,,,,,,DOWN,,,,,,,,,,,,,,,,,,,,,,,,,,,,,,,,,
2026-09-27 03:45:00,recovery,2,skip,gold_quote_missing,,,,,,,,UP,,,,,,,,,,,,,,,,,,,,,,,,,,,,,,,,,
2026-09-27 04:00:00,recovery,2,skip,gold_quote_missing,,,,,,,,DOWN,,,,,,,,,,,,,,,,,,,,,,,,,,,,,,,,,
2026-09-27 04:15:00,recovery,2,skip,gold_quote_missing,,,,,,,,UP,,,,,,,,,,,,,,,,,,,,,,,,,,,,,,,,,
2026-09-27 04:30:00,recovery,2,skip,gold_quote_missing,,,,,,,,DOWN,,,,,,,,,,,,,,,,,,,,,,,,,,,,,,,,,
2026-09-27 04:45:00,recovery,2,skip,gold_quote_missing,,,,,,,,UP,,,,,,,,,,,,,,,,,,,,,,,,,,,,,,,,,
2026-09-27 05:00:00,recovery,2,skip,gold_quote_missing,KXBTC15M-26SEP270500-00,,,,,,,DOWN,,,,,,,,,,,,,,,,,,,,,,,,,,,,,,,,,
2026-09-27 05:15:00,recovery,2,skip,gold_quote_missing,KXBTC15M-26SEP270515-15,,,,,,,UP,,,,,,,,,,,,,,,,,,,,,,,,,,,,,,,,,
2026-09-27 05:30:00,recovery,2,skip,gold_quote_missing,,,,,,,,DOWN,,,,,,,,,,,,,,,,,,,,,,,,,,,,,,,,,
2026-09-27 05:45:00,recovery,2,skip,gold_quote_missing,,,,,,,,UP,,,,,,,,,,,,,,,,,,,,,,,,,,,,,,,,,
2026-09-27 06:00:00,recovery,2,skip,gold_quote_missing,,,,,,,,DOWN,,,,,,,,,,,,,,,,,,,,,,,,,,,,,,,,,
2026-09-27 06:15:00,recovery,2,skip,gold_quote_missing,,,,,,,,UP,,,,,,,,,,,,,,,,,,,,,,,,,,,,,,,,,
2026-09-27 06:30:00,recovery,2,skip,gold_quote_missing,,,,,,,,DOWN,,,,,,,,,,,,,,,,,,,,,,,,,,,,,,,,,
2026-09-27 06:45:00,recovery,2,skip,gold_quote_missing,,,,,,,,UP,,,,,,,,,,,,,,,,,,,,,,,,,,,,,,,,,
2026-09-27 07:00:00,recovery,2,skip,gold_quote_missing,,,,,,,,DOWN,,,,,,,,,,,,,,,,,,,,,,,,,,,,,,,,,
2026-09-27 07:15:00,recovery,2,skip,gold_quote_missing,,,,,,,,UP,,,,,,,,,,,,,,,,,,,,,,,,,,,,,,,,,
2026-09-27 07:30:00,recovery,2,skip,gold_quote_missing,,,,,,,,DOWN,,,,,,,,,,,,,,,,,,,,,,,,,,,,,,,,,
2026-09-27 07:45:00,recovery,2,skip,gold_quote_missing,,,,,,,,UP,,,,,,,,,,,,,,,,,,,,,,,,,,,,,,,,,
2026-09-27 08:00:00,recovery,2,skip,gold_quote_missing,,,,,,,,DOWN,,,,,,,,,,,,,,,,,,,,,,,,,,,,,,,,,
2026-09-27 08:15:00,recovery,2,skip,gold_quote_missing,KXBTC15M-26SEP270815-15,,,,,,,UP,,,,,,,,,,,,,,,,,,,,,,,,,,,,,,,,,
2026-09-27 08:30:00,recovery,2,skip,gold_quote_missing,,,,,,,,DOWN,,,,,,,,,,,,,,,,,,,,,,,,,,,,,,,,,
2026-09-27 08:45:00,recovery,2,skip,gold_quote_missing,KXBTC15M-26SEP270845-45,,,,,,,UP,,,,,,,,,,,,,,,,,,,,,,,,,,,,,,,,,
2026-09-27 09:00:00,recovery,2,skip,gold_quote_missing,KXBTC15M-26SEP270900-00,,,,,,,DOWN,,,,,,,,,,,,,,,,,,,,,,,,,,,,,,,,,
2026-09-27 09:15:00,recovery,2,skip,gold_quote_missing,,,,,,,,UP,,,,,,,,,,,,,,,,,,,,,,,,,,,,,,,,,
2026-09-27 09:30:00,recovery,2,skip,gold_quote_missing,KXBTC15M-26SEP270930-30,,,,,,,DOWN,,,,,,,,,,,,,,,,,,,,,,,,,,,,,,,,,
2026-09-27 09:45:00,recovery,2,skip,gold_quote_missing,,,,,,,,UP,,,,,,,,,,,,,,,,,,,,,,,,,,,,,,,,,
2026-09-27 10:00:00,recovery,2,skip,gold_quote_missing,,,,,,,,DOWN,,,,,,,,,,,,,,,,,,,,,,,,,,,,,,,,,
2026-09-27 10:15:00,recovery,2,skip,gold_quote_missing,,,,,,,,UP,,,,,,,,,,,,,,,,,,,,,,,,,,,,,,,,,
2026-09-27 10:30:00,recovery,2,skip,gold_quote_missing,KXBTC15M-26SEP271030-30,,,,,,,DOWN,,,,,,,,,,,,,,,,,,,,,,,,,,,,,,,,,
2026-09-27 10:45:00,recovery,2,skip,gold_quote_missing,,,,,,,,UP,,,,,,,,,,,,,,,,,,,,,,,,,,,,,,,,,
2026-09-27 11:00:00,recovery,2,skip,gold_quote_missing,,,,,,,,DOWN,,,,,,,,,,,,,,,,,,,,,,,,,,,,,,,,,
2026-09-27 11:15:00,recovery,2,skip,gold_quote_missing,,,,,,,,UP,,,,,,,,,,,,,,,,,,,,,,,,,,,,,,,,,
2026-09-27 11:30:00,recovery,2,skip,gold_quote_missing,KXBTC15M-26SEP271130-30,,,,,,,DOWN,,,,,,,,,,,,,,,,,,,,,,,,,,,,,,,,,
2026-09-27 11:45:00,recovery,2,skip,gold_quote_missing,KXBTC15M-26SEP271145-45,,,,,,,UP,,,,,,,,,,,,,,,,,,,,,,,,,,,,,,,,,
2026-09-27 12:00:00,recovery,2,skip,gold_quote_missing,,,,,,,,DOWN,,,,,,,,,,,,,,,,,,,,,,,,,,,,,,,,,
2026-09-27 12:15:00,recovery,2,skip,gold_quote_missing,,,,,,,,UP,,,,,,,,,,,,,,,,,,,,,,,,,,,,,,,,,
2026-09-27 12:30:00,recovery,2,skip,gold_quote_missing,,,,,,,,DOWN,,,,,,,,,,,,,,,,,,,,,,,,,,,,,,,,,
2026-09-27 12:45:00,recovery,2,skip,gold_quote_missing,KXBTC15M-26SEP271245-45,,,,,,,UP,,,,,,,,,,,,,,,,,,,,,,,,,,,,,,,,,
2026-09-27 13:00:00,recovery,2,skip,gold_quote_missing,KXBTC15M-26SEP271300-00,,,,,,,DOWN,,,,,,,,,,,,,,,,,,,,,,,,,,,,,,,,,
2026-09-27 13:15:00,recovery,2,skip,gold_quote_missing,,,,,,,,UP,,,,,,,,,,,,,,,,,,,,,,,,,,,,,,,,,
2026-09-27 13:30:00,recovery,2,skip,gold_quote_missing,KXBTC15M-26SEP271330-30,,,,,,,DOWN,,,,,,,,,,,,,,,,,,,,,,,,,,,,,,,,,
2026-09-27 13:45:00,recovery,2,skip,gold_quote_missing,,,,,,,,UP,,,,,,,,,,,,,,,,,,,,,,,,,,,,,,,,,
2026-09-27 14:00:00,recovery,2,skip,gold_quote_missing,KXBTC15M-26SEP271400-00,,,,,,,DOWN,,,,,,,,,,,,,,,,,,,,,,,,,,,,,,,,,
2026-09-27 14:15:00,recovery,2,skip,gold_quote_missing,,,,,,,,UP,,,,,,,,,,,,,,,,,,,,,,,,,,,,,,,,,
2026-09-27 14:30:00,recovery,2,skip,gold_quote_missing,,,,,,,,DOWN,,,,,,,,,,,,,,,,,,,,,,,,,,,,,,,,,
2026-09-27 14:45:00,recovery,2,skip,gold_quote_missing,,,,,,,,UP,,,,,,,,,,,,,,,,,,,,,,,,,,,,,,,,,
2026-09-27 15:00:00,recovery,2,skip,gold_quote_missing,,,,,,,,DOWN,,,,,,,,,,,,,,,,,,,,,,,,,,,,,,,,,
2026-09-27 15:15:00,recovery,2,skip,gold_quote_missing,,,,,,,,UP,,,,,,,,,,,,,,,,,,,,,,,,,,,,,,,,,
2026-09-27 15:30:00,recovery,2,skip,gold_quote_missing,,,,,,,,DOWN,,,,,,,,,,,,,,,,,,,,,,,,,,,,,,,,,
2026-09-27 15:45:00,recovery,2,skip,gold_quote_missing,,,,,,,,UP,,,,,,,,,,,,,,,,,,,,,,,,,,,,,,,,,
2026-09-27 16:00:00,recovery,2,skip,gold_quote_missing,,,,,,,,DOWN,,,,,,,,,,,,,,,,,,,,,,,,,,,,,,,,,
2026-09-27 16:15:00,recovery,2,skip,gold_quote_missing,KXBTC15M-26SEP271615-15,,,,,,,UP,,,,,,,,,,,,,,,,,,,,,,,,,,,,,,,,,
2026-09-27 16:30:00,recovery,2,skip,gold_quote_missing,KXBTC15M-26SEP271630-30,,,,,,,DOWN,,,,,,,,,,,,,,,,,,,,,,,,,,,,,,,,,
2026-09-27 16:45:00,recovery,2,skip,gold_quote_missing,,,,,,,,UP,,,,,,,,,,,,,,,,,,,,,,,,,,,,,,,,,
2026-09-27 17:00:00,recovery,2,skip,gold_quote_missing,KXBTC15M-26SEP271700-00,,,,,,,DOWN,,,,,,,,,,,,,,,,,,,,,,,,,,,,,,,,,
2026-09-27 17:15:00,recovery,2,skip,gold_quote_missing,,,,,,,,UP,,,,,,,,,,,,,,,,,,,,,,,,,,,,,,,,,
2026-09-27 17:30:00,recovery,2,skip,gold_quote_missing,,,,,,,,DOWN,,,,,,,,,,,,,,,,,,,,,,,,,,,,,,,,,
2026-09-27 17:45:00,recovery,2,skip,gold_quote_missing,,,,,,,,UP,,,,,,,,,,,,,,,,,,,,,,,,,,,,,,,,,
2026-09-27 18:00:00,recovery,2,skip,gold_quote_missing,,,,,,,,DOWN,,,,,,,,,,,,,,,,,,,,,,,,,,,,,,,,,
2026-09-27 18:15:00,recovery,2,skip,combined_ask_above_ceiling,,,,,,,,UP,,,,,,,,,,,,,,,,,,,,,0.897,,,,,,,,,,,,
2026-09-27 18:30:00,recovery,2,skip,combined_ask_above_ceiling,,,,,,,,DOWN,,,,,,,,,,,,,,,,,,,,,0.78,,,,,,,,,,,,
2026-09-27 18:45:00,recovery,2,skip,combined_ask_above_ceiling,,,,,,,,UP,,,,,,,,,,,,,,,,,,,,,0.985,,,,,,,,,,,,
2026-09-27 19:00:00,recovery,2,skip,combined_ask_above_ceiling,,,,,,,,DOWN,,,,,,,,,,,,,,,,,,,,,0.65,,,,,,,,,,,,
2026-09-27 19:15:00,recovery,2,skip,combined_ask_above_ceiling,,,,,,,,UP,,,,,,,,,,,,,,,,,,,,,0.627,,,,,,,,,,,,
2026-09-27 19:30:00,recovery,2,skip,combined_ask_above_ceiling,,,,,,,,DOWN,,,,,,,,,,,,,,,,,,,,,0.76,,,,,,,,,,,,
2026-09-27 19:45:00,recovery,2,skip,combined_ask_above_ceiling,,,,,,,,UP,,,,,,,,,,,,,,,,,,,,,1.14,,,,,,,,,,,,
2026-09-27 20:00:00,recovery,2,skip,combined_ask_above_ceiling,KXBTC15M-26SEP272000-00,,,,,,,DOWN,,,,,,,,,,,,,,,,,,,,,0.881,,,,,,,,,,,,
2026-09-27 20:15:00,recovery,2,skip,combined_ask_above_ceiling,,,,,,,,UP,,,,,,,,,,,,,,,,,,,,,1.6,,,,,,,,,,,,
2026-09-27 20:30:00,recovery,2,paired_entry,,KXBTC15M-26SEP272030-30,,,,,,KXBTC15M-26SEP272030-30,DOWN,0.015,no_ask,2026-09-27 20:21:52,,60,0.9,,,,KXGOLD15M-26SEP272030-30,UP,0.4,yes_ask,2026-09-27 20:21:58,,60,24.0,no,0.0,-24.0,0.415,60,,0,quote_based_unverified,24.9,0.1,,,unresolved,1.0701,,
2026-09-27 20:45:00,recovery,2,skip,combined_ask_above_ceiling,,,,,,,,UP,,,,,,,,,,,,,,,,,,,,,0.944,,,,,,,,,,,,
2026-09-27 21:00:00,recovery,2,paired_entry,,,,,,,,KXBTC15M-26SEP272100-00,DOWN,0.019,no_ask,2026-09-27 20:51:58,,89,1.691,no,89.0,87.309,KXGOLD15M-26SEP272100-00,UP,0.26,yes_ask,2026-09-27 20:51:50,,89,23.14,no,0.0,-23.14,0.279,89,,0,quote_based_unverified,24.831,0.169,89.0,64.169,btc_only_win,1.3149,-0.8685,63.3005
2026-09-27 21:45:00,normal,,btc_trade,,,KXBTC15M-26SEP272145-45,yes,2.0,0.0022,0.223,,,,,,,,,,,,,,,,,,,,,,,,,,,,,,,,,,,
2026-09-27 22:45:00,normal,,btc_trade,,,KXBTC15M-26SEP272245-45,yes,2.0,0.0172,0.2649,,,,,,,,,,,,,,,,,,,,,,,,,,,,,,,,,,,
2026-09-27 23:15:00,normal,,btc_trade,,,KXBTC15M-26SEP272315-15,yes,2.0,1.6416,0.3584,,,,,,,,,,,,,,,,,,,,,,,,,,,,,,,,,,,
2026-09-28 02:30:00,normal,,btc_trade,,,KXBTC15M-26SEP280230-30,yes,4.0,0.0172,0.4332,,,,,,,,,,,,,,,,,,,,,,,,,,,,,,,,,,,
2026-09-28 03:00:00,normal,,btc_trade,,,KXBTC15M-26SEP280300-00,yes,4.0,0.0428,0.4834,,,,,,,,,,,,,,,,,,,,,,,,,,,,,,,,,,,
2026-09-28 03:15:00,normal,,btc_trade,,,KXBTC15M-26SEP280315-15,yes,4.0,3.2448,-3.2448,,,,,,,,,,,,,,,,,,,,,,,,,,,,,,,,,,,
2026-09-28 03:30:00,recovery,3,paired_entry,,,,,,,,KXBTC15M-26SEP280330-30,DOWN,0.28,no_ask,2026-09-28 03:21:48,,52,14.56,no,52.0,37.44,KXGOLD15M-26SEP280330-30,UP,0.2,yes_ask,2026-09-28 03:21:52,,52,10.4,no,0.0,-10.4,0.48,52,,0,quote_based_unverified,24.96,0.04,52.0,27.04,btc_only_win,1.3163,-3.2448,23.7952
2026-09-28 04:30:00,normal,,btc_trade,,,KXBTC15M-26SEP280430-30,yes,4.0,0.0129,0.5894,,,,,,,,,,,,,,,,,,,,,,,,,,,,,,,,,,,
2026-09-28 04:45:00,normal,,btc_trade,,,KXBTC15M-26SEP280445-45,yes,4.0,3.2831,0.6271,,,,,,,,,,,,,,,,,,,,,,,,,,,,,,,,,,,
2026-09-28 05:15:00,normal,,btc_trade,,,KXBTC15M-26SEP280515-15,yes,4.0,0.0385,0.2533,,,,,,,,,,,,,,,,,,,,,,,,,,,,,,,,,,,
2026-09-28 05:45:00,normal,,btc_trade,,,KXBTC15M-26SEP280545-45,yes,4.0,0.0385,0.2985,,,,,,,,,,,,,,,,,,,,,,,,,,,,,,,,,,,
2026-09-28 06:00:00,normal,,btc_trade,,,KXBTC15M-26SEP280600-00,yes,4.0,3.5117,0.4883,,,,,,,,,,,,,,,,,,,,,,,,,,,,,,,,,,,
2026-09-28 06:15:00,normal,,btc_trade,,,KXBTC15M-26SEP280615-15,yes,4.0,3.7383,0.2445,,,,,,,,,,,,,,,,,,,,,,,,,,,,,,,,,,,
2026-09-28 06:45:00,normal,,btc_trade,,,KXBTC15M-26SEP280645-45,yes,4.0,3.6252,0.3448,,,,,,,,,,,,,,,,,,,,,,,,,,,,,,,,,,,
2026-09-28 09:00:00,normal,,btc_trade,,,KXBTC15M-26SEP280900-00,yes,4.0,3.4357,0.5386,,,,,,,,,,,,,,,,,,,,,,,,,,,,,,,,,,,
2026-09-28 14:00:00,normal,,btc_trade,,,KXBTC15M-26SEP281400-00,yes,4.0,0.0043,0.4461,,,,,,,,,,,,,,,,,,,,,,,,,,,,,,,,,,,
2026-09-28 14:45:00,normal,,btc_trade,,,KXBTC15M-26SEP281445-45,yes,4.0,0.0129,0.8832,,,,,,,,,,,,,,,,,,,,,,,,,,,,,,,,,,,
2026-09-28 15:00:00,normal,,btc_trade,,,KXBTC15M-26SEP281500-00,yes,1.0,0.6562,0.3438,,,,,,,,,,,,,,,,,,,,,,,,,,,,,,,,,,,
2026-09-28 15:15:00,normal,,btc_trade,,,KXBTC15M-26SEP281515-15,yes,4.0,0.03,0.3582,,,,,,,,,,,,,,,,,,,,,,,,,,,,,,,,,,,
2026-09-28 16:00:00,normal,,btc_trade,,,KXBTC15M-26SEP281600-00,yes,1.0,0.7438,0.2562,,,,,,,,,,,,,,,,,,,,,,,,,,,,,,,,,,,
2026-09-28 16:15:00,normal,,btc_trade,,,KXBTC15M-26SEP281615-15,yes,1.0,0.7728,0.2272,,,,,,,,,,,,,,,,,,,,,,,,,,,,,,,,,,,
2026-09-28 17:15:00,normal,,btc_trade,,,KXBTC15M-26SEP281715-15,yes,1.0,0.8112,0.1888,,,,,,,,,,,,,,,,,,,,,,,,,,,,,,,,,,,
2026-09-28 18:30:00,normal,,btc_trade,,,KXBTC15M-26SEP281830-30,yes,1.0,0.7342,0.2658,,,,,,,,,,,,,,,,,,,,,,,,,,,,,,,,,,,
2026-09-28 18:45:00,normal,,btc_trade,,,KXBTC15M-26SEP281845-45,yes,1.0,0.8969,0.0966,,,,,,,,,,,,,,,,,,,,,,,,,,,,,,,,,,,
2026-09-28 19:00:00,normal,,btc_trade,,,KXBTC15M-26SEP281900-00,yes,1.0,0.7245,0.2648,,,,,,,,,,,,,,,,,,,,,,,,,,,,,,,,,,,
2026-09-28 19:15:00,normal,,btc_trade,,,KXBTC15M-26SEP281915-15,yes,1.0,0.8208,-0.8208,,,,,,,,,,,,,,,,,,,,,,,,,,,,,,,,,,,
2026-09-28 19:30:00,recovery,4,skip,combined_ask_above_ceiling,,,,,,,,DOWN,,,,,,,,,,,,,,,,,,,,,0.66,,,,,,,,,,,,
2026-09-28 19:45:00,recovery,4,skip,combined_ask_above_ceiling,KXBTC15M-26SEP281945-45,,,,,,,UP,,,,,,,,,,,,,,,,,,,,,1.45,,,,,,,,,,,,
2026-09-28 20:00:00,recovery,4,skip,combined_ask_above_ceiling,KXBTC15M-26SEP282000-00,,,,,,,DOWN,,,,,,,,,,,,,,,,,,,,,1.08,,,,,,,,,,,,
2026-09-28 20:15:00,recovery,4,skip,combined_ask_above_ceiling,,,,,,,,UP,,,,,,,,,,,,,,,,,,,,,1.15,,,,,,,,,,,,
2026-09-28 20:30:00,recovery,4,skip,combined_ask_above_ceiling,,,,,,,,DOWN,,,,,,,,,,,,,,,,,,,,,1.02,,,,,,,,,,,,
2026-09-28 20:45:00,recovery,4,skip,combined_ask_above_ceiling,KXBTC15M-26SEP282045-45,,,,,,,UP,,,,,,,,,,,,,,,,,,,,,1.02,,,,,,,,,,,,
2026-09-28 21:00:00,recovery,4,skip,combined_ask_above_ceiling,KXBTC15M-26SEP282100-00,,,,,,,DOWN,,,,,,,,,,,,,,,,,,,,,1.322,,,,,,,,,,,,
2026-09-28 21:15:00,recovery,4,skip,combined_ask_above_ceiling,,,,,,,,UP,,,,,,,,,,,,,,,,,,,,,0.73,,,,,,,,,,,,
2026-09-28 21:30:00,recovery,4,skip,combined_ask_above_ceiling,KXBTC15M-26SEP282130-30,,,,,,,DOWN,,,,,,,,,,,,,,,,,,,,,1.44,,,,,,,,,,,,
2026-09-28 21:45:00,recovery,4,skip,combined_ask_above_ceiling,KXBTC15M-26SEP282145-45,,,,,,,UP,,,,,,,,,,,,,,,,,,,,,1.26,,,,,,,,,,,,
2026-09-28 22:00:00,recovery,4,skip,combined_ask_above_ceiling,KXBTC15M-26SEP282200-00,,,,,,,DOWN,,,,,,,,,,,,,,,,,,,,,0.98,,,,,,,,,,,,
2026-09-28 22:15:00,recovery,4,skip,combined_ask_above_ceiling,KXBTC15M-26SEP282215-15,,,,,,,UP,,,,,,,,,,,,,,,,,,,,,1.11,,,,,,,,,,,,
2026-09-28 22:30:00,recovery,4,skip,combined_ask_above_ceiling,KXBTC15M-26SEP282230-30,,,,,,,DOWN,,,,,,,,,,,,,,,,,,,,,0.94,,,,,,,,,,,,
2026-09-28 22:45:00,recovery,4,skip,combined_ask_above_ceiling,,,,,,,,UP,,,,,,,,,,,,,,,,,,,,,1.0,,,,,,,,,,,,
2026-09-28 23:00:00,recovery,4,skip,combined_ask_above_ceiling,KXBTC15M-26SEP282300-00,,,,,,,DOWN,,,,,,,,,,,,,,,,,,,,,1.1,,,,,,,,,,,,
2026-09-28 23:15:00,recovery,4,skip,combined_ask_above_ceiling,KXBTC15M-26SEP282315-15,,,,,,,UP,,,,,,,,,,,,,,,,,,,,,1.07,,,,,,,,,,,,
2026-09-28 23:30:00,recovery,4,skip,combined_ask_above_ceiling,KXBTC15M-26SEP282330-30,,,,,,,DOWN,,,,,,,,,,,,,,,,,,,,,0.755,,,,,,,,,,,,
2026-09-28 23:45:00,recovery,4,skip,combined_ask_above_ceiling,KXBTC15M-26SEP282345-45,,,,,,,UP,,,,,,,,,,,,,,,,,,,,,1.19,,,,,,,,,,,,
2026-09-29 00:00:00,recovery,4,skip,combined_ask_above_ceiling,KXBTC15M-26SEP290000-00,,,,,,,DOWN,,,,,,,,,,,,,,,,,,,,,0.99,,,,,,,,,,,,
2026-09-29 00:15:00,recovery,4,skip,combined_ask_above_ceiling,,,,,,,,UP,,,,,,,,,,,,,,,,,,,,,1.36,,,,,,,,,,,,
2026-09-29 00:30:00,recovery,4,skip,combined_ask_above_ceiling,KXBTC15M-26SEP290030-30,,,,,,,DOWN,,,,,,,,,,,,,,,,,,,,,0.52,,,,,,,,,,,,
2026-09-29 00:45:00,recovery,4,skip,combined_ask_above_ceiling,KXBTC15M-26SEP290045-45,,,,,,,UP,,,,,,,,,,,,,,,,,,,,,0.974,,,,,,,,,,,,
2026-09-29 01:00:00,recovery,4,skip,combined_ask_above_ceiling,,,,,,,,DOWN,,,,,,,,,,,,,,,,,,,,,1.21,,,,,,,,,,,,
2026-09-29 01:15:00,recovery,4,skip,combined_ask_above_ceiling,KXBTC15M-26SEP290115-15,,,,,,,UP,,,,,,,,,,,,,,,,,,,,,1.03,,,,,,,,,,,,
2026-09-29 01:30:00,recovery,4,skip,combined_ask_above_ceiling,KXBTC15M-26SEP290130-30,,,,,,,DOWN,,,,,,,,,,,,,,,,,,,,,1.0,,,,,,,,,,,,
2026-09-29 01:45:00,recovery,4,skip,combined_ask_above_ceiling,,,,,,,,UP,,,,,,,,,,,,,,,,,,,,,0.951,,,,,,,,,,,,
2026-09-29 02:00:00,recovery,4,skip,combined_ask_above_ceiling,KXBTC15M-26SEP290200-00,,,,,,,DOWN,,,,,,,,,,,,,,,,,,,,,0.76,,,,,,,,,,,,
2026-09-29 02:15:00,recovery,4,skip,combined_ask_above_ceiling,,,,,,,,UP,,,,,,,,,,,,,,,,,,,,,1.123,,,,,,,,,,,,
2026-09-29 02:30:00,recovery,4,skip,combined_ask_above_ceiling,,,,,,,,DOWN,,,,,,,,,,,,,,,,,,,,,0.67,,,,,,,,,,,,
2026-09-29 02:45:00,recovery,4,skip,combined_ask_above_ceiling,KXBTC15M-26SEP290245-45,,,,,,,UP,,,,,,,,,,,,,,,,,,,,,1.07,,,,,,,,,,,,
2026-09-29 03:00:00,recovery,4,paired_entry,,KXBTC15M-26SEP290300-00,,,,,,KXBTC15M-26SEP290300-00,DOWN,0.15,no_ask,2026-09-29 02:51:53,,83,12.45,,,,KXGOLD15M-26SEP290300-00,UP,0.15,yes_ask,2026-09-29 02:51:55,,83,12.45,yes,83.0,70.55,0.3,83,,0,quote_based_unverified,24.9,0.1,,,unresolved,1.4816,,
2026-09-29 03:15:00,recovery,4,skip,combined_ask_above_ceiling,,,,,,,,UP,,,,,,,,,,,,,,,,,,,,,0.61,,,,,,,,,,,,
2026-09-29 03:30:00,recovery,4,skip,combined_ask_above_ceiling,KXBTC15M-26SEP290330-30,,,,,,,DOWN,,,,,,,,,,,,,,,,,,,,,1.3,,,,,,,,,,,,
2026-09-29 03:45:00,recovery,4,skip,combined_ask_above_ceiling,KXBTC15M-26SEP290345-45,,,,,,,UP,,,,,,,,,,,,,,,,,,,,,1.52,,,,,,,,,,,,
2026-09-29 04:00:00,recovery,4,skip,combined_ask_above_ceiling,KXBTC15M-26SEP290400-00,,,,,,,DOWN,,,,,,,,,,,,,,,,,,,,,0.77,,,,,,,,,,,,
2026-09-29 04:15:00,recovery,4,skip,combined_ask_above_ceiling,KXBTC15M-26SEP290415-15,,,,,,,UP,,,,,,,,,,,,,,,,,,,,,1.49,,,,,,,,,,,,
2026-09-29 04:30:00,recovery,4,skip,combined_ask_above_ceiling,KXBTC15M-26SEP290430-30,,,,,,,DOWN,,,,,,,,,,,,,,,,,,,,,0.991,,,,,,,,,,,,
2026-09-29 04:45:00,recovery,4,skip,combined_ask_above_ceiling,KXBTC15M-26SEP290445-45,,,,,,,UP,,,,,,,,,,,,,,,,,,,,,0.925,,,,,,,,,,,,
2026-09-29 05:00:00,recovery,4,skip,combined_ask_above_ceiling,,,,,,,,DOWN,,,,,,,,,,,,,,,,,,,,,1.4,,,,,,,,,,,,
2026-09-29 05:15:00,recovery,4,paired_entry,,KXBTC15M-26SEP290515-15,,,,,,KXBTC15M-26SEP290515-15,UP,0.17,yes_ask,2026-09-29 05:06:54,,89,15.13,,,,KXGOLD15M-26SEP290515-15,DOWN,0.11,no_ask,2026-09-29 05:06:54,,89,9.79,yes,0.0,-9.79,0.28,89,,0,quote_based_unverified,24.92,0.08,,,unresolved,1.4891,,
2026-09-29 05:30:00,recovery,4,skip,combined_ask_above_ceiling,KXBTC15M-26SEP290530-30,,,,,,,DOWN,,,,,,,,,,,,,,,,,,,,,1.13,,,,,,,,,,,,
2026-09-29 05:45:00,recovery,4,skip,combined_ask_above_ceiling,KXBTC15M-26SEP290545-45,,,,,,,UP,,,,,,,,,,,,,,,,,,,,,1.21,,,,,,,,,,,,
2026-09-29 06:00:00,recovery,4,skip,combined_ask_above_ceiling,KXBTC15M-26SEP290600-00,,,,,,,DOWN,,,,,,,,,,,,,,,,,,,,,0.518,,,,,,,,,,,,
2026-09-29 06:15:00,recovery,4,paired_entry,,,,,,,,KXBTC15M-26SEP290615-15,UP,0.23,yes_ask,2026-09-29 06:06:56,,62,14.26,,,,KXGOLD15M-26SEP290615-15,DOWN,0.17,no_ask,2026-09-29 06:06:57,,62,10.54,yes,0.0,-10.54,0.4,62,,0,quote_based_unverified,24.8,0.2,,,unresolved,1.3811,,
2026-09-29 06:30:00,recovery,4,skip,combined_ask_above_ceiling,KXBTC15M-26SEP290630-30,,,,,,,DOWN,,,,,,,,,,,,,,,,,,,,,1.37,,,,,,,,,,,,
2026-09-29 06:45:00,recovery,4,skip,combined_ask_above_ceiling,KXBTC15M-26SEP290645-45,,,,,,,UP,,,,,,,,,,,,,,,,,,,,,0.8,,,,,,,,,,,,
2026-09-29 07:00:00,recovery,4,skip,combined_ask_above_ceiling,KXBTC15M-26SEP290700-00,,,,,,,DOWN,,,,,,,,,,,,,,,,,,,,,0.86,,,,,,,,,,,,
2026-09-29 07:15:00,recovery,4,skip,combined_ask_above_ceiling,,,,,,,,UP,,,,,,,,,,,,,,,,,,,,,0.77,,,,,,,,,,,,
2026-09-29 07:30:00,recovery,4,skip,combined_ask_above_ceiling,,,,,,,,DOWN,,,,,,,,,,,,,,,,,,,,,1.07,,,,,,,,,,,,
2026-09-29 07:45:00,recovery,4,skip,combined_ask_above_ceiling,KXBTC15M-26SEP290745-45,,,,,,,UP,,,,,,,,,,,,,,,,,,,,,1.624,,,,,,,,,,,,
2026-09-29 08:00:00,recovery,4,skip,combined_ask_above_ceiling,KXBTC15M-26SEP290800-00,,,,,,,DOWN,,,,,,,,,,,,,,,,,,,,,0.89,,,,,,,,,,,,
2026-09-29 08:15:00,recovery,4,skip,combined_ask_above_ceiling,KXBTC15M-26SEP290815-15,,,,,,,UP,,,,,,,,,,,,,,,,,,,,,0.73,,,,,,,,,,,,
2026-09-29 08:30:00,recovery,4,skip,combined_ask_above_ceiling,KXBTC15M-26SEP290830-30,,,,,,,DOWN,,,,,,,,,,,,,,,,,,,,,1.36,,,,,,,,,,,,
2026-09-29 08:45:00,recovery,4,skip,combined_ask_above_ceiling,KXBTC15M-26SEP290845-45,,,,,,,UP,,,,,,,,,,,,,,,,,,,,,1.29,,,,,,,,,,,,
2026-09-29 09:00:00,recovery,4,skip,combined_ask_above_ceiling,,,,,,,,DOWN,,,,,,,,,,,,,,,,,,,,,1.17,,,,,,,,,,,,
2026-09-29 09:15:00,recovery,4,skip,combined_ask_above_ceiling,,,,,,,,UP,,,,,,,,,,,,,,,,,,,,,0.63,,,,,,,,,,,,
2026-09-29 09:30:00,recovery,4,skip,combined_ask_above_ceiling,KXBTC15M-26SEP290930-30,,,,,,,DOWN,,,,,,,,,,,,,,,,,,,,,0.66,,,,,,,,,,,,
2026-09-29 09:45:00,recovery,4,paired_entry,,KXBTC15M-26SEP290945-45,,,,,,KXBTC15M-26SEP290945-45,UP,0.075,yes_ask,2026-09-29 09:36:54,,70,5.25,,,,KXGOLD15M-26SEP290945-45,DOWN,0.28,no_ask,2026-09-29 09:36:53,,70,19.6,no,70.0,50.4,0.355,70,,0,quote_based_unverified,24.85,0.15,,,unresolved,1.3279,,
2026-09-29 10:00:00,recovery,4,skip,combined_ask_above_ceiling,,,,,,,,DOWN,,,,,,,,,,,,,,,,,,,,,1.326,,,,,,,,,,,,
2026-09-29 10:15:00,recovery,4,paired_entry,,KXBTC15M-26SEP291015-15,,,,,,KXBTC15M-26SEP291015-15,UP,0.034,yes_ask,2026-09-29 10:06:59,,342,11.628,,,,KXGOLD15M-26SEP291015-15,DOWN,0.039,no_ask,2026-09-29 10:06:58,,342,13.338,yes,0.0,-13.338,0.073,342,,0,quote_based_unverified,24.966,0.034,,,unresolved,1.6836,,
2026-09-29 10:30:00,recovery,4,skip,combined_ask_above_ceiling,KXBTC15M-26SEP291030-30,,,,,,,DOWN,,,,,,,,,,,,,,,,,,,,,1.473,,,,,,,,,,,,
2026-09-29 10:45:00,recovery,4,skip,combined_ask_above_ceiling,,,,,,,,UP,,,,,,,,,,,,,,,,,,,,,1.03,,,,,,,,,,,,
2026-09-29 11:00:00,recovery,4,skip,combined_ask_above_ceiling,,,,,,,,DOWN,,,,,,,,,,,,,,,,,,,,,1.18,,,,,,,,,,,,
2026-09-29 11:15:00,recovery,4,skip,combined_ask_above_ceiling,KXBTC15M-26SEP291115-15,,,,,,,UP,,,,,,,,,,,,,,,,,,,,,0.942,,,,,,,,,,,,
2026-09-29 11:30:00,recovery,4,skip,combined_ask_above_ceiling,KXBTC15M-26SEP291130-30,,,,,,,DOWN,,,,,,,,,,,,,,,,,,,,,0.97,,,,,,,,,,,,
2026-09-29 11:45:00,recovery,4,skip,combined_ask_above_ceiling,KXBTC15M-26SEP291145-45,,,,,,,UP,,,,,,,,,,,,,,,,,,,,,0.987,,,,,,,,,,,,
2026-09-29 12:00:00,recovery,4,skip,combined_ask_above_ceiling,KXBTC15M-26SEP291200-00,,,,,,,DOWN,,,,,,,,,,,,,,,,,,,,,1.29,,,,,,,,,,,,
2026-09-29 12:15:00,recovery,4,skip,combined_ask_above_ceiling,KXBTC15M-26SEP291215-15,,,,,,,UP,,,,,,,,,,,,,,,,,,,,,1.535,,,,,,,,,,,,
2026-09-29 12:30:00,recovery,4,skip,combined_ask_above_ceiling,KXBTC15M-26SEP291230-30,,,,,,,DOWN,,,,,,,,,,,,,,,,,,,,,0.714,,,,,,,,,,,,
2026-09-29 12:45:00,recovery,4,skip,combined_ask_above_ceiling,KXBTC15M-26SEP291245-45,,,,,,,UP,,,,,,,,,,,,,,,,,,,,,0.77,,,,,,,,,,,,
2026-09-29 13:00:00,recovery,4,skip,combined_ask_above_ceiling,KXBTC15M-26SEP291300-00,,,,,,,DOWN,,,,,,,,,,,,,,,,,,,,,1.26,,,,,,,,,,,,
2026-09-29 13:15:00,recovery,4,skip,combined_ask_above_ceiling,KXBTC15M-26SEP291315-15,,,,,,,UP,,,,,,,,,,,,,,,,,,,,,1.1,,,,,,,,,,,,
2026-09-29 13:30:00,recovery,4,skip,combined_ask_above_ceiling,,,,,,,,DOWN,,,,,,,,,,,,,,,,,,,,,1.06,,,,,,,,,,,,
2026-09-29 13:45:00,recovery,4,skip,combined_ask_above_ceiling,KXBTC15M-26SEP291345-45,,,,,,,UP,,,,,,,,,,,,,,,,,,,,,1.23,,,,,,,,,,,,
2026-09-29 14:00:00,recovery,4,skip,combined_ask_above_ceiling,KXBTC15M-26SEP291400-00,,,,,,,DOWN,,,,,,,,,,,,,,,,,,,,,1.52,,,,,,,,,,,,
2026-09-29 14:15:00,recovery,4,skip,combined_ask_above_ceiling,KXBTC15M-26SEP291415-15,,,,,,,UP,,,,,,,,,,,,,,,,,,,,,1.007,,,,,,,,,,,,
2026-09-29 14:30:00,recovery,4,skip,combined_ask_above_ceiling,KXBTC15M-26SEP291430-30,,,,,,,DOWN,,,,,,,,,,,,,,,,,,,,,0.84,,,,,,,,,,,,
2026-09-29 14:45:00,recovery,4,skip,combined_ask_above_ceiling,KXBTC15M-26SEP291445-45,,,,,,,UP,,,,,,,,,,,,,,,,,,,,,1.22,,,,,,,,,,,,
2026-09-29 15:00:00,recovery,4,skip,combined_ask_above_ceiling,KXBTC15M-26SEP291500-00,,,,,,,DOWN,,,,,,,,,,,,,,,,,,,,,0.69,,,,,,,,,,,,
2026-09-29 15:15:00,recovery,4,skip,combined_ask_above_ceiling,KXBTC15M-26SEP291515-15,,,,,,,UP,,,,,,,,,,,,,,,,,,,,,1.07,,,,,,,,,,,,
2026-09-29 15:30:00,recovery,4,skip,combined_ask_above_ceiling,KXBTC15M-26SEP291530-30,,,,,,,DOWN,,,,,,,,,,,,,,,,,,,,,1.27,,,,,,,,,,,,
2026-09-29 15:45:00,recovery,4,skip,combined_ask_above_ceiling,KXBTC15M-26SEP291545-45,,,,,,,UP,,,,,,,,,,,,,,,,,,,,,0.99,,,,,,,,,,,,
2026-09-29 16:00:00,recovery,4,paired_entry,,KXBTC15M-26SEP291600-00,,,,,,KXBTC15M-26SEP291600-00,DOWN,0.11,no_ask,2026-09-29 15:51:49,,60,6.6,,,,KXGOLD15M-26SEP291600-00,UP,0.3,yes_ask,2026-09-29 15:51:51,,60,18.0,yes,60.0,42.0,0.41,60,,0,quote_based_unverified,24.6,0.4,,,unresolved,1.2932,,
2026-09-29 16:15:00,recovery,4,skip,combined_ask_above_ceiling,,,,,,,,UP,,,,,,,,,,,,,,,,,,,,,1.29,,,,,,,,,,,,
2026-09-29 16:30:00,recovery,4,skip,combined_ask_above_ceiling,KXBTC15M-26SEP291630-30,,,,,,,DOWN,,,,,,,,,,,,,,,,,,,,,1.03,,,,,,,,,,,,
2026-09-29 16:45:00,recovery,4,paired_entry,,,,,,,,KXBTC15M-26SEP291645-45,UP,0.32,yes_ask,2026-09-29 16:36:51,,56,17.92,,,,KXGOLD15M-26SEP291645-45,DOWN,0.12,no_ask,2026-09-29 16:36:53,,56,6.72,yes,0.0,-6.72,0.44,56,,0,quote_based_unverified,24.64,0.36,,,unresolved,1.267,,
2026-09-29 17:00:00,recovery,4,paired_entry,,KXBTC15M-26SEP291700-00,,,,,,KXBTC15M-26SEP291700-00,DOWN,0.42,no_ask,2026-09-29 16:51:58,,51,21.42,,,,KXGOLD15M-26SEP291700-00,UP,0.07,yes_ask,2026-09-29 16:51:54,,51,3.57,no,0.0,-3.57,0.49,51,,0,quote_based_unverified,24.99,0.01,,,unresolved,1.1022,,
2026-09-29 17:15:00,recovery,4,skip,combined_ask_above_ceiling,KXBTC15M-26SEP291715-15,,,,,,,UP,,,,,,,,,,,,,,,,,,,,,0.55,,,,,,,,,,,,
2026-09-29 17:30:00,recovery,4,skip,combined_ask_above_ceiling,KXBTC15M-26SEP291730-30,,,,,,,DOWN,,,,,,,,,,,,,,,,,,,,,1.491,,,,,,,,,,,,
2026-09-29 17:45:00,recovery,4,skip,combined_ask_above_ceiling,,,,,,,,UP,,,,,,,,,,,,,,,,,,,,,1.27,,,,,,,,,,,,
2026-09-29 18:00:00,recovery,4,skip,combined_ask_above_ceiling,,,,,,,,DOWN,,,,,,,,,,,,,,,,,,,,,1.68,,,,,,,,,,,,
2026-09-29 18:15:00,recovery,4,skip,combined_ask_above_ceiling,,,,,,,,UP,,,,,,,,,,,,,,,,,,,,,1.23,,,,,,,,,,,,
2026-09-29 18:30:00,recovery,4,skip,combined_ask_above_ceiling,,,,,,,,DOWN,,,,,,,,,,,,,,,,,,,,,1.49,,,,,,,,,,,,
2026-09-29 18:45:00,recovery,4,skip,combined_ask_above_ceiling,,,,,,,,UP,,,,,,,,,,,,,,,,,,,,,1.26,,,,,,,,,,,,
2026-09-29 19:00:00,recovery,4,skip,combined_ask_above_ceiling,,,,,,,,DOWN,,,,,,,,,,,,,,,,,,,,,1.08,,,,,,,,,,,,
2026-09-29 19:15:00,recovery,4,skip,combined_ask_above_ceiling,KXBTC15M-26SEP291915-15,,,,,,,UP,,,,,,,,,,,,,,,,,,,,,1.096,,,,,,,,,,,,
2026-09-29 19:30:00,recovery,4,skip,combined_ask_above_ceiling,KXBTC15M-26SEP291930-30,,,,,,,DOWN,,,,,,,,,,,,,,,,,,,,,1.253,,,,,,,,,,,,
2026-09-29 19:45:00,recovery,4,skip,combined_ask_above_ceiling,,,,,,,,UP,,,,,,,,,,,,,,,,,,,,,1.01,,,,,,,,,,,,
2026-09-29 20:00:00,recovery,4,skip,combined_ask_above_ceiling,,,,,,,,DOWN,,,,,,,,,,,,,,,,,,,,,1.212,,,,,,,,,,,,
2026-09-29 20:15:00,recovery,4,skip,combined_ask_above_ceiling,,,,,,,,UP,,,,,,,,,,,,,,,,,,,,,1.24,,,,,,,,,,,,
2026-09-29 20:30:00,recovery,4,skip,combined_ask_above_ceiling,,,,,,,,DOWN,,,,,,,,,,,,,,,,,,,,,1.301,,,,,,,,,,,,
2026-09-29 20:45:00,recovery,4,skip,combined_ask_above_ceiling,KXBTC15M-26SEP292045-45,,,,,,,UP,,,,,,,,,,,,,,,,,,,,,1.2,,,,,,,,,,,,
2026-09-29 21:00:00,recovery,4,skip,combined_ask_above_ceiling,KXBTC15M-26SEP292100-00,,,,,,,DOWN,,,,,,,,,,,,,,,,,,,,,1.34,,,,,,,,,,,,
2026-09-29 21:15:00,recovery,4,skip,combined_ask_above_ceiling,,,,,,,,UP,,,,,,,,,,,,,,,,,,,,,1.04,,,,,,,,,,,,
2026-09-29 21:30:00,recovery,4,skip,combined_ask_above_ceiling,KXBTC15M-26SEP292130-30,,,,,,,DOWN,,,,,,,,,,,,,,,,,,,,,0.88,,,,,,,,,,,,
2026-09-29 21:45:00,recovery,4,paired_entry,,,,,,,,KXBTC15M-26SEP292145-45,UP,0.21,yes_ask,2026-09-29 21:36:59,,59,12.39,,,,KXGOLD15M-26SEP292145-45,DOWN,0.21,no_ask,2026-09-29 21:36:49,,59,12.39,no,59.0,46.61,0.42,59,,0,quote_based_unverified,24.78,0.22,,,unresolved,1.3704,,
2026-09-29 22:00:00,recovery,4,skip,combined_ask_above_ceiling,KXBTC15M-26SEP292200-00,,,,,,,DOWN,,,,,,,,,,,,,,,,,,,,,1.05,,,,,,,,,,,,
2026-09-29 22:15:00,recovery,4,skip,combined_ask_above_ceiling,KXBTC15M-26SEP292215-15,,,,,,,UP,,,,,,,,,,,,,,,,,,,,,1.01,,,,,,,,,,,,
2026-09-29 22:30:00,recovery,4,skip,combined_ask_above_ceiling,KXBTC15M-26SEP292230-30,,,,,,,DOWN,,,,,,,,,,,,,,,,,,,,,1.61,,,,,,,,,,,,
2026-09-29 22:45:00,recovery,4,skip,combined_ask_above_ceiling,KXBTC15M-26SEP292245-45,,,,,,,UP,,,,,,,,,,,,,,,,,,,,,0.71,,,,,,,,,,,,
2026-09-29 23:00:00,recovery,4,skip,combined_ask_above_ceiling,KXBTC15M-26SEP292300-00,,,,,,,DOWN,,,,,,,,,,,,,,,,,,,,,1.167,,,,,,,,,,,,
2026-09-29 23:15:00,recovery,4,skip,combined_ask_above_ceiling,KXBTC15M-26SEP292315-15,,,,,,,UP,,,,,,,,,,,,,,,,,,,,,0.98,,,,,,,,,,,,
2026-09-29 23:30:00,recovery,4,skip,combined_ask_above_ceiling,,,,,,,,DOWN,,,,,,,,,,,,,,,,,,,,,1.46,,,,,,,,,,,,
2026-09-29 23:45:00,recovery,4,skip,combined_ask_above_ceiling,KXBTC15M-26SEP292345-45,,,,,,,UP,,,,,,,,,,,,,,,,,,,,,1.376,,,,,,,,,,,,
2026-09-30 00:00:00,recovery,4,skip,combined_ask_above_ceiling,KXBTC15M-26SEP300000-00,,,,,,,DOWN,,,,,,,,,,,,,,,,,,,,,0.88,,,,,,,,,,,,
2026-09-30 00:15:00,recovery,4,skip,combined_ask_above_ceiling,KXBTC15M-26SEP300015-15,,,,,,,UP,,,,,,,,,,,,,,,,,,,,,1.04,,,,,,,,,,,,
2026-09-30 00:30:00,recovery,4,skip,combined_ask_above_ceiling,KXBTC15M-26SEP300030-30,,,,,,,DOWN,,,,,,,,,,,,,,,,,,,,,1.165,,,,,,,,,,,,
2026-09-30 00:45:00,recovery,4,skip,combined_ask_above_ceiling,KXBTC15M-26SEP300045-45,,,,,,,UP,,,,,,,,,,,,,,,,,,,,,0.87,,,,,,,,,,,,
2026-09-30 01:00:00,recovery,4,skip,combined_ask_above_ceiling,,,,,,,,DOWN,,,,,,,,,,,,,,,,,,,,,0.96,,,,,,,,,,,,
2026-09-30 01:15:00,recovery,4,skip,combined_ask_above_ceiling,KXBTC15M-26SEP300115-15,,,,,,,UP,,,,,,,,,,,,,,,,,,,,,1.271,,,,,,,,,,,,
2026-09-30 01:30:00,recovery,4,skip,combined_ask_above_ceiling,KXBTC15M-26SEP300130-30,,,,,,,DOWN,,,,,,,,,,,,,,,,,,,,,0.56,,,,,,,,,,,,
2026-09-30 01:45:00,recovery,4,skip,combined_ask_above_ceiling,KXBTC15M-26SEP300145-45,,,,,,,UP,,,,,,,,,,,,,,,,,,,,,1.1,,,,,,,,,,,,
2026-09-30 02:00:00,recovery,4,skip,combined_ask_above_ceiling,KXBTC15M-26SEP300200-00,,,,,,,DOWN,,,,,,,,,,,,,,,,,,,,,1.28,,,,,,,,,,,,
2026-09-30 02:15:00,recovery,4,skip,combined_ask_above_ceiling,KXBTC15M-26SEP300215-15,,,,,,,UP,,,,,,,,,,,,,,,,,,,,,0.63,,,,,,,,,,,,
2026-09-30 02:30:00,recovery,4,skip,combined_ask_above_ceiling,KXBTC15M-26SEP300230-30,,,,,,,DOWN,,,,,,,,,,,,,,,,,,,,,0.66,,,,,,,,,,,,
2026-09-30 02:45:00,recovery,4,skip,combined_ask_above_ceiling,,,,,,,,UP,,,,,,,,,,,,,,,,,,,,,0.77,,,,,,,,,,,,
2026-09-30 03:00:00,recovery,4,skip,combined_ask_above_ceiling,,,,,,,,DOWN,,,,,,,,,,,,,,,,,,,,,1.75,,,,,,,,,,,,
2026-09-30 03:15:00,recovery,4,skip,combined_ask_above_ceiling,,,,,,,,UP,,,,,,,,,,,,,,,,,,,,,0.64,,,,,,,,,,,,
2026-09-30 03:30:00,recovery,4,skip,combined_ask_above_ceiling,,,,,,,,DOWN,,,,,,,,,,,,,,,,,,,,,0.835,,,,,,,,,,,,
2026-09-30 03:45:00,recovery,4,skip,combined_ask_above_ceiling,,,,,,,,UP,,,,,,,,,,,,,,,,,,,,,1.1,,,,,,,,,,,,
2026-09-30 04:00:00,recovery,4,skip,combined_ask_above_ceiling,,,,,,,,DOWN,,,,,,,,,,,,,,,,,,,,,1.35,,,,,,,,,,,,
2026-09-30 04:15:00,recovery,4,skip,combined_ask_above_ceiling,,,,,,,,UP,,,,,,,,,,,,,,,,,,,,,0.74,,,,,,,,,,,,
2026-09-30 04:30:00,recovery,4,skip,combined_ask_above_ceiling,,,,,,,,DOWN,,,,,,,,,,,,,,,,,,,,,0.964,,,,,,,,,,,,
2026-09-30 04:45:00,recovery,4,skip,combined_ask_above_ceiling,,,,,,,,UP,,,,,,,,,,,,,,,,,,,,,0.53,,,,,,,,,,,,
2026-09-30 05:00:00,recovery,4,skip,combined_ask_above_ceiling,,,,,,,,DOWN,,,,,,,,,,,,,,,,,,,,,0.97,,,,,,,,,,,,
2026-09-30 05:15:00,recovery,4,skip,combined_ask_above_ceiling,,,,,,,,UP,,,,,,,,,,,,,,,,,,,,,1.433,,,,,,,,,,,,
2026-09-30 05:30:00,recovery,4,paired_entry,,,,,,,,KXBTC15M-26SEP300530-30,DOWN,0.24,no_ask,2026-09-30 05:21:49,,65,15.6,no,65.0,49.4,KXGOLD15M-26SEP300530-30,UP,0.14,yes_ask,2026-09-30 05:21:59,,65,9.1,no,0.0,-9.1,0.38,65,,0,quote_based_unverified,24.7,0.3,65.0,40.3,btc_only_win,1.3779,-0.8208,39.4792
2026-09-30 13:00:00,normal,,btc_trade,,,KXBTC15M-26SEP301300-00,yes,4.0,2.8588,-2.8588,,,,,,,,,,,,,,,,,,,,,,,,,,,,,,,,,,,
2026-09-30 13:15:00,recovery,5,skip,combined_ask_above_ceiling,,,,,,,,UP,,,,,,,,,,,,,,,,,,,,,1.19,,,,,,,,,,,,
2026-09-30 13:30:00,recovery,5,skip,combined_ask_above_ceiling,KXBTC15M-26SEP301330-30,,,,,,,DOWN,,,,,,,,,,,,,,,,,,,,,1.121,,,,,,,,,,,,
2026-09-30 13:45:00,recovery,5,skip,combined_ask_above_ceiling,KXBTC15M-26SEP301345-45,,,,,,,UP,,,,,,,,,,,,,,,,,,,,,0.96,,,,,,,,,,,,
2026-09-30 14:00:00,recovery,5,skip,combined_ask_above_ceiling,KXBTC15M-26SEP301400-00,,,,,,,DOWN,,,,,,,,,,,,,,,,,,,,,0.64,,,,,,,,,,,,
2026-09-30 14:15:00,recovery,5,skip,combined_ask_above_ceiling,,,,,,,,UP,,,,,,,,,,,,,,,,,,,,,1.07,,,,,,,,,,,,
2026-09-30 14:30:00,recovery,5,skip,combined_ask_above_ceiling,KXBTC15M-26SEP301430-30,,,,,,,DOWN,,,,,,,,,,,,,,,,,,,,,1.39,,,,,,,,,,,,
2026-09-30 14:45:00,recovery,5,skip,combined_ask_above_ceiling,,,,,,,,UP,,,,,,,,,,,,,,,,,,,,,0.87,,,,,,,,,,,,
2026-09-30 15:00:00,recovery,5,skip,combined_ask_above_ceiling,,,,,,,,DOWN,,,,,,,,,,,,,,,,,,,,,0.53,,,,,,,,,,,,
2026-09-30 15:15:00,recovery,5,paired_entry,,KXBTC15M-26SEP301515-15,,,,,,KXBTC15M-26SEP301515-15,UP,0.15,yes_ask,2026-09-30 15:06:59,,51,7.65,,,,KXGOLD15M-26SEP301515-15,DOWN,0.34,no_ask,2026-09-30 15:06:58,,51,17.34,no,51.0,33.66,0.49,51,,0,quote_based_unverified,24.99,0.01,,,unresolved,1.2564,,
2026-09-30 15:30:00,recovery,5,skip,combined_ask_above_ceiling,,,,,,,,DOWN,,,,,,,,,,,,,,,,,,,,,1.32,,,,,,,,,,,,
2026-09-30 15:45:00,recovery,5,skip,combined_ask_above_ceiling,KXBTC15M-26SEP301545-45,,,,,,,UP,,,,,,,,,,,,,,,,,,,,,1.2,,,,,,,,,,,,
2026-09-30 16:00:00,recovery,5,skip,combined_ask_above_ceiling,KXBTC15M-26SEP301600-00,,,,,,,DOWN,,,,,,,,,,,,,,,,,,,,,1.33,,,,,,,,,,,,
2026-09-30 16:15:00,recovery,5,skip,combined_ask_above_ceiling,,,,,,,,UP,,,,,,,,,,,,,,,,,,,,,1.06,,,,,,,,,,,,
2026-09-30 16:30:00,recovery,5,skip,combined_ask_above_ceiling,KXBTC15M-26SEP301630-30,,,,,,,DOWN,,,,,,,,,,,,,,,,,,,,,0.65,,,,,,,,,,,,
2026-09-30 16:45:00,recovery,5,paired_entry,,KXBTC15M-26SEP301645-45,,,,,,KXBTC15M-26SEP301645-45,UP,0.14,yes_ask,2026-09-30 16:36:53,,67,9.38,,,,KXGOLD15M-26SEP301645-45,DOWN,0.23,no_ask,2026-09-30 16:36:51,,67,15.41,no,67.0,51.59,0.37,67,,0,quote_based_unverified,24.79,0.21,,,unresolved,1.3953,,
2026-09-30 17:00:00,recovery,5,skip,combined_ask_above_ceiling,KXBTC15M-26SEP301700-00,,,,,,,DOWN,,,,,,,,,,,,,,,,,,,,,0.83,,,,,,,,,,,,
2026-09-30 17:15:00,recovery,5,skip,combined_ask_above_ceiling,KXBTC15M-26SEP301715-15,,,,,,,UP,,,,,,,,,,,,,,,,,,,,,1.25,,,,,,,,,,,,
2026-09-30 17:30:00,recovery,5,skip,combined_ask_above_ceiling,KXBTC15M-26SEP301730-30,,,,,,,DOWN,,,,,,,,,,,,,,,,,,,,,1.15,,,,,,,,,,,,
2026-09-30 17:45:00,recovery,5,skip,combined_ask_above_ceiling,KXBTC15M-26SEP301745-45,,,,,,,UP,,,,,,,,,,,,,,,,,,,,,1.09,,,,,,,,,,,,
2026-09-30 18:00:00,recovery,5,skip,combined_ask_above_ceiling,,,,,,,,DOWN,,,,,,,,,,,,,,,,,,,,,0.78,,,,,,,,,,,,
2026-09-30 18:15:00,recovery,5,paired_entry,,,,,,,,KXBTC15M-26SEP301815-15,UP,0.19,yes_ask,2026-09-30 18:06:54,,58,11.02,,,,KXGOLD15M-26SEP301815-15,DOWN,0.24,no_ask,2026-09-30 18:06:54,,58,13.92,no,58.0,44.08,0.43,58,,0,quote_based_unverified,24.94,0.06,,,unresolved,1.3655,,
2026-09-30 18:30:00,recovery,5,skip,combined_ask_above_ceiling,KXBTC15M-26SEP301830-30,,,,,,,DOWN,,,,,,,,,,,,,,,,,,,,,0.71,,,,,,,,,,,,
2026-09-30 18:45:00,recovery,5,skip,combined_ask_above_ceiling,KXBTC15M-26SEP301845-45,,,,,,,UP,,,,,,,,,,,,,,,,,,,,,1.16,,,,,,,,,,,,
2026-09-30 19:00:00,recovery,5,skip,combined_ask_above_ceiling,KXBTC15M-26SEP301900-00,,,,,,,DOWN,,,,,,,,,,,,,,,,,,,,,1.471,,,,,,,,,,,,
2026-09-30 19:15:00,recovery,5,skip,combined_ask_above_ceiling,KXBTC15M-26SEP301915-15,,,,,,,UP,,,,,,,,,,,,,,,,,,,,,1.24,,,,,,,,,,,,
2026-09-30 19:30:00,recovery,5,skip,combined_ask_above_ceiling,KXBTC15M-26SEP301930-30,,,,,,,DOWN,,,,,,,,,,,,,,,,,,,,,1.05,,,,,,,,,,,,
2026-09-30 19:45:00,recovery,5,skip,combined_ask_above_ceiling,,,,,,,,UP,,,,,,,,,,,,,,,,,,,,,0.62,,,,,,,,,,,,
2026-09-30 20:00:00,recovery,5,skip,combined_ask_above_ceiling,,,,,,,,DOWN,,,,,,,,,,,,,,,,,,,,,1.44,,,,,,,,,,,,
2026-09-30 20:15:00,recovery,5,skip,combined_ask_above_ceiling,KXBTC15M-26SEP302015-15,,,,,,,UP,,,,,,,,,,,,,,,,,,,,,1.09,,,,,,,,,,,,
2026-09-30 20:30:00,recovery,5,skip,combined_ask_above_ceiling,KXBTC15M-26SEP302030-30,,,,,,,DOWN,,,,,,,,,,,,,,,,,,,,,0.733,,,,,,,,,,,,
2026-09-30 20:45:00,recovery,5,skip,combined_ask_above_ceiling,,,,,,,,UP,,,,,,,,,,,,,,,,,,,,,1.32,,,,,,,,,,,,
2026-09-30 21:00:00,recovery,5,skip,combined_ask_above_ceiling,,,,,,,,DOWN,,,,,,,,,,,,,,,,,,,,,1.01,,,,,,,,,,,,
2026-09-30 21:15:00,recovery,5,skip,combined_ask_above_ceiling,KXBTC15M-26SEP302115-15,,,,,,,UP,,,,,,,,,,,,,,,,,,,,,0.825,,,,,,,,,,,,
2026-09-30 21:30:00,recovery,5,skip,combined_ask_above_ceiling,KXBTC15M-26SEP302130-30,,,,,,,DOWN,,,,,,,,,,,,,,,,,,,,,1.17,,,,,,,,,,,,
2026-09-30 21:45:00,recovery,5,paired_entry,,,,,,,,KXBTC15M-26SEP302145-45,UP,0.054,yes_ask,2026-09-30 21:36:56,,122,6.588,,,,KXGOLD15M-26SEP302145-45,DOWN,0.15,no_ask,2026-09-30 21:36:53,,122,18.3,no,122.0,103.7,0.204,122,,0,quote_based_unverified,24.888,0.112,,,unresolved,1.5252,,
2026-09-30 22:00:00,recovery,5,skip,combined_ask_above_ceiling,KXBTC15M-26SEP302200-00,,,,,,,DOWN,,,,,,,,,,,,,,,,,,,,,1.23,,,,,,,,,,,,
2026-09-30 22:15:00,recovery,5,skip,combined_ask_above_ceiling,,,,,,,,UP,,,,,,,,,,,,,,,,,,,,,1.59,,,,,,,,,,,,
2026-09-30 22:30:00,recovery,5,skip,combined_ask_above_ceiling,KXBTC15M-26SEP302230-30,,,,,,,DOWN,,,,,,,,,,,,,,,,,,,,,1.335,,,,,,,,,,,,
2026-09-30 22:45:00,recovery,5,skip,combined_ask_above_ceiling,KXBTC15M-26SEP302245-45,,,,,,,UP,,,,,,,,,,,,,,,,,,,,,0.87,,,,,,,,,,,,
2026-09-30 23:00:00,recovery,5,skip,combined_ask_above_ceiling,KXBTC15M-26SEP302300-00,,,,,,,DOWN,,,,,,,,,,,,,,,,,,,,,1.31,,,,,,,,,,,,
2026-09-30 23:15:00,recovery,5,paired_entry,,KXBTC15M-26SEP302315-15,,,,,,KXBTC15M-26SEP302315-15,UP,0.13,yes_ask,2026-09-30 23:06:51,,86,11.18,,,,KXGOLD15M-26SEP302315-15,DOWN,0.16,no_ask,2026-09-30 23:06:59,,86,13.76,no,86.0,72.24,0.29,86,,0,quote_based_unverified,24.94,0.06,,,unresolved,1.49,,
2026-09-30 23:30:00,recovery,5,skip,combined_ask_above_ceiling,,,,,,,,DOWN,,,,,,,,,,,,,,,,,,,,,0.97,,,,,,,,,,,,
2026-09-30 23:45:00,recovery,5,skip,combined_ask_above_ceiling,KXBTC15M-26SEP302345-45,,,,,,,UP,,,,,,,,,,,,,,,,,,,,,1.36,,,,,,,,,,,,
2026-10-01 00:00:00,recovery,5,skip,combined_ask_above_ceiling,,,,,,,,DOWN,,,,,,,,,,,,,,,,,,,,,1.32,,,,,,,,,,,,
2026-10-01 00:15:00,recovery,5,skip,combined_ask_above_ceiling,KXBTC15M-26OCT010015-15,,,,,,,UP,,,,,,,,,,,,,,,,,,,,,1.25,,,,,,,,,,,,
2026-10-01 00:30:00,recovery,5,skip,combined_ask_above_ceiling,KXBTC15M-26OCT010030-30,,,,,,,DOWN,,,,,,,,,,,,,,,,,,,,,1.018,,,,,,,,,,,,
2026-10-01 00:45:00,recovery,5,skip,combined_ask_above_ceiling,,,,,,,,UP,,,,,,,,,,,,,,,,,,,,,0.535,,,,,,,,,,,,
2026-10-01 01:00:00,recovery,5,skip,combined_ask_above_ceiling,KXBTC15M-26OCT010100-00,,,,,,,DOWN,,,,,,,,,,,,,,,,,,,,,0.925,,,,,,,,,,,,
2026-10-01 01:15:00,recovery,5,skip,combined_ask_above_ceiling,KXBTC15M-26OCT010115-15,,,,,,,UP,,,,,,,,,,,,,,,,,,,,,1.12,,,,,,,,,,,,
2026-10-01 01:30:00,recovery,5,skip,btc_quote_missing;gold_quote_missing,,,,,,,,DOWN,,,,,,,,,,,,,,,,,,,,,,,,,,,,,,,,,
2026-10-01 01:45:00,recovery,5,skip,btc_quote_missing;gold_quote_missing,,,,,,,,UP,,,,,,,,,,,,,,,,,,,,,,,,,,,,,,,,,
2026-10-01 02:00:00,recovery,5,skip,btc_quote_missing;gold_quote_missing,,,,,,,,DOWN,,,,,,,,,,,,,,,,,,,,,,,,,,,,,,,,,
2026-10-01 02:15:00,recovery,5,skip,btc_quote_missing;gold_quote_missing,,,,,,,,UP,,,,,,,,,,,,,,,,,,,,,,,,,,,,,,,,,
2026-10-01 02:30:00,recovery,5,skip,btc_quote_missing;gold_quote_missing,,,,,,,,DOWN,,,,,,,,,,,,,,,,,,,,,,,,,,,,,,,,,
2026-10-01 02:45:00,recovery,5,skip,btc_quote_missing;gold_quote_missing,,,,,,,,UP,,,,,,,,,,,,,,,,,,,,,,,,,,,,,,,,,
2026-10-01 03:00:00,recovery,5,skip,btc_quote_missing;gold_quote_missing,,,,,,,,DOWN,,,,,,,,,,,,,,,,,,,,,,,,,,,,,,,,,
2026-10-01 03:15:00,recovery,5,skip,btc_quote_missing;gold_quote_missing,,,,,,,,UP,,,,,,,,,,,,,,,,,,,,,,,,,,,,,,,,,
2026-10-01 03:30:00,recovery,5,skip,btc_quote_missing;gold_quote_missing,,,,,,,,DOWN,,,,,,,,,,,,,,,,,,,,,,,,,,,,,,,,,
2026-10-01 03:45:00,recovery,5,skip,btc_quote_missing;gold_quote_missing,,,,,,,,UP,,,,,,,,,,,,,,,,,,,,,,,,,,,,,,,,,
2026-10-01 04:00:00,recovery,5,skip,btc_quote_missing;gold_quote_missing,,,,,,,,DOWN,,,,,,,,,,,,,,,,,,,,,,,,,,,,,,,,,
2026-10-01 04:15:00,recovery,5,skip,btc_quote_missing;gold_quote_missing,,,,,,,,UP,,,,,,,,,,,,,,,,,,,,,,,,,,,,,,,,,
2026-10-01 04:30:00,recovery,5,skip,btc_quote_missing;gold_quote_missing,,,,,,,,DOWN,,,,,,,,,,,,,,,,,,,,,,,,,,,,,,,,,
2026-10-01 04:45:00,recovery,5,skip,btc_quote_missing;gold_quote_missing,,,,,,,,UP,,,,,,,,,,,,,,,,,,,,,,,,,,,,,,,,,
2026-10-01 05:00:00,recovery,5,skip,btc_quote_missing;gold_quote_missing,,,,,,,,DOWN,,,,,,,,,,,,,,,,,,,,,,,,,,,,,,,,,
2026-10-01 05:15:00,recovery,5,skip,combined_ask_above_ceiling,KXBTC15M-26OCT010515-15,,,,,,,UP,,,,,,,,,,,,,,,,,,,,,0.831,,,,,,,,,,,,
2026-10-01 05:30:00,recovery,5,skip,combined_ask_above_ceiling,KXBTC15M-26OCT010530-30,,,,,,,DOWN,,,,,,,,,,,,,,,,,,,,,0.86,,,,,,,,,,,,
2026-10-01 05:45:00,recovery,5,skip,combined_ask_above_ceiling,KXBTC15M-26OCT010545-45,,,,,,,UP,,,,,,,,,,,,,,,,,,,,,0.86,,,,,,,,,,,,
2026-10-01 06:00:00,recovery,5,skip,combined_ask_above_ceiling,KXBTC15M-26OCT010600-00,,,,,,,DOWN,,,,,,,,,,,,,,,,,,,,,1.2,,,,,,,,,,,,
2026-10-01 06:15:00,recovery,5,skip,combined_ask_above_ceiling,KXBTC15M-26OCT010615-15,,,,,,,UP,,,,,,,,,,,,,,,,,,,,,0.769,,,,,,,,,,,,
2026-10-01 06:30:00,recovery,5,skip,combined_ask_above_ceiling,KXBTC15M-26OCT010630-30,,,,,,,DOWN,,,,,,,,,,,,,,,,,,,,,1.16,,,,,,,,,,,,
2026-10-01 06:45:00,recovery,5,skip,combined_ask_above_ceiling,KXBTC15M-26OCT010645-45,,,,,,,UP,,,,,,,,,,,,,,,,,,,,,0.893,,,,,,,,,,,,
2026-10-01 07:00:00,recovery,5,skip,combined_ask_above_ceiling,KXBTC15M-26OCT010700-00,,,,,,,DOWN,,,,,,,,,,,,,,,,,,,,,0.999,,,,,,,,,,,,
2026-10-01 07:15:00,recovery,5,skip,combined_ask_above_ceiling,KXBTC15M-26OCT010715-15,,,,,,,UP,,,,,,,,,,,,,,,,,,,,,1.13,,,,,,,,,,,,
2026-10-01 07:30:00,recovery,5,skip,combined_ask_above_ceiling,KXBTC15M-26OCT010730-30,,,,,,,DOWN,,,,,,,,,,,,,,,,,,,,,0.95,,,,,,,,,,,,
2026-10-01 07:45:00,recovery,5,skip,combined_ask_above_ceiling,KXBTC15M-26OCT010745-45,,,,,,,UP,,,,,,,,,,,,,,,,,,,,,0.88,,,,,,,,,,,,
2026-10-01 08:00:00,recovery,5,skip,combined_ask_above_ceiling,KXBTC15M-26OCT010800-00,,,,,,,DOWN,,,,,,,,,,,,,,,,,,,,,1.08,,,,,,,,,,,,
2026-10-01 08:15:00,recovery,5,skip,combined_ask_above_ceiling,KXBTC15M-26OCT010815-15,,,,,,,UP,,,,,,,,,,,,,,,,,,,,,1.52,,,,,,,,,,,,
2026-10-01 08:30:00,recovery,5,skip,combined_ask_above_ceiling,,,,,,,,DOWN,,,,,,,,,,,,,,,,,,,,,1.45,,,,,,,,,,,,
2026-10-01 08:45:00,recovery,5,skip,combined_ask_above_ceiling,,,,,,,,UP,,,,,,,,,,,,,,,,,,,,,0.51,,,,,,,,,,,,
2026-10-01 09:00:00,recovery,5,skip,combined_ask_above_ceiling,KXBTC15M-26OCT010900-00,,,,,,,DOWN,,,,,,,,,,,,,,,,,,,,,1.565,,,,,,,,,,,,
2026-10-01 09:15:00,recovery,5,skip,combined_ask_above_ceiling,KXBTC15M-26OCT010915-15,,,,,,,UP,,,,,,,,,,,,,,,,,,,,,0.787,,,,,,,,,,,,
2026-10-01 09:30:00,recovery,5,skip,combined_ask_above_ceiling,KXBTC15M-26OCT010930-30,,,,,,,DOWN,,,,,,,,,,,,,,,,,,,,,0.62,,,,,,,,,,,,
2026-10-01 09:45:00,recovery,5,skip,combined_ask_above_ceiling,,,,,,,,UP,,,,,,,,,,,,,,,,,,,,,1.516,,,,,,,,,,,,
2026-10-01 10:00:00,recovery,5,skip,combined_ask_above_ceiling,,,,,,,,DOWN,,,,,,,,,,,,,,,,,,,,,1.16,,,,,,,,,,,,
2026-10-01 10:15:00,recovery,5,skip,combined_ask_above_ceiling,,,,,,,,UP,,,,,,,,,,,,,,,,,,,,,1.12,,,,,,,,,,,,
2026-10-01 10:30:00,recovery,5,skip,combined_ask_above_ceiling,KXBTC15M-26OCT011030-30,,,,,,,DOWN,,,,,,,,,,,,,,,,,,,,,0.871,,,,,,,,,,,,
2026-10-01 10:45:00,recovery,5,skip,combined_ask_above_ceiling,KXBTC15M-26OCT011045-45,,,,,,,UP,,,,,,,,,,,,,,,,,,,,,0.98,,,,,,,,,,,,
2026-10-01 11:00:00,recovery,5,skip,combined_ask_above_ceiling,,,,,,,,DOWN,,,,,,,,,,,,,,,,,,,,,1.46,,,,,,,,,,,,
2026-10-01 11:15:00,recovery,5,skip,combined_ask_above_ceiling,KXBTC15M-26OCT011115-15,,,,,,,UP,,,,,,,,,,,,,,,,,,,,,1.679,,,,,,,,,,,,
2026-10-01 11:30:00,recovery,5,skip,combined_ask_above_ceiling,KXBTC15M-26OCT011130-30,,,,,,,DOWN,,,,,,,,,,,,,,,,,,,,,0.99,,,,,,,,,,,,
2026-10-01 11:45:00,recovery,5,skip,combined_ask_above_ceiling,KXBTC15M-26OCT011145-45,,,,,,,UP,,,,,,,,,,,,,,,,,,,,,0.848,,,,,,,,,,,,
2026-10-01 12:00:00,recovery,5,paired_entry,,KXBTC15M-26OCT011200-00,,,,,,KXBTC15M-26OCT011200-00,DOWN,0.064,no_ask,2026-10-01 11:51:50,,164,10.496,,,,KXGOLD15M-26OCT011200-00,UP,0.088,yes_ask,2026-10-01 11:51:49,,164,14.432,yes,164.0,149.568,0.152,164,,0,quote_based_unverified,24.928,0.072,,,unresolved,1.6091,,
2026-10-01 12:15:00,recovery,5,skip,combined_ask_above_ceiling,KXBTC15M-26OCT011215-15,,,,,,,UP,,,,,,,,,,,,,,,,,,,,,1.16,,,,,,,,,,,,
2026-10-01 12:30:00,recovery,5,skip,combined_ask_above_ceiling,KXBTC15M-26OCT011230-30,,,,,,,DOWN,,,,,,,,,,,,,,,,,,,,,0.66,,,,,,,,,,,,
2026-10-01 12:45:00,recovery,5,skip,combined_ask_above_ceiling,KXBTC15M-26OCT011245-45,,,,,,,UP,,,,,,,,,,,,,,,,,,,,,1.456,,,,,,,,,,,,
2026-10-01 13:00:00,recovery,5,skip,combined_ask_above_ceiling,KXBTC15M-26OCT011300-00,,,,,,,DOWN,,,,,,,,,,,,,,,,,,,,,1.02,,,,,,,,,,,,
2026-10-01 13:15:00,recovery,5,skip,combined_ask_above_ceiling,KXBTC15M-26OCT011315-15,,,,,,,UP,,,,,,,,,,,,,,,,,,,,,1.01,,,,,,,,,,,,
2026-10-01 13:30:00,recovery,5,skip,combined_ask_above_ceiling,KXBTC15M-26OCT011330-30,,,,,,,DOWN,,,,,,,,,,,,,,,,,,,,,0.923,,,,,,,,,,,,
2026-10-01 13:45:00,recovery,5,paired_entry,,,,,,,,KXBTC15M-26OCT011345-45,UP,0.25,yes_ask,2026-10-01 13:36:51,,52,13.0,,,,KXGOLD15M-26OCT011345-45,DOWN,0.23,no_ask,2026-10-01 13:36:55,,52,11.96,no,52.0,40.04,0.48,52,,0,quote_based_unverified,24.96,0.04,,,unresolved,1.3272,,
2026-10-01 14:00:00,recovery,5,skip,combined_ask_above_ceiling,,,,,,,,DOWN,,,,,,,,,,,,,,,,,,,,,1.05,,,,,,,,,,,,
2026-10-01 14:15:00,recovery,5,skip,combined_ask_above_ceiling,,,,,,,,UP,,,,,,,,,,,,,,,,,,,,,1.01,,,,,,,,,,,,
2026-10-01 14:30:00,recovery,5,skip,combined_ask_above_ceiling,,,,,,,,DOWN,,,,,,,,,,,,,,,,,,,,,1.34,,,,,,,,,,,,
2026-10-01 14:45:00,recovery,5,skip,combined_ask_above_ceiling,KXBTC15M-26OCT011445-45,,,,,,,UP,,,,,,,,,,,,,,,,,,,,,1.059,,,,,,,,,,,,
2026-10-01 15:00:00,recovery,5,skip,combined_ask_above_ceiling,KXBTC15M-26OCT011500-00,,,,,,,DOWN,,,,,,,,,,,,,,,,,,,,,1.177,,,,,,,,,,,,
2026-10-01 15:15:00,recovery,5,skip,combined_ask_above_ceiling,,,,,,,,UP,,,,,,,,,,,,,,,,,,,,,1.25,,,,,,,,,,,,
2026-10-01 15:30:00,recovery,5,skip,combined_ask_above_ceiling,KXBTC15M-26OCT011530-30,,,,,,,DOWN,,,,,,,,,,,,,,,,,,,,,1.64,,,,,,,,,,,,
2026-10-01 15:45:00,recovery,5,skip,combined_ask_above_ceiling,KXBTC15M-26OCT011545-45,,,,,,,UP,,,,,,,,,,,,,,,,,,,,,1.21,,,,,,,,,,,,
2026-10-01 16:00:00,recovery,5,skip,combined_ask_above_ceiling,,,,,,,,DOWN,,,,,,,,,,,,,,,,,,,,,0.82,,,,,,,,,,,,
2026-10-01 16:15:00,recovery,5,skip,combined_ask_above_ceiling,KXBTC15M-26OCT011615-15,,,,,,,UP,,,,,,,,,,,,,,,,,,,,,1.44,,,,,,,,,,,,
2026-10-01 16:30:00,recovery,5,skip,combined_ask_above_ceiling,KXBTC15M-26OCT011630-30,,,,,,,DOWN,,,,,,,,,,,,,,,,,,,,,0.93,,,,,,,,,,,,
2026-10-01 16:45:00,recovery,5,skip,combined_ask_above_ceiling,,,,,,,,UP,,,,,,,,,,,,,,,,,,,,,1.13,,,,,,,,,,,,
2026-10-01 17:00:00,recovery,5,skip,combined_ask_above_ceiling,KXBTC15M-26OCT011700-00,,,,,,,DOWN,,,,,,,,,,,,,,,,,,,,,1.214,,,,,,,,,,,,
2026-10-01 17:15:00,recovery,5,skip,gold_quote_missing,KXBTC15M-26OCT011715-15,,,,,,,UP,,,,,,,,,,,,,,,,,,,,,,,,,,,,,,,,,
2026-10-01 17:30:00,recovery,5,skip,gold_quote_missing,KXBTC15M-26OCT011730-30,,,,,,,DOWN,,,,,,,,,,,,,,,,,,,,,,,,,,,,,,,,,
2026-10-01 17:45:00,recovery,5,skip,gold_quote_missing,KXBTC15M-26OCT011745-45,,,,,,,UP,,,,,,,,,,,,,,,,,,,,,,,,,,,,,,,,,
2026-10-01 18:00:00,recovery,5,skip,gold_quote_missing,KXBTC15M-26OCT011800-00,,,,,,,DOWN,,,,,,,,,,,,,,,,,,,,,,,,,,,,,,,,,
2026-10-01 18:15:00,recovery,5,skip,gold_quote_missing,KXBTC15M-26OCT011815-15,,,,,,,UP,,,,,,,,,,,,,,,,,,,,,,,,,,,,,,,,,
2026-10-01 18:30:00,recovery,5,skip,combined_ask_above_ceiling,KXBTC15M-26OCT011830-30,,,,,,,DOWN,,,,,,,,,,,,,,,,,,,,,0.97,,,,,,,,,,,,
2026-10-01 18:45:00,recovery,5,skip,combined_ask_above_ceiling,,,,,,,,UP,,,,,,,,,,,,,,,,,,,,,0.771,,,,,,,,,,,,
2026-10-01 19:00:00,recovery,5,skip,combined_ask_above_ceiling,,,,,,,,DOWN,,,,,,,,,,,,,,,,,,,,,1.21,,,,,,,,,,,,
2026-10-01 19:15:00,recovery,5,skip,combined_ask_above_ceiling,KXBTC15M-26OCT011915-15,,,,,,,UP,,,,,,,,,,,,,,,,,,,,,0.95,,,,,,,,,,,,
2026-10-01 19:30:00,recovery,5,skip,combined_ask_above_ceiling,KXBTC15M-26OCT011930-30,,,,,,,DOWN,,,,,,,,,,,,,,,,,,,,,1.01,,,,,,,,,,,,
2026-10-01 19:45:00,recovery,5,skip,combined_ask_above_ceiling,KXBTC15M-26OCT011945-45,,,,,,,UP,,,,,,,,,,,,,,,,,,,,,1.17,,,,,,,,,,,,
2026-10-01 20:00:00,recovery,5,skip,combined_ask_above_ceiling,,,,,,,,DOWN,,,,,,,,,,,,,,,,,,,,,1.45,,,,,,,,,,,,
2026-10-01 20:15:00,recovery,5,skip,combined_ask_above_ceiling,,,,,,,,UP,,,,,,,,,,,,,,,,,,,,,1.099,,,,,,,,,,,,
2026-10-01 20:30:00,recovery,5,skip,combined_ask_above_ceiling,KXBTC15M-26OCT012030-30,,,,,,,DOWN,,,,,,,,,,,,,,,,,,,,,0.92,,,,,,,,,,,,
2026-10-01 20:45:00,recovery,5,skip,combined_ask_above_ceiling,,,,,,,,UP,,,,,,,,,,,,,,,,,,,,,0.98,,,,,,,,,,,,
2026-10-01 21:00:00,recovery,5,skip,combined_ask_above_ceiling,KXBTC15M-26OCT012100-00,,,,,,,DOWN,,,,,,,,,,,,,,,,,,,,,1.26,,,,,,,,,,,,
2026-10-01 21:15:00,recovery,5,skip,combined_ask_above_ceiling,KXBTC15M-26OCT012115-15,,,,,,,UP,,,,,,,,,,,,,,,,,,,,,1.154,,,,,,,,,,,,
2026-10-01 21:30:00,recovery,5,skip,combined_ask_above_ceiling,KXBTC15M-26OCT012130-30,,,,,,,DOWN,,,,,,,,,,,,,,,,,,,,,1.65,,,,,,,,,,,,
2026-10-01 21:45:00,recovery,5,skip,combined_ask_above_ceiling,KXBTC15M-26OCT012145-45,,,,,,,UP,,,,,,,,,,,,,,,,,,,,,1.24,,,,,,,,,,,,
2026-10-01 22:00:00,recovery,5,paired_entry,,KXBTC15M-26OCT012200-00,,,,,,KXBTC15M-26OCT012200-00,DOWN,0.032,no_ask,2026-10-01 21:51:51,,65,2.08,,,,KXGOLD15M-26OCT012200-00,UP,0.35,yes_ask,2026-10-01 21:51:54,,65,22.75,no,0.0,-22.75,0.382,65,,0,quote_based_unverified,24.83,0.17,,,unresolved,1.1762,,
2026-10-01 22:15:00,recovery,5,skip,combined_ask_above_ceiling,KXBTC15M-26OCT012215-15,,,,,,,UP,,,,,,,,,,,,,,,,,,,,,1.01,,,,,,,,,,,,
2026-10-01 22:30:00,recovery,5,skip,combined_ask_above_ceiling,KXBTC15M-26OCT012230-30,,,,,,,DOWN,,,,,,,,,,,,,,,,,,,,,1.781,,,,,,,,,,,,
2026-10-01 22:45:00,recovery,5,skip,combined_ask_above_ceiling,,,,,,,,UP,,,,,,,,,,,,,,,,,,,,,1.26,,,,,,,,,,,,
2026-10-01 23:00:00,recovery,5,skip,combined_ask_above_ceiling,KXBTC15M-26OCT012300-00,,,,,,,DOWN,,,,,,,,,,,,,,,,,,,,,1.105,,,,,,,,,,,,
2026-10-01 23:15:00,recovery,5,skip,combined_ask_above_ceiling,KXBTC15M-26OCT012315-15,,,,,,,UP,,,,,,,,,,,,,,,,,,,,,0.969,,,,,,,,,,,,
2026-10-01 23:30:00,recovery,5,skip,combined_ask_above_ceiling,KXBTC15M-26OCT012330-30,,,,,,,DOWN,,,,,,,,,,,,,,,,,,,,,1.37,,,,,,,,,,,,
2026-10-01 23:45:00,recovery,5,skip,combined_ask_above_ceiling,KXBTC15M-26OCT012345-45,,,,,,,UP,,,,,,,,,,,,,,,,,,,,,1.26,,,,,,,,,,,,
2026-10-02 00:00:00,recovery,5,skip,combined_ask_above_ceiling,,,,,,,,DOWN,,,,,,,,,,,,,,,,,,,,,1.03,,,,,,,,,,,,
2026-10-02 00:15:00,recovery,5,skip,combined_ask_above_ceiling,KXBTC15M-26OCT020015-15,,,,,,,UP,,,,,,,,,,,,,,,,,,,,,0.564,,,,,,,,,,,,
2026-10-02 00:30:00,recovery,5,skip,combined_ask_above_ceiling,KXBTC15M-26OCT020030-30,,,,,,,DOWN,,,,,,,,,,,,,,,,,,,,,0.886,,,,,,,,,,,,
2026-10-02 00:45:00,recovery,5,skip,combined_ask_above_ceiling,KXBTC15M-26OCT020045-45,,,,,,,UP,,,,,,,,,,,,,,,,,,,,,0.884,,,,,,,,,,,,
2026-10-02 01:00:00,recovery,5,skip,combined_ask_above_ceiling,KXBTC15M-26OCT020100-00,,,,,,,DOWN,,,,,,,,,,,,,,,,,,,,,0.62,,,,,,,,,,,,
2026-10-02 01:15:00,recovery,5,skip,combined_ask_above_ceiling,,,,,,,,UP,,,,,,,,,,,,,,,,,,,,,0.84,,,,,,,,,,,,
2026-10-02 01:30:00,recovery,5,skip,combined_ask_above_ceiling,KXBTC15M-26OCT020130-30,,,,,,,DOWN,,,,,,,,,,,,,,,,,,,,,1.35,,,,,,,,,,,,
2026-10-02 01:45:00,recovery,5,paired_entry,,,,,,,,KXBTC15M-26OCT020145-45,UP,0.11,yes_ask,2026-10-02 01:36:51,,67,7.37,no,0.0,-7.37,KXGOLD15M-26OCT020145-45,DOWN,0.26,no_ask,2026-10-02 01:36:59,,67,17.42,no,67.0,49.58,0.37,67,,0,quote_based_unverified,24.79,0.21,67.0,42.21,gold_only_win,1.3616,-2.8588,39.3512
2026-10-02 02:00:00,normal,,btc_trade,,,KXBTC15M-26OCT020200-00,yes,8.0,0.1881,2.25,,,,,,,,,,,,,,,,,,,,,,,,,,,,,,,,,,,
2026-10-02 02:15:00,normal,,btc_trade,,,KXBTC15M-26OCT020215-15,yes,9.0,6.4323,-6.4323,,,,,,,,,,,,,,,,,,,,,,,,,,,,,,,,,,,
2026-10-02 02:30:00,recovery,6,skip,combined_ask_above_ceiling,KXBTC15M-26OCT020230-30,,,,,,,DOWN,,,,,,,,,,,,,,,,,,,,,0.57,,,,,,,,,,,,
2026-10-02 02:45:00,recovery,6,skip,combined_ask_above_ceiling,KXBTC15M-26OCT020245-45,,,,,,,UP,,,,,,,,,,,,,,,,,,,,,1.09,,,,,,,,,,,,
2026-10-02 03:00:00,recovery,6,skip,combined_ask_above_ceiling,KXBTC15M-26OCT020300-00,,,,,,,DOWN,,,,,,,,,,,,,,,,,,,,,0.53,,,,,,,,,,,,
2026-10-02 03:15:00,recovery,6,skip,combined_ask_above_ceiling,,,,,,,,UP,,,,,,,,,,,,,,,,,,,,,1.06,,,,,,,,,,,,
2026-10-02 03:30:00,recovery,6,skip,combined_ask_above_ceiling,,,,,,,,DOWN,,,,,,,,,,,,,,,,,,,,,1.13,,,,,,,,,,,,
2026-10-02 03:45:00,recovery,6,skip,combined_ask_above_ceiling,KXBTC15M-26OCT020345-45,,,,,,,UP,,,,,,,,,,,,,,,,,,,,,0.77,,,,,,,,,,,,
2026-10-02 04:00:00,recovery,6,skip,combined_ask_above_ceiling,KXBTC15M-26OCT020400-00,,,,,,,DOWN,,,,,,,,,,,,,,,,,,,,,0.728,,,,,,,,,,,,
2026-10-02 04:15:00,recovery,6,skip,combined_ask_above_ceiling,KXBTC15M-26OCT020415-15,,,,,,,UP,,,,,,,,,,,,,,,,,,,,,1.273,,,,,,,,,,,,
2026-10-02 04:30:00,recovery,6,skip,combined_ask_above_ceiling,KXBTC15M-26OCT020430-30,,,,,,,DOWN,,,,,,,,,,,,,,,,,,,,,0.509,,,,,,,,,,,,
2026-10-02 04:45:00,recovery,6,skip,combined_ask_above_ceiling,,,,,,,,UP,,,,,,,,,,,,,,,,,,,,,0.97,,,,,,,,,,,,
2026-10-02 05:00:00,recovery,6,skip,combined_ask_above_ceiling,KXBTC15M-26OCT020500-00,,,,,,,DOWN,,,,,,,,,,,,,,,,,,,,,1.39,,,,,,,,,,,,
2026-10-02 05:15:00,recovery,6,skip,combined_ask_above_ceiling,,,,,,,,UP,,,,,,,,,,,,,,,,,,,,,1.26,,,,,,,,,,,,
2026-10-02 05:30:00,recovery,6,skip,combined_ask_above_ceiling,KXBTC15M-26OCT020530-30,,,,,,,DOWN,,,,,,,,,,,,,,,,,,,,,0.91,,,,,,,,,,,,
2026-10-02 05:45:00,recovery,6,skip,combined_ask_above_ceiling,KXBTC15M-26OCT020545-45,,,,,,,UP,,,,,,,,,,,,,,,,,,,,,1.651,,,,,,,,,,,,
2026-10-02 06:00:00,recovery,6,skip,combined_ask_above_ceiling,,,,,,,,DOWN,,,,,,,,,,,,,,,,,,,,,0.74,,,,,,,,,,,,
2026-10-02 06:15:00,recovery,6,skip,combined_ask_above_ceiling,KXBTC15M-26OCT020615-15,,,,,,,UP,,,,,,,,,,,,,,,,,,,,,1.48,,,,,,,,,,,,
2026-10-02 06:30:00,recovery,6,skip,combined_ask_above_ceiling,,,,,,,,DOWN,,,,,,,,,,,,,,,,,,,,,0.69,,,,,,,,,,,,
2026-10-02 06:45:00,recovery,6,skip,combined_ask_above_ceiling,KXBTC15M-26OCT020645-45,,,,,,,UP,,,,,,,,,,,,,,,,,,,,,0.81,,,,,,,,,,,,
2026-10-02 07:00:00,recovery,6,skip,combined_ask_above_ceiling,KXBTC15M-26OCT020700-00,,,,,,,DOWN,,,,,,,,,,,,,,,,,,,,,1.359,,,,,,,,,,,,
2026-10-02 07:15:00,recovery,6,skip,combined_ask_above_ceiling,KXBTC15M-26OCT020715-15,,,,,,,UP,,,,,,,,,,,,,,,,,,,,,1.12,,,,,,,,,,,,
2026-10-02 07:30:00,recovery,6,skip,combined_ask_above_ceiling,KXBTC15M-26OCT020730-30,,,,,,,DOWN,,,,,,,,,,,,,,,,,,,,,0.53,,,,,,,,,,,,
2026-10-02 07:45:00,recovery,6,skip,combined_ask_above_ceiling,KXBTC15M-26OCT020745-45,,,,,,,UP,,,,,,,,,,,,,,,,,,,,,1.3,,,,,,,,,,,,
2026-10-02 08:00:00,recovery,6,paired_entry,,KXBTC15M-26OCT020800-00,,,,,,KXBTC15M-26OCT020800-00,DOWN,0.22,no_ask,2026-10-02 07:51:54,,58,12.76,,,,KXGOLD15M-26OCT020800-00,UP,0.21,yes_ask,2026-10-02 07:51:59,,58,12.18,no,0.0,-12.18,0.43,58,,0,quote_based_unverified,24.94,0.06,,,unresolved,1.3703,,
2026-10-02 08:15:00,recovery,6,skip,combined_ask_above_ceiling,,,,,,,,UP,,,,,,,,,,,,,,,,,,,,,0.96,,,,,,,,,,,,
2026-10-02 08:30:00,recovery,6,skip,combined_ask_above_ceiling,KXBTC15M-26OCT020830-30,,,,,,,DOWN,,,,,,,,,,,,,,,,,,,,,0.855,,,,,,,,,,,,
2026-10-02 08:45:00,recovery,6,skip,combined_ask_above_ceiling,KXBTC15M-26OCT020845-45,,,,,,,UP,,,,,,,,,,,,,,,,,,,,,0.941,,,,,,,,,,,,
2026-10-02 09:00:00,recovery,6,skip,combined_ask_above_ceiling,KXBTC15M-26OCT020900-00,,,,,,,DOWN,,,,,,,,,,,,,,,,,,,,,0.55,,,,,,,,,,,,
2026-10-02 09:15:00,recovery,6,skip,combined_ask_above_ceiling,KXBTC15M-26OCT020915-15,,,,,,,UP,,,,,,,,,,,,,,,,,,,,,1.16,,,,,,,,,,,,
2026-10-02 09:30:00,recovery,6,skip,combined_ask_above_ceiling,,,,,,,,DOWN,,,,,,,,,,,,,,,,,,,,,0.71,,,,,,,,,,,,
2026-10-02 09:45:00,recovery,6,skip,combined_ask_above_ceiling,KXBTC15M-26OCT020945-45,,,,,,,UP,,,,,,,,,,,,,,,,,,,,,1.483,,,,,,,,,,,,
2026-10-02 10:00:00,recovery,6,skip,combined_ask_above_ceiling,KXBTC15M-26OCT021000-00,,,,,,,DOWN,,,,,,,,,,,,,,,,,,,,,1.57,,,,,,,,,,,,
2026-10-02 10:15:00,recovery,6,skip,combined_ask_above_ceiling,KXBTC15M-26OCT021015-15,,,,,,,UP,,,,,,,,,,,,,,,,,,,,,1.16,,,,,,,,,,,,
2026-10-02 10:30:00,recovery,6,paired_entry,,KXBTC15M-26OCT021030-30,,,,,,KXBTC15M-26OCT021030-30,DOWN,0.064,no_ask,2026-10-02 10:21:54,,61,3.904,,,,KXGOLD15M-26OCT021030-30,UP,0.34,yes_ask,2026-10-02 10:21:51,,61,20.74,no,0.0,-20.74,0.404,61,,0,quote_based_unverified,24.644,0.356,,,unresolved,1.214,,
2026-10-02 10:45:00,recovery,6,skip,combined_ask_above_ceiling,KXBTC15M-26OCT021045-45,,,,,,,UP,,,,,,,,,,,,,,,,,,,,,0.58,,,,,,,,,,,,
2026-10-02 11:00:00,recovery,6,skip,combined_ask_above_ceiling,KXBTC15M-26OCT021100-00,,,,,,,DOWN,,,,,,,,,,,,,,,,,,,,,0.75,,,,,,,,,,,,
2026-10-02 11:15:00,recovery,6,skip,combined_ask_above_ceiling,KXBTC15M-26OCT021115-15,,,,,,,UP,,,,,,,,,,,,,,,,,,,,,1.085,,,,,,,,,,,,
2026-10-02 11:30:00,recovery,6,skip,combined_ask_above_ceiling,KXBTC15M-26OCT021130-30,,,,,,,DOWN,,,,,,,,,,,,,,,,,,,,,1.09,,,,,,,,,,,,
2026-10-02 11:45:00,recovery,6,skip,combined_ask_above_ceiling,,,,,,,,UP,,,,,,,,,,,,,,,,,,,,,0.79,,,,,,,,,,,,
2026-10-02 12:00:00,recovery,6,skip,combined_ask_above_ceiling,KXBTC15M-26OCT021200-00,,,,,,,DOWN,,,,,,,,,,,,,,,,,,,,,0.7,,,,,,,,,,,,
2026-10-02 12:15:00,recovery,6,skip,combined_ask_above_ceiling,KXBTC15M-26OCT021215-15,,,,,,,UP,,,,,,,,,,,,,,,,,,,,,1.03,,,,,,,,,,,,
2026-10-02 12:30:00,recovery,6,skip,combined_ask_above_ceiling,KXBTC15M-26OCT021230-30,,,,,,,DOWN,,,,,,,,,,,,,,,,,,,,,1.09,,,,,,,,,,,,
2026-10-02 12:45:00,recovery,6,skip,combined_ask_above_ceiling,,,,,,,,UP,,,,,,,,,,,,,,,,,,,,,0.6,,,,,,,,,,,,
2026-10-02 13:00:00,recovery,6,skip,combined_ask_above_ceiling,KXBTC15M-26OCT021300-00,,,,,,,DOWN,,,,,,,,,,,,,,,,,,,,,0.96,,,,,,,,,,,,
2026-10-02 13:15:00,recovery,6,skip,combined_ask_above_ceiling,KXBTC15M-26OCT021315-15,,,,,,,UP,,,,,,,,,,,,,,,,,,,,,0.98,,,,,,,,,,,,
2026-10-02 13:30:00,recovery,6,skip,combined_ask_above_ceiling,KXBTC15M-26OCT021330-30,,,,,,,DOWN,,,,,,,,,,,,,,,,,,,,,1.28,,,,,,,,,,,,
2026-10-02 13:45:00,recovery,6,skip,combined_ask_above_ceiling,KXBTC15M-26OCT021345-45,,,,,,,UP,,,,,,,,,,,,,,,,,,,,,0.84,,,,,,,,,,,,
2026-10-02 14:00:00,recovery,6,skip,combined_ask_above_ceiling,KXBTC15M-26OCT021400-00,,,,,,,DOWN,,,,,,,,,,,,,,,,,,,,,0.84,,,,,,,,,,,,
2026-10-02 14:15:00,recovery,6,skip,combined_ask_above_ceiling,KXBTC15M-26OCT021415-15,,,,,,,UP,,,,,,,,,,,,,,,,,,,,,1.03,,,,,,,,,,,,
2026-10-02 14:30:00,recovery,6,skip,combined_ask_above_ceiling,KXBTC15M-26OCT021430-30,,,,,,,DOWN,,,,,,,,,,,,,,,,,,,,,1.187,,,,,,,,,,,,
2026-10-02 14:45:00,recovery,6,skip,combined_ask_above_ceiling,KXBTC15M-26OCT021445-45,,,,,,,UP,,,,,,,,,,,,,,,,,,,,,0.59,,,,,,,,,,,,
2026-10-02 15:00:00,recovery,6,skip,combined_ask_above_ceiling,KXBTC15M-26OCT021500-00,,,,,,,DOWN,,,,,,,,,,,,,,,,,,,,,0.91,,,,,,,,,,,,
2026-10-02 15:15:00,recovery,6,skip,combined_ask_above_ceiling,KXBTC15M-26OCT021515-15,,,,,,,UP,,,,,,,,,,,,,,,,,,,,,1.02,,,,,,,,,,,,
2026-10-02 15:30:00,recovery,6,skip,combined_ask_above_ceiling,,,,,,,,DOWN,,,,,,,,,,,,,,,,,,,,,1.07,,,,,,,,,,,,
2026-10-02 15:45:00,recovery,6,skip,combined_ask_above_ceiling,KXBTC15M-26OCT021545-45,,,,,,,UP,,,,,,,,,,,,,,,,,,,,,1.04,,,,,,,,,,,,
2026-10-02 16:00:00,recovery,6,skip,combined_ask_above_ceiling,KXBTC15M-26OCT021600-00,,,,,,,DOWN,,,,,,,,,,,,,,,,,,,,,0.62,,,,,,,,,,,,
2026-10-02 16:15:00,recovery,6,skip,combined_ask_above_ceiling,KXBTC15M-26OCT021615-15,,,,,,,UP,,,,,,,,,,,,,,,,,,,,,1.74,,,,,,,,,,,,
2026-10-02 16:30:00,recovery,6,skip,combined_ask_above_ceiling,,,,,,,,DOWN,,,,,,,,,,,,,,,,,,,,,0.89,,,,,,,,,,,,
2026-10-02 16:45:00,recovery,6,skip,combined_ask_above_ceiling,KXBTC15M-26OCT021645-45,,,,,,,UP,,,,,,,,,,,,,,,,,,,,,1.68,,,,,,,,,,,,
2026-10-02 17:00:00,recovery,6,paired_entry,,KXBTC15M-26OCT021700-00,,,,,,KXBTC15M-26OCT021700-00,DOWN,0.065,no_ask,2026-10-02 16:51:52,,76,4.94,,,,KXGOLD15M-26OCT021700-00,UP,0.26,yes_ask,2026-10-02 16:51:59,,76,19.76,no,0.0,-19.76,0.325,76,,0,quote_based_unverified,24.7,0.3,,,unresolved,1.347,,
2026-10-02 17:15:00,recovery,6,skip,gold_quote_missing,KXBTC15M-26OCT021715-15,,,,,,,UP,,,,,,,,,,,,,,,,,,,,,,,,,,,,,,,,,
2026-10-02 17:30:00,recovery,6,skip,gold_quote_missing,KXBTC15M-26OCT021730-30,,,,,,,DOWN,,,,,,,,,,,,,,,,,,,,,,,,,,,,,,,,,
2026-10-02 17:45:00,recovery,6,skip,gold_quote_missing,KXBTC15M-26OCT021745-45,,,,,,,UP,,,,,,,,,,,,,,,,,,,,,,,,,,,,,,,,,
2026-10-02 18:00:00,recovery,6,skip,gold_quote_missing,KXBTC15M-26OCT021800-00,,,,,,,DOWN,,,,,,,,,,,,,,,,,,,,,,,,,,,,,,,,,
2026-10-02 18:15:00,recovery,6,skip,gold_quote_missing,,,,,,,,UP,,,,,,,,,,,,,,,,,,,,,,,,,,,,,,,,,
2026-10-02 18:30:00,recovery,6,skip,gold_quote_missing,,,,,,,,DOWN,,,,,,,,,,,,,,,,,,,,,,,,,,,,,,,,,
2026-10-02 18:45:00,recovery,6,skip,gold_quote_missing,,,,,,,,UP,,,,,,,,,,,,,,,,,,,,,,,,,,,,,,,,,
2026-10-02 19:00:00,recovery,6,skip,gold_quote_missing,,,,,,,,DOWN,,,,,,,,,,,,,,,,,,,,,,,,,,,,,,,,,
2026-10-02 19:15:00,recovery,6,skip,gold_quote_missing,KXBTC15M-26OCT021915-15,,,,,,,UP,,,,,,,,,,,,,,,,,,,,,,,,,,,,,,,,,
2026-10-02 19:30:00,recovery,6,skip,gold_quote_missing,KXBTC15M-26OCT021930-30,,,,,,,DOWN,,,,,,,,,,,,,,,,,,,,,,,,,,,,,,,,,
2026-10-02 19:45:00,recovery,6,skip,gold_quote_missing,,,,,,,,UP,,,,,,,,,,,,,,,,,,,,,,,,,,,,,,,,,
2026-10-02 20:00:00,recovery,6,skip,gold_quote_missing,KXBTC15M-26OCT022000-00,,,,,,,DOWN,,,,,,,,,,,,,,,,,,,,,,,,,,,,,,,,,
2026-10-02 20:15:00,recovery,6,skip,gold_quote_missing,,,,,,,,UP,,,,,,,,,,,,,,,,,,,,,,,,,,,,,,,,,
2026-10-02 20:30:00,recovery,6,skip,gold_quote_missing,KXBTC15M-26OCT022030-30,,,,,,,DOWN,,,,,,,,,,,,,,,,,,,,,,,,,,,,,,,,,
2026-10-02 20:45:00,recovery,6,skip,gold_quote_missing,KXBTC15M-26OCT022045-45,,,,,,,UP,,,,,,,,,,,,,,,,,,,,,,,,,,,,,,,,,
2026-10-02 21:00:00,recovery,6,skip,gold_quote_missing,KXBTC15M-26OCT022100-00,,,,,,,DOWN,,,,,,,,,,,,,,,,,,,,,,,,,,,,,,,,,
2026-10-02 21:15:00,recovery,6,skip,gold_quote_missing,,,,,,,,UP,,,,,,,,,,,,,,,,,,,,,,,,,,,,,,,,,
2026-10-02 21:30:00,recovery,6,skip,gold_quote_missing,,,,,,,,DOWN,,,,,,,,,,,,,,,,,,,,,,,,,,,,,,,,,
2026-10-02 21:45:00,recovery,6,skip,gold_quote_missing,KXBTC15M-26OCT022145-45,,,,,,,UP,,,,,,,,,,,,,,,,,,,,,,,,,,,,,,,,,
2026-10-02 22:00:00,recovery,6,skip,gold_quote_missing,,,,,,,,DOWN,,,,,,,,,,,,,,,,,,,,,,,,,,,,,,,,,
2026-10-02 22:15:00,recovery,6,skip,gold_quote_missing,,,,,,,,UP,,,,,,,,,,,,,,,,,,,,,,,,,,,,,,,,,
2026-10-02 22:30:00,recovery,6,skip,gold_quote_missing,KXBTC15M-26OCT022230-30,,,,,,,DOWN,,,,,,,,,,,,,,,,,,,,,,,,,,,,,,,,,
2026-10-02 22:45:00,recovery,6,skip,gold_quote_missing,KXBTC15M-26OCT022245-45,,,,,,,UP,,,,,,,,,,,,,,,,,,,,,,,,,,,,,,,,,
2026-10-02 23:00:00,recovery,6,skip,gold_quote_missing,KXBTC15M-26OCT022300-00,,,,,,,DOWN,,,,,,,,,,,,,,,,,,,,,,,,,,,,,,,,,
2026-10-02 23:15:00,recovery,6,skip,gold_quote_missing,KXBTC15M-26OCT022315-15,,,,,,,UP,,,,,,,,,,,,,,,,,,,,,,,,,,,,,,,,,
2026-10-02 23:30:00,recovery,6,skip,gold_quote_missing,KXBTC15M-26OCT022330-30,,,,,,,DOWN,,,,,,,,,,,,,,,,,,,,,,,,,,,,,,,,,
2026-10-02 23:45:00,recovery,6,skip,gold_quote_missing,KXBTC15M-26OCT022345-45,,,,,,,UP,,,,,,,,,,,,,,,,,,,,,,,,,,,,,,,,,
2026-10-03 00:00:00,recovery,6,skip,gold_quote_missing,KXBTC15M-26OCT030000-00,,,,,,,DOWN,,,,,,,,,,,,,,,,,,,,,,,,,,,,,,,,,
2026-10-03 00:15:00,recovery,6,skip,gold_quote_missing,KXBTC15M-26OCT030015-15,,,,,,,UP,,,,,,,,,,,,,,,,,,,,,,,,,,,,,,,,,
2026-10-03 00:30:00,recovery,6,skip,gold_quote_missing,KXBTC15M-26OCT030030-30,,,,,,,DOWN,,,,,,,,,,,,,,,,,,,,,,,,,,,,,,,,,
2026-10-03 00:45:00,recovery,6,skip,gold_quote_missing,KXBTC15M-26OCT030045-45,,,,,,,UP,,,,,,,,,,,,,,,,,,,,,,,,,,,,,,,,,
2026-10-03 01:00:00,recovery,6,skip,gold_quote_missing,KXBTC15M-26OCT030100-00,,,,,,,DOWN,,,,,,,,,,,,,,,,,,,,,,,,,,,,,,,,,
2026-10-03 01:15:00,recovery,6,skip,gold_quote_missing,,,,,,,,UP,,,,,,,,,,,,,,,,,,,,,,,,,,,,,,,,,
2026-10-03 01:30:00,recovery,6,skip,gold_quote_missing,KXBTC15M-26OCT030130-30,,,,,,,DOWN,,,,,,,,,,,,,,,,,,,,,,,,,,,,,,,,,
2026-10-03 01:45:00,recovery,6,skip,gold_quote_missing,KXBTC15M-26OCT030145-45,,,,,,,UP,,,,,,,,,,,,,,,,,,,,,,,,,,,,,,,,,
2026-10-03 02:00:00,recovery,6,skip,gold_quote_missing,KXBTC15M-26OCT030200-00,,,,,,,DOWN,,,,,,,,,,,,,,,,,,,,,,,,,,,,,,,,,
2026-10-03 02:15:00,recovery,6,skip,gold_quote_missing,,,,,,,,UP,,,,,,,,,,,,,,,,,,,,,,,,,,,,,,,,,
2026-10-03 02:30:00,recovery,6,skip,gold_quote_missing,,,,,,,,DOWN,,,,,,,,,,,,,,,,,,,,,,,,,,,,,,,,,
2026-10-03 02:45:00,recovery,6,skip,gold_quote_missing,,,,,,,,UP,,,,,,,,,,,,,,,,,,,,,,,,,,,,,,,,,
2026-10-03 03:00:00,recovery,6,skip,gold_quote_missing,KXBTC15M-26OCT030300-00,,,,,,,DOWN,,,,,,,,,,,,,,,,,,,,,,,,,,,,,,,,,
2026-10-03 03:15:00,recovery,6,skip,gold_quote_missing,KXBTC15M-26OCT030315-15,,,,,,,UP,,,,,,,,,,,,,,,,,,,,,,,,,,,,,,,,,
2026-10-03 03:30:00,recovery,6,skip,gold_quote_missing,,,,,,,,DOWN,,,,,,,,,,,,,,,,,,,,,,,,,,,,,,,,,
2026-10-03 03:45:00,recovery,6,skip,gold_quote_missing,,,,,,,,UP,,,,,,,,,,,,,,,,,,,,,,,,,,,,,,,,,
2026-10-03 04:00:00,recovery,6,skip,gold_quote_missing,,,,,,,,DOWN,,,,,,,,,,,,,,,,,,,,,,,,,,,,,,,,,
2026-10-03 04:15:00,recovery,6,skip,gold_quote_missing,,,,,,,,UP,,,,,,,,,,,,,,,,,,,,,,,,,,,,,,,,,
2026-10-03 04:30:00,recovery,6,skip,gold_quote_missing,KXBTC15M-26OCT030430-30,,,,,,,DOWN,,,,,,,,,,,,,,,,,,,,,,,,,,,,,,,,,
2026-10-03 04:45:00,recovery,6,skip,gold_quote_missing,,,,,,,,UP,,,,,,,,,,,,,,,,,,,,,,,,,,,,,,,,,
2026-10-03 05:00:00,recovery,6,skip,gold_quote_missing,,,,,,,,DOWN,,,,,,,,,,,,,,,,,,,,,,,,,,,,,,,,,
2026-10-03 05:15:00,recovery,6,skip,gold_quote_missing,,,,,,,,UP,,,,,,,,,,,,,,,,,,,,,,,,,,,,,,,,,
2026-10-03 05:30:00,recovery,6,skip,gold_quote_missing,,,,,,,,DOWN,,,,,,,,,,,,,,,,,,,,,,,,,,,,,,,,,
2026-10-03 05:45:00,recovery,6,skip,gold_quote_missing,,,,,,,,UP,,,,,,,,,,,,,,,,,,,,,,,,,,,,,,,,,
2026-10-03 06:00:00,recovery,6,skip,gold_quote_missing,,,,,,,,DOWN,,,,,,,,,,,,,,,,,,,,,,,,,,,,,,,,,
2026-10-03 06:15:00,recovery,6,skip,gold_quote_missing,,,,,,,,UP,,,,,,,,,,,,,,,,,,,,,,,,,,,,,,,,,
2026-10-03 06:30:00,recovery,6,skip,gold_quote_missing,,,,,,,,DOWN,,,,,,,,,,,,,,,,,,,,,,,,,,,,,,,,,
2026-10-03 06:45:00,recovery,6,skip,gold_quote_missing,,,,,,,,UP,,,,,,,,,,,,,,,,,,,,,,,,,,,,,,,,,
2026-10-03 07:00:00,recovery,6,skip,gold_quote_missing,,,,,,,,DOWN,,,,,,,,,,,,,,,,,,,,,,,,,,,,,,,,,
2026-10-03 07:15:00,recovery,6,skip,gold_quote_missing,,,,,,,,UP,,,,,,,,,,,,,,,,,,,,,,,,,,,,,,,,,
2026-10-03 07:30:00,recovery,6,skip,gold_quote_missing,,,,,,,,DOWN,,,,,,,,,,,,,,,,,,,,,,,,,,,,,,,,,
2026-10-03 07:45:00,recovery,6,skip,gold_quote_missing,,,,,,,,UP,,,,,,,,,,,,,,,,,,,,,,,,,,,,,,,,,
2026-10-03 08:00:00,recovery,6,skip,gold_quote_missing,,,,,,,,DOWN,,,,,,,,,,,,,,,,,,,,,,,,,,,,,,,,,
2026-10-03 08:15:00,recovery,6,skip,gold_quote_missing,,,,,,,,UP,,,,,,,,,,,,,,,,,,,,,,,,,,,,,,,,,
2026-10-03 08:30:00,recovery,6,skip,gold_quote_missing,KXBTC15M-26OCT030830-30,,,,,,,DOWN,,,,,,,,,,,,,,,,,,,,,,,,,,,,,,,,,
2026-10-03 08:45:00,recovery,6,skip,gold_quote_missing,KXBTC15M-26OCT030845-45,,,,,,,UP,,,,,,,,,,,,,,,,,,,,,,,,,,,,,,,,,
2026-10-03 09:00:00,recovery,6,skip,gold_quote_missing,KXBTC15M-26OCT030900-00,,,,,,,DOWN,,,,,,,,,,,,,,,,,,,,,,,,,,,,,,,,,
2026-10-03 09:15:00,recovery,6,skip,gold_quote_missing,KXBTC15M-26OCT030915-15,,,,,,,UP,,,,,,,,,,,,,,,,,,,,,,,,,,,,,,,,,
2026-10-03 09:30:00,recovery,6,skip,gold_quote_missing,KXBTC15M-26OCT030930-30,,,,,,,DOWN,,,,,,,,,,,,,,,,,,,,,,,,,,,,,,,,,
2026-10-03 09:45:00,recovery,6,skip,gold_quote_missing,KXBTC15M-26OCT030945-45,,,,,,,UP,,,,,,,,,,,,,,,,,,,,,,,,,,,,,,,,,
2026-10-03 10:00:00,recovery,6,skip,gold_quote_missing,KXBTC15M-26OCT031000-00,,,,,,,DOWN,,,,,,,,,,,,,,,,,,,,,,,,,,,,,,,,,
2026-10-03 10:15:00,recovery,6,skip,gold_quote_missing,KXBTC15M-26OCT031015-15,,,,,,,UP,,,,,,,,,,,,,,,,,,,,,,,,,,,,,,,,,
2026-10-03 10:30:00,recovery,6,skip,gold_quote_missing,KXBTC15M-26OCT031030-30,,,,,,,DOWN,,,,,,,,,,,,,,,,,,,,,,,,,,,,,,,,,
2026-10-03 10:45:00,recovery,6,skip,gold_quote_missing,KXBTC15M-26OCT031045-45,,,,,,,UP,,,,,,,,,,,,,,,,,,,,,,,,,,,,,,,,,
2026-10-03 11:00:00,recovery,6,skip,gold_quote_missing,KXBTC15M-26OCT031100-00,,,,,,,DOWN,,,,,,,,,,,,,,,,,,,,,,,,,,,,,,,,,
2026-10-03 11:15:00,recovery,6,skip,gold_quote_missing,,,,,,,,UP,,,,,,,,,,,,,,,,,,,,,,,,,,,,,,,,,
2026-10-03 11:30:00,recovery,6,skip,gold_quote_missing,KXBTC15M-26OCT031130-30,,,,,,,DOWN,,,,,,,,,,,,,,,,,,,,,,,,,,,,,,,,,
2026-10-03 11:45:00,recovery,6,skip,gold_quote_missing,,,,,,,,UP,,,,,,,,,,,,,,,,,,,,,,,,,,,,,,,,,
2026-10-03 12:00:00,recovery,6,skip,gold_quote_missing,,,,,,,,DOWN,,,,,,,,,,,,,,,,,,,,,,,,,,,,,,,,,
2026-10-03 12:15:00,recovery,6,skip,gold_quote_missing,,,,,,,,UP,,,,,,,,,,,,,,,,,,,,,,,,,,,,,,,,,
2026-10-03 12:30:00,recovery,6,skip,gold_quote_missing,KXBTC15M-26OCT031230-30,,,,,,,DOWN,,,,,,,,,,,,,,,,,,,,,,,,,,,,,,,,,
2026-10-03 12:45:00,recovery,6,skip,gold_quote_missing,KXBTC15M-26OCT031245-45,,,,,,,UP,,,,,,,,,,,,,,,,,,,,,,,,,,,,,,,,,
2026-10-03 13:00:00,recovery,6,skip,gold_quote_missing,KXBTC15M-26OCT031300-00,,,,,,,DOWN,,,,,,,,,,,,,,,,,,,,,,,,,,,,,,,,,
2026-10-03 13:15:00,recovery,6,skip,gold_quote_missing,KXBTC15M-26OCT031315-15,,,,,,,UP,,,,,,,,,,,,,,,,,,,,,,,,,,,,,,,,,
2026-10-03 13:30:00,recovery,6,skip,gold_quote_missing,KXBTC15M-26OCT031330-30,,,,,,,DOWN,,,,,,,,,,,,,,,,,,,,,,,,,,,,,,,,,
2026-10-03 13:45:00,recovery,6,skip,gold_quote_missing,,,,,,,,UP,,,,,,,,,,,,,,,,,,,,,,,,,,,,,,,,,
2026-10-03 14:00:00,recovery,6,skip,gold_quote_missing,,,,,,,,DOWN,,,,,,,,,,,,,,,,,,,,,,,,,,,,,,,,,
2026-10-03 14:15:00,recovery,6,skip,gold_quote_missing,,,,,,,,UP,,,,,,,,,,,,,,,,,,,,,,,,,,,,,,,,,
2026-10-03 14:30:00,recovery,6,skip,gold_quote_missing,,,,,,,,DOWN,,,,,,,,,,,,,,,,,,,,,,,,,,,,,,,,,
2026-10-03 14:45:00,recovery,6,skip,gold_quote_missing,KXBTC15M-26OCT031445-45,,,,,,,UP,,,,,,,,,,,,,,,,,,,,,,,,,,,,,,,,,
2026-10-03 15:00:00,recovery,6,skip,gold_quote_missing,,,,,,,,DOWN,,,,,,,,,,,,,,,,,,,,,,,,,,,,,,,,,
2026-10-03 15:15:00,recovery,6,skip,gold_quote_missing,KXBTC15M-26OCT031515-15,,,,,,,UP,,,,,,,,,,,,,,,,,,,,,,,,,,,,,,,,,
2026-10-03 15:30:00,recovery,6,skip,gold_quote_missing,KXBTC15M-26OCT031530-30,,,,,,,DOWN,,,,,,,,,,,,,,,,,,,,,,,,,,,,,,,,,
2026-10-03 15:45:00,recovery,6,skip,gold_quote_missing,KXBTC15M-26OCT031545-45,,,,,,,UP,,,,,,,,,,,,,,,,,,,,,,,,,,,,,,,,,
2026-10-03 16:00:00,recovery,6,skip,gold_quote_missing,,,,,,,,DOWN,,,,,,,,,,,,,,,,,,,,,,,,,,,,,,,,,
2026-10-03 16:15:00,recovery,6,skip,gold_quote_missing,KXBTC15M-26OCT031615-15,,,,,,,UP,,,,,,,,,,,,,,,,,,,,,,,,,,,,,,,,,
2026-10-03 16:30:00,recovery,6,skip,gold_quote_missing,KXBTC15M-26OCT031630-30,,,,,,,DOWN,,,,,,,,,,,,,,,,,,,,,,,,,,,,,,,,,
2026-10-03 16:45:00,recovery,6,skip,gold_quote_missing,KXBTC15M-26OCT031645-45,,,,,,,UP,,,,,,,,,,,,,,,,,,,,,,,,,,,,,,,,,
2026-10-03 17:00:00,recovery,6,skip,gold_quote_missing,,,,,,,,DOWN,,,,,,,,,,,,,,,,,,,,,,,,,,,,,,,,,
2026-10-03 17:15:00,recovery,6,skip,gold_quote_missing,KXBTC15M-26OCT031715-15,,,,,,,UP,,,,,,,,,,,,,,,,,,,,,,,,,,,,,,,,,
2026-10-03 17:30:00,recovery,6,skip,gold_quote_missing,KXBTC15M-26OCT031730-30,,,,,,,DOWN,,,,,,,,,,,,,,,,,,,,,,,,,,,,,,,,,
2026-10-03 17:45:00,recovery,6,skip,gold_quote_missing,KXBTC15M-26OCT031745-45,,,,,,,UP,,,,,,,,,,,,,,,,,,,,,,,,,,,,,,,,,
2026-10-03 18:00:00,recovery,6,skip,gold_quote_missing,,,,,,,,DOWN,,,,,,,,,,,,,,,,,,,,,,,,,,,,,,,,,
2026-10-03 18:15:00,recovery,6,skip,gold_quote_missing,,,,,,,,UP,,,,,,,,,,,,,,,,,,,,,,,,,,,,,,,,,
2026-10-03 18:30:00,recovery,6,skip,gold_quote_missing,,,,,,,,DOWN,,,,,,,,,,,,,,,,,,,,,,,,,,,,,,,,,
2026-10-03 18:45:00,recovery,6,skip,gold_quote_missing,,,,,,,,UP,,,,,,,,,,,,,,,,,,,,,,,,,,,,,,,,,
2026-10-03 19:00:00,recovery,6,skip,gold_quote_missing,,,,,,,,DOWN,,,,,,,,,,,,,,,,,,,,,,,,,,,,,,,,,
2026-10-03 19:15:00,recovery,6,skip,gold_quote_missing,,,,,,,,UP,,,,,,,,,,,,,,,,,,,,,,,,,,,,,,,,,
2026-10-03 19:30:00,recovery,6,skip,gold_quote_missing,,,,,,,,DOWN,,,,,,,,,,,,,,,,,,,,,,,,,,,,,,,,,
2026-10-03 19:45:00,recovery,6,skip,gold_quote_missing,KXBTC15M-26OCT031945-45,,,,,,,UP,,,,,,,,,,,,,,,,,,,,,,,,,,,,,,,,,
2026-10-03 20:00:00,recovery,6,skip,gold_quote_missing,,,,,,,,DOWN,,,,,,,,,,,,,,,,,,,,,,,,,,,,,,,,,
2026-10-03 20:15:00,recovery,6,skip,gold_quote_missing,KXBTC15M-26OCT032015-15,,,,,,,UP,,,,,,,,,,,,,,,,,,,,,,,,,,,,,,,,,
2026-10-03 20:30:00,recovery,6,skip,gold_quote_missing,KXBTC15M-26OCT032030-30,,,,,,,DOWN,,,,,,,,,,,,,,,,,,,,,,,,,,,,,,,,,
2026-10-03 20:45:00,recovery,6,skip,gold_quote_missing,,,,,,,,UP,,,,,,,,,,,,,,,,,,,,,,,,,,,,,,,,,
2026-10-03 21:00:00,recovery,6,skip,gold_quote_missing,,,,,,,,DOWN,,,,,,,,,,,,,,,,,,,,,,,,,,,,,,,,,
2026-10-03 21:15:00,recovery,6,skip,gold_quote_missing,,,,,,,,UP,,,,,,,,,,,,,,,,,,,,,,,,,,,,,,,,,
2026-10-03 21:30:00,recovery,6,skip,gold_quote_missing,KXBTC15M-26OCT032130-30,,,,,,,DOWN,,,,,,,,,,,,,,,,,,,,,,,,,,,,,,,,,
2026-10-03 21:45:00,recovery,6,skip,gold_quote_missing,KXBTC15M-26OCT032145-45,,,,,,,UP,,,,,,,,,,,,,,,,,,,,,,,,,,,,,,,,,
2026-10-03 22:00:00,recovery,6,skip,gold_quote_missing,KXBTC15M-26OCT032200-00,,,,,,,DOWN,,,,,,,,,,,,,,,,,,,,,,,,,,,,,,,,,
2026-10-03 22:15:00,recovery,6,skip,gold_quote_missing,KXBTC15M-26OCT032215-15,,,,,,,UP,,,,,,,,,,,,,,,,,,,,,,,,,,,,,,,,,
2026-10-03 22:30:00,recovery,6,skip,gold_quote_missing,KXBTC15M-26OCT032230-30,,,,,,,DOWN,,,,,,,,,,,,,,,,,,,,,,,,,,,,,,,,,
2026-10-03 22:45:00,recovery,6,skip,gold_quote_missing,KXBTC15M-26OCT032245-45,,,,,,,UP,,,,,,,,,,,,,,,,,,,,,,,,,,,,,,,,,
2026-10-03 23:00:00,recovery,6,skip,gold_quote_missing,,,,,,,,DOWN,,,,,,,,,,,,,,,,,,,,,,,,,,,,,,,,,
2026-10-03 23:15:00,recovery,6,skip,gold_quote_missing,,,,,,,,UP,,,,,,,,,,,,,,,,,,,,,,,,,,,,,,,,,
2026-10-03 23:30:00,recovery,6,skip,gold_quote_missing,,,,,,,,DOWN,,,,,,,,,,,,,,,,,,,,,,,,,,,,,,,,,
2026-10-03 23:45:00,recovery,6,skip,gold_quote_missing,KXBTC15M-26OCT032345-45,,,,,,,UP,,,,,,,,,,,,,,,,,,,,,,,,,,,,,,,,,
2026-10-04 00:00:00,recovery,6,skip,gold_quote_missing,KXBTC15M-26OCT040000-00,,,,,,,DOWN,,,,,,,,,,,,,,,,,,,,,,,,,,,,,,,,,
2026-10-04 00:15:00,recovery,6,skip,gold_quote_missing,KXBTC15M-26OCT040015-15,,,,,,,UP,,,,,,,,,,,,,,,,,,,,,,,,,,,,,,,,,
2026-10-04 00:30:00,recovery,6,skip,gold_quote_missing,,,,,,,,DOWN,,,,,,,,,,,,,,,,,,,,,,,,,,,,,,,,,
2026-10-04 00:45:00,recovery,6,skip,gold_quote_missing,,,,,,,,UP,,,,,,,,,,,,,,,,,,,,,,,,,,,,,,,,,
2026-10-04 01:00:00,recovery,6,skip,gold_quote_missing,,,,,,,,DOWN,,,,,,,,,,,,,,,,,,,,,,,,,,,,,,,,,
2026-10-04 01:15:00,recovery,6,skip,gold_quote_missing,,,,,,,,UP,,,,,,,,,,,,,,,,,,,,,,,,,,,,,,,,,
2026-10-04 01:30:00,recovery,6,skip,gold_quote_missing,,,,,,,,DOWN,,,,,,,,,,,,,,,,,,,,,,,,,,,,,,,,,
2026-10-04 01:45:00,recovery,6,skip,gold_quote_missing,,,,,,,,UP,,,,,,,,,,,,,,,,,,,,,,,,,,,,,,,,,
2026-10-04 02:00:00,recovery,6,skip,gold_quote_missing,,,,,,,,DOWN,,,,,,,,,,,,,,,,,,,,,,,,,,,,,,,,,
2026-10-04 02:15:00,recovery,6,skip,gold_quote_missing,,,,,,,,UP,,,,,,,,,,,,,,,,,,,,,,,,,,,,,,,,,
2026-10-04 02:30:00,recovery,6,skip,gold_quote_missing,KXBTC15M-26OCT040230-30,,,,,,,DOWN,,,,,,,,,,,,,,,,,,,,,,,,,,,,,,,,,
2026-10-04 02:45:00,recovery,6,skip,gold_quote_missing,KXBTC15M-26OCT040245-45,,,,,,,UP,,,,,,,,,,,,,,,,,,,,,,,,,,,,,,,,,
2026-10-04 03:00:00,recovery,6,skip,gold_quote_missing,KXBTC15M-26OCT040300-00,,,,,,,DOWN,,,,,,,,,,,,,,,,,,,,,,,,,,,,,,,,,
2026-10-04 03:15:00,recovery,6,skip,gold_quote_missing,KXBTC15M-26OCT040315-15,,,,,,,UP,,,,,,,,,,,,,,,,,,,,,,,,,,,,,,,,,
2026-10-04 03:30:00,recovery,6,skip,gold_quote_missing,,,,,,,,DOWN,,,,,,,,,,,,,,,,,,,,,,,,,,,,,,,,,
2026-10-04 03:45:00,recovery,6,skip,gold_quote_missing,,,,,,,,UP,,,,,,,,,,,,,,,,,,,,,,,,,,,,,,,,,
2026-10-04 04:00:00,recovery,6,skip,gold_quote_missing,KXBTC15M-26OCT040400-00,,,,,,,DOWN,,,,,,,,,,,,,,,,,,,,,,,,,,,,,,,,,
2026-10-04 04:15:00,recovery,6,skip,gold_quote_missing,KXBTC15M-26OCT040415-15,,,,,,,UP,,,,,,,,,,,,,,,,,,,,,,,,,,,,,,,,,
2026-10-04 04:30:00,recovery,6,skip,gold_quote_missing,,,,,,,,DOWN,,,,,,,,,,,,,,,,,,,,,,,,,,,,,,,,,
2026-10-04 04:45:00,recovery,6,skip,gold_quote_missing,KXBTC15M-26OCT040445-45,,,,,,,UP,,,,,,,,,,,,,,,,,,,,,,,,,,,,,,,,,
2026-10-04 05:00:00,recovery,6,skip,gold_quote_missing,KXBTC15M-26OCT040500-00,,,,,,,DOWN,,,,,,,,,,,,,,,,,,,,,,,,,,,,,,,,,
2026-10-04 05:15:00,recovery,6,skip,gold_quote_missing,,,,,,,,UP,,,,,,,,,,,,,,,,,,,,,,,,,,,,,,,,,
2026-10-04 05:30:00,recovery,6,skip,gold_quote_missing,KXBTC15M-26OCT040530-30,,,,,,,DOWN,,,,,,,,,,,,,,,,,,,,,,,,,,,,,,,,,
2026-10-04 05:45:00,recovery,6,skip,gold_quote_missing,,,,,,,,UP,,,,,,,,,,,,,,,,,,,,,,,,,,,,,,,,,
2026-10-04 06:00:00,recovery,6,skip,gold_quote_missing,KXBTC15M-26OCT040600-00,,,,,,,DOWN,,,,,,,,,,,,,,,,,,,,,,,,,,,,,,,,,
2026-10-04 06:15:00,recovery,6,skip,gold_quote_missing,,,,,,,,UP,,,,,,,,,,,,,,,,,,,,,,,,,,,,,,,,,
2026-10-04 06:30:00,recovery,6,skip,gold_quote_missing,KXBTC15M-26OCT040630-30,,,,,,,DOWN,,,,,,,,,,,,,,,,,,,,,,,,,,,,,,,,,
2026-10-04 06:45:00,recovery,6,skip,gold_quote_missing,KXBTC15M-26OCT040645-45,,,,,,,UP,,,,,,,,,,,,,,,,,,,,,,,,,,,,,,,,,
2026-10-04 07:00:00,recovery,6,skip,gold_quote_missing,KXBTC15M-26OCT040700-00,,,,,,,DOWN,,,,,,,,,,,,,,,,,,,,,,,,,,,,,,,,,
2026-10-04 07:15:00,recovery,6,skip,gold_quote_missing,,,,,,,,UP,,,,,,,,,,,,,,,,,,,,,,,,,,,,,,,,,
2026-10-04 07:30:00,recovery,6,skip,gold_quote_missing,KXBTC15M-26OCT040730-30,,,,,,,DOWN,,,,,,,,,,,,,,,,,,,,,,,,,,,,,,,,,
2026-10-04 07:45:00,recovery,6,skip,gold_quote_missing,,,,,,,,UP,,,,,,,,,,,,,,,,,,,,,,,,,,,,,,,,,
2026-10-04 08:00:00,recovery,6,skip,gold_quote_missing,KXBTC15M-26OCT040800-00,,,,,,,DOWN,,,,,,,,,,,,,,,,,,,,,,,,,,,,,,,,,
2026-10-04 08:15:00,recovery,6,skip,gold_quote_missing,KXBTC15M-26OCT040815-15,,,,,,,UP,,,,,,,,,,,,,,,,,,,,,,,,,,,,,,,,,
2026-10-04 08:30:00,recovery,6,skip,gold_quote_missing,,,,,,,,DOWN,,,,,,,,,,,,,,,,,,,,,,,,,,,,,,,,,
2026-10-04 08:45:00,recovery,6,skip,gold_quote_missing,,,,,,,,UP,,,,,,,,,,,,,,,,,,,,,,,,,,,,,,,,,
2026-10-04 09:00:00,recovery,6,skip,gold_quote_missing,KXBTC15M-26OCT040900-00,,,,,,,DOWN,,,,,,,,,,,,,,,,,,,,,,,,,,,,,,,,,
2026-10-04 09:15:00,recovery,6,skip,gold_quote_missing,KXBTC15M-26OCT040915-15,,,,,,,UP,,,,,,,,,,,,,,,,,,,,,,,,,,,,,,,,,
2026-10-04 09:30:00,recovery,6,skip,gold_quote_missing,KXBTC15M-26OCT040930-30,,,,,,,DOWN,,,,,,,,,,,,,,,,,,,,,,,,,,,,,,,,,
2026-10-04 09:45:00,recovery,6,skip,gold_quote_missing,KXBTC15M-26OCT040945-45,,,,,,,UP,,,,,,,,,,,,,,,,,,,,,,,,,,,,,,,,,
2026-10-04 10:00:00,recovery,6,skip,gold_quote_missing,KXBTC15M-26OCT041000-00,,,,,,,DOWN,,,,,,,,,,,,,,,,,,,,,,,,,,,,,,,,,
2026-10-04 10:15:00,recovery,6,skip,gold_quote_missing,,,,,,,,UP,,,,,,,,,,,,,,,,,,,,,,,,,,,,,,,,,
2026-10-04 10:30:00,recovery,6,skip,gold_quote_missing,,,,,,,,DOWN,,,,,,,,,,,,,,,,,,,,,,,,,,,,,,,,,
2026-10-04 10:45:00,recovery,6,skip,gold_quote_missing,KXBTC15M-26OCT041045-45,,,,,,,UP,,,,,,,,,,,,,,,,,,,,,,,,,,,,,,,,,
2026-10-04 11:00:00,recovery,6,skip,gold_quote_missing,,,,,,,,DOWN,,,,,,,,,,,,,,,,,,,,,,,,,,,,,,,,,
2026-10-04 11:15:00,recovery,6,skip,gold_quote_missing,KXBTC15M-26OCT041115-15,,,,,,,UP,,,,,,,,,,,,,,,,,,,,,,,,,,,,,,,,,
2026-10-04 11:30:00,recovery,6,skip,gold_quote_missing,KXBTC15M-26OCT041130-30,,,,,,,DOWN,,,,,,,,,,,,,,,,,,,,,,,,,,,,,,,,,
2026-10-04 11:45:00,recovery,6,skip,gold_quote_missing,,,,,,,,UP,,,,,,,,,,,,,,,,,,,,,,,,,,,,,,,,,
2026-10-04 12:00:00,recovery,6,skip,gold_quote_missing,,,,,,,,DOWN,,,,,,,,,,,,,,,,,,,,,,,,,,,,,,,,,
2026-10-04 12:15:00,recovery,6,skip,gold_quote_missing,,,,,,,,UP,,,,,,,,,,,,,,,,,,,,,,,,,,,,,,,,,
2026-10-04 12:30:00,recovery,6,skip,gold_quote_missing,,,,,,,,DOWN,,,,,,,,,,,,,,,,,,,,,,,,,,,,,,,,,
2026-10-04 12:45:00,recovery,6,skip,gold_quote_missing,,,,,,,,UP,,,,,,,,,,,,,,,,,,,,,,,,,,,,,,,,,
2026-10-04 13:00:00,recovery,6,skip,gold_quote_missing,KXBTC15M-26OCT041300-00,,,,,,,DOWN,,,,,,,,,,,,,,,,,,,,,,,,,,,,,,,,,
2026-10-04 13:15:00,recovery,6,skip,gold_quote_missing,KXBTC15M-26OCT041315-15,,,,,,,UP,,,,,,,,,,,,,,,,,,,,,,,,,,,,,,,,,
2026-10-04 13:30:00,recovery,6,skip,gold_quote_missing,KXBTC15M-26OCT041330-30,,,,,,,DOWN,,,,,,,,,,,,,,,,,,,,,,,,,,,,,,,,,
2026-10-04 13:45:00,recovery,6,skip,gold_quote_missing,KXBTC15M-26OCT041345-45,,,,,,,UP,,,,,,,,,,,,,,,,,,,,,,,,,,,,,,,,,
2026-10-04 14:00:00,recovery,6,skip,gold_quote_missing,KXBTC15M-26OCT041400-00,,,,,,,DOWN,,,,,,,,,,,,,,,,,,,,,,,,,,,,,,,,,
2026-10-04 14:15:00,recovery,6,skip,gold_quote_missing,KXBTC15M-26OCT041415-15,,,,,,,UP,,,,,,,,,,,,,,,,,,,,,,,,,,,,,,,,,
2026-10-04 14:30:00,recovery,6,skip,gold_quote_missing,,,,,,,,DOWN,,,,,,,,,,,,,,,,,,,,,,,,,,,,,,,,,
2026-10-04 14:45:00,recovery,6,skip,gold_quote_missing,,,,,,,,UP,,,,,,,,,,,,,,,,,,,,,,,,,,,,,,,,,
2026-10-04 15:00:00,recovery,6,skip,gold_quote_missing,,,,,,,,DOWN,,,,,,,,,,,,,,,,,,,,,,,,,,,,,,,,,
2026-10-04 15:15:00,recovery,6,skip,gold_quote_missing,KXBTC15M-26OCT041515-15,,,,,,,UP,,,,,,,,,,,,,,,,,,,,,,,,,,,,,,,,,
2026-10-04 15:30:00,recovery,6,skip,gold_quote_missing,KXBTC15M-26OCT041530-30,,,,,,,DOWN,,,,,,,,,,,,,,,,,,,,,,,,,,,,,,,,,
2026-10-04 15:45:00,recovery,6,skip,gold_quote_missing,KXBTC15M-26OCT041545-45,,,,,,,UP,,,,,,,,,,,,,,,,,,,,,,,,,,,,,,,,,
2026-10-04 16:00:00,recovery,6,skip,gold_quote_missing,,,,,,,,DOWN,,,,,,,,,,,,,,,,,,,,,,,,,,,,,,,,,
2026-10-04 16:15:00,recovery,6,skip,gold_quote_missing,,,,,,,,UP,,,,,,,,,,,,,,,,,,,,,,,,,,,,,,,,,
2026-10-04 16:30:00,recovery,6,skip,gold_quote_missing,KXBTC15M-26OCT041630-30,,,,,,,DOWN,,,,,,,,,,,,,,,,,,,,,,,,,,,,,,,,,
2026-10-04 16:45:00,recovery,6,skip,gold_quote_missing,KXBTC15M-26OCT041645-45,,,,,,,UP,,,,,,,,,,,,,,,,,,,,,,,,,,,,,,,,,
2026-10-04 17:00:00,recovery,6,skip,gold_quote_missing,KXBTC15M-26OCT041700-00,,,,,,,DOWN,,,,,,,,,,,,,,,,,,,,,,,,,,,,,,,,,
2026-10-04 17:15:00,recovery,6,skip,gold_quote_missing,KXBTC15M-26OCT041715-15,,,,,,,UP,,,,,,,,,,,,,,,,,,,,,,,,,,,,,,,,,
2026-10-04 17:30:00,recovery,6,skip,gold_quote_missing,KXBTC15M-26OCT041730-30,,,,,,,DOWN,,,,,,,,,,,,,,,,,,,,,,,,,,,,,,,,,
2026-10-04 17:45:00,recovery,6,skip,gold_quote_missing,KXBTC15M-26OCT041745-45,,,,,,,UP,,,,,,,,,,,,,,,,,,,,,,,,,,,,,,,,,
2026-10-04 18:00:00,recovery,6,skip,gold_quote_missing,KXBTC15M-26OCT041800-00,,,,,,,DOWN,,,,,,,,,,,,,,,,,,,,,,,,,,,,,,,,,
2026-10-04 18:15:00,recovery,6,skip,gold_quote_missing,KXBTC15M-26OCT041815-15,,,,,,,UP,,,,,,,,,,,,,,,,,,,,,,,,,,,,,,,,,
2026-10-04 18:30:00,recovery,6,paired_entry,,KXBTC15M-26OCT041830-30,,,,,,KXBTC15M-26OCT041830-30,DOWN,0.13,no_ask,2026-10-04 18:21:53,,55,7.15,,,,KXGOLD15M-26OCT041830-30,UP,0.32,yes_ask,2026-10-04 18:21:56,,55,17.6,no,0.0,-17.6,0.45,55,,0,quote_based_unverified,24.75,0.25,,,unresolved,1.2733,,
2026-10-04 18:45:00,recovery,6,skip,combined_ask_above_ceiling,KXBTC15M-26OCT041845-45,,,,,,,UP,,,,,,,,,,,,,,,,,,,,,1.09,,,,,,,,,,,,
2026-10-04 19:00:00,recovery,6,skip,combined_ask_above_ceiling,,,,,,,,DOWN,,,,,,,,,,,,,,,,,,,,,1.782,,,,,,,,,,,,
2026-10-04 19:15:00,recovery,6,skip,combined_ask_above_ceiling,KXBTC15M-26OCT041915-15,,,,,,,UP,,,,,,,,,,,,,,,,,,,,,1.721,,,,,,,,,,,,
2026-10-04 19:30:00,recovery,6,skip,combined_ask_above_ceiling,KXBTC15M-26OCT041930-30,,,,,,,DOWN,,,,,,,,,,,,,,,,,,,,,0.95,,,,,,,,,,,,
2026-10-04 19:45:00,recovery,6,skip,combined_ask_above_ceiling,,,,,,,,UP,,,,,,,,,,,,,,,,,,,,,0.728,,,,,,,,,,,,
2026-10-04 20:00:00,recovery,6,skip,combined_ask_above_ceiling,KXBTC15M-26OCT042000-00,,,,,,,DOWN,,,,,,,,,,,,,,,,,,,,,0.59,,,,,,,,,,,,
2026-10-04 20:15:00,recovery,6,paired_entry,,KXBTC15M-26OCT042015-15,,,,,,KXBTC15M-26OCT042015-15,UP,0.43,yes_ask,2026-10-04 20:06:50,,50,21.5,,,,KXGOLD15M-26OCT042015-15,DOWN,0.066,no_ask,2026-10-04 20:06:55,,50,3.3,no,50.0,46.7,0.496,50,,0,quote_based_unverified,24.8,0.2,,,unresolved,1.0737,,
2026-10-04 20:30:00,recovery,6,skip,combined_ask_above_ceiling,KXBTC15M-26OCT042030-30,,,,,,,DOWN,,,,,,,,,,,,,,,,,,,,,1.08,,,,,,,,,,,,
2026-10-04 20:45:00,recovery,6,skip,combined_ask_above_ceiling,KXBTC15M-26OCT042045-45,,,,,,,UP,,,,,,,,,,,,,,,,,,,,,1.55,,,,,,,,,,,,
2026-10-04 21:00:00,recovery,6,skip,combined_ask_above_ceiling,KXBTC15M-26OCT042100-00,,,,,,,DOWN,,,,,,,,,,,,,,,,,,,,,1.13,,,,,,,,,,,,
2026-10-04 21:15:00,recovery,6,paired_entry,,,,,,,,KXBTC15M-26OCT042115-15,UP,0.27,yes_ask,2026-10-04 21:06:53,,60,16.2,,,,KXGOLD15M-26OCT042115-15,DOWN,0.14,no_ask,2026-10-04 21:06:56,,60,8.4,no,60.0,51.6,0.41,60,,0,quote_based_unverified,24.6,0.4,,,unresolved,1.3336,,
2026-10-04 21:30:00,recovery,6,paired_entry,,KXBTC15M-26OCT042130-30,,,,,,KXBTC15M-26OCT042130-30,DOWN,0.31,no_ask,2026-10-04 21:21:56,,51,15.81,,,,KXGOLD15M-26OCT042130-30,UP,0.18,yes_ask,2026-10-04 21:21:51,,51,9.18,no,0.0,-9.18,0.49,51,,0,quote_based_unverified,24.99,0.01,,,unresolved,1.2907,,
2026-10-04 21:45:00,recovery,6,skip,combined_ask_above_ceiling,KXBTC15M-26OCT042145-45,,,,,,,UP,,,,,,,,,,,,,,,,,,,,,0.795,,,,,,,,,,,,
2026-10-04 22:00:00,recovery,6,skip,combined_ask_above_ceiling,KXBTC15M-26OCT042200-00,,,,,,,DOWN,,,,,,,,,,,,,,,,,,,,,1.812,,,,,,,,,,,,
2026-10-04 22:15:00,recovery,6,skip,combined_ask_above_ceiling,KXBTC15M-26OCT042215-15,,,,,,,UP,,,,,,,,,,,,,,,,,,,,,1.27,,,,,,,,,,,,
2026-10-04 22:30:00,recovery,6,skip,combined_ask_above_ceiling,KXBTC15M-26OCT042230-30,,,,,,,DOWN,,,,,,,,,,,,,,,,,,,,,1.117,,,,,,,,,,,,
2026-10-04 22:45:00,recovery,6,skip,combined_ask_above_ceiling,,,,,,,,UP,,,,,,,,,,,,,,,,,,,,,1.371,,,,,,,,,,,,
2026-10-04 23:00:00,recovery,6,skip,combined_ask_above_ceiling,KXBTC15M-26OCT042300-00,,,,,,,DOWN,,,,,,,,,,,,,,,,,,,,,0.928,,,,,,,,,,,,
2026-10-04 23:15:00,recovery,6,skip,combined_ask_above_ceiling,KXBTC15M-26OCT042315-15,,,,,,,UP,,,,,,,,,,,,,,,,,,,,,1.097,,,,,,,,,,,,
2026-10-04 23:30:00,recovery,6,skip,combined_ask_above_ceiling,,,,,,,,DOWN,,,,,,,,,,,,,,,,,,,,,1.828,,,,,,,,,,,,
2026-10-04 23:45:00,recovery,6,paired_entry,,KXBTC15M-26OCT042345-45,,,,,,KXBTC15M-26OCT042345-45,UP,0.079,yes_ask,2026-10-04 23:36:52,,58,4.582,,,,KXGOLD15M-26OCT042345-45,DOWN,0.35,no_ask,2026-10-04 23:36:57,,58,20.3,no,58.0,37.7,0.429,58,,0,quote_based_unverified,24.882,0.118,,,unresolved,1.2192,,
2026-10-05 00:00:00,recovery,6,skip,combined_ask_above_ceiling,KXBTC15M-26OCT050000-00,,,,,,,DOWN,,,,,,,,,,,,,,,,,,,,,1.17,,,,,,,,,,,,
2026-10-05 00:15:00,recovery,6,skip,combined_ask_above_ceiling,KXBTC15M-26OCT050015-15,,,,,,,UP,,,,,,,,,,,,,,,,,,,,,1.52,,,,,,,,,,,,
2026-10-05 00:30:00,recovery,6,skip,combined_ask_above_ceiling,KXBTC15M-26OCT050030-30,,,,,,,DOWN,,,,,,,,,,,,,,,,,,,,,1.103,,,,,,,,,,,,
2026-10-05 00:45:00,recovery,6,paired_entry,,KXBTC15M-26OCT050045-45,,,,,,KXBTC15M-26OCT050045-45,UP,0.12,yes_ask,2026-10-05 00:36:59,,78,9.36,,,,KXGOLD15M-26OCT050045-45,DOWN,0.2,no_ask,2026-10-05 00:36:49,,78,15.6,no,78.0,62.4,0.32,78,,0,quote_based_unverified,24.96,0.04,,,unresolved,1.4502,,
2026-10-05 01:00:00,recovery,6,skip,combined_ask_above_ceiling,KXBTC15M-26OCT050100-00,,,,,,,DOWN,,,,,,,,,,,,,,,,,,,,,1.22,,,,,,,,,,,,
2026-10-05 01:15:00,recovery,6,skip,combined_ask_above_ceiling,,,,,,,,UP,,,,,,,,,,,,,,,,,,,,,0.94,,,,,,,,,,,,
2026-10-05 01:30:00,recovery,6,skip,combined_ask_above_ceiling,,,,,,,,DOWN,,,,,,,,,,,,,,,,,,,,,1.15,,,,,,,,,,,,
2026-10-05 01:45:00,recovery,6,skip,combined_ask_above_ceiling,,,,,,,,UP,,,,,,,,,,,,,,,,,,,,,1.488,,,,,,,,,,,,
2026-10-05 02:00:00,recovery,6,skip,combined_ask_above_ceiling,,,,,,,,DOWN,,,,,,,,,,,,,,,,,,,,,0.72,,,,,,,,,,,,
2026-10-05 02:15:00,recovery,6,skip,combined_ask_above_ceiling,KXBTC15M-26OCT050215-15,,,,,,,UP,,,,,,,,,,,,,,,,,,,,,0.913,,,,,,,,,,,,
2026-10-05 02:30:00,recovery,6,paired_entry,,KXBTC15M-26OCT050230-30,,,,,,KXBTC15M-26OCT050230-30,DOWN,0.24,no_ask,2026-10-05 02:21:50,,50,12.0,,,,KXGOLD15M-26OCT050230-30,UP,0.26,yes_ask,2026-10-05 02:21:53,,50,13.0,no,0.0,-13.0,0.5,50,,0,quote_based_unverified,25.0,0.0,,,unresolved,1.3118,,
2026-10-05 02:45:00,recovery,6,skip,combined_ask_above_ceiling,KXBTC15M-26OCT050245-45,,,,,,,UP,,,,,,,,,,,,,,,,,,,,,1.22,,,,,,,,,,,,
2026-10-05 03:00:00,recovery,6,paired_entry,,KXBTC15M-26OCT050300-00,,,,,,KXBTC15M-26OCT050300-00,DOWN,0.074,no_ask,2026-10-05 02:51:55,,111,8.214,,,,KXGOLD15M-26OCT050300-00,UP,0.15,yes_ask,2026-10-05 02:51:56,,111,16.65,no,0.0,-16.65,0.224,111,,0,quote_based_unverified,24.864,0.136,,,unresolved,1.5232,,
2026-10-05 03:15:00,recovery,6,skip,combined_ask_above_ceiling,KXBTC15M-26OCT050315-15,,,,,,,UP,,,,,,,,,,,,,,,,,,,,,0.88,,,,,,,,,,,,
2026-10-05 03:30:00,recovery,6,skip,combined_ask_above_ceiling,KXBTC15M-26OCT050330-30,,,,,,,DOWN,,,,,,,,,,,,,,,,,,,,,0.95,,,,,,,,,,,,
2026-10-05 03:45:00,recovery,6,skip,combined_ask_above_ceiling,KXBTC15M-26OCT050345-45,,,,,,,UP,,,,,,,,,,,,,,,,,,,,,0.87,,,,,,,,,,,,
2026-10-05 04:00:00,recovery,6,skip,combined_ask_above_ceiling,KXBTC15M-26OCT050400-00,,,,,,,DOWN,,,,,,,,,,,,,,,,,,,,,1.59,,,,,,,,,,,,
2026-10-05 04:15:00,recovery,6,skip,combined_ask_above_ceiling,KXBTC15M-26OCT050415-15,,,,,,,UP,,,,,,,,,,,,,,,,,,,,,1.087,,,,,,,,,,,,
2026-10-05 04:30:00,recovery,6,skip,combined_ask_above_ceiling,,,,,,,,DOWN,,,,,,,,,,,,,,,,,,,,,1.12,,,,,,,,,,,,
2026-10-05 04:45:00,recovery,6,skip,combined_ask_above_ceiling,KXBTC15M-26OCT050445-45,,,,,,,UP,,,,,,,,,,,,,,,,,,,,,0.95,,,,,,,,,,,,
2026-10-05 05:00:00,recovery,6,skip,combined_ask_above_ceiling,,,,,,,,DOWN,,,,,,,,,,,,,,,,,,,,,1.55,,,,,,,,,,,,
2026-10-05 05:15:00,recovery,6,paired_entry,,,,,,,,KXBTC15M-26OCT050515-15,UP,0.15,yes_ask,2026-10-05 05:06:59,,64,9.6,no,0.0,-9.6,KXGOLD15M-26OCT050515-15,DOWN,0.24,no_ask,2026-10-05 05:06:58,,64,15.36,no,64.0,48.64,0.39,64,,0,quote_based_unverified,24.96,0.04,64.0,39.04,gold_only_win,1.3884,-6.4323,32.6077
2026-10-05 05:30:00,normal,,btc_trade,,,KXBTC15M-26OCT050530-30,yes,28.0,0.1797,2.7084,,,,,,,,,,,,,,,,,,,,,,,,,,,,,,,,,,,
2026-10-05 05:45:00,normal,,btc_trade,,,KXBTC15M-26OCT050545-45,yes,31.0,26.0362,4.9638,,,,,,,,,,,,,,,,,,,,,,,,,,,,,,,,,,,
2026-10-05 06:00:00,normal,,btc_trade,,,KXBTC15M-26OCT050600-00,yes,37.0,25.0012,11.9988,,,,,,,,,,,,,,,,,,,,,,,,,,,,,,,,,,,
2026-10-05 06:15:00,normal,,btc_trade,,,KXBTC15M-26OCT050615-15,yes,31.0,24.8501,6.1499,,,,,,,,,,,,,,,,,,,,,,,,,,,,,,,,,,,
2026-10-05 06:30:00,normal,,btc_trade,,,KXBTC15M-26OCT050630-30,yes,35.0,25.3545,9.0469,,,,,,,,,,,,,,,,,,,,,,,,,,,,,,,,,,,
2026-10-05 06:45:00,normal,,btc_trade,,,KXBTC15M-26OCT050645-45,yes,29.0,0.7745,8.0637,,,,,,,,,,,,,,,,,,,,,,,,,,,,,,,,,,,
2026-10-05 07:00:00,normal,,btc_trade,,,KXBTC15M-26OCT050700-00,yes,28.0,24.5817,3.1787,,,,,,,,,,,,,,,,,,,,,,,,,,,,,,,,,,,
2026-10-05 07:15:00,normal,,btc_trade,,,KXBTC15M-26OCT050715-15,yes,29.0,0.2192,3.3212,,,,,,,,,,,,,,,,,,,,,,,,,,,,,,,,,,,
2026-10-05 07:30:00,normal,,btc_trade,,,KXBTC15M-26OCT050730-30,yes,32.0,25.6517,6.0745,,,,,,,,,,,,,,,,,,,,,,,,,,,,,,,,,,,
2026-10-05 08:15:00,normal,,btc_trade,,,KXBTC15M-26OCT050815-15,yes,34.0,0.4726,7.7176,,,,,,,,,,,,,,,,,,,,,,,,,,,,,,,,,,,
2026-10-05 08:30:00,normal,,btc_trade,,,KXBTC15M-26OCT050830-30,yes,37.0,0.5143,14.3947,,,,,,,,,,,,,,,,,,,,,,,,,,,,,,,,,,,
2026-10-05 08:45:00,normal,,btc_trade,,,KXBTC15M-26OCT050845-45,yes,32.0,0.2738,5.4614,,,,,,,,,,,,,,,,,,,,,,,,,,,,,,,,,,,
2026-10-05 09:15:00,normal,,btc_trade,,,KXBTC15M-26OCT050915-15,yes,26.0,24.3962,1.4091,,,,,,,,,,,,,,,,,,,,,,,,,,,,,,,,,,,
2026-10-05 09:30:00,normal,,btc_trade,,,KXBTC15M-26OCT050930-30,yes,34.0,23.9691,-23.9691,,,,,,,,,,,,,,,,,,,,,,,,,,,,,,,,,,,
2026-10-05 09:45:00,recovery,7,skip,combined_ask_above_ceiling,KXBTC15M-26OCT050945-45,,,,,,,UP,,,,,,,,,,,,,,,,,,,,,1.139,,,,,,,,,,,,
2026-10-05 10:00:00,recovery,7,skip,combined_ask_above_ceiling,KXBTC15M-26OCT051000-00,,,,,,,DOWN,,,,,,,,,,,,,,,,,,,,,0.821,,,,,,,,,,,,
2026-10-05 10:15:00,recovery,7,skip,combined_ask_above_ceiling,,,,,,,,UP,,,,,,,,,,,,,,,,,,,,,0.77,,,,,,,,,,,,
2026-10-05 10:30:00,recovery,7,skip,combined_ask_above_ceiling,,,,,,,,DOWN,,,,,,,,,,,,,,,,,,,,,1.3,,,,,,,,,,,,
2026-10-05 10:45:00,recovery,7,skip,combined_ask_above_ceiling,KXBTC15M-26OCT051045-45,,,,,,,UP,,,,,,,,,,,,,,,,,,,,,0.729,,,,,,,,,,,,
2026-10-05 11:00:00,recovery,7,skip,combined_ask_above_ceiling,,,,,,,,DOWN,,,,,,,,,,,,,,,,,,,,,1.59,,,,,,,,,,,,
2026-10-05 11:15:00,recovery,7,skip,combined_ask_above_ceiling,,,,,,,,UP,,,,,,,,,,,,,,,,,,,,,1.28,,,,,,,,,,,,
2026-10-05 11:30:00,recovery,7,skip,combined_ask_above_ceiling,,,,,,,,DOWN,,,,,,,,,,,,,,,,,,,,,0.53,,,,,,,,,,,,
2026-10-05 11:45:00,recovery,7,skip,combined_ask_above_ceiling,,,,,,,,UP,,,,,,,,,,,,,,,,,,,,,0.887,,,,,,,,,,,,
2026-10-05 12:00:00,recovery,7,skip,combined_ask_above_ceiling,KXBTC15M-26OCT051200-00,,,,,,,DOWN,,,,,,,,,,,,,,,,,,,,,1.39,,,,,,,,,,,,
2026-10-05 12:15:00,recovery,7,skip,combined_ask_above_ceiling,,,,,,,,UP,,,,,,,,,,,,,,,,,,,,,1.3,,,,,,,,,,,,
2026-10-05 12:30:00,recovery,7,skip,combined_ask_above_ceiling,,,,,,,,DOWN,,,,,,,,,,,,,,,,,,,,,1.331,,,,,,,,,,,,
2026-10-05 12:45:00,recovery,7,skip,combined_ask_above_ceiling,KXBTC15M-26OCT051245-45,,,,,,,UP,,,,,,,,,,,,,,,,,,,,,1.1,,,,,,,,,,,,
2026-10-05 13:00:00,recovery,7,skip,combined_ask_above_ceiling,KXBTC15M-26OCT051300-00,,,,,,,DOWN,,,,,,,,,,,,,,,,,,,,,0.64,,,,,,,,,,,,
2026-10-05 13:15:00,recovery,7,skip,combined_ask_above_ceiling,,,,,,,,UP,,,,,,,,,,,,,,,,,,,,,0.71,,,,,,,,,,,,
2026-10-05 13:30:00,recovery,7,skip,combined_ask_above_ceiling,KXBTC15M-26OCT051330-30,,,,,,,DOWN,,,,,,,,,,,,,,,,,,,,,0.83,,,,,,,,,,,,
2026-10-05 13:45:00,recovery,7,skip,combined_ask_above_ceiling,,,,,,,,UP,,,,,,,,,,,,,,,,,,,,,0.96,,,,,,,,,,,,
2026-10-05 14:00:00,recovery,7,skip,combined_ask_above_ceiling,,,,,,,,DOWN,,,,,,,,,,,,,,,,,,,,,1.531,,,,,,,,,,,,
2026-10-05 14:15:00,recovery,7,paired_entry,,,,,,,,KXBTC15M-26OCT051415-15,UP,0.36,yes_ask,2026-10-05 14:06:53,,54,19.44,,,,KXGOLD15M-26OCT051415-15,DOWN,0.095,no_ask,2026-10-05 14:06:52,,54,5.13,no,54.0,48.87,0.455,54,,0,quote_based_unverified,24.57,0.43,,,unresolved,1.196,,
2026-10-05 14:30:00,recovery,7,skip,combined_ask_above_ceiling,KXBTC15M-26OCT051430-30,,,,,,,DOWN,,,,,,,,,,,,,,,,,,,,,0.55,,,,,,,,,,,,
2026-10-05 14:45:00,recovery,7,skip,combined_ask_above_ceiling,KXBTC15M-26OCT051445-45,,,,,,,UP,,,,,,,,,,,,,,,,,,,,,0.97,,,,,,,,,,,,
2026-10-05 15:00:00,recovery,7,skip,combined_ask_above_ceiling,,,,,,,,DOWN,,,,,,,,,,,,,,,,,,,,,1.35,,,,,,,,,,,,
2026-10-05 15:15:00,recovery,7,skip,combined_ask_above_ceiling,,,,,,,,UP,,,,,,,,,,,,,,,,,,,,,0.91,,,,,,,,,,,,
2026-10-05 15:30:00,recovery,7,skip,combined_ask_above_ceiling,KXBTC15M-26OCT051530-30,,,,,,,DOWN,,,,,,,,,,,,,,,,,,,,,0.61,,,,,,,,,,,,
2026-10-05 15:45:00,recovery,7,skip,combined_ask_above_ceiling,KXBTC15M-26OCT051545-45,,,,,,,UP,,,,,,,,,,,,,,,,,,,,,0.73,,,,,,,,,,,,
2026-10-05 16:00:00,recovery,7,skip,combined_ask_above_ceiling,,,,,,,,DOWN,,,,,,,,,,,,,,,,,,,,,0.88,,,,,,,,,,,,
2026-10-05 16:15:00,recovery,7,skip,combined_ask_above_ceiling,,,,,,,,UP,,,,,,,,,,,,,,,,,,,,,1.06,,,,,,,,,,,,
2026-10-05 16:30:00,recovery,7,skip,combined_ask_above_ceiling,KXBTC15M-26OCT051630-30,,,,,,,DOWN,,,,,,,,,,,,,,,,,,,,,0.826,,,,,,,,,,,,
2026-10-05 16:45:00,recovery,7,skip,combined_ask_above_ceiling,,,,,,,,UP,,,,,,,,,,,,,,,,,,,,,1.584,,,,,,,,,,,,
2026-10-05 17:00:00,recovery,7,skip,combined_ask_above_ceiling,KXBTC15M-26OCT051700-00,,,,,,,DOWN,,,,,,,,,,,,,,,,,,,,,1.15,,,,,,,,,,,,
2026-10-05 17:15:00,recovery,7,skip,gold_quote_missing,,,,,,,,UP,,,,,,,,,,,,,,,,,,,,,,,,,,,,,,,,,
2026-10-05 17:30:00,recovery,7,skip,gold_quote_missing,KXBTC15M-26OCT051730-30,,,,,,,DOWN,,,,,,,,,,,,,,,,,,,,,,,,,,,,,,,,,
2026-10-05 17:45:00,recovery,7,skip,gold_quote_missing,KXBTC15M-26OCT051745-45,,,,,,,UP,,,,,,,,,,,,,,,,,,,,,,,,,,,,,,,,,
2026-10-05 18:00:00,recovery,7,skip,gold_quote_missing,KXBTC15M-26OCT051800-00,,,,,,,DOWN,,,,,,,,,,,,,,,,,,,,,,,,,,,,,,,,,
2026-10-05 18:15:00,recovery,7,skip,gold_quote_missing,KXBTC15M-26OCT051815-15,,,,,,,UP,,,,,,,,,,,,,,,,,,,,,,,,,,,,,,,,,
2026-10-05 18:30:00,recovery,7,skip,combined_ask_above_ceiling,KXBTC15M-26OCT051830-30,,,,,,,DOWN,,,,,,,,,,,,,,,,,,,,,0.91,,,,,,,,,,,,
2026-10-05 18:45:00,recovery,7,skip,combined_ask_above_ceiling,,,,,,,,UP,,,,,,,,,,,,,,,,,,,,,0.62,,,,,,,,,,,,
2026-10-05 19:00:00,recovery,7,skip,combined_ask_above_ceiling,,,,,,,,DOWN,,,,,,,,,,,,,,,,,,,,,0.898,,,,,,,,,,,,
2026-10-05 19:15:00,recovery,7,skip,combined_ask_above_ceiling,KXBTC15M-26OCT051915-15,,,,,,,UP,,,,,,,,,,,,,,,,,,,,,1.654,,,,,,,,,,,,
2026-10-05 19:30:00,recovery,7,skip,combined_ask_above_ceiling,KXBTC15M-26OCT051930-30,,,,,,,DOWN,,,,,,,,,,,,,,,,,,,,,1.02,,,,,,,,,,,,
2026-10-05 19:45:00,recovery,7,skip,combined_ask_above_ceiling,,,,,,,,UP,,,,,,,,,,,,,,,,,,,,,0.81,,,,,,,,,,,,
2026-10-05 20:00:00,recovery,7,skip,combined_ask_above_ceiling,,,,,,,,DOWN,,,,,,,,,,,,,,,,,,,,,0.851,,,,,,,,,,,,
2026-10-05 20:15:00,recovery,7,skip,combined_ask_above_ceiling,KXBTC15M-26OCT052015-15,,,,,,,UP,,,,,,,,,,,,,,,,,,,,,1.11,,,,,,,,,,,,
2026-10-05 20:30:00,recovery,7,skip,combined_ask_above_ceiling,KXBTC15M-26OCT052030-30,,,,,,,DOWN,,,,,,,,,,,,,,,,,,,,,1.07,,,,,,,,,,,,
2026-10-05 20:45:00,recovery,7,skip,combined_ask_above_ceiling,KXBTC15M-26OCT052045-45,,,,,,,UP,,,,,,,,,,,,,,,,,,,,,1.17,,,,,,,,,,,,
2026-10-05 21:00:00,recovery,7,skip,combined_ask_above_ceiling,KXBTC15M-26OCT052100-00,,,,,,,DOWN,,,,,,,,,,,,,,,,,,,,,1.234,,,,,,,,,,,,
2026-10-05 21:15:00,recovery,7,skip,combined_ask_above_ceiling,KXBTC15M-26OCT052115-15,,,,,,,UP,,,,,,,,,,,,,,,,,,,,,1.661,,,,,,,,,,,,
2026-10-05 21:30:00,recovery,7,skip,combined_ask_above_ceiling,,,,,,,,DOWN,,,,,,,,,,,,,,,,,,,,,0.936,,,,,,,,,,,,
2026-10-05 21:45:00,recovery,7,skip,combined_ask_above_ceiling,,,,,,,,UP,,,,,,,,,,,,,,,,,,,,,0.556,,,,,,,,,,,,
2026-10-05 22:00:00,recovery,7,skip,combined_ask_above_ceiling,KXBTC15M-26OCT052200-00,,,,,,,DOWN,,,,,,,,,,,,,,,,,,,,,1.11,,,,,,,,,,,,
2026-10-05 22:15:00,recovery,7,skip,combined_ask_above_ceiling,,,,,,,,UP,,,,,,,,,,,,,,,,,,,,,0.84,,,,,,,,,,,,
2026-10-05 22:30:00,recovery,7,paired_entry,,KXBTC15M-26OCT052230-30,,,,,,KXBTC15M-26OCT052230-30,DOWN,0.12,no_ask,2026-10-05 22:21:48,,52,6.24,,,,KXGOLD15M-26OCT052230-30,UP,0.36,yes_ask,2026-10-05 22:21:58,,52,18.72,no,0.0,-18.72,0.48,52,,0,quote_based_unverified,24.96,0.04,,,unresolved,1.2231,,
2026-10-05 22:45:00,recovery,7,skip,combined_ask_above_ceiling,,,,,,,,UP,,,,,,,,,,,,,,,,,,,,,1.226,,,,,,,,,,,,
2026-10-05 23:00:00,recovery,7,skip,combined_ask_above_ceiling,,,,,,,,DOWN,,,,,,,,,,,,,,,,,,,,,1.716,,,,,,,,,,,,
2026-10-05 23:15:00,recovery,7,skip,combined_ask_above_ceiling,KXBTC15M-26OCT052315-15,,,,,,,UP,,,,,,,,,,,,,,,,,,,,,1.07,,,,,,,,,,,,
2026-10-05 23:30:00,recovery,7,skip,combined_ask_above_ceiling,KXBTC15M-26OCT052330-30,,,,,,,DOWN,,,,,,,,,,,,,,,,,,,,,0.97,,,,,,,,,,,,
2026-10-05 23:45:00,recovery,7,skip,combined_ask_above_ceiling,,,,,,,,UP,,,,,,,,,,,,,,,,,,,,,0.97,,,,,,,,,,,,
2026-10-06 00:00:00,recovery,7,paired_entry,,KXBTC15M-26OCT060000-00,,,,,,KXBTC15M-26OCT060000-00,DOWN,0.2,no_ask,2026-10-05 23:51:54,,55,11.0,,,,KXGOLD15M-26OCT060000-00,UP,0.25,yes_ask,2026-10-05 23:51:57,,55,13.75,no,0.0,-13.75,0.45,55,,0,quote_based_unverified,24.75,0.25,,,unresolved,1.3379,,
2026-10-06 00:15:00,recovery,7,skip,combined_ask_above_ceiling,KXBTC15M-26OCT060015-15,,,,,,,UP,,,,,,,,,,,,,,,,,,,,,1.163,,,,,,,,,,,,
2026-10-06 00:30:00,recovery,7,skip,combined_ask_above_ceiling,,,,,,,,DOWN,,,,,,,,,,,,,,,,,,,,,1.33,,,,,,,,,,,,
2026-10-06 00:45:00,recovery,7,skip,combined_ask_above_ceiling,,,,,,,,UP,,,,,,,,,,,,,,,,,,,,,1.39,,,,,,,,,,,,
2026-10-06 01:00:00,recovery,7,skip,combined_ask_above_ceiling,,,,,,,,DOWN,,,,,,,,,,,,,,,,,,,,,0.89,,,,,,,,,,,,
2026-10-06 01:15:00,recovery,7,skip,combined_ask_above_ceiling,,,,,,,,UP,,,,,,,,,,,,,,,,,,,,,0.72,,,,,,,,,,,,
2026-10-06 01:30:00,recovery,7,skip,combined_ask_above_ceiling,,,,,,,,DOWN,,,,,,,,,,,,,,,,,,,,,1.65,,,,,,,,,,,,
2026-10-06 01:45:00,recovery,7,skip,combined_ask_above_ceiling,,,,,,,,UP,,,,,,,,,,,,,,,,,,,,,0.58,,,,,,,,,,,,
2026-10-06 02:00:00,recovery,7,skip,combined_ask_above_ceiling,,,,,,,,DOWN,,,,,,,,,,,,,,,,,,,,,1.46,,,,,,,,,,,,
2026-10-06 02:15:00,recovery,7,skip,combined_ask_above_ceiling,,,,,,,,UP,,,,,,,,,,,,,,,,,,,,,0.828,,,,,,,,,,,,
2026-10-06 02:30:00,recovery,7,skip,combined_ask_above_ceiling,KXBTC15M-26OCT060230-30,,,,,,,DOWN,,,,,,,,,,,,,,,,,,,,,1.052,,,,,,,,,,,,
2026-10-06 02:45:00,recovery,7,skip,combined_ask_above_ceiling,KXBTC15M-26OCT060245-45,,,,,,,UP,,,,,,,,,,,,,,,,,,,,,1.51,,,,,,,,,,,,
2026-10-06 03:00:00,recovery,7,skip,combined_ask_above_ceiling,KXBTC15M-26OCT060300-00,,,,,,,DOWN,,,,,,,,,,,,,,,,,,,,,1.2,,,,,,,,,,,,
2026-10-06 03:15:00,recovery,7,skip,combined_ask_above_ceiling,,,,,,,,UP,,,,,,,,,,,,,,,,,,,,,0.99,,,,,,,,,,,,
2026-10-06 03:30:00,recovery,7,skip,combined_ask_above_ceiling,,,,,,,,DOWN,,,,,,,,,,,,,,,,,,,,,1.46,,,,,,,,,,,,
2026-10-06 03:45:00,recovery,7,skip,combined_ask_above_ceiling,KXBTC15M-26OCT060345-45,,,,,,,UP,,,,,,,,,,,,,,,,,,,,,1.244,,,,,,,,,,,,
2026-10-06 04:00:00,recovery,7,skip,combined_ask_above_ceiling,KXBTC15M-26OCT060400-00,,,,,,,DOWN,,,,,,,,,,,,,,,,,,,,,0.63,,,,,,,,,,,,
2026-10-06 04:15:00,recovery,7,skip,combined_ask_above_ceiling,KXBTC15M-26OCT060415-15,,,,,,,UP,,,,,,,,,,,,,,,,,,,,,1.169,,,,,,,,,,,,
2026-10-06 04:30:00,recovery,7,skip,combined_ask_above_ceiling,KXBTC15M-26OCT060430-30,,,,,,,DOWN,,,,,,,,,,,,,,,,,,,,,1.14,,,,,,,,,,,,
2026-10-06 04:45:00,recovery,7,paired_entry,,,,,,,,KXBTC15M-26OCT060445-45,UP,0.19,yes_ask,2026-10-06 04:36:57,,53,10.07,,,,KXGOLD15M-26OCT060445-45,DOWN,0.28,no_ask,2026-10-06 04:36:49,,53,14.84,no,53.0,38.16,0.47,53,,0,quote_based_unverified,24.91,0.09,,,unresolved,1.319,,
2026-10-06 05:00:00,recovery,7,skip,combined_ask_above_ceiling,KXBTC15M-26OCT060500-00,,,,,,,DOWN,,,,,,,,,,,,,,,,,,,,,1.09,,,,,,,,,,,,
2026-10-06 05:15:00,recovery,7,skip,combined_ask_above_ceiling,,,,,,,,UP,,,,,,,,,,,,,,,,,,,,,1.06,,,,,,,,,,,,
2026-10-06 05:30:00,recovery,7,skip,combined_ask_above_ceiling,KXBTC15M-26OCT060530-30,,,,,,,DOWN,,,,,,,,,,,,,,,,,,,,,1.021,,,,,,,,,,,,
2026-10-06 05:45:00,recovery,7,skip,combined_ask_above_ceiling,KXBTC15M-26OCT060545-45,,,,,,,UP,,,,,,,,,,,,,,,,,,,,,1.664,,,,,,,,,,,,
2026-10-06 06:00:00,recovery,7,skip,combined_ask_above_ceiling,KXBTC15M-26OCT060600-00,,,,,,,DOWN,,,,,,,,,,,,,,,,,,,,,0.54,,,,,,,,,,,,
2026-10-06 06:15:00,recovery,7,skip,combined_ask_above_ceiling,KXBTC15M-26OCT060615-15,,,,,,,UP,,,,,,,,,,,,,,,,,,,,,1.16,,,,,,,,,,,,
2026-10-06 06:30:00,recovery,7,skip,combined_ask_above_ceiling,,,,,,,,DOWN,,,,,,,,,,,,,,,,,,,,,1.54,,,,,,,,,,,,
2026-10-06 06:45:00,recovery,7,paired_entry,,,,,,,,KXBTC15M-26OCT060645-45,UP,0.16,yes_ask,2026-10-06 06:36:57,,117,18.72,,,,KXGOLD15M-26OCT060645-45,DOWN,0.052,no_ask,2026-10-06 06:36:49,,117,6.084,no,117.0,110.916,0.212,117,,0,quote_based_unverified,24.804,0.196,,,unresolved,1.5046,,
2026-10-06 07:00:00,recovery,7,skip,combined_ask_above_ceiling,KXBTC15M-26OCT060700-00,,,,,,,DOWN,,,,,,,,,,,,,,,,,,,,,0.82,,,,,,,,,,,,
2026-10-06 07:15:00,recovery,7,skip,combined_ask_above_ceiling,KXBTC15M-26OCT060715-15,,,,,,,UP,,,,,,,,,,,,,,,,,,,,,1.4,,,,,,,,,,,,
2026-10-06 07:30:00,recovery,7,skip,combined_ask_above_ceiling,KXBTC15M-26OCT060730-30,,,,,,,DOWN,,,,,,,,,,,,,,,,,,,,,0.885,,,,,,,,,,,,
2026-10-06 07:45:00,recovery,7,skip,combined_ask_above_ceiling,KXBTC15M-26OCT060745-45,,,,,,,UP,,,,,,,,,,,,,,,,,,,,,0.99,,,,,,,,,,,,
2026-10-06 08:00:00,recovery,7,skip,combined_ask_above_ceiling,KXBTC15M-26OCT060800-00,,,,,,,DOWN,,,,,,,,,,,,,,,,,,,,,0.96,,,,,,,,,,,,
2026-10-06 08:15:00,recovery,7,skip,combined_ask_above_ceiling,KXBTC15M-26OCT060815-15,,,,,,,UP,,,,,,,,,,,,,,,,,,,,,0.93,,,,,,,,,,,,
2026-10-06 08:30:00,recovery,7,skip,combined_ask_above_ceiling,,,,,,,,DOWN,,,,,,,,,,,,,,,,,,,,,1.26,,,,,,,,,,,,
2026-10-06 08:45:00,recovery,7,skip,combined_ask_above_ceiling,KXBTC15M-26OCT060845-45,,,,,,,UP,,,,,,,,,,,,,,,,,,,,,1.59,,,,,,,,,,,,
2026-10-06 09:00:00,recovery,7,skip,combined_ask_above_ceiling,,,,,,,,DOWN,,,,,,,,,,,,,,,,,,,,,0.6,,,,,,,,,,,,
2026-10-06 09:15:00,recovery,7,skip,combined_ask_above_ceiling,,,,,,,,UP,,,,,,,,,,,,,,,,,,,,,0.96,,,,,,,,,,,,
2026-10-06 09:30:00,recovery,7,skip,combined_ask_above_ceiling,,,,,,,,DOWN,,,,,,,,,,,,,,,,,,,,,0.529,,,,,,,,,,,,
2026-10-06 09:45:00,recovery,7,skip,combined_ask_above_ceiling,KXBTC15M-26OCT060945-45,,,,,,,UP,,,,,,,,,,,,,,,,,,,,,1.305,,,,,,,,,,,,
2026-10-06 10:00:00,recovery,7,skip,combined_ask_above_ceiling,KXBTC15M-26OCT061000-00,,,,,,,DOWN,,,,,,,,,,,,,,,,,,,,,0.63,,,,,,,,,,,,
2026-10-06 10:15:00,recovery,7,paired_entry,,,,,,,,KXBTC15M-26OCT061015-15,UP,0.25,yes_ask,2026-10-06 10:06:51,,56,14.0,,,,KXGOLD15M-26OCT061015-15,DOWN,0.19,no_ask,2026-10-06 10:06:59,,56,10.64,no,56.0,45.36,0.44,56,,0,quote_based_unverified,24.64,0.36,,,unresolved,1.3383,,
2026-10-06 10:30:00,recovery,7,skip,combined_ask_above_ceiling,,,,,,,,DOWN,,,,,,,,,,,,,,,,,,,,,1.017,,,,,,,,,,,,
2026-10-06 10:45:00,recovery,7,skip,combined_ask_above_ceiling,KXBTC15M-26OCT061045-45,,,,,,,UP,,,,,,,,,,,,,,,,,,,,,0.97,,,,,,,,,,,,
2026-10-06 11:00:00,recovery,7,skip,combined_ask_above_ceiling,KXBTC15M-26OCT061100-00,,,,,,,DOWN,,,,,,,,,,,,,,,,,,,,,0.93,,,,,,,,,,,,
2026-10-06 11:15:00,recovery,7,skip,combined_ask_above_ceiling,,,,,,,,UP,,,,,,,,,,,,,,,,,,,,,0.643,,,,,,,,,,,,
2026-10-06 11:30:00,recovery,7,skip,combined_ask_above_ceiling,,,,,,,,DOWN,,,,,,,,,,,,,,,,,,,,,1.37,,,,,,,,,,,,
2026-10-06 11:45:00,recovery,7,skip,combined_ask_above_ceiling,KXBTC15M-26OCT061145-45,,,,,,,UP,,,,,,,,,,,,,,,,,,,,,0.7,,,,,,,,,,,,
2026-10-06 12:00:00,recovery,7,skip,combined_ask_above_ceiling,,,,,,,,DOWN,,,,,,,,,,,,,,,,,,,,,1.13,,,,,,,,,,,,
2026-10-06 12:15:00,recovery,7,skip,combined_ask_above_ceiling,KXBTC15M-26OCT061215-15,,,,,,,UP,,,,,,,,,,,,,,,,,,,,,1.34,,,,,,,,,,,,
2026-10-06 12:30:00,recovery,7,skip,combined_ask_above_ceiling,,,,,,,,DOWN,,,,,,,,,,,,,,,,,,,,,1.26,,,,,,,,,,,,
2026-10-06 12:45:00,recovery,7,skip,combined_ask_above_ceiling,,,,,,,,UP,,,,,,,,,,,,,,,,,,,,,0.57,,,,,,,,,,,,
2026-10-06 13:00:00,recovery,7,skip,combined_ask_above_ceiling,,,,,,,,DOWN,,,,,,,,,,,,,,,,,,,,,0.609,,,,,,,,,,,,
2026-10-06 13:15:00,recovery,7,paired_entry,,KXBTC15M-26OCT061315-15,,,,,,KXBTC15M-26OCT061315-15,UP,0.43,yes_ask,2026-10-06 13:06:49,,51,21.93,,,,KXGOLD15M-26OCT061315-15,DOWN,0.059,no_ask,2026-10-06 13:06:53,,51,3.009,no,51.0,47.991,0.489,51,,0,quote_based_unverified,24.939,0.061,,,unresolved,1.0734,,
2026-10-06 13:30:00,recovery,7,skip,combined_ask_above_ceiling,,,,,,,,DOWN,,,,,,,,,,,,,,,,,,,,,0.96,,,,,,,,,,,,
2026-10-06 13:45:00,recovery,7,paired_entry,,,,,,,,KXBTC15M-26OCT061345-45,UP,0.2,yes_ask,2026-10-06 13:36:57,,58,11.6,,,,KXGOLD15M-26OCT061345-45,DOWN,0.23,no_ask,2026-10-06 13:36:56,,58,13.34,no,58.0,44.66,0.43,58,,0,quote_based_unverified,24.94,0.06,,,unresolved,1.3687,,
2026-10-06 14:00:00,recovery,7,skip,combined_ask_above_ceiling,,,,,,,,DOWN,,,,,,,,,,,,,,,,,,,,,0.85,,,,,,,,,,,,
2026-10-06 14:15:00,recovery,7,skip,combined_ask_above_ceiling,KXBTC15M-26OCT061415-15,,,,,,,UP,,,,,,,,,,,,,,,,,,,,,0.92,,,,,,,,,,,,
2026-10-06 14:30:00,recovery,7,skip,combined_ask_above_ceiling,,,,,,,,DOWN,,,,,,,,,,,,,,,,,,,,,1.52,,,,,,,,,,,,
2026-10-06 14:45:00,recovery,7,skip,combined_ask_above_ceiling,,,,,,,,UP,,,,,,,,,,,,,,,,,,,,,0.846,,,,,,,,,,,,
2026-10-06 15:00:00,recovery,7,skip,combined_ask_above_ceiling,,,,,,,,DOWN,,,,,,,,,,,,,,,,,,,,,1.69,,,,,,,,,,,,
2026-10-06 15:15:00,recovery,7,skip,combined_ask_above_ceiling,KXBTC15M-26OCT061515-15,,,,,,,UP,,,,,,,,,,,,,,,,,,,,,1.08,,,,,,,,,,,,
2026-10-06 15:30:00,recovery,7,skip,combined_ask_above_ceiling,,,,,,,,DOWN,,,,,,,,,,,,,,,,,,,,,0.79,,,,,,,,,,,,
2026-10-06 15:45:00,recovery,7,skip,combined_ask_above_ceiling,KXBTC15M-26OCT061545-45,,,,,,,UP,,,,,,,,,,,,,,,,,,,,,1.59,,,,,,,,,,,,
2026-10-06 16:00:00,recovery,7,paired_entry,,KXBTC15M-26OCT061600-00,,,,,,KXBTC15M-26OCT061600-00,DOWN,0.091,no_ask,2026-10-06 15:51:57,,65,5.915,,,,KXGOLD15M-26OCT061600-00,UP,0.29,yes_ask,2026-10-06 15:51:50,,65,18.85,no,0.0,-18.85,0.381,65,,0,quote_based_unverified,24.765,0.235,,,unresolved,1.3133,,
2026-10-06 16:15:00,recovery,7,skip,combined_ask_above_ceiling,,,,,,,,UP,,,,,,,,,,,,,,,,,,,,,1.2,,,,,,,,,,,,
2026-10-06 16:30:00,recovery,7,paired_entry,,KXBTC15M-26OCT061630-30,,,,,,KXBTC15M-26OCT061630-30,DOWN,0.25,no_ask,2026-10-06 16:21:55,,82,20.5,,,,KXGOLD15M-26OCT061630-30,UP,0.052,yes_ask,2026-10-06 16:21:54,,82,4.264,no,0.0,-4.264,0.302,82,,0,quote_based_unverified,24.764,0.236,,,unresolved,1.3593,,
2026-10-06 16:45:00,recovery,7,skip,combined_ask_above_ceiling,,,,,,,,UP,,,,,,,,,,,,,,,,,,,,,1.34,,,,,,,,,,,,
2026-10-06 17:00:00,recovery,7,skip,combined_ask_above_ceiling,,,,,,,,DOWN,,,,,,,,,,,,,,,,,,,,,1.17,,,,,,,,,,,,
2026-10-06 17:15:00,recovery,7,skip,gold_quote_missing,,,,,,,,UP,,,,,,,,,,,,,,,,,,,,,,,,,,,,,,,,,
2026-10-06 17:30:00,recovery,7,skip,gold_quote_missing,,,,,,,,DOWN,,,,,,,,,,,,,,,,,,,,,,,,,,,,,,,,,
2026-10-06 17:45:00,recovery,7,skip,gold_quote_missing,KXBTC15M-26OCT061745-45,,,,,,,UP,,,,,,,,,,,,,,,,,,,,,,,,,,,,,,,,,
2026-10-06 18:00:00,recovery,7,skip,gold_quote_missing,,,,,,,,DOWN,,,,,,,,,,,,,,,,,,,,,,,,,,,,,,,,,
2026-10-06 18:15:00,recovery,7,skip,gold_quote_missing,KXBTC15M-26OCT061815-15,,,,,,,UP,,,,,,,,,,,,,,,,,,,,,,,,,,,,,,,,,
2026-10-06 18:30:00,recovery,7,skip,combined_ask_above_ceiling,,,,,,,,DOWN,,,,,,,,,,,,,,,,,,,,,0.84,,,,,,,,,,,,
2026-10-06 18:45:00,recovery,7,skip,combined_ask_above_ceiling,KXBTC15M-26OCT061845-45,,,,,,,UP,,,,,,,,,,,,,,,,,,,,,1.58,,,,,,,,,,,,
2026-10-06 19:00:00,recovery,7,skip,combined_ask_above_ceiling,KXBTC15M-26OCT061900-00,,,,,,,DOWN,,,,,,,,,,,,,,,,,,,,,0.6,,,,,,,,,,,,
2026-10-06 19:15:00,recovery,7,paired_entry,,,,,,,,KXBTC15M-26OCT061915-15,UP,0.24,yes_ask,2026-10-06 19:06:56,,53,12.72,no,0.0,-12.72,KXGOLD15M-26OCT061915-15,DOWN,0.23,no_ask,2026-10-06 19:06:50,,53,12.19,no,53.0,40.81,0.47,53,,0,quote_based_unverified,24.91,0.09,53.0,28.09,gold_only_win,1.3339,-23.9691,4.1209
2026-10-06 20:00:00,normal,,btc_trade,,,KXBTC15M-26OCT062000-00,yes,42.0,30.4254,-30.4254,,,,,,,,,,,,,,,,,,,,,,,,,,,,,,,,,,,
2026-10-06 20:15:00,recovery,8,skip,combined_ask_above_ceiling,,,,,,,,UP,,,,,,,,,,,,,,,,,,,,,1.17,,,,,,,,,,,,
2026-10-06 20:30:00,recovery,8,skip,combined_ask_above_ceiling,,,,,,,,DOWN,,,,,,,,,,,,,,,,,,,,,0.921,,,,,,,,,,,,
2026-10-06 20:45:00,recovery,8,skip,combined_ask_above_ceiling,KXBTC15M-26OCT062045-45,,,,,,,UP,,,,,,,,,,,,,,,,,,,,,1.68,,,,,,,,,,,,
2026-10-06 21:00:00,recovery,8,paired_entry,,KXBTC15M-26OCT062100-00,,,,,,KXBTC15M-26OCT062100-00,DOWN,0.29,no_ask,2026-10-06 20:51:56,,72,20.88,,,,KXGOLD15M-26OCT062100-00,UP,0.057,yes_ask,2026-10-06 20:51:53,,72,4.104,no,0.0,-4.104,0.347,72,,0,quote_based_unverified,24.984,0.016,,,unresolved,1.3088,,
2026-10-06 21:15:00,recovery,8,skip,combined_ask_above_ceiling,,,,,,,,UP,,,,,,,,,,,,,,,,,,,,,1.07,,,,,,,,,,,,
2026-10-06 21:30:00,recovery,8,skip,combined_ask_above_ceiling,,,,,,,,DOWN,,,,,,,,,,,,,,,,,,,,,1.01,,,,,,,,,,,,
2026-10-06 21:45:00,recovery,8,skip,combined_ask_above_ceiling,KXBTC15M-26OCT062145-45,,,,,,,UP,,,,,,,,,,,,,,,,,,,,,0.58,,,,,,,,,,,,
2026-10-06 22:00:00,recovery,8,skip,combined_ask_above_ceiling,,,,,,,,DOWN,,,,,,,,,,,,,,,,,,,,,0.74,,,,,,,,,,,,
2026-10-06 22:15:00,recovery,8,skip,combined_ask_above_ceiling,,,,,,,,UP,,,,,,,,,,,,,,,,,,,,,0.963,,,,,,,,,,,,
2026-10-06 22:30:00,recovery,8,skip,combined_ask_above_ceiling,KXBTC15M-26OCT062230-30,,,,,,,DOWN,,,,,,,,,,,,,,,,,,,,,1.01,,,,,,,,,,,,
2026-10-06 22:45:00,recovery,8,skip,combined_ask_above_ceiling,KXBTC15M-26OCT062245-45,,,,,,,UP,,,,,,,,,,,,,,,,,,,,,1.23,,,,,,,,,,,,
2026-10-06 23:00:00,recovery,8,skip,combined_ask_above_ceiling,KXBTC15M-26OCT062300-00,,,,,,,DOWN,,,,,,,,,,,,,,,,,,,,,0.57,,,,,,,,,,,,
2026-10-06 23:15:00,recovery,8,skip,combined_ask_above_ceiling,KXBTC15M-26OCT062315-15,,,,,,,UP,,,,,,,,,,,,,,,,,,,,,1.73,,,,,,,,,,,,
2026-10-06 23:30:00,recovery,8,skip,combined_ask_above_ceiling,KXBTC15M-26OCT062330-30,,,,,,,DOWN,,,,,,,,,,,,,,,,,,,,,0.84,,,,,,,,,,,,
2026-10-06 23:45:00,recovery,8,skip,combined_ask_above_ceiling,KXBTC15M-26OCT062345-45,,,,,,,UP,,,,,,,,,,,,,,,,,,,,,1.25,,,,,,,,,,,,
2026-10-07 00:00:00,recovery,8,skip,combined_ask_above_ceiling,KXBTC15M-26OCT070000-00,,,,,,,DOWN,,,,,,,,,,,,,,,,,,,,,0.63,,,,,,,,,,,,
2026-10-07 00:15:00,recovery,8,skip,combined_ask_above_ceiling,KXBTC15M-26OCT070015-15,,,,,,,UP,,,,,,,,,,,,,,,,,,,,,1.21,,,,,,,,,,,,
2026-10-07 00:30:00,recovery,8,skip,combined_ask_above_ceiling,,,,,,,,DOWN,,,,,,,,,,,,,,,,,,,,,1.34,,,,,,,,,,,,
2026-10-07 00:45:00,recovery,8,skip,combined_ask_above_ceiling,,,,,,,,UP,,,,,,,,,,,,,,,,,,,,,1.31,,,,,,,,,,,,
2026-10-07 01:00:00,recovery,8,skip,combined_ask_above_ceiling,KXBTC15M-26OCT070100-00,,,,,,,DOWN,,,,,,,,,,,,,,,,,,,,,0.95,,,,,,,,,,,,
2026-10-07 01:15:00,recovery,8,skip,combined_ask_above_ceiling,KXBTC15M-26OCT070115-15,,,,,,,UP,,,,,,,,,,,,,,,,,,,,,0.95,,,,,,,,,,,,
2026-10-07 01:30:00,recovery,8,skip,combined_ask_above_ceiling,KXBTC15M-26OCT070130-30,,,,,,,DOWN,,,,,,,,,,,,,,,,,,,,,0.58,,,,,,,,,,,,
2026-10-07 01:45:00,recovery,8,skip,combined_ask_above_ceiling,KXBTC15M-26OCT070145-45,,,,,,,UP,,,,,,,,,,,,,,,,,,,,,0.83,,,,,,,,,,,,
2026-10-07 02:00:00,recovery,8,skip,combined_ask_above_ceiling,KXBTC15M-26OCT070200-00,,,,,,,DOWN,,,,,,,,,,,,,,,,,,,,,0.616,,,,,,,,,,,,
2026-10-07 02:15:00,recovery,8,paired_entry,,,,,,,,KXBTC15M-26OCT070215-15,UP,0.3,yes_ask,2026-10-07 02:06:55,,54,16.2,,,,KXGOLD15M-26OCT070215-15,DOWN,0.16,no_ask,2026-10-07 02:06:49,,54,8.64,no,54.0,45.36,0.46,54,,0,quote_based_unverified,24.84,0.16,,,unresolved,1.3019,,
2026-10-07 02:30:00,recovery,8,skip,combined_ask_above_ceiling,,,,,,,,DOWN,,,,,,,,,,,,,,,,,,,,,1.265,,,,,,,,,,,,
2026-10-07 02:45:00,recovery,8,skip,combined_ask_above_ceiling,,,,,,,,UP,,,,,,,,,,,,,,,,,,,,,1.188,,,,,,,,,,,,
2026-10-07 03:00:00,recovery,8,skip,combined_ask_above_ceiling,,,,,,,,DOWN,,,,,,,,,,,,,,,,,,,,,1.45,,,,,,,,,,,,
2026-10-07 03:15:00,recovery,8,paired_entry,,,,,,,,KXBTC15M-26OCT070315-15,UP,0.15,yes_ask,2026-10-07 03:06:52,,60,9.0,no,0.0,-9.0,KXGOLD15M-26OCT070315-15,DOWN,0.26,no_ask,2026-10-07 03:06:51,,60,15.6,no,60.0,44.4,0.41,60,,0,quote_based_unverified,24.6,0.4,60.0,35.4,gold_only_win,1.3436,-30.4254,4.9746
2026-10-07 08:00:00,normal,,btc_trade,,,KXBTC15M-26OCT070800-00,yes,1.0,0.4875,0.5125,,,,,,,,,,,,,,,,,,,,,,,,,,,,,,,,,,,
2026-10-07 12:00:00,normal,,btc_trade,,,KXBTC15M-26OCT071200-00,yes,1.0,0.5674,0.4326,,,,,,,,,,,,,,,,,,,,,,,,,,,,,,,,,,,
2026-10-07 12:15:00,normal,,btc_trade,,,KXBTC15M-26OCT071215-15,no,1.0,0.4472,-0.4472,,,,,,,,,,,,,,,,,,,,,,,,,,,,,,,,,,,
2026-10-07 12:30:00,recovery,9,skip,combined_ask_above_ceiling,,,,,,,,DOWN,,,,,,,,,,,,,,,,,,,,,0.94,,,,,,,,,,,,
2026-10-07 12:45:00,recovery,9,skip,combined_ask_above_ceiling,,,,,,,,UP,,,,,,,,,,,,,,,,,,,,,1.3,,,,,,,,,,,,
2026-10-07 13:00:00,recovery,9,skip,combined_ask_above_ceiling,,,,,,,,DOWN,,,,,,,,,,,,,,,,,,,,,1.02,,,,,,,,,,,,
2026-10-07 13:15:00,recovery,9,skip,combined_ask_above_ceiling,,,,,,,,UP,,,,,,,,,,,,,,,,,,,,,1.01,,,,,,,,,,,,
2026-10-07 13:30:00,recovery,9,skip,combined_ask_above_ceiling,,,,,,,,DOWN,,,,,,,,,,,,,,,,,,,,,1.27,,,,,,,,,,,,
2026-10-07 13:45:00,recovery,9,skip,combined_ask_above_ceiling,,,,,,,,UP,,,,,,,,,,,,,,,,,,,,,1.02,,,,,,,,,,,,
2026-10-07 14:00:00,recovery,9,skip,combined_ask_above_ceiling,,,,,,,,DOWN,,,,,,,,,,,,,,,,,,,,,0.69,,,,,,,,,,,,
2026-10-07 14:15:00,recovery,9,skip,combined_ask_above_ceiling,,,,,,,,UP,,,,,,,,,,,,,,,,,,,,,1.01,,,,,,,,,,,,
2026-10-07 14:30:00,recovery,9,skip,combined_ask_above_ceiling,,,,,,,,DOWN,,,,,,,,,,,,,,,,,,,,,1.2,,,,,,,,,,,,
2026-10-07 14:45:00,recovery,9,skip,combined_ask_above_ceiling,,,,,,,,UP,,,,,,,,,,,,,,,,,,,,,1.06,,,,,,,,,,,,
2026-10-07 15:00:00,recovery,9,skip,combined_ask_above_ceiling,,,,,,,,DOWN,,,,,,,,,,,,,,,,,,,,,0.882,,,,,,,,,,,,
2026-10-07 15:15:00,recovery,9,skip,combined_ask_above_ceiling,,,,,,,,UP,,,,,,,,,,,,,,,,,,,,,1.32,,,,,,,,,,,,
2026-10-07 15:30:00,recovery,9,skip,btc_quote_stale;gold_quote_stale;combined_ask_above_ceiling,,,,,,,,DOWN,,,,,,,,,,,,,,,,,,,,,0.86,,,,,,,,,,,,
