day,window_open,quarter,side,target,strike,strike_gap,hourly_ticker,entry_quote_ms,exit_quote_ms,exit_early_s,hourly_ask,hourly_bid,hourly_pnl,hourly_cost,btc_pnl,btc_cost,hourly_stressed,btc_won
2026-09-28,1790619300000,2,DOWN,83945.17,83899.99,-45.179999999993015,KXBTCD-26SEP2815-T83899.99,1790619584268,1790620141614,58.386,0.51,0.44,-5.1324000000000005,25.8472,10.620900000000002,25.379099999999998,-5.982300000000001,1
2026-09-28,1790622900000,2,DOWN,83703.59,83699.99,-3.599999999991269,KXBTCD-26SEP2816-T83699.99,1790623323413,1790623745677,54.323,0.54,0.59,0.7210999999999971,25.639900000000004,9.985500000000002,25.014499999999998,-0.19710000000000383,1
2026-09-28,1790624700000,4,UP,83274.99,83299.99,25.0,KXBTCD-26SEP2816-T83299.99,1790625172565,1790625524991,75.009,0.76,0.98,6.5874,24.7286,8.7109,25.2891,5.937999999999999,1
2026-09-28,1790625600000,1,UP,83377.12,83499.99,122.8700000000099,KXBTCD-26SEP2817-T83499.99,1790625942540,1790626428785,71.215,0.48,0.56,2.354500000000004,25.8686,7.2714,24.7286,1.284200000000003,1
2026-09-28,1790626500000,2,DOWN,83539.92,83499.99,-39.929999999993015,KXBTCD-26SEP2817-T83499.99,1790626750933,1790627359782,40.218,0.57,0.44,-7.069499999999998,25.247799999999998,6.655599999999999,25.3444,-7.921099999999998,1
2026-09-28,1790627400000,3,DOWN,83500.84,83499.99,-0.8499999999912689,KXBTCD-26SEP2817-T83499.99,1790627983264,1790628264647,35.353,0.48,0.58,3.4045999999999994,25.8686,23.1528,25.8472,2.3126999999999986,1
2026-09-28,1790628300000,4,DOWN,83459.79,83499.99,40.20000000001164,KXBTCD-26SEP2817-T83499.99,1790628685867,1790629178484,21.516,0.82,0.11,-21.815599999999996,24.909999999999997,-25.3052,25.3052,-22.385399999999997,0
2026-09-28,1790629200000,1,UP,83503.87,83499.99,-3.8799999999901047,KXBTCD-26SEP2818-T83499.99,1790629459202,1790630022506,77.494,0.67,0.63,-2.6565000000000016,25.362700000000004,5.8527999999999984,25.1472,-3.302200000000002,1
2026-09-28,1790632800000,1,DOWN,83189.31,83199.99,10.680000000007567,KXBTCD-26SEP2819-T83199.99,1790633150788,1790633642201,57.799,0.58,0.52,-4.064599999999997,25.673299999999998,11.998799999999997,25.0012,-4.805999999999998,1
2026-09-28,1790633700000,2,UP,83173.05,83199.99,26.94000000000233,KXBTCD-26SEP2819-T83199.99,1790634160688,1790634563156,36.844,0.52,0.53,-1.1956999999999995,25.7987,9.0401,24.9599,-2.1108000000000007,1
2026-09-28,1790635500000,4,UP,83444.8,83399.99,-44.80999999999767,KXBTCD-26SEP2819-T83399.99,1790635776866,1790636327581,72.419,0.85,0.99,3.7810000000000006,24.9089,9.645500000000002,25.354499999999998,3.1957,1
2026-09-28,1790638200000,3,UP,83546.39,83499.99,-46.39999999999418,KXBTCD-26SEP2820-T83499.99,1790638794860,1790639075351,24.649,0.75,0.77,-0.1823999999999994,25.1832,13.411,25.589000000000002,-0.8172,1
2026-09-28,1790639100000,4,DOWN,83559.3,83599.99,40.69000000000233,KXBTCD-26SEP2820-T83599.99,1790639356802,1790639925132,74.868,0.89,0.99,2.5885999999999996,25.111900000000002,7.2714,24.7286,1.952799999999999,1
2026-09-28,1790640000000,1,DOWN,83484.34,83499.99,15.650000000008731,KXBTCD-26SEP2821-T83499.99,1790640409738,1790640831883,68.117,0.5,0.52,-0.7485999999999992,25.875,-25.882199999999997,25.882199999999997,-1.7144,0
2026-09-28,1790640900000,2,DOWN,83495.58,83499.99,4.4100000000034925,KXBTCD-26SEP2821-T83499.99,1790641195894,1790641738295,61.705,0.73,0.47,-9.902,25.2891,-24.581699999999998,24.581699999999998,-10.2584,0
2026-09-28,1790641800000,3,UP,83504.45,83499.99,-4.459999999991851,KXBTCD-26SEP2821-T83499.99,1790642074642,1790642636174,63.826,0.69,0.48,-8.728099999999998,25.379099999999998,-25.014499999999998,25.014499999999998,-9.1748,0
2026-09-28,1790644500000,2,DOWN,82991.63,82999.99,8.360000000000582,KXBTCD-26SEP2822-T82999.99,1790644777620,1790645329632,70.368,0.67,0.67,-1.1454,25.362700000000004,6.655599999999999,25.3444,-1.8339000000000008,1
2026-09-28,1790645400000,3,UP,82812.75,82799.99,-12.759999999994761,KXBTCD-26SEP2822-T82799.99,1790645680612,1790646240565,59.435,0.67,0.77,2.668599999999999,25.362700000000004,12.694799999999999,25.3052,1.8718999999999986,1
2026-09-28,1790646300000,4,UP,82913.76,82899.99,-13.769999999989523,KXBTCD-26SEP2822-T82899.99,1790646580255,1790647131433,68.567,0.65,0.99,12.288399999999998,25.3052,14.933800000000002,25.0662,11.207999999999997,1
2026-09-28,1790647200000,1,DOWN,83035.85,82999.99,-35.86000000000058,KXBTCD-26SEP2823-T82999.99,1790647480661,1790648032023,67.977,0.53,0.53,-1.6392,25.7296,13.411,25.589000000000002,-2.5237000000000007,1
2026-09-28,1790648100000,2,UP,83016.08,82999.99,-16.089999999996508,KXBTCD-26SEP2823-T82999.99,1790648453021,1790648942707,57.293,0.7,0.36,-12.979,25.014499999999998,-25.014499999999998,25.014499999999998,-13.6619,0
2026-09-28,1790649000000,3,DOWN,82922.46,82899.99,-22.470000000001164,KXBTCD-26SEP2823-T82899.99,1790649364075,1790649856711,43.289,0.5,0.35,-9.1713,25.875,-25.0012,25.0012,-9.956900000000003,0
2026-09-28,1790650800000,1,UP,82932.33,82899.99,-32.33999999999651,KXBTCD-26SEP2900-T82899.99,1790651085612,1790651639522,60.478,0.46,0.5,0.2759999999999988,25.779,-25.4597,25.4597,-0.791400000000002,0
2026-09-28,1790652600000,3,DOWN,83168.77,83199.99,31.220000000001164,KXBTCD-26SEP2900-T83199.99,1790653096848,1790653438658,61.342,0.72,0.83,2.9241999999999995,24.9599,7.8168,25.1832,2.2395999999999985,1
2026-09-29,1790655300000,2,UP,83103.78,83099.99,-3.789999999993597,KXBTCD-26SEP2901-T83099.99,1790655582142,1790656145808,54.192,0.67,0.77,2.668599999999999,25.362700000000004,9.0401,24.9599,1.8718999999999986,1
2026-09-29,1790656200000,3,DOWN,83198.58,83199.99,1.4100000000034925,KXBTCD-26SEP2901-T83199.99,1790656495188,1790657050927,49.073,0.75,0.76,-0.5245999999999997,25.1832,7.2714,24.7286,-1.1486000000000003,1
2026-09-29,1790657100000,4,DOWN,83136.9,83099.99,-36.90999999998894,KXBTCD-26SEP2901-T83099.99,1790657402017,1790657946192,53.808,0.67,0.0,-25.362700000000004,25.362700000000004,-25.1472,25.1472,-25.0284,0
2026-09-29,1790658000000,1,UP,83169.61,83199.99,30.380000000004657,KXBTCD-26SEP2902-T83199.99,1790658299876,1790658847149,52.851,0.47,0.55,2.397500000000004,25.8342,20.360099999999996,25.639900000000004,1.307200000000003,1
2026-09-29,1790658900000,2,UP,83223.8,83199.99,-23.80999999999767,KXBTCD-26SEP2902-T83199.99,1790659200563,1790659759387,40.613,0.72,0.72,-0.9598,24.9599,11.998799999999997,25.0012,-1.6392000000000007,1
2026-09-29,1790659800000,3,DOWN,83284.17,83299.99,15.820000000006985,KXBTCD-26SEP2902-T83299.99,1790660043484,1790660656986,43.014,0.9,0.56,-9.8158,24.470100000000002,1.4329000000000014,24.567099999999996,-10.3426,1
2026-09-29,1790660700000,4,UP,83274.19,83299.99,25.80000000000291,KXBTCD-26SEP2902-T83299.99,1790661082500,1790661567692,32.308,0.66,0.99,11.603099999999998,25.0012,11.6373,25.362700000000004,10.846499999999997,1
2026-09-29,1790662500000,2,DOWN,83822.95,83799.99,-22.95999999999185,KXBTCD-26SEP2903-T83799.99,1790662793601,1790663329800,70.2,0.58,0.49,-5.355499999999999,25.673299999999998,-25.379099999999998,25.379099999999998,-6.065099999999999,0
2026-09-29,1790665200000,1,DOWN,83969.94,83999.99,30.05000000000291,KXBTCD-26SEP2904-T83999.99,1790665473250,1790666078097,21.903,0.68,0.64,-2.5691000000000015,25.0284,11.998799999999997,25.0012,-3.2866000000000017,1
2026-09-29,1790666100000,2,UP,83953.97,83999.99,46.020000000004075,KXBTCD-26SEP2904-T83999.99,1790666464580,1790666950063,49.937,0.44,0.39,-4.698499999999999,25.605900000000002,15.711200000000002,25.2888,-5.71,1
2026-09-29,1790667000000,3,UP,83962.58,83999.99,37.41000000000349,KXBTCD-26SEP2904-T83999.99,1790667297667,1790667854765,45.235,0.52,0.43,-5.982300000000001,25.7987,9.985500000000002,25.014499999999998,-6.791100000000002,1
2026-09-29,1790667900000,4,UP,83994.96,83999.99,5.029999999998836,KXBTCD-26SEP2904-T83999.99,1790668351867,1790668758303,41.697,0.7,0.0,-25.014499999999998,25.014499999999998,-25.354499999999998,25.354499999999998,-25.354499999999998,0
2026-09-29,1790668800000,1,UP,83944.58,83899.99,-44.58999999999651,KXBTCD-26SEP2905-T83899.99,1790669103305,1790669660197,39.803,0.71,0.75,0.4361000000000013,25.354499999999998,6.149899999999999,24.8501,-0.2578999999999994,1
2026-09-29,1790669700000,2,UP,84027.8,83999.99,-27.80999999999767,KXBTCD-26SEP2905-T83999.99,1790670003134,1790670527651,72.349,0.64,0.79,4.768,25.589000000000002,10.620900000000002,25.379099999999998,3.8783000000000003,1
2026-09-29,1790670600000,3,DOWN,84139.03,84099.99,-39.0399999999936,KXBTCD-26SEP2905-T84099.99,1790670882516,1790671418424,81.576,0.77,0.94,4.916799999999998,25.0368,1.7014999999999987,24.2985,4.269699999999997,1
2026-09-29,1790671500000,4,DOWN,83849.11,83799.99,-49.11999999999534,KXBTCD-26SEP2905-T83799.99,1790671926425,1790672341011,58.989,0.43,0.02,-24.854799999999997,25.935200000000002,11.6373,25.362700000000004,-25.0848,1
2026-09-29,1790672400000,1,DOWN,83844.3,83799.99,-44.30999999999767,KXBTCD-26SEP2906-T83799.99,1790672685938,1790673241553,58.447,0.6,0.59,-1.7931000000000004,25.2888,4.803600000000001,25.196399999999997,-2.548300000000001,1
2026-09-29,1790673300000,2,UP,83760.07,83799.99,39.919999999998254,KXBTCD-26SEP2906-T83799.99,1790673668054,1790674135391,64.609,0.47,0.62,6.151700000000001,25.8342,9.645500000000002,25.354499999999998,4.9854,1
2026-09-29,1790674200000,3,UP,83824.28,83799.99,-24.289999999993597,KXBTCD-26SEP2906-T83799.99,1790674491066,1790675017333,82.667,0.84,0.93,2.204900000000002,24.6329,3.8155000000000006,25.1845,1.621600000000002,1
2026-09-29,1790676000000,1,DOWN,84222.03,84199.99,-22.039999999993597,KXBTCD-26SEP2907-T84199.99,1790676262193,1790676830942,69.058,0.61,0.44,-8.156199999999998,25.0662,6.149899999999999,24.8501,-8.945999999999998,1
2026-09-29,1790676900000,2,DOWN,84201.18,84199.99,-1.1899999999877764,KXBTCD-26SEP2907-T84199.99,1790677185498,1790677731753,68.247,0.76,0.74,-1.4796000000000007,24.7286,4.803600000000001,25.196399999999997,-2.118400000000001,1
2026-09-29,1790678700000,4,UP,83991.08,83999.99,8.910000000003492,KXBTCD-26SEP2907-T83999.99,1790679120878,1790679546459,53.541,0.64,0.89,8.8537,25.589000000000002,10.971599999999999,25.0284,7.8538999999999985,1
2026-09-29,1790679600000,1,DOWN,84006.07,83999.99,-6.080000000001746,KXBTCD-26SEP2908-T83999.99,1790679901643,1790680446455,53.545,0.6,0.5,-5.506299999999999,25.2888,10.971599999999999,25.0284,-6.1659999999999995,1
2026-09-29,1790681400000,3,UP,84039.9,83999.99,-39.90999999998894,KXBTCD-26SEP2908-T83999.99,1790681677345,1790682214202,85.798,0.91,0.93,0.2621000000000005,24.724800000000002,1.5310199999999963,24.468980000000006,-0.2784,1
2026-09-29,1790682300000,4,UP,84214.47,84199.99,-14.479999999995925,KXBTCD-26SEP2908-T84199.99,1790682590973,1790683142033,57.967,0.87,0.99,3.1188000000000002,24.581699999999998,4.091100000000001,24.9089,2.5544999999999995,1
2026-09-29,1790683200000,1,UP,84346.5,84299.99,-46.50999999999476,KXBTCD-26SEP2909-T84299.99,1790683493692,1790684047879,52.121,0.63,0.54,-4.824599999999999,25.2064,-25.014499999999998,25.014499999999998,-5.599099999999999,0
2026-09-29,1790685000000,3,UP,84166.09,84199.99,33.90000000000873,KXBTCD-26SEP2909-T84199.99,1790685279140,1790685815029,84.971,0.65,0.84,6.257199999999998,25.3052,8.1355,24.8645,5.3432999999999975,1
2026-09-29,1790685900000,4,DOWN,84329.45,84299.99,-29.45999999999185,KXBTCD-26SEP2909-T84299.99,1790686193616,1790686750780,49.22,0.53,0.04,-23.976000000000003,25.7296,10.971599999999999,25.0284,-24.353700000000003,1
2026-09-29,1790686800000,1,DOWN,84313.62,84299.99,-13.629999999990105,KXBTCD-26SEP2910-T84299.99,1790687092403,1790687629342,70.658,0.57,0.41,-8.345999999999998,25.247799999999998,-25.0284,25.0284,-9.1957,0
2026-09-29,1790687700000,2,UP,84389.45,84399.99,10.540000000008149,KXBTCD-26SEP2910-T84399.99,1790688125694,1790688521097,78.903,0.53,0.51,-2.5818000000000008,25.7296,-25.2064,25.2064,-3.444900000000002,0
2026-09-29,1790688600000,3,DOWN,84342.18,84299.99,-42.189999999987776,KXBTCD-26SEP2910-T84299.99,1790688882435,1790689411047,88.953,0.73,0.57,-6.4925000000000015,25.2891,2.300599999999999,24.6994,-6.953700000000001,1
2026-09-29,1790689500000,4,DOWN,84169.68,84199.99,30.310000000012224,KXBTCD-26SEP2910-T84199.99,1790689788588,1790690345553,54.447,0.67,0.08,-22.593400000000003,25.362700000000004,-25.014499999999998,25.014499999999998,-22.672500000000007,0
2026-09-29,1790691300000,2,UP,83927.02,83899.99,-27.029999999998836,KXBTCD-26SEP2911-T83899.99,1790691583848,1790692181043,18.957,0.65,0.56,-4.680699999999999,25.3052,11.6373,25.362700000000004,-5.292299999999999,1
2026-09-29,1790692200000,3,DOWN,83943.38,83899.99,-43.38999999999942,KXBTCD-26SEP2911-T83899.99,1790692595306,1790693070869,29.131,0.57,0.52,-3.6390999999999973,25.247799999999998,8.1355,24.8645,-4.495499999999998,1
2026-09-29,1790695800000,3,UP,82984.7,82999.99,15.290000000008149,KXBTCD-26SEP2912-T82999.99,1790696085522,1790696629131,70.869,0.76,0.78,-0.15299999999999947,24.7286,5.8527999999999984,25.1472,-0.7936,1
2026-09-29,1790697600000,1,UP,82996.92,82999.99,3.070000000006985,KXBTCD-26SEP2913-T82999.99,1790697892836,1790698450503,49.497,0.6,0.53,-4.273799999999998,25.2888,-25.354499999999998,25.354499999999998,-4.965099999999999,0
2026-09-29,1790700300000,4,DOWN,83031.08,82999.99,-31.089999999996508,KXBTCD-26SEP2913-T82999.99,1790700584128,1790701199907,0.093,0.55,0.0,-25.529700000000002,25.529700000000002,-25.0012,25.0012,-25.399,0
2026-09-29,1790701200000,1,UP,83036.99,82999.99,-37.0,KXBTCD-26SEP2914-T82999.99,1790701540615,1790702030742,69.258,0.66,0.69,-0.02530000000000332,25.0012,11.6373,25.362700000000004,-0.7663000000000038,1
2026-09-29,1790703000000,3,UP,83111.58,83099.99,-11.589999999996508,KXBTCD-26SEP2914-T83099.99,1790703294655,1790703858287,41.713,0.65,0.55,-5.063599999999999,25.3052,9.985500000000002,25.014499999999998,-5.664599999999999,1
2026-09-29,1790705700000,2,UP,83388.93,83399.99,11.060000000012224,KXBTCD-26SEP2915-T83399.99,1790706119196,1790706542765,57.235,0.56,0.61,0.7081999999999972,25.399,8.7109,25.2891,-0.17020000000000357,1
2026-09-29,1790707500000,4,DOWN,83626.6,83599.99,-26.610000000000582,KXBTCD-26SEP2915-T83599.99,1790707776485,1790708394074,5.926,0.57,0.0,-25.247799999999998,25.247799999999998,14.933800000000002,25.0662,-25.673299999999998,1
2026-09-29,1790708400000,1,UP,83603.76,83599.99,-3.7699999999895226,KXBTCD-26SEP2916-T83599.99,1790708849553,1790709256518,43.482,0.6,0.43,-8.3623,25.2888,-24.9599,24.9599,-8.9483,0
2026-09-29,1790709300000,2,UP,83568.3,83599.99,31.69000000000233,KXBTCD-26SEP2916-T83599.99,1790709570556,1790710140388,59.612,0.53,0.3,-12.320500000000001,25.7296,-25.0284,25.0284,-12.962900000000001,0
2026-09-29,1790710200000,3,UP,83519.15,83499.99,-19.15999999998894,KXBTCD-26SEP2916-T83499.99,1790710485101,1790711031444,68.556,0.7,0.37,-12.635599999999998,25.014499999999998,-25.354499999999998,25.354499999999998,-13.319,0
2026-09-29,1790712000000,1,DOWN,83558.13,83499.99,-58.13999999999942,KXBTCD-26SEP2917-T83499.99,1790712252951,1790712859697,40.303,0.5,0.4,-6.714999999999999,25.875,10.971599999999999,25.0284,-7.5531999999999995,1
2026-09-29,1790712900000,2,UP,83532.07,83499.99,-32.080000000001746,KXBTCD-26SEP2917-T83499.99,1790713208236,1790713726066,73.934,0.7,0.79,2.229000000000003,25.014499999999998,9.0401,24.9599,1.5250000000000021,1
2026-09-29,1790713800000,3,DOWN,83606.84,83499.99,-106.84999999999127,KXBTCD-26SEP2917-T83499.99,1790714162572,1790714691255,8.745,0.25,0.07,-19.7682,26.3125,-24.8645,24.8645,-20.872100000000003,0
2026-09-29,1790714700000,4,UP,83616.78,83499.99,-116.7899999999936,KXBTCD-26SEP2917-T83499.99,1790715248158,1790715593465,6.535,0.98,0.99,0.19830000000000023,24.5343,-25.673299999999998,25.673299999999998,-0.3017000000000002,0
2026-09-29,1790718300000,4,DOWN,83486.71,83499.99,13.279999999998836,KXBTCD-26SEP2918-T83499.99,1790718579697,1790719145857,54.143,0.94,0.99,1.1792000000000011,24.542699999999996,4.091100000000001,24.9089,0.6578000000000007,1
2026-09-29,1790727300000,2,DOWN,83513.23,83499.99,-13.239999999990687,KXBTCD-26SEP2921-T83499.99,1790727562981,1790728140044,59.956,0.6,0.41,-9.1731,25.2888,-24.8501,24.8501,-9.7382,0
2026-09-29,1790728200000,3,UP,83545.85,83499.99,-45.86000000000058,KXBTCD-26SEP2921-T83499.99,1790728540216,1790729026409,73.591,0.74,0.43,-11.2407,24.8645,-25.0284,25.0284,-11.886,0
2026-09-29,1790729100000,4,DOWN,83450.91,83499.99,49.080000000001746,KXBTCD-26SEP2921-T83499.99,1790729346244,1790729959004,40.996,0.88,0.99,2.8535,24.847,7.8168,25.1832,2.289599999999999,1
2026-09-29,1790730000000,1,DOWN,83408.05,83399.99,-8.059999999997672,KXBTCD-26SEP2922-T83399.99,1790730516949,1790730859935,40.065,0.53,0.54,-1.1668999999999996,25.7296,9.985500000000002,25.014499999999998,-2.0621000000000005,1
2026-09-29,1790731800000,3,DOWN,83420.05,83399.99,-20.05999999999767,KXBTCD-26SEP2922-T83399.99,1790732076620,1790732637039,62.961,0.65,0.52,-6.2092,25.3052,7.271399999999996,24.728600000000004,-6.778500000000001,1
2026-09-29,1790732700000,4,UP,83399.79,83399.99,0.20000000001164153,KXBTCD-26SEP2922-T83399.99,1790733119647,1790733544612,55.388,0.78,0.66,-4.7271,25.3444,14.933800000000002,25.0662,-5.193800000000001,1
2026-09-29,1790734500000,2,DOWN,83456.46,83499.99,43.529999999998836,KXBTCD-26SEP2923-T83499.99,1790734767862,1790735337168,62.832,0.75,0.74,-1.2077000000000004,25.1832,8.135500000000004,24.864499999999996,-1.810200000000001,1
2026-09-29,1790735400000,3,DOWN,83380.97,83399.99,19.020000000004075,KXBTCD-26SEP2923-T83399.99,1790735689679,1790736249779,50.221,0.71,0.75,0.4361000000000013,25.354499999999998,9.040099999999997,24.959900000000005,-0.2578999999999994,1
2026-09-29,1790736300000,4,UP,83342.68,83299.99,-42.689999999987776,KXBTCD-26SEP2923-T83299.99,1790736590161,1790737154898,45.102,0.89,0.96,1.6927999999999988,25.111900000000002,-24.728600000000004,24.728600000000004,1.0900999999999983,0
2026-09-29,1790737200000,1,UP,83334.16,83299.99,-34.169999999998254,KXBTCD-26SEP3000-T83299.99,1790737512477,1790738072997,27.003,0.67,0.5,-7.510200000000002,25.362700000000004,-25.379100000000005,25.379100000000005,-8.018200000000002,0
2026-09-29,1790738100000,2,DOWN,83296.48,83299.99,3.5100000000093132,KXBTCD-26SEP3000-T83299.99,1790738343890,1790738976428,23.572,0.77,0.52,-8.956000000000001,25.0368,7.271399999999996,24.728600000000004,-9.5842,1
2026-09-29,1790739900000,4,DOWN,83349.14,83299.99,-49.14999999999418,KXBTCD-26SEP3000-T83299.99,1790740161296,1790740752324,47.676,0.57,0.98,16.8332,25.247799999999998,8.7109,25.2891,15.9491,1
2026-09-30,1790740800000,1,UP,83269.85,83299.99,30.139999999999418,KXBTCD-26SEP3001-T83299.99,1790741098501,1790741621564,78.436,0.64,0.58,-3.634100000000002,25.589000000000002,3.418300000000003,24.581699999999994,-4.297200000000003,1
2026-09-30,1790741700000,2,UP,83335.03,83299.99,-35.0399999999936,KXBTCD-26SEP3001-T83299.99,1790741985392,1790742536509,63.491,0.63,0.68,0.7195000000000019,25.2064,-24.8645,24.8645,-0.06269999999999898,0
2026-09-30,1790742600000,3,DOWN,83331.58,83299.99,-31.589999999996508,KXBTCD-26SEP3001-T83299.99,1790742897029,1790743447098,52.902,0.55,0.52,-2.9160000000000013,25.529700000000002,11.998799999999997,25.0012,-3.7287000000000017,1
2026-09-30,1790744400000,1,UP,83180.06,83199.99,19.930000000007567,KXBTCD-26SEP3002-T83199.99,1790744683133,1790745279426,20.574,0.6,0.51,-5.096099999999998,25.2888,5.3767999999999985,24.6232,-5.7661999999999995,1
2026-09-30,1790747100000,4,DOWN,83445.81,83399.99,-45.81999999999243,KXBTCD-26SEP3002-T83399.99,1790747356702,1790747964294,35.706,0.58,0.94,14.576899999999998,25.673299999999998,8.135500000000004,24.864499999999996,13.3774,1
2026-09-30,1790748900000,2,DOWN,83130.38,83099.99,-30.389999999999418,KXBTCD-26SEP3003-T83099.99,1790749371920,1790749790969,9.031,0.49,0.35,-8.844400000000002,25.882199999999997,14.540299999999998,25.4597,-9.660400000000001,1
2026-09-30,1790750700000,4,DOWN,83075.87,83099.99,24.120000000009895,KXBTCD-26SEP3003-T83099.99,1790751002280,1790751588690,11.31,0.92,0.99,1.7319999999999989,24.9792,5.090000000000002,24.909999999999997,1.1457999999999982,1
2026-09-30,1790786700000,4,UP,84308.23,84299.99,-8.239999999990687,KXBTCD-26SEP3013-T84299.99,1790787092480,1790787582407,17.593,0.66,0.0,-25.0012,25.0012,-25.014499999999998,25.014499999999998,-25.362700000000004,0
2026-09-30,1790787600000,1,DOWN,84285.68,84299.99,14.310000000012224,KXBTCD-26SEP3014-T84299.99,1790787978277,1790788468407,31.593,0.53,0.55,-0.6938999999999992,25.7296,24.125,25.875,-1.5998,1
2026-09-30,1790788500000,2,DOWN,84272.96,84299.99,27.029999999998836,KXBTCD-26SEP3014-T84299.99,1790788747016,1790789348317,51.683,0.7,0.8,2.5935000000000032,25.014499999999998,5.3767999999999985,24.6232,1.8890000000000025,1
2026-09-30,1790789400000,3,DOWN,84153.44,84199.99,46.55000000000291,KXBTCD-26SEP3014-T84199.99,1790789660567,1790790272073,27.927,0.82,0.92,2.5354000000000028,24.909999999999997,4.091100000000001,24.9089,1.931600000000002,1
2026-09-30,1790790300000,4,UP,83975.81,83999.99,24.180000000007567,KXBTCD-26SEP3014-T83999.99,1790790812134,1790791160376,39.624,0.46,0.51,0.8162999999999992,25.779,14.933800000000002,25.0662,-0.2617000000000015,1
2026-09-30,1790791200000,1,DOWN,84009.31,83999.99,-9.319999999992433,KXBTCD-26SEP3015-T83999.99,1790791501229,1790792055598,44.402,0.51,0.47,-3.6717000000000013,25.8472,6.9632,25.0368,-4.553400000000003,1
2026-09-30,1790792100000,2,DOWN,84008.6,83999.99,-8.610000000000582,KXBTCD-26SEP3015-T83999.99,1790792392794,1790792939483,60.517,0.53,0.74,8.417399999999997,25.7296,13.411,25.589000000000002,7.305399999999999,1
2026-09-30,1790793000000,3,DOWN,83877.59,83899.99,22.40000000000873,KXBTCD-26SEP3015-T83899.99,1790793279155,1790793835261,64.739,0.67,0.71,0.37399999999999733,25.362700000000004,9.985500000000002,25.014499999999998,-0.35760000000000336,1
2026-09-30,1790793900000,4,DOWN,83837.45,83799.99,-37.45999999999185,KXBTCD-26SEP3015-T83799.99,1790794176113,1790794796706,3.294,0.57,0.0,-25.247799999999998,25.247799999999998,-25.0368,25.0368,-25.673299999999998,0
2026-09-30,1790794800000,1,DOWN,83935.01,83899.99,-35.01999999998952,KXBTCD-26SEP3016-T83899.99,1790795068335,1790795686454,13.546,0.52,0.79,11.563800000000002,25.7987,8.1355,24.8645,10.3658,1
2026-09-30,1790795700000,2,DOWN,83728.93,83699.99,-28.939999999987776,KXBTCD-26SEP3016-T83699.99,1790795959644,1790796575384,24.616,0.56,0.42,-7.669300000000003,25.399,8.135500000000004,24.864499999999996,-8.346000000000004,1
2026-09-30,1790796600000,3,UP,83725.04,83699.99,-25.04999999998836,KXBTCD-26SEP3016-T83699.99,1790796906050,1790797453837,46.163,0.76,0.74,-1.4796000000000007,24.7286,4.091100000000001,24.9089,-2.118400000000001,1
2026-09-30,1790797500000,4,DOWN,83779.03,83799.99,20.960000000006403,KXBTCD-26SEP3016-T83799.99,1790797793917,1790798342374,57.626,0.9,0.99,2.241099999999999,24.470100000000002,5.090000000000002,24.909999999999997,1.6980999999999988,1
2026-09-30,1790798400000,1,DOWN,83567.11,83499.99,-67.11999999999534,KXBTCD-26SEP3017-T83499.99,1790798819540,1790799237131,62.869,0.45,0.37,-6.250400000000001,25.7029,-25.589000000000002,25.589000000000002,-7.210000000000003,0
2026-09-30,1790799300000,2,UP,83597.88,83499.99,-97.88999999999942,KXBTCD-26SEP3017-T83499.99,1790799773256,1790800183413,16.587,0.8,0.89,2.2302999999999993,25.1472,6.149899999999999,24.8501,1.5549999999999988,1
2026-09-30,1790800200000,3,DOWN,83703.31,83749.99,46.68000000000757,KXBTCD-26SEP3017-T83749.99,1790800461805,1790801096838,3.162,0.82,0.86,0.637100000000001,24.909999999999997,5.090000000000002,24.909999999999997,0.035800000000000554,1
2026-09-30,1790801100000,4,UP,83645.5,83749.99,104.49000000000524,KXBTCD-26SEP3017-T83749.99,1790801566357,1790801984522,15.478,0.15,0.0,-26.3816,26.3816,-25.354499999999998,25.354499999999998,-26.4277,0
2026-09-30,1790802000000,1,UP,83620.46,83599.99,-20.470000000001164,KXBTCD-26SEP3018-T83599.99,1790802258629,1790802881901,18.099,0.63,0.69,1.1195999999999975,25.2064,4.367100000000001,24.6329,0.336899999999997,1
2026-09-30,1790802900000,2,UP,83712.16,83699.99,-12.169999999998254,KXBTCD-26SEP3018-T83699.99,1790803157640,1790803781946,18.054,0.62,0.51,-5.759499999999999,25.4597,-25.014499999999998,25.014499999999998,-6.3889000000000005,0
2026-09-30,1790803800000,3,UP,83705.29,83699.99,-5.2999999999883585,KXBTCD-26SEP3018-T83699.99,1790804254005,1790804671861,28.139,0.7,0.39,-11.947399999999998,25.014499999999998,-24.909999999999997,24.909999999999997,-12.631799999999998,0
2026-09-30,1790805600000,1,DOWN,83708.91,83699.99,-8.919999999998254,KXBTCD-26SEP3019-T83699.99,1790806001241,1790806490675,9.325,0.64,0.54,-5.207199999999999,25.589000000000002,4.367100000000001,24.6329,-5.8279,1
2026-09-30,1790806500000,2,UP,83663.4,83699.99,36.59000000001106,KXBTCD-26SEP3019-T83699.99,1790806764831,1790807379393,20.607,0.49,0.7,9.068099999999996,25.882199999999997,12.694799999999999,25.3052,7.876299999999996,1
2026-09-30,1790807400000,3,UP,83769.42,83799.99,30.570000000006985,KXBTCD-26SEP3019-T83799.99,1790807959613,1790808234115,65.885,0.35,0.26,-8.476999999999999,25.9807,-25.589000000000002,25.589000000000002,-9.6086,0
2026-09-30,1790808300000,4,DOWN,83762.43,83799.99,37.560000000012224,KXBTCD-26SEP3019-T83799.99,1790808635411,1790809175389,24.611,0.9,0.99,2.241099999999999,24.470100000000002,4.803600000000001,25.196399999999997,1.6980999999999988,1
2026-09-30,1790809200000,1,UP,83642.7,83599.99,-42.70999999999185,KXBTCD-26SEP3020-T83599.99,1790809449358,1790810067072,32.928,0.7,0.66,-2.464299999999997,25.014499999999998,6.655599999999999,25.3444,-3.161899999999998,1
2026-09-30,1790810100000,2,UP,83662.71,83699.99,37.279999999998836,KXBTCD-26SEP3020-T83699.99,1790810533291,1790810945358,54.642,0.67,0.33,-13.725399999999999,25.362700000000004,-24.9599,24.9599,-14.056800000000003,0
2026-09-30,1790811000000,3,DOWN,83622.59,83599.99,-22.59999999999127,KXBTCD-26SEP3020-T83599.99,1790811279710,1790811832778,67.222,0.59,0.59,-1.4224,25.4912,6.655599999999999,25.3444,-2.208000000000001,1
2026-09-30,1790811900000,4,DOWN,83574.27,83599.99,25.720000000001164,KXBTCD-26SEP3020-T83599.99,1790812167974,1790812785295,14.705,0.82,0.99,4.769200000000001,24.909999999999997,9.0401,24.9599,4.162400000000001,1
2026-09-30,1790812800000,1,DOWN,83569.02,83599.99,30.970000000001164,KXBTCD-26SEP3021-T83599.99,1790813055580,1790813657767,42.233,0.64,0.69,0.7369999999999975,25.589000000000002,11.998799999999997,25.0012,-0.04410000000000314,1
2026-09-30,1790813700000,2,DOWN,83482.25,83499.99,17.74000000000524,KXBTCD-26SEP3021-T83499.99,1790814063557,1790814536994,63.006,0.6,0.66,1.1271000000000022,25.2888,14.540299999999998,25.4597,0.2968000000000014,1
2026-09-30,1790814600000,3,DOWN,83440.51,83399.99,-40.51999999998952,KXBTCD-26SEP3021-T83399.99,1790814909969,1790815461656,38.344,0.44,0.2,-15.0331,25.605900000000002,-25.362700000000004,25.362700000000004,-15.845500000000001,0
2026-09-30,1790815500000,4,DOWN,83504.04,83499.99,-4.0499999999883585,KXBTCD-26SEP3021-T83499.99,1790815929986,1790816341741,58.259,0.77,0.81,0.5384000000000011,25.0368,6.149900000000002,24.850099999999998,-0.10279999999999945,1
2026-09-30,1790816400000,1,UP,83472.82,83499.99,27.169999999998254,KXBTCD-26SEP3022-T83499.99,1790816802336,1790817273686,26.314,0.58,0.61,-0.15939999999999876,25.673299999999998,6.655599999999999,25.3444,-0.9967999999999997,1
2026-09-30,1790817300000,2,UP,83554.46,83599.99,45.529999999998836,KXBTCD-26SEP3022-T83599.99,1790817746099,1790818148988,51.012,0.43,0.44,-1.4155999999999995,25.935200000000002,9.645500000000002,25.354499999999998,-2.4867000000000004,1
2026-09-30,1790818200000,3,DOWN,83587.92,83599.99,12.070000000006985,KXBTCD-26SEP3022-T83599.99,1790818490446,1790819037836,62.164,0.75,0.67,-3.5839999999999987,25.1832,6.655599999999999,25.3444,-4.111299999999999,1
2026-09-30,1790819100000,4,DOWN,83546.42,83499.99,-46.429999999993015,KXBTCD-26SEP3022-T83499.99,1790819371135,1790819971413,28.587,0.46,0.99,27.6435,25.779,8.1355,24.8645,26.033,1
2026-09-30,1790820900000,2,DOWN,83560.25,83599.99,39.74000000000524,KXBTCD-26SEP3023-T83599.99,1790821190803,1790821733066,66.934,0.8,0.89,2.2302999999999993,25.1472,4.367100000000001,24.6329,1.5549999999999988,1
2026-09-30,1790821800000,3,UP,83460.64,83499.99,39.35000000000582,KXBTCD-26SEP3023-T83499.99,1790822076127,1790822631604,68.396,0.48,0.19,-16.5488,25.8686,-25.0012,25.0012,-17.229200000000002,0
2026-09-30,1790822700000,4,UP,83391.88,83399.99,8.110000000000582,KXBTCD-26SEP3023-T83399.99,1790823305925,1790823576355,23.645,0.81,0.99,5.055999999999998,24.6232,5.090000000000002,24.909999999999997,4.448799999999998,1
2026-09-30,1790823600000,1,DOWN,83447.47,83399.99,-47.479999999995925,KXBTCD-26OCT0100-T83399.99,1790823850058,1790824461968,38.032,0.42,0.43,-1.4283999999999994,25.786099999999998,11.6373,25.362700000000004,-2.5643000000000007,1
2026-09-30,1790824500000,2,DOWN,83430.79,83399.99,-30.79999999998836,KXBTCD-26OCT0100-T83399.99,1790824868325,1790825353286,46.714,0.5,0.34,-9.6604,25.875,-25.014499999999998,25.014499999999998,-10.4356,0
2026-09-30,1790825400000,3,UP,83466.97,83499.99,33.020000000004075,KXBTCD-26OCT0100-T83499.99,1790825905037,1790826242207,57.793,0.54,0.86,13.532399999999997,25.639900000000004,4.091100000000001,24.9089,12.318599999999996,1
2026-09-30,1790826300000,4,DOWN,83663.77,83699.99,36.220000000001164,KXBTCD-26OCT0100-T83699.99,1790826586185,1790827136555,63.445,0.93,0.57,-9.924600000000002,24.2985,-24.909999999999997,24.909999999999997,-10.431200000000002,0
2026-10-01,1790827200000,1,UP,83701.88,83699.99,-1.889999999999418,KXBTCD-26OCT0101-T83699.99,1790827602368,1790828086645,13.355,0.56,0.78,8.392399999999999,25.399,9.0401,24.9599,7.329099999999998,1
2026-10-01,1790828100000,2,DOWN,83860.66,83899.99,39.330000000001746,KXBTCD-26OCT0101-T83899.99,1790828355222,1790828964382,35.618,0.79,0.73,-2.6479000000000017,24.8501,4.367100000000001,24.6329,-3.264700000000002,1
2026-10-01,1790829000000,3,DOWN,83805.54,83799.99,-5.5499999999883585,KXBTCD-26OCT0101-T83799.99,1790829242308,1790829869835,30.165,0.69,0.27,-16.155799999999996,25.379099999999998,-24.9599,24.9599,-16.3859,0
2026-10-01,1790829900000,4,UP,83864.14,83899.99,35.85000000000582,KXBTCD-26OCT0101-T83899.99,1790830196793,1790830744531,55.469,0.93,0.98,1.1457999999999982,24.2985,2.529899999999999,24.470100000000002,0.6242999999999977,1
2026-10-01,1790845200000,1,UP,83516.36,83499.99,-16.369999999995343,KXBTCD-26OCT0106-T83499.99,1790845548025,1790846094826,5.174,0.61,0.77,5.2379000000000016,25.0662,9.985500000000002,25.014499999999998,4.429500000000001,1
2026-10-01,1790846100000,2,UP,83637.96,83599.99,-37.970000000001164,KXBTCD-26OCT0106-T83599.99,1790846371094,1790846994084,5.916,0.67,0.76,2.284799999999999,25.362700000000004,9.985500000000002,25.014499999999998,1.4990999999999983,1
2026-10-01,1790847000000,3,UP,83716.99,83699.99,-17.0,KXBTCD-26OCT0106-T83699.99,1790847272267,1790847887731,12.269,0.74,0.9,4.627600000000001,24.8645,7.8168,25.1832,3.9606,1
2026-10-01,1790847900000,4,DOWN,83846.0,83799.99,-46.00999999999476,KXBTCD-26OCT0106-T83799.99,1790848277829,1790848754564,45.436,0.36,0.99,42.3092,25.9529,10.971599999999999,25.0284,39.6847,1
2026-10-01,1790848800000,1,DOWN,83744.96,83699.99,-44.970000000001164,KXBTCD-26OCT0107-T83699.99,1790849100411,1790849652939,47.061,0.79,0.61,-6.456400000000002,24.8501,1.237900000000001,24.7621,-7.068000000000002,1
2026-10-01,1790849700000,2,UP,83658.6,83699.99,41.38999999999942,KXBTCD-26OCT0107-T83699.99,1790850129780,1790850546243,53.757,0.55,0.28,-13.5648,25.529700000000002,-25.001199999999997,25.001199999999997,-14.126100000000001,0
2026-10-01,1790850600000,3,UP,83644.36,83599.99,-44.36999999999534,KXBTCD-26OCT0107-T83599.99,1790850895561,1790851452344,47.656,0.81,0.96,4.096099999999997,24.6232,3.8155000000000006,25.1845,3.4901999999999966,1
2026-10-01,1790851500000,4,UP,83826.63,83799.99,-26.639999999999418,KXBTCD-26OCT0107-T83799.99,1790851797424,1790852356742,43.258,0.9,0.99,2.241099999999999,24.470100000000002,3.8155000000000006,25.1845,1.6980999999999988,1
2026-10-01,1790852400000,1,DOWN,83936.72,83899.99,-36.729999999995925,KXBTCD-26OCT0108-T83899.99,1790852703047,1790853250936,49.064,0.56,0.59,-0.1841000000000037,25.399,7.2714,24.7286,-1.0411000000000044,1
2026-10-01,1790853300000,2,DOWN,83842.28,83799.99,-42.2899999999936,KXBTCD-26OCT0108-T83799.99,1790853593982,1790854142033,57.967,0.51,0.51,-1.7144,25.8472,11.6373,25.362700000000004,-2.638700000000001,1
2026-10-01,1790854200000,3,UP,83815.5,83799.99,-15.509999999994761,KXBTCD-26OCT0108-T83799.99,1790854618429,1790855037260,62.74,0.67,0.88,6.923699999999998,25.362700000000004,9.0401,24.9599,6.006499999999998,1
2026-10-01,1790855100000,4,UP,83928.49,83899.99,-28.5,KXBTCD-26OCT0108-T83899.99,1790855383463,1790855939060,60.94,0.74,0.99,7.7826,24.8645,-25.2064,25.2064,7.1114999999999995,0
2026-10-01,1790856000000,1,UP,83893.39,83899.99,6.600000000005821,KXBTCD-26OCT0109-T83899.99,1790856279479,1790856898857,1.143,0.51,0.61,3.226799999999999,25.8472,9.645500000000002,25.354499999999998,2.194899999999998,1
2026-10-01,1790856900000,2,DOWN,83969.94,83999.99,30.05000000000291,KXBTCD-26OCT0109-T83999.99,1790857242140,1790857799785,0.215,0.7,0.64,-3.1789999999999976,25.014499999999998,10.971599999999999,25.0284,-3.875599999999998,1
2026-10-01,1790857800000,3,DOWN,83902.4,83899.99,-2.4099999999889405,KXBTCD-26OCT0109-T83899.99,1790858070136,1790858676587,23.413,0.59,0.53,-3.963599999999998,25.4912,17.752200000000002,25.247799999999998,-4.685199999999998,1
2026-10-01,1790858700000,4,DOWN,83892.25,83899.99,7.740000000005239,KXBTCD-26OCT0109-T83899.99,1790858945946,1790859560368,39.632,0.81,0.99,5.055999999999998,24.6232,6.149899999999999,24.8501,4.448799999999998,1
2026-10-01,1790859600000,1,DOWN,83729.78,83699.99,-29.789999999993597,KXBTCD-26OCT0110-T83699.99,1790859895075,1790860499856,0.144,0.59,0.7,3.2913999999999994,25.4912,5.852799999999995,25.147200000000005,2.3872999999999984,1
2026-10-01,1790860500000,2,UP,83495.41,83499.99,4.580000000001746,KXBTCD-26OCT0110-T83499.99,1790860836025,1790861381006,18.994,0.58,0.47,-6.213099999999999,25.673299999999998,-25.0284,25.0284,-6.9014999999999995,0
2026-10-01,1790862300000,4,DOWN,83888.12,83899.99,11.870000000009895,KXBTCD-26OCT0110-T83899.99,1790862647040,1790863198463,1.537,0.74,0.99,7.7826,24.8645,-24.6232,24.6232,7.1114999999999995,0
2026-10-01,1790863200000,1,DOWN,83888.9,83899.99,11.09000000001106,KXBTCD-26OCT0111-T83899.99,1790863464584,1790864086013,13.987,0.64,0.66,-0.46169999999999933,25.589000000000002,7.8168,25.1832,-1.2104,1
2026-10-01,1790864100000,2,UP,83725.7,83699.99,-25.70999999999185,KXBTCD-26OCT0111-T83699.99,1790864353530,1790864960407,39.593,0.76,0.88,3.1948,24.7286,4.091100000000001,24.9089,2.5497999999999994,1
2026-10-01,1790865000000,3,UP,84108.68,84099.99,-8.689999999987776,KXBTCD-26OCT0111-T84099.99,1790865429785,1790865837770,62.23,0.71,0.37,-12.975599999999998,25.354499999999998,-25.362700000000004,25.362700000000004,-13.2683,0
2026-10-01,1790865900000,4,DOWN,83987.78,83999.99,12.210000000006403,KXBTCD-26OCT0111-T83999.99,1790866240212,1790866785833,14.167,0.69,0.99,10.2359,25.379099999999998,11.998799999999997,25.0012,9.237400000000001,1
2026-10-01,1790866800000,1,UP,83980.21,83999.99,19.779999999998836,KXBTCD-26OCT0112-T83999.99,1790867106470,1790867658038,41.962,0.63,0.47,-7.5565000000000015,25.2064,5.852799999999995,25.147200000000005,-8.327200000000003,1
2026-10-01,1790867700000,2,UP,84017.51,83999.99,-17.519999999989523,KXBTCD-26OCT0112-T83999.99,1790867997088,1790868537684,62.316,0.73,0.67,-3.0353999999999983,25.2891,4.367100000000001,24.6329,-3.602899999999999,1
2026-10-01,1790868600000,3,DOWN,84089.5,84099.99,10.490000000005239,KXBTCD-26OCT0112-T84099.99,1790868893715,1790869440334,59.666,0.83,0.9,1.6146000000000018,25.196399999999997,3.8155000000000006,25.1845,0.9783000000000014,1
2026-10-01,1790869500000,4,UP,83816.31,83799.99,-16.319999999992433,KXBTCD-26OCT0112-T83799.99,1790869782648,1790870394134,5.866,0.97,0.99,0.4316000000000004,24.301,1.4329000000000014,24.567099999999996,-0.0686,1
2026-10-01,1790870400000,1,UP,84085.18,84099.99,14.810000000012224,KXBTCD-26OCT0113-T84099.99,1790870661836,1790871282048,17.952,0.64,0.68,0.3369000000000014,25.589000000000002,4.367100000000001,24.6329,-0.43339999999999923,1
2026-10-01,1790871300000,2,UP,84227.21,84199.99,-27.220000000001164,KXBTCD-26OCT0113-T84199.99,1790871556888,1790872170415,29.585,0.58,0.56,-2.334999999999996,25.673299999999998,14.933800000000002,25.0662,-3.118899999999997,1
2026-10-01,1790872200000,3,UP,84249.36,84199.99,-49.36999999999534,KXBTCD-26OCT0113-T84199.99,1790872443547,1790873061689,38.311,0.83,0.68,-5.253399999999997,25.196399999999997,2.529899999999999,24.470100000000002,-5.651799999999998,1
2026-10-01,1790873100000,4,DOWN,84287.16,84299.99,12.830000000001746,KXBTCD-26OCT0113-T84299.99,1790873406875,1790873948470,51.53,0.69,0.99,10.2359,25.379099999999998,13.411,25.589000000000002,9.237400000000001,1
2026-10-01,1790874000000,1,UP,84142.82,84099.99,-42.830000000001746,KXBTCD-26OCT0114-T84099.99,1790874296555,1790874848000,52.0,0.82,0.85,0.32220000000000076,24.909999999999997,2.2751999999999994,24.724800000000002,-0.2786999999999997,1
2026-10-01,1790874900000,2,UP,84406.27,84399.99,-6.279999999998836,KXBTCD-26OCT0114-T84399.99,1790875196193,1790875742165,57.835,0.78,0.92,3.9307000000000003,25.3444,4.091100000000001,24.9089,3.1820999999999997,1
2026-10-01,1790875800000,3,DOWN,84868.05,84899.99,31.94000000000233,KXBTCD-26OCT0114-T84899.99,1790876069330,1790876676181,23.819,0.67,0.27,-15.8832,25.362700000000004,-25.0662,25.0662,-16.1533,0
2026-10-01,1790877600000,1,DOWN,84838.39,84799.99,-38.39999999999418,KXBTCD-26OCT0115-T84799.99,1790877900195,1790878460972,39.028,0.64,0.34,-12.941699999999999,25.589000000000002,-25.196399999999997,25.196399999999997,-13.3534,0
2026-10-01,1790879400000,3,UP,84777.35,84799.99,22.639999999999418,KXBTCD-26OCT0115-T84799.99,1790879665051,1790880277068,22.932,0.58,0.73,5.123400000000001,25.673299999999998,11.637300000000003,25.3627,4.156000000000001,1
2026-10-01,1790880300000,4,DOWN,84913.74,84899.99,-13.75,KXBTCD-26OCT0115-T84899.99,1790880544069,1790881154164,45.836,0.81,0.99,5.055999999999998,24.6232,2.8880999999999997,25.111900000000002,4.448799999999998,1
2026-10-01,1790881200000,1,DOWN,84778.66,84799.99,21.330000000001746,KXBTCD-26OCT0116-T84799.99,1790881505055,1790882056361,43.639,0.59,0.52,-4.385099999999998,25.4912,16.5088,25.4912,-5.096099999999998,1
2026-10-01,1790882100000,2,DOWN,84776.11,84799.99,23.880000000004657,KXBTCD-26OCT0116-T84799.99,1790882398974,1790882943528,56.472,0.57,0.84,10.467600000000001,25.247799999999998,17.326700000000002,25.673299999999998,9.5919,1
2026-10-01,1790883000000,3,UP,84589.89,84599.99,10.10000000000582,KXBTCD-26OCT0116-T84599.99,1790883285016,1790883833532,66.468,0.72,0.59,-5.4757,24.9599,2.8880999999999997,25.111900000000002,-6.1489,1
2026-10-01,1790883900000,4,DOWN,84618.66,84599.99,-18.669999999998254,KXBTCD-26OCT0116-T84599.99,1790884261974,1790884737730,62.27,0.42,0.04,-23.5847,25.786099999999998,-25.8472,25.8472,-24.313400000000005,0
2026-10-01,1790884800000,1,UP,84636.71,84749.99,113.27999999999884,KXBTCD-26OCT0117-T84749.99,1790885069741,1790885670711,29.289,0.57,0.5,-4.5002999999999975,25.247799999999998,5.090000000000002,24.909999999999997,-5.355499999999999,1
2026-10-01,1790885700000,2,UP,84762.29,84749.99,-12.299999999988358,KXBTCD-26OCT0117-T84749.99,1790886083649,1790886562071,37.929,0.62,0.51,-5.759499999999999,25.4597,-25.014499999999998,25.014499999999998,-6.3889000000000005,0
2026-10-01,1790887500000,4,UP,84586.89,84499.99,-86.89999999999418,KXBTCD-26OCT0117-T84499.99,1790887959520,1790888367058,32.942,0.95,0.99,0.9354000000000009,24.7865,14.933800000000002,25.0662,0.41440000000000043,1
2026-10-01,1790888400000,1,UP,84609.34,84599.99,-9.349999999991269,KXBTCD-26OCT0118-T84599.99,1790888837131,1790889252695,47.305,0.6,0.57,-2.622300000000001,25.2888,11.637300000000003,25.3627,-3.3562000000000016,1
2026-10-01,1790889300000,2,DOWN,84615.87,84599.99,-15.879999999990105,KXBTCD-26OCT0118-T84599.99,1790889603815,1790890145163,54.837,0.46,0.52,1.3574999999999997,25.779,11.998799999999997,25.0012,0.26859999999999884,1
2026-10-01,1790890200000,3,DOWN,84577.43,84599.99,22.560000000012224,KXBTCD-26OCT0118-T84599.99,1790890489498,1790891037773,62.227,0.67,0.85,5.756999999999997,25.362700000000004,13.411,25.589000000000002,4.872899999999997,1
2026-10-01,1790891100000,4,UP,84483.47,84499.99,16.520000000004075,KXBTCD-26OCT0118-T84499.99,1790891383836,1790891932555,67.445,0.68,0.98,10.202199999999996,25.0284,7.2714,24.7286,9.467499999999998,1
2026-10-01,1790892000000,1,UP,84535.71,84499.99,-35.720000000001164,KXBTCD-26OCT0119-T84499.99,1790892282719,1790892834144,65.856,0.84,0.89,0.9783000000000014,24.6329,2.8880999999999997,25.111900000000002,0.3967000000000007,1
2026-10-01,1790892900000,2,DOWN,84734.36,84699.99,-34.36999999999534,KXBTCD-26OCT0119-T84699.99,1790893182729,1790893795345,4.655,0.51,0.53,-0.7316999999999991,25.8472,9.645500000000002,25.354499999999998,-1.6774,1
2026-10-01,1790893800000,3,DOWN,84686.18,84699.99,13.810000000012224,KXBTCD-26OCT0119-T84699.99,1790894069465,1790894688855,11.145,0.72,0.63,-4.094699999999999,24.9599,7.271399999999996,24.728600000000004,-4.7699,1
2026-10-01,1790894700000,4,DOWN,84668.34,84699.99,31.65000000000873,KXBTCD-26OCT0119-T84699.99,1790894954968,1790895570343,29.657,0.84,0.01,-24.363,24.6329,-25.362700000000004,25.362700000000004,-24.9089,0
2026-10-01,1790895600000,1,DOWN,84721.46,84699.99,-21.470000000001164,KXBTCD-26OCT0120-T84699.99,1790895974592,1790896464784,35.216,0.57,0.64,1.5786000000000024,25.247799999999998,6.9632,25.0368,0.7150000000000023,1
2026-10-01,1790896500000,2,UP,84643.16,84599.99,-43.169999999998254,KXBTCD-26OCT0120-T84599.99,1790896805566,1790897361524,38.476,0.86,0.88,0.12110000000000051,25.1845,4.367100000000001,24.6329,-0.4434,1
2026-10-01,1790897400000,3,UP,84722.37,84699.99,-22.379999999990105,KXBTCD-26OCT0120-T84699.99,1790897705308,1790898247183,52.817,0.75,0.9,4.3089,25.1832,5.3767999999999985,24.6232,3.5321000000000002,1
2026-10-01,1790898300000,4,DOWN,84819.52,84799.99,-19.529999999998836,KXBTCD-26OCT0120-T84799.99,1790898585675,1790899192571,7.429,0.68,0.0,-25.0284,25.0284,-24.728600000000004,24.728600000000004,-25.379100000000005,0
2026-10-01,1790899200000,1,DOWN,84860.17,84899.99,39.820000000006985,KXBTCD-26OCT0121-T84899.99,1790899464748,1790900086864,13.136,0.77,0.56,-7.668799999999999,25.0368,-24.9089,24.9089,-8.2988,0
2026-10-01,1790900100000,2,DOWN,84874.21,84899.99,25.779999999998836,KXBTCD-26OCT0121-T84899.99,1790900626157,1790900963406,36.594,0.6,0.76,5.3477000000000015,25.2888,5.852799999999995,25.147200000000005,4.4088,1
2026-10-01,1790901000000,3,DOWN,84786.81,84799.99,13.180000000007567,KXBTCD-26OCT0121-T84799.99,1790901304533,1790901857307,42.693,0.67,0.33,-13.725399999999999,25.362700000000004,-24.8645,24.8645,-14.056800000000003,0
2026-10-01,1790901900000,4,DOWN,84832.88,84799.99,-32.88999999999942,KXBTCD-26OCT0121-T84799.99,1790902206722,1790902761717,38.283,0.7,0.98,9.237400000000001,25.014499999999998,9.985500000000002,25.014499999999998,8.524199999999999,1
2026-10-01,1790902800000,1,DOWN,84760.87,84799.99,39.120000000009895,KXBTCD-26OCT0122-T84799.99,1790903108553,1790903680602,19.398,0.68,0.79,2.9934999999999996,25.0284,12.694799999999999,25.3052,2.268399999999999,1
2026-10-01,1790903700000,2,DOWN,84648.28,84599.99,-48.2899999999936,KXBTCD-26OCT0122-T84599.99,1790904368454,1790904564119,35.881,0.54,0.56,-0.6733999999999992,25.639900000000004,13.7936,25.2064,-1.5594,1
2026-10-01,1790904600000,3,UP,84580.64,84599.99,19.35000000000582,KXBTCD-26OCT0122-T84599.99,1790904899408,1790905436661,63.339,0.47,0.32,-9.681499999999998,25.8342,-25.354499999999998,25.354499999999998,-10.5272,0
2026-10-01,1790905500000,4,UP,84553.06,84599.99,46.93000000000757,KXBTCD-26OCT0122-T84599.99,1790905780434,1790906333098,66.902,0.74,0.99,7.7826,24.8645,3.153,24.847,7.1114999999999995,1
2026-10-01,1790906400000,1,UP,84893.21,84899.99,6.779999999998836,KXBTCD-26OCT0123-T84899.99,1790906740699,1790907290844,9.156,0.65,0.77,3.4837,25.3052,12.694799999999999,25.3052,2.646299999999999,1
2026-10-01,1790907300000,2,DOWN,85065.02,85099.99,34.970000000001164,KXBTCD-26OCT0123-T85099.99,1790907564915,1790908174736,25.264,0.76,0.87,2.8579999999999997,24.7286,2.5043999999999964,24.495600000000007,2.2134999999999994,1
2026-10-01,1790909100000,4,UP,84948.97,84899.99,-48.979999999995925,KXBTCD-26OCT0123-T84899.99,1790909388794,1790909998223,1.777,0.93,0.99,1.4233999999999984,24.2985,6.655599999999999,25.3444,0.9015999999999981,1
2026-10-01,1790910000000,1,UP,85154.23,85199.99,45.76000000000931,KXBTCD-26OCT0200-T85199.99,1790910274243,1790910884383,15.617,0.69,0.66,-2.184599999999997,25.379099999999998,2.529899999999999,24.470100000000002,-2.8218999999999976,1
2026-10-01,1790910900000,2,DOWN,85308.27,85299.99,-8.279999999998836,KXBTCD-26OCT0200-T85299.99,1790911157264,1790911768104,31.896,0.68,0.7,-0.35760000000000336,25.0284,6.655600000000002,25.344399999999997,-1.078200000000004,1
2026-10-01,1790911800000,3,UP,85229.01,85199.99,-29.019999999989523,KXBTCD-26OCT0200-T85199.99,1790912042551,1790912655341,44.659,0.84,0.93,2.204900000000002,24.6329,3.153,24.847,1.621600000000002,1
2026-10-01,1790912700000,4,DOWN,85397.89,85399.99,2.1000000000058208,KXBTCD-26OCT0200-T85399.99,1790913134126,1790913539792,60.208,0.67,0.01,-25.018400000000003,25.362700000000004,-25.014499999999998,25.014499999999998,-25.0284,0
2026-10-02,1790913600000,1,UP,85497.31,85499.99,2.680000000007567,KXBTCD-26OCT0201-T85499.99,1790913883048,1790914497990,2.01,0.64,0.39,-11.0285,25.589000000000002,-24.7286,24.7286,-11.491900000000001,0
2026-10-02,1790914500000,2,UP,85450.85,85499.99,49.13999999999942,KXBTCD-26OCT0201-T85499.99,1790914772217,1790915378088,21.912,0.65,0.97,11.477299999999998,25.3052,4.367100000000001,24.6329,10.419299999999996,1
2026-10-02,1790915400000,3,DOWN,86728.02,86699.99,-28.029999999998836,KXBTCD-26OCT0201-T86699.99,1790915650977,1790916261587,38.413,0.7,0.82,3.3238000000000003,25.014499999999998,5.090000000000002,24.909999999999997,2.618399999999999,1
2026-10-02,1790916300000,4,UP,86513.45,86499.99,-13.459999999991851,KXBTCD-26OCT0201-T86499.99,1790916605399,1790917150501,49.499,0.86,0.99,3.5054000000000003,25.1845,8.1355,24.8645,2.8198,1
2026-10-02,1790917200000,1,DOWN,86599.03,86599.99,0.9600000000064028,KXBTCD-26OCT0202-T86599.99,1790917491007,1790918041054,58.946,0.6,0.57,-2.622300000000001,25.2888,11.6373,25.362700000000004,-3.3562000000000016,1
2026-10-02,1790918100000,2,DOWN,86551.05,86599.99,48.94000000000233,KXBTCD-26OCT0202-T86599.99,1790918374418,1790918977540,22.46,0.69,0.89,6.414100000000002,25.379099999999998,9.985500000000002,25.014499999999998,5.526700000000002,1
2026-10-02,1790919900000,4,DOWN,86109.54,86099.99,-9.549999999988358,KXBTCD-26OCT0202-T86099.99,1790920316953,1790920791837,8.163,0.57,0.99,17.2924,25.247799999999998,10.971599999999999,25.0284,16.4077,1
2026-10-02,1790920800000,1,UP,85976.62,85999.99,23.370000000009895,KXBTCD-26OCT0203-T85999.99,1790921075395,1790921696876,3.124,0.53,0.36,-9.567700000000002,25.7296,-25.014499999999998,25.014499999999998,-10.272500000000003,0
2026-10-02,1790921700000,2,UP,85908.54,85899.99,-8.549999999988358,KXBTCD-26OCT0203-T85899.99,1790921954876,1790922562192,37.808,0.6,0.7,2.8084999999999987,25.2888,12.694799999999999,25.3052,1.9347999999999985,1
2026-10-02,1790922600000,3,UP,86003.92,85999.99,-3.929999999993015,KXBTCD-26OCT0203-T85999.99,1790922902942,1790923450842,49.158,0.58,0.31,-12.987199999999998,25.673299999999998,-25.0012,25.0012,-13.5086,0
2026-10-02,1790923500000,4,UP,85967.2,85999.99,32.79000000000815,KXBTCD-26OCT0203-T85999.99,1790923996875,1790924339741,60.259,0.4,0.18,-15.322200000000002,25.8416,22.2013,25.7987,-16.0087,1
2026-10-02,1790924400000,1,DOWN,85969.7,85999.99,30.29000000000815,KXBTCD-26OCT0204-T85999.99,1790924746075,1790925296365,3.635,0.59,0.58,-1.8474000000000004,25.4912,8.1355,24.8645,-2.622300000000001,1
2026-10-02,1790925300000,2,DOWN,85946.41,85899.99,-46.419999999998254,KXBTCD-26OCT0204-T85899.99,1790925629200,1790926178605,21.395,0.49,0.42,-5.3319,25.882199999999997,13.411,25.589000000000002,-6.221700000000001,1
2026-10-02,1790926200000,3,DOWN,85931.72,85899.99,-31.729999999995925,KXBTCD-26OCT0204-T85899.99,1790926455207,1790927067123,32.877,0.58,0.78,7.350100000000003,25.673299999999998,10.620900000000002,25.379099999999998,6.328100000000003,1
2026-10-02,1790927100000,4,UP,85771.02,85799.99,28.970000000001164,KXBTCD-26OCT0204-T85799.99,1790927403670,1790927940018,59.982,0.69,0.99,10.2359,25.379099999999998,8.7109,25.2891,9.237400000000001,1
2026-10-02,1790928000000,1,UP,86044.66,85999.99,-44.669999999998254,KXBTCD-26OCT0205-T85999.99,1790928281526,1790928891227,8.773,0.83,0.88,0.9818000000000013,25.196399999999997,1.262200000000001,24.7378,0.3675000000000008,1
2026-10-02,1790928900000,2,UP,86299.65,86299.99,0.34000000001105946,KXBTCD-26OCT0205-T86299.99,1790929166565,1790929770409,29.591,0.71,0.63,-3.875599999999998,25.354499999999998,3.153,24.847,-4.4407,1
2026-10-02,1790929800000,3,DOWN,86367.08,86399.99,32.91000000000349,KXBTCD-26OCT0205-T86399.99,1790930178441,1790930659202,40.798,0.75,0.75,-0.8664,25.1832,8.7109,25.2891,-1.4796000000000007,1
2026-10-02,1790930700000,4,DOWN,86317.98,86299.99,-17.989999999990687,KXBTCD-26OCT0205-T86299.99,1790931057713,1790931599813,0.187,0.49,0.99,24.572400000000002,25.882199999999997,13.7936,25.2064,23.0564,1
2026-10-02,1790931600000,1,DOWN,86218.51,86199.99,-18.519999999989523,KXBTCD-26OCT0206-T86199.99,1790931865359,1790932480931,19.069,0.6,0.51,-5.096099999999998,25.2888,6.149899999999999,24.8501,-5.7661999999999995,1
2026-10-02,1790932500000,2,DOWN,86207.79,86199.99,-7.7999999999883585,KXBTCD-26OCT0206-T86199.99,1790933011305,1790933346195,53.805,0.58,0.71,4.2369,25.673299999999998,10.971599999999999,25.0284,3.2913999999999994,1
2026-10-02,1790933400000,3,UP,86138.46,86099.99,-38.470000000001164,KXBTCD-26OCT0206-T86099.99,1790933686037,1790934291890,8.11,0.93,0.94,0.03879999999999735,24.2985,1.2866000000000013,24.7134,-0.4812000000000031,1
2026-10-02,1790934300000,4,DOWN,86337.29,86299.99,-37.29999999998836,KXBTCD-26OCT0206-T86299.99,1790934564033,1790935174275,25.725,0.38,0.0,-25.772,25.772,-25.7987,25.7987,-26.0258,0
2026-10-02,1790935200000,1,UP,86349.51,86299.99,-49.51999999998952,KXBTCD-26OCT0207-T86299.99,1790935637123,1790936044812,55.188,0.63,0.58,-3.251500000000002,25.2064,-25.2064,25.2064,-4.028200000000002,0
2026-10-02,1790937000000,3,UP,86390.54,86399.99,9.450000000011642,KXBTCD-26OCT0207-T86399.99,1790937434048,1790937836328,63.672,0.59,0.72,4.156000000000001,25.4912,13.7936,25.2064,3.2302,1
2026-10-02,1790937900000,4,DOWN,86415.39,86399.99,-15.39999999999418,KXBTCD-26OCT0207-T86399.99,1790938174110,1790938781217,18.783,0.8,0.99,5.521299999999999,25.1472,4.091100000000001,24.9089,4.735599999999998,1
2026-10-02,1790938800000,1,UP,86289.8,86299.99,10.190000000002328,KXBTCD-26OCT0208-T86299.99,1790939055727,1790939663358,36.642,0.58,0.74,5.567500000000002,25.673299999999998,8.7109,25.2891,4.589300000000001,1
2026-10-02,1790939700000,2,UP,86432.59,86399.99,-32.59999999999127,KXBTCD-26OCT0208-T86399.99,1790940068113,1790940549011,50.989,0.68,0.56,-5.4894,25.0284,-25.354499999999998,25.354499999999998,-6.202800000000002,0
2026-10-02,1790940600000,3,UP,86420.77,86399.99,-20.779999999998836,KXBTCD-26OCT0208-T86399.99,1790940895215,1790941440797,59.203,0.73,0.75,-0.2353999999999994,25.2891,7.8168,25.1832,-0.889,1
2026-10-02,1790941500000,4,UP,86451.4,86499.99,48.59000000001106,KXBTCD-26OCT0208-T86499.99,1790941846563,1790942395340,4.66,0.4,0.0,-25.8416,25.8416,-25.354499999999998,25.354499999999998,-25.616,0
2026-10-02,1790942400000,1,DOWN,86427.0,86399.99,-27.00999999999476,KXBTCD-26OCT0209-T86399.99,1790942661460,1790943277511,22.489,0.57,0.48,-5.359099999999999,25.247799999999998,5.089999999999999,24.91,-6.213099999999999,1
2026-10-02,1790943300000,2,UP,86397.36,86399.99,2.6300000000046566,KXBTCD-26OCT0209-T86399.99,1790943544072,1790944155314,44.686,0.67,0.71,0.37399999999999733,25.362700000000004,4.091100000000001,24.9089,-0.35760000000000336,1
2026-10-02,1790944200000,3,UP,86612.97,86599.99,-12.979999999995925,KXBTCD-26OCT0209-T86599.99,1790944499150,1790945048899,51.101,0.74,0.34,-14.162899999999999,24.8645,-25.379099999999998,25.379099999999998,-14.803999999999998,0
2026-10-02,1790945100000,4,UP,86490.32,86499.99,9.669999999998254,KXBTCD-26OCT0209-T86499.99,1790945398923,1790945941619,58.381,0.81,0.99,5.055999999999998,24.6232,4.091100000000001,24.9089,4.448799999999998,1
2026-10-02,1790946000000,1,UP,86822.4,86799.99,-22.40999999998894,KXBTCD-26OCT0210-T86799.99,1790946275584,1790946885919,14.081,0.61,0.4,-9.738199999999999,25.0662,-25.014499999999998,25.014499999999998,-10.5259,0
2026-10-02,1790947800000,3,UP,86615.1,86599.99,-15.110000000000582,KXBTCD-26OCT0210-T86599.99,1790948088905,1790948690998,9.002,0.77,0.86,2.2134999999999994,25.0368,3.8155000000000006,25.1845,1.5699999999999983,1
2026-10-02,1790948700000,4,DOWN,86888.85,86899.99,11.139999999999418,KXBTCD-26OCT0210-T86899.99,1790948970524,1790949594467,5.533,0.52,0.99,21.688,25.7987,24.125,25.875,20.2659,1
2026-10-02,1790949600000,1,UP,86611.96,86599.99,-11.970000000001164,KXBTCD-26OCT0211-T86599.99,1790949868655,1790950492414,7.586,0.65,0.3,-14.4638,25.3052,-25.362700000000004,25.362700000000004,-14.804500000000003,0
2026-10-02,1790950500000,2,UP,86381.45,86399.99,18.54000000000815,KXBTCD-26OCT0211-T86399.99,1790950740428,1790951361791,38.209,0.66,0.31,-14.085300000000002,25.0012,-25.0012,25.0012,-14.806600000000001,0
2026-10-02,1790951400000,3,DOWN,86140.06,86099.99,-40.06999999999243,KXBTCD-26OCT0211-T86099.99,1790951698729,1790952241463,58.537,0.78,0.68,-4.071899999999999,25.3444,9.0401,24.9599,-4.5599,1
2026-10-02,1790952300000,4,UP,85929.07,85899.99,-29.080000000001746,KXBTCD-26OCT0211-T85899.99,1790952582489,1790953133735,66.265,0.72,0.0,-24.9599,24.9599,-24.7286,24.7286,-25.2891,0
2026-10-02,1790953200000,1,DOWN,85666.06,85699.99,33.93000000000757,KXBTCD-26OCT0212-T85699.99,1790953473761,1790954083223,16.777,0.6,0.59,-1.7931000000000004,25.2888,11.6373,25.362700000000004,-2.548300000000001,1
2026-10-02,1790954100000,2,DOWN,85602.81,85599.99,-2.819999999992433,KXBTCD-26OCT0212-T85599.99,1790954423195,1790954964503,35.497,0.61,0.65,0.2968000000000014,25.0662,10.971599999999999,25.0284,-0.5048999999999992,1
2026-10-02,1790955000000,3,DOWN,85456.87,85499.99,43.120000000009895,KXBTCD-26OCT0212-T85499.99,1790955496656,1790955838059,61.941,0.65,0.82,5.462099999999998,25.3052,10.971599999999999,25.0284,4.570099999999997,1
2026-10-02,1790955900000,4,UP,85322.87,85299.99,-22.879999999990105,KXBTCD-26OCT0212-T85299.99,1790956245462,1790956792482,7.518,0.63,0.0,-25.2064,25.2064,-25.4597,25.4597,-25.589000000000002,0
2026-10-02,1790956800000,1,UP,85274.11,85299.99,25.880000000004657,KXBTCD-26OCT0213-T85299.99,1790957060431,1790957671093,28.907,0.61,0.38,-10.5259,25.0662,-24.7286,24.7286,-11.3124,0
2026-10-02,1790957700000,2,UP,85192.21,85199.99,7.779999999998836,KXBTCD-26OCT0213-T85199.99,1790957997773,1790958545889,54.111,0.63,0.51,-5.9986999999999995,25.2064,-25.379099999999998,25.379099999999998,-6.7715000000000005,0
2026-10-02,1790959500000,4,UP,85156.37,85199.99,43.620000000009895,KXBTCD-26OCT0213-T85199.99,1790959754008,1790960373502,26.498,0.65,0.03,-24.2427,25.3052,-25.3052,25.3052,-24.311999999999998,0
2026-10-02,1790960400000,1,UP,85128.18,85099.99,-28.189999999987776,KXBTCD-26OCT0214-T85099.99,1790960640077,1790961261730,38.27,0.64,0.4,-10.6442,25.589000000000002,-24.8645,24.8645,-11.1181,0
2026-10-02,1790961300000,2,DOWN,84953.3,84999.99,46.69000000000233,KXBTCD-26OCT0214-T84999.99,1790961598684,1790962147032,52.968,0.58,0.84,10.0421,25.673299999999998,9.985500000000002,25.014499999999998,8.9539,1
2026-10-02,1790962200000,3,UP,84634.79,84599.99,-34.79999999998836,KXBTCD-26OCT0214-T84599.99,1790962490969,1790963041814,58.186,0.74,0.42,-11.5673,24.8645,-25.014499999999998,25.014499999999998,-12.212,0
2026-10-02,1790963100000,4,UP,84596.14,84599.99,3.8500000000058208,KXBTCD-26OCT0214-T84599.99,1790963376313,1790963990962,9.038,0.71,0.99,9.2712,25.354499999999998,11.6373,25.362700000000004,8.3134,1
2026-10-02,1790964000000,1,UP,84787.33,84799.99,12.660000000003492,KXBTCD-26OCT0215-T84799.99,1790964326848,1790964872821,27.179,0.6,0.61,-0.9615999999999996,25.2888,8.7109,25.2891,-1.7382000000000004,1
2026-10-02,1790964900000,2,DOWN,84862.65,84899.99,37.34000000001106,KXBTCD-26OCT0215-T84899.99,1790965150523,1790965757013,42.987,0.79,0.9,2.8545999999999996,24.8501,4.091100000000001,24.9089,2.2302999999999993,1
2026-10-02,1790965800000,3,DOWN,84596.57,84599.99,3.4199999999982538,KXBTCD-26OCT0215-T84599.99,1790966106795,1790966661796,38.204,0.64,0.95,11.331299999999999,25.589000000000002,8.1355,24.8645,10.264699999999998,1
2026-10-02,1790966700000,4,UP,83957.42,83999.99,42.570000000006985,KXBTCD-26OCT0215-T83999.99,1790967066069,1790967539930,60.07,0.6,0.99,15.2727,25.2888,12.694799999999999,25.3052,14.0789,1
2026-10-02,1790967600000,1,DOWN,84250.56,84299.99,49.43000000000757,KXBTCD-26OCT0216-T84299.99,1790968026838,1790968431041,68.959,0.65,0.79,4.2735,25.3052,9.0401,24.9599,3.4142999999999994,1
2026-10-02,1790968500000,2,DOWN,84118.74,84099.99,-18.75,KXBTCD-26OCT0216-T84099.99,1790968775038,1790969395889,4.111,0.56,0.43,-7.234000000000003,25.399,-25.4597,25.4597,-7.921100000000004,0
2026-10-02,1790969400000,3,UP,84124.9,84099.99,-24.90999999998894,KXBTCD-26OCT0216-T84099.99,1790969860843,1790970268564,31.436,0.71,0.66,-2.8042999999999974,25.354499999999998,9.645500000000002,25.354499999999998,-3.401399999999998,1
2026-10-02,1790970300000,4,UP,84153.27,84199.99,46.720000000001164,KXBTCD-26OCT0216-T84199.99,1790970676879,1790971157174,42.826,0.48,0.99,25.5753,25.8686,11.998799999999997,25.0012,24.0278,1
2026-10-02,1790971200000,1,UP,84282.63,84499.99,217.36000000000058,KXBTCD-26OCT0217-T84499.99,1790971502467,1790972046913,53.087,0.3,0.25,-6.4594999999999985,26.120099999999997,8.7109,25.2891,-7.8194,1
2026-10-02,1790973000000,3,UP,84340.96,84499.99,159.02999999999884,KXBTCD-26OCT0217-T84499.99,1790973259676,1790973881380,18.62,0.37,0.03,-24.0098,25.8833,-24.623199999999997,24.623199999999997,-24.5612,0
2026-10-02,1790974800000,1,UP,84445.85,84399.99,-45.86000000000058,KXBTCD-26OCT0218-T84399.99,1790975115184,1790975670053,29.947,0.68,0.66,-1.8339000000000008,25.0284,10.971599999999999,25.0284,-2.5524000000000013,1
2026-10-02,1790975700000,2,DOWN,84484.76,84499.99,15.230000000010477,KXBTCD-26OCT0218-T84499.99,1790976270104,1790976537732,62.268,0.55,0.69,4.846499999999995,25.529700000000002,18.601,25.399,3.8506999999999945,1
2026-10-02,1790976600000,3,UP,84426.38,84399.99,-26.389999999999418,KXBTCD-26OCT0218-T84399.99,1790977013196,1790977488344,11.656,0.75,0.87,3.2655000000000003,25.1832,9.645500000000002,25.354499999999998,2.5216999999999996,1
2026-10-02,1790977500000,4,UP,84503.88,84499.99,-3.889999999999418,KXBTCD-26OCT0218-T84499.99,1790977957692,1790978371281,28.719,0.59,0.98,15.611099999999999,25.4912,10.620900000000002,25.379099999999998,14.397599999999999,1
2026-10-02,1790978400000,1,DOWN,84509.61,84499.99,-9.619999999995343,KXBTCD-26OCT0219-T84499.99,1790978900588,1790979246755,53.245,0.58,0.44,-7.494999999999997,25.673299999999998,-25.014499999999998,25.014499999999998,-8.151799999999998,0
2026-10-02,1790982000000,1,DOWN,84542.53,84499.99,-42.5399999999936,KXBTCD-26OCT0220-T84499.99,1790982585164,1790982854795,45.205,0.58,0.58,-1.4666,25.673299999999998,2.249699999999999,24.750300000000003,-2.2718000000000007,1
2026-10-02,1790982900000,2,UP,84479.01,84499.99,20.980000000010477,KXBTCD-26OCT0220-T84499.99,1790983464126,1790983732619,67.381,0.47,0.66,8.313200000000004,25.8342,14.933800000000002,25.0662,7.103300000000002,1
2026-10-02,1790983800000,3,DOWN,84545.77,84499.99,-45.779999999998836,KXBTCD-26OCT0220-T84499.99,1790984078544,1790984691760,8.24,0.43,0.14,-18.304100000000002,25.935200000000002,6.963199999999996,25.036800000000003,-18.7693,1
2026-10-02,1790984700000,4,DOWN,84543.92,84499.99,-43.929999999993015,KXBTCD-26OCT0220-T84499.99,1790985290831,1790985559210,40.79,0.15,0.03,-21.7398,26.3816,9.0401,24.9599,-23.521800000000002,1
2026-10-02,1790985600000,1,DOWN,84503.96,84499.99,-3.970000000001164,KXBTCD-26OCT0221-T84499.99,1790985896892,1790986447539,52.461,0.63,0.44,-8.719100000000001,25.2064,9.645500000000002,25.354499999999998,-9.4882,1
2026-10-02,1790986500000,2,UP,84497.77,84499.99,2.220000000001164,KXBTCD-26OCT0221-T84499.99,1790986786366,1790987331671,68.329,0.62,0.65,-0.0966999999999989,25.4597,10.620900000000002,25.379099999999998,-0.8753999999999996,1
2026-10-02,1790987400000,3,UP,84544.05,84499.99,-44.05999999999767,KXBTCD-26OCT0221-T84499.99,1790987937956,1790988282941,17.059,0.85,0.97,3.162,24.9089,8.710900000000006,25.289099999999998,2.5774999999999997,1
2026-10-02,1790988300000,4,UP,84610.46,84599.99,-10.470000000001164,KXBTCD-26OCT0221-T84599.99,1790988558280,1790989179184,20.816,0.71,0.99,9.2712,25.354499999999998,10.620900000000002,25.379099999999998,8.3134,1
2026-10-02,1790989200000,1,DOWN,84643.39,84599.99,-43.39999999999418,KXBTCD-26OCT0222-T84599.99,1790989445950,1790990066070,33.93,0.47,0.41,-5.0017,25.8342,8.7109,25.2891,-5.942200000000001,1
2026-10-02,1790990100000,2,DOWN,84634.23,84599.99,-34.23999999999069,KXBTCD-26OCT0222-T84599.99,1790990468316,1790990952721,47.279,0.44,0.46,-0.819699999999999,25.605900000000002,11.998799999999997,25.0012,-1.9058,1
2026-10-02,1790991000000,3,UP,84604.32,84599.99,-4.330000000001746,KXBTCD-26OCT0222-T84599.99,1790991300946,1790991853506,46.494,0.69,0.64,-2.9197999999999977,25.379099999999998,10.971599999999999,25.0284,-3.5355999999999983,1
2026-10-02,1790991900000,4,DOWN,84621.6,84599.99,-21.610000000000582,KXBTCD-26OCT0222-T84599.99,1790992393831,1790992740932,59.068,0.4,0.0,-25.8416,25.8416,-25.2891,25.2891,-25.616,0
2026-10-02,1790993700000,2,UP,84608.95,84599.99,-8.959999999991851,KXBTCD-26OCT0223-T84599.99,1790994012870,1790994564610,35.39,0.75,0.75,-0.8664,25.1832,3.4183000000000003,24.581699999999998,-1.4796000000000007,1
2026-10-02,1790994600000,3,UP,84642.18,84599.99,-42.189999999987776,KXBTCD-26OCT0223-T84599.99,1790995163516,1790995439415,60.585,0.85,0.9,1.0084000000000013,24.9089,17.326700000000002,25.673299999999998,0.42670000000000086,1
2026-10-02,1790995500000,4,DOWN,84665.22,84699.99,34.770000000004075,KXBTCD-26OCT0223-T84699.99,1790995779671,1790996391731,8.269,0.95,0.99,0.9354000000000009,24.7865,5.8527999999999984,25.1472,0.41440000000000043,1
2026-10-02,1790996400000,1,UP,84588.68,84599.99,11.310000000012224,KXBTCD-26OCT0300-T84599.99,1790996668169,1790997286437,13.563,0.48,0.19,-16.5488,25.8686,-25.0662,25.0662,-17.229200000000002,0
2026-10-02,1790997300000,2,UP,84517.64,84499.99,-17.64999999999418,KXBTCD-26OCT0300-T84499.99,1790997552436,1790998161063,38.937,0.81,0.86,0.9238999999999981,24.6232,3.4183000000000003,24.581699999999998,0.32219999999999743,1
2026-10-02,1790998200000,3,UP,84578.63,84599.99,21.360000000000582,KXBTCD-26OCT0300-T84599.99,1790998507572,1790999053439,46.561,0.53,0.77,9.8777,25.7296,9.0401,24.9599,8.7327,1
2026-10-02,1790999100000,4,UP,84634.81,84599.99,-34.81999999999243,KXBTCD-26OCT0300-T84599.99,1790999524289,1790999989233,10.767,0.95,0.99,0.9354000000000009,24.7865,12.694800000000004,25.305199999999996,0.41440000000000043,1
2026-10-03,1791000000000,1,UP,84681.46,84699.99,18.529999999998836,KXBTCD-26OCT0301-T84699.99,1791000401090,1791000884471,15.529,0.46,0.24,-13.508500000000002,25.779,-25.0284,25.0284,-14.301300000000003,0
2026-10-03,1791000900000,2,DOWN,84646.65,84599.99,-46.65999999998894,KXBTCD-26OCT0301-T84599.99,1791001151439,1791001770903,29.097,0.46,0.76,14.571499999999999,25.779,4.367100000000001,24.6329,13.220099999999997,1
2026-10-03,1791001800000,3,UP,84520.59,84499.99,-20.59999999999127,KXBTCD-26OCT0301-T84499.99,1791002043914,1791002668114,31.886,0.81,0.86,0.9238999999999981,24.6232,9.985500000000002,25.014499999999998,0.32219999999999743,1
2026-10-03,1791002700000,4,UP,84539.71,84499.99,-39.720000000001164,KXBTCD-26OCT0301-T84499.99,1791003003440,1791003558195,41.805,0.99,0.99,-0.0348,24.7674,4.091100000000001,24.9089,-0.5320000000000007,1
2026-10-03,1791003600000,1,DOWN,84571.37,84599.99,28.620000000009895,KXBTCD-26OCT0302-T84599.99,1791003839727,1791004466344,33.656,0.73,0.69,-2.3382000000000014,25.2891,6.9632,25.0368,-2.927200000000002,1
2026-10-03,1791004500000,2,UP,84554.53,84599.99,45.4600000000064,KXBTCD-26OCT0302-T84599.99,1791004805735,1791005345973,54.027,0.44,0.59,6.485799999999999,25.605900000000002,7.8168,25.1832,5.259199999999997,1
2026-10-03,1791005400000,3,UP,84612.03,84599.99,-12.039999999993597,KXBTCD-26OCT0302-T84599.99,1791005688872,1791006240132,59.868,0.74,0.78,0.4791000000000012,24.8645,9.985500000000002,25.014499999999998,-0.1823999999999994,1
2026-10-03,1791006300000,4,UP,84625.51,84599.99,-25.519999999989523,KXBTCD-26OCT0302-T84599.99,1791006586381,1791007137867,62.133,0.9,0.98,1.952799999999999,24.470100000000002,-25.014499999999998,25.014499999999998,1.4101999999999983,0
2026-10-03,1791009900000,4,DOWN,84639.29,84599.99,-39.29999999998836,KXBTCD-26OCT0303-T84599.99,1791010228339,1791010785428,14.572,0.66,0.99,11.603099999999998,25.0012,4.091100000000001,24.9089,10.846499999999997,1
2026-10-03,1791010800000,1,UP,84559.59,84599.99,40.40000000000873,KXBTCD-26OCT0304-T84599.99,1791011320800,1791011664905,35.095,0.4,0.52,5.315099999999999,25.8416,6.963199999999996,25.036800000000003,3.9343999999999983,1
2026-10-03,1791011700000,2,DOWN,84598.41,84599.99,1.5800000000017462,KXBTCD-26OCT0304-T84599.99,1791012015162,1791012568188,31.812,0.49,0.45,-3.815799999999999,25.882199999999997,-25.001199999999997,25.001199999999997,-4.7374,0
2026-10-03,1791015300000,2,DOWN,84630.53,84599.99,-30.539999999993597,KXBTCD-26OCT0305-T84599.99,1791015697322,1791016173218,26.782,0.59,0.47,-6.4836,25.4912,2.5298999999999965,24.470100000000006,-7.1418,1
2026-10-03,1791016200000,3,DOWN,84599.07,84599.99,0.9199999999982538,KXBTCD-26OCT0305-T84599.99,1791016447568,1791017069193,30.807,0.65,0.33,-13.3534,25.3052,-25.2891,25.2891,-13.7248,0
2026-10-03,1791029700000,2,UP,84678.67,84699.99,21.320000000006985,KXBTCD-26OCT0309-T84699.99,1791029975112,1791030586587,13.413,0.74,0.9,4.627600000000001,24.8645,1.7991999999999988,24.2008,3.9606,1
2026-10-03,1791030600000,3,UP,84847.04,84799.99,-47.04999999998836,KXBTCD-26OCT0309-T84799.99,1791030993743,1791031475015,24.985,0.72,0.52,-7.873999999999999,24.9599,-25.2888,25.2888,-8.543899999999999,0
2026-10-03,1791031500000,4,UP,84802.16,84799.99,-2.1699999999982538,KXBTCD-26OCT0309-T84799.99,1791032066819,1791032332541,67.459,0.99,0.99,-0.0348,24.7674,1.5792999999999986,24.420700000000004,-0.5320000000000007,1
2026-10-03,1791032400000,1,DOWN,84872.72,84899.99,27.270000000004075,KXBTCD-26OCT0310-T84899.99,1791032667456,1791033282756,17.244,0.69,0.68,-1.4474999999999962,25.379099999999998,11.6373,25.362700000000004,-2.106199999999997,1
2026-10-03,1791033300000,2,DOWN,84846.15,84799.99,-46.15999999998894,KXBTCD-26OCT0310-T84799.99,1791033557764,1791034170382,29.618,0.44,0.43,-2.4867000000000004,25.605900000000002,6.149899999999999,24.8501,-3.5408000000000013,1
2026-10-03,1791034200000,3,UP,84803.91,84799.99,-3.9199999999982538,KXBTCD-26OCT0310-T84799.99,1791034511305,1791035054201,45.799,0.83,0.86,0.3507000000000008,25.196399999999997,3.153,24.847,-0.24179999999999974,1
2026-10-03,1791035100000,4,UP,84838.01,84799.99,-38.01999999998952,KXBTCD-26OCT0310-T84799.99,1791035396849,1791035949381,50.619,0.91,0.99,1.986399999999999,24.724800000000002,11.6373,25.362700000000004,1.4436999999999984,1
2026-10-03,1791036000000,1,DOWN,84856.02,84899.99,43.970000000001164,KXBTCD-26OCT0311-T84899.99,1791036292492,1791036836426,63.574,0.83,0.85,0.035800000000000554,25.196399999999997,2.529899999999999,24.470100000000002,-0.5458,1
2026-10-03,1791036900000,2,UP,84792.09,84799.99,7.900000000008731,KXBTCD-26OCT0311-T84799.99,1791037177947,1791037788149,11.851,0.52,0.6,2.194899999999998,25.7987,14.933800000000002,25.0662,1.2044999999999972,1
2026-10-03,1791037800000,3,DOWN,84814.79,84799.99,-14.799999999988358,KXBTCD-26OCT0311-T84799.99,1791038065436,1791038678201,21.799,0.58,0.83,9.5919,25.673299999999998,5.8527999999999984,25.1472,8.514800000000001,1
2026-10-03,1791038700000,4,UP,84753.89,84799.99,46.10000000000582,KXBTCD-26OCT0311-T84799.99,1791038950944,1791039555254,44.746,0.81,0.99,5.055999999999998,24.6232,1.4817000000000013,24.518299999999996,4.448799999999998,1
2026-10-03,1791039600000,1,DOWN,84832.02,84799.99,-32.029999999998836,KXBTCD-26OCT0312-T84799.99,1791039901065,1791040450669,49.331,0.53,0.35,-10.028100000000002,25.7296,3.4183000000000003,24.581699999999998,-10.722500000000004,1
2026-10-03,1791040500000,2,UP,84829.17,84799.99,-29.179999999993015,KXBTCD-26OCT0312-T84799.99,1791040861236,1791041345850,54.15,0.69,0.76,1.5212000000000023,25.379099999999998,9.985500000000002,25.014499999999998,0.7761000000000016,1
2026-10-03,1791041400000,3,DOWN,84833.49,84799.99,-33.5,KXBTCD-26OCT0312-T84799.99,1791041690481,1791042235774,64.226,0.46,0.23,-14.0285,25.779,-25.196399999999997,25.196399999999997,-14.8109,0
2026-10-03,1791044100000,2,DOWN,84824.26,84799.99,-24.269999999989523,KXBTCD-26OCT0313-T84799.99,1791044570623,1791044975944,24.056,0.52,0.48,-3.597400000000002,25.7987,2.300599999999999,24.6994,-4.459200000000003,1
2026-10-03,1791045000000,3,UP,84799.78,84799.99,0.21000000000640284,KXBTCD-26OCT0313-T84799.99,1791045251814,1791045871536,28.464,0.61,0.76,4.823000000000001,25.0662,8.7109,25.2891,4.0153,1
2026-10-03,1791045900000,4,UP,84824.82,84799.99,-24.830000000001746,KXBTCD-26OCT0313-T84799.99,1791046206790,1791046753852,46.148,0.93,0.99,1.4233999999999984,24.2985,9.645500000000002,25.354499999999998,0.9015999999999981,1
2026-10-03,1791046800000,1,UP,84856.61,84899.99,43.38000000000466,KXBTCD-26OCT0314-T84899.99,1791047293854,1791047692287,7.713,0.32,0.36,0.6738999999999984,26.1481,9.645500000000002,25.354499999999998,-0.8552000000000028,1
2026-10-03,1791047700000,2,UP,84873.43,84899.99,26.560000000012224,KXBTCD-26OCT0314-T84899.99,1791047964955,1791048583525,16.475,0.52,0.45,-5.0303,25.7987,5.376800000000002,24.623199999999997,-5.860300000000001,1
2026-10-03,1791048600000,3,DOWN,84893.66,84899.99,6.330000000001746,KXBTCD-26OCT0314-T84899.99,1791048848985,1791049466086,33.914,0.81,0.23,-18.095200000000002,24.6232,-25.1845,25.1845,-18.6704,0
2026-10-03,1791052200000,3,DOWN,84978.53,84999.99,21.460000000006403,KXBTCD-26OCT0315-T84999.99,1791052806618,1791053079707,20.293,0.93,0.91,-0.7876000000000005,24.2985,1.2135000000000011,24.7865,-1.3065000000000009,1
2026-10-03,1791053100000,4,DOWN,84931.72,84899.99,-31.729999999995925,KXBTCD-26OCT0315-T84899.99,1791053555986,1791053970230,29.77,0.16,0.0,-26.4277,26.4277,-24.9599,24.9599,-26.442,0
2026-10-03,1791054000000,1,DOWN,84934.77,84899.99,-34.779999999998836,KXBTCD-26OCT0316-T84899.99,1791054241398,1791054856616,43.384,0.65,0.64,-1.5981000000000003,25.3052,1.7747999999999988,24.2252,-2.2950000000000013,1
2026-10-03,1791054900000,2,DOWN,84856.01,84899.99,43.98000000001048,KXBTCD-26OCT0316-T84899.99,1791055265767,1791055747170,52.83,0.72,0.79,1.505200000000002,24.9599,14.540299999999998,25.4597,0.8224000000000015,1
2026-10-03,1791055800000,3,DOWN,84830.61,84799.99,-30.619999999995343,KXBTCD-26OCT0316-T84799.99,1791056090860,1791056638600,61.4,0.35,0.37,-0.8692999999999989,25.9807,7.2714,24.7286,-2.2258,1
2026-10-03,1791056700000,4,DOWN,84798.53,84799.99,1.4600000000064028,KXBTCD-26OCT0316-T84799.99,1791056983700,1791057534740,65.26,0.84,0.0,-24.6329,24.6329,-25.0368,25.0368,-24.9089,0
2026-10-03,1791057600000,1,UP,84834.38,84749.99,-84.38999999999942,KXBTCD-26OCT0317-T84749.99,1791057885150,1791058434338,65.662,0.92,0.91,-0.5640000000000003,24.9792,5.8527999999999984,25.1472,-1.0623000000000007,1
2026-10-03,1791058500000,2,UP,84873.32,84749.99,-123.33000000000175,KXBTCD-26OCT0317-T84749.99,1791058848208,1791059332957,67.043,0.95,0.96,0.10360000000000023,24.7865,13.7936,25.2064,-0.4164000000000002,1
2026-10-03,1791059400000,3,DOWN,84883.92,84999.99,116.07000000000698,KXBTCD-26OCT0317-T84999.99,1791059735577,1791060280310,19.69,0.95,0.98,0.6578000000000007,24.7865,10.620900000000002,25.379099999999998,0.13710000000000022,1
2026-10-03,1791061200000,1,DOWN,84739.29,84699.99,-39.29999999998836,KXBTCD-26OCT0318-T84699.99,1791061502823,1791062063900,36.1,0.46,0.48,-0.8025000000000021,25.779,9.985500000000002,25.014499999999998,-1.848400000000003,1
2026-10-03,1791062100000,2,UP,84670.39,84699.99,29.60000000000582,KXBTCD-26OCT0318-T84699.99,1791062400351,1791062952853,47.147,0.53,0.45,-5.393900000000001,25.7296,5.3767999999999985,24.6232,-6.193400000000001,1
2026-10-03,1791063000000,3,UP,84694.41,84699.99,5.580000000001746,KXBTCD-26OCT0318-T84699.99,1791063302153,1791063847554,52.446,0.58,0.49,-5.355499999999999,25.673299999999998,-25.014499999999998,25.014499999999998,-6.065099999999999,0
2026-10-03,1791070200000,3,UP,84733.88,84699.99,-33.88999999999942,KXBTCD-26OCT0320-T84699.99,1791070713642,1791071050039,49.961,0.95,0.96,0.10360000000000023,24.7865,2.529899999999999,24.470100000000002,-0.4164000000000002,1
2026-10-03,1791071100000,4,DOWN,84773.99,84799.99,26.0,KXBTCD-26OCT0320-T84799.99,1791071451532,1791071999493,0.507,0.92,0.99,1.7319999999999989,24.9792,12.694799999999999,25.3052,1.1457999999999982,1
2026-10-03,1791072000000,1,UP,84746.01,84699.99,-46.01999999998952,KXBTCD-26OCT0321-T84699.99,1791072268612,1791072879245,20.755,0.81,0.88,1.5549999999999988,24.6232,8.1355,24.8645,0.9523999999999979,1
2026-10-03,1791072900000,2,UP,84805.54,84799.99,-5.5499999999883585,KXBTCD-26OCT0321-T84799.99,1791073285672,1791073766181,33.819,0.63,0.5,-6.3889000000000005,25.2064,-25.379099999999998,25.379099999999998,-7.161300000000001,0
2026-10-03,1791076500000,2,DOWN,84768.08,84799.99,31.910000000003492,KXBTCD-26OCT0322-T84799.99,1791076826623,1791077368550,31.45,0.79,0.83,0.5736999999999975,24.8501,9.0401,24.9599,-0.04750000000000287,1
2026-10-03,1791077400000,3,UP,84739.37,84699.99,-39.379999999990105,KXBTCD-26OCT0322-T84699.99,1791077707530,1791078252235,47.765,0.87,0.93,1.3307000000000015,24.581699999999998,5.3767999999999985,24.6232,0.768700000000001,1
2026-10-03,1791078300000,4,UP,84771.37,84799.99,28.620000000009895,KXBTCD-26OCT0322-T84799.99,1791078792392,1791079198157,1.843,0.22,0.0,-26.217399999999998,26.217399999999998,9.0401,24.9599,-26.1789,1
2026-10-03,1791079200000,1,UP,84793.43,84799.99,6.560000000012224,KXBTCD-26OCT0323-T84799.99,1791079473150,1791080094096,5.904,0.63,0.57,-3.645600000000002,25.2064,5.3767999999999985,24.6232,-4.421700000000003,1
2026-10-03,1791080100000,2,UP,84817.37,84799.99,-17.379999999990105,KXBTCD-26OCT0323-T84799.99,1791080703484,1791080980368,19.632,0.73,0.61,-5.1154,25.2891,6.9632,25.0368,-5.6189,1
2026-10-03,1791081000000,3,UP,84822.76,84799.99,-22.769999999989523,KXBTCD-26OCT0323-T84799.99,1791081249182,1791081864998,35.002,0.8,0.44,-12.041900000000002,25.1472,-25.0284,25.0284,-12.238000000000001,0
2026-10-03,1791084600000,3,UP,84787.45,84799.99,12.540000000008149,KXBTCD-26OCT0400-T84799.99,1791084956361,1791085434428,65.572,0.63,0.86,8.0049,25.2064,1.5792999999999986,24.420700000000004,7.2128999999999985,1
2026-10-03,1791085500000,4,DOWN,84862.28,84899.99,37.7100000000064,KXBTCD-26OCT0400-T84899.99,1791085776222,1791086399023,0.977,0.94,0.99,1.1792000000000011,24.542699999999996,11.998799999999997,25.0012,0.6578000000000007,1
2026-10-04,1791086400000,1,UP,84826.77,84799.99,-26.779999999998836,KXBTCD-26OCT0401-T84799.99,1791086681502,1791087233652,66.348,0.71,0.54,-7.063099999999998,25.354499999999998,-25.379099999999998,25.379099999999998,-7.532799999999998,0
2026-10-04,1791094500000,2,UP,84903.57,84899.99,-3.5800000000017462,KXBTCD-26OCT0403-T84899.99,1791094938477,1791095358533,41.467,0.81,0.37,-14.0128,24.6232,-24.8352,24.8352,-14.593900000000003,0
2026-10-04,1791095400000,3,UP,84900.41,84899.99,-0.41999999999825377,KXBTCD-26OCT0403-T84899.99,1791095706905,1791096261847,38.153,0.88,0.81,-2.4686999999999983,24.847,2.8880999999999997,25.111900000000002,-3.025499999999999,1
2026-10-04,1791096300000,4,UP,84952.51,84999.99,47.48000000001048,KXBTCD-26OCT0403-T84999.99,1791096598345,1791097143279,56.721,0.38,0.9,32.3185,25.772,5.8527999999999984,25.1472,30.4956,1
2026-10-04,1791097200000,1,DOWN,85019.96,84999.99,-19.970000000001164,KXBTCD-26OCT0404-T84999.99,1791097687859,1791098039149,60.851,0.47,0.57,3.4663999999999993,25.8342,10.620900000000002,25.379099999999998,2.3544999999999985,1
2026-10-04,1791098100000,2,DOWN,84983.89,84999.99,16.10000000000582,KXBTCD-26OCT0404-T84999.99,1791098382513,1791098934832,65.168,0.81,0.67,-4.9876000000000005,24.6232,1.991129999999999,25.00887,-5.581300000000001,1
2026-10-04,1791099000000,3,DOWN,84967.14,84999.99,32.85000000000582,KXBTCD-26OCT0404-T84999.99,1791099271574,1791099893488,6.512,0.86,0.77,-3.214099999999999,25.1845,4.091100000000001,24.9089,-3.6592999999999996,1
2026-10-04,1791099900000,4,UP,84959.41,84999.99,40.580000000001746,KXBTCD-26OCT0404-T84999.99,1791100171426,1791100786391,13.609,0.58,0.99,16.8669,25.673299999999998,3.8155000000000006,25.1845,15.611099999999999,1
2026-10-04,1791100800000,1,UP,85086.47,85099.99,13.520000000004075,KXBTCD-26OCT0405-T85099.99,1791101131699,1791101691202,8.798,0.57,0.6,-0.1701999999999989,25.247799999999998,11.6373,25.362700000000004,-1.0314999999999994,1
2026-10-04,1791101700000,2,DOWN,85142.88,85099.99,-42.88999999999942,KXBTCD-26OCT0405-T85099.99,1791102033685,1791102585120,14.88,0.46,0.2,-15.5838,25.779,-25.3444,25.3444,-16.335200000000004,0
2026-10-04,1791102600000,3,DOWN,85156.97,85199.99,43.020000000004075,KXBTCD-26OCT0405-T85199.99,1791102852484,1791103461553,38.447,0.9,0.96,1.3772999999999984,24.470100000000002,2.224299999999999,24.775700000000004,0.8353999999999978,1
2026-10-04,1791103500000,4,UP,85066.29,85099.99,33.70000000001164,KXBTCD-26OCT0405-T85099.99,1791103803895,1791104356991,43.009,0.6,0.01,-24.9073,25.2888,6.149899999999999,24.8501,-25.0662,1
2026-10-04,1791104400000,1,DOWN,85094.19,85099.99,5.80000000000291,KXBTCD-26OCT0406-T85099.99,1791104639418,1791105260440,39.56,0.66,0.38,-11.551500000000003,25.0012,-24.909999999999997,24.909999999999997,-12.2765,0
2026-10-04,1791105300000,2,UP,85121.78,85099.99,-21.789999999993597,KXBTCD-26OCT0406-T85099.99,1791105800296,1791106141489,58.511,0.8,0.92,3.2129999999999996,25.1472,1.3110000000000013,24.689,2.504799999999999,1
2026-10-04,1791106200000,3,DOWN,85260.53,85299.99,39.4600000000064,KXBTCD-26OCT0406-T85299.99,1791106882247,1791107089036,10.964,0.83,0.79,-1.8447999999999978,25.196399999999997,-25.0284,25.0284,-2.361299999999998,0
2026-10-04,1791107100000,4,UP,85267.49,85299.99,32.5,KXBTCD-26OCT0406-T85299.99,1791107424442,1791107977703,22.297,0.29,0.0,-26.179599999999997,26.179599999999997,-24.909999999999997,24.909999999999997,-26.120099999999997,0
2026-10-04,1791108900000,2,UP,85232.28,85199.99,-32.2899999999936,KXBTCD-26OCT0407-T85199.99,1791109253460,1791109732246,67.754,0.92,0.93,0.007700000000000248,24.9792,1.4817000000000013,24.518299999999996,-0.5125000000000002,1
2026-10-04,1791109800000,3,DOWN,85398.04,85399.99,1.9500000000116415,KXBTCD-26OCT0407-T85399.99,1791110079920,1791110688780,11.22,0.75,0.89,3.9606,25.1832,9.985500000000002,25.014499999999998,3.1948,1
2026-10-04,1791110700000,4,DOWN,85330.13,85299.99,-30.139999999999418,KXBTCD-26OCT0407-T85299.99,1791111296709,1791111577635,22.365,0.19,0.99,103.29790000000001,26.3013,14.540299999999998,25.4597,95.9285,1
2026-10-04,1791111600000,1,DOWN,85265.68,85299.99,34.310000000012224,KXBTCD-26OCT0408-T85299.99,1791111841715,1791112465687,34.313,0.72,0.65,-3.401399999999998,24.9599,5.090000000000002,24.909999999999997,-4.077499999999999,1
2026-10-04,1791112500000,2,UP,85251.91,85299.99,48.080000000001746,KXBTCD-26OCT0408-T85299.99,1791112800848,1791113351195,48.805,0.33,0.53,12.5314,25.910800000000002,11.998799999999994,25.001200000000004,10.717799999999997,1
2026-10-04,1791113400000,3,DOWN,85305.87,85299.99,-5.879999999990105,KXBTCD-26OCT0408-T85299.99,1791113759388,1791114244040,55.96,0.54,0.78,9.687499999999998,25.639900000000004,10.971599999999999,25.0284,8.562399999999998,1
2026-10-04,1791114300000,4,UP,85263.95,85299.99,36.04000000000815,KXBTCD-26OCT0408-T85299.99,1791114645423,1791115192503,7.497,0.27,0.39,8.238499999999998,26.109400000000004,10.971599999999999,25.0284,6.176199999999998,1
2026-10-04,1791115200000,1,UP,85300.7,85299.99,-0.7099999999918509,KXBTCD-26OCT0409-T85299.99,1791115466761,1791116081599,18.401,0.57,0.37,-10.039499999999999,25.247799999999998,-24.9599,24.9599,-10.886899999999999,0
2026-10-04,1791116100000,2,DOWN,85248.8,85199.99,-48.80999999999767,KXBTCD-26OCT0409-T85199.99,1791116426400,1791116978405,21.595,0.3,0.22,-8.857099999999999,26.120099999999997,-25.7987,25.7987,-10.127,0
2026-10-04,1791117900000,4,DOWN,85203.41,85199.99,-3.4199999999982538,KXBTCD-26OCT0409-T85199.99,1791118178264,1791118793182,6.818,0.82,0.99,4.769200000000001,24.909999999999997,5.3767999999999985,24.6232,4.162400000000001,1
2026-10-04,1791118800000,1,UP,85125.56,85099.99,-25.569999999992433,KXBTCD-26OCT0410-T85099.99,1791119330096,1791119674608,25.392,0.64,0.74,2.745699999999999,25.589000000000002,13.7936,25.2064,1.9104999999999983,1
2026-10-04,1791119700000,2,UP,85153.13,85199.99,46.86000000000058,KXBTCD-26OCT0410-T85199.99,1791119950165,1791120556143,43.857,0.41,0.57,7.554499999999997,25.616,9.645500000000002,25.354499999999998,6.236199999999998,1
2026-10-04,1791120600000,3,UP,85211.39,85199.99,-11.39999999999418,KXBTCD-26OCT0410-T85199.99,1791120899654,1791121445317,54.683,0.7,0.58,-5.3114,25.014499999999998,7.2714,24.7286,-6.005000000000001,1
2026-10-04,1791121500000,4,UP,85221.14,85199.99,-21.14999999999418,KXBTCD-26OCT0410-T85199.99,1791121787098,1791122332112,67.888,0.94,0.99,1.1792000000000011,24.542699999999996,4.091100000000001,24.9089,0.6578000000000007,1
2026-10-04,1791123300000,2,DOWN,85199.51,85199.99,0.4800000000104774,KXBTCD-26OCT0411-T85199.99,1791123593061,1791124138145,61.855,0.62,0.57,-3.346000000000002,25.4597,7.8168,25.1832,-4.039100000000002,1
2026-10-04,1791124200000,3,DOWN,85169.62,85199.99,30.370000000009895,KXBTCD-26OCT0411-T85199.99,1791124665199,1791125068027,31.973,0.73,0.88,4.3795,25.2891,5.090000000000002,24.909999999999997,3.5842,1
2026-10-04,1791125100000,4,DOWN,85125.9,85099.99,-25.90999999998894,KXBTCD-26OCT0411-T85099.99,1791125340060,1791125958871,41.129,0.43,0.0,-25.935200000000002,25.935200000000002,-24.8645,24.8645,-25.605900000000002,0
2026-10-04,1791126000000,1,UP,85266.07,85299.99,33.919999999998254,KXBTCD-26OCT0412-T85299.99,1791126303836,1791126850618,49.382,0.54,0.57,-0.20920000000000394,25.639900000000004,3.4183000000000003,24.581699999999998,-1.1059000000000045,1
2026-10-04,1791126900000,2,UP,85320.6,85299.99,-20.610000000000582,KXBTCD-26OCT0412-T85299.99,1791127192988,1791127740684,59.316,0.75,0.6,-5.9376000000000015,25.1832,-25.028399999999998,25.028399999999998,-6.390500000000001,0
2026-10-04,1791129600000,1,DOWN,85275.02,85299.99,24.970000000001164,KXBTCD-26OCT0413-T85299.99,1791129873243,1791130484845,15.155,0.74,0.59,-5.9533000000000005,24.8645,3.4183000000000003,24.581699999999998,-6.606000000000002,1
2026-10-04,1791132300000,4,UP,85331.76,85299.99,-31.769999999989523,KXBTCD-26OCT0413-T85299.99,1791132604842,1791133146649,53.351,0.95,0.99,0.9354000000000009,24.7865,4.803600000000001,25.196399999999997,0.41440000000000043,1
2026-10-04,1791133200000,1,UP,85358.37,85399.99,41.620000000009895,KXBTCD-26OCT0414-T85399.99,1791133482714,1791134098171,1.829,0.4,0.2,-14.136000000000001,25.8416,-25.0284,25.0284,-14.862400000000001,0
2026-10-04,1791134100000,2,UP,85308.62,85299.99,-8.629999999990105,KXBTCD-26OCT0414-T85299.99,1791134822722,1791134952220,47.78,0.83,0.78,-2.156799999999998,25.196399999999997,0.5356000000000005,24.4644,-2.6624999999999983,1
2026-10-04,1791135000000,3,DOWN,85370.31,85399.99,29.680000000007567,KXBTCD-26OCT0414-T85399.99,1791135291282,1791135894048,5.952,0.75,0.63,-4.9317,25.1832,-25.362700000000004,25.362700000000004,-5.4164,0
2026-10-04,1791135900000,4,DOWN,85385.92,85399.99,14.070000000006985,KXBTCD-26OCT0414-T85399.99,1791136367390,1791136779240,20.76,0.83,0.99,4.4828,25.196399999999997,6.9632,25.0368,3.7473000000000005,1
2026-10-04,1791136800000,1,UP,85307.54,85299.99,-7.5499999999883585,KXBTCD-26OCT0415-T85299.99,1791137125632,1791137677075,22.925,0.62,0.55,-4.152699999999998,25.4597,-25.3052,25.3052,-4.824599999999999,0
2026-10-04,1791140400000,1,UP,85327.74,85299.99,-27.75,KXBTCD-26OCT0416-T85299.99,1791140761795,1791141241668,58.332,0.78,0.82,0.5648999999999975,25.3444,4.091100000000001,24.9089,-0.07410000000000289,1
2026-10-04,1791141300000,2,UP,85371.53,85399.99,28.460000000006403,KXBTCD-26OCT0416-T85399.99,1791141716958,1791142193765,6.235,0.41,0.64,11.816300000000002,25.616,11.6373,25.362700000000004,10.421100000000001,1
2026-10-04,1791142200000,3,UP,85447.0,85399.99,-47.00999999999476,KXBTCD-26OCT0416-T85399.99,1791142470289,1791143096907,3.093,0.87,0.69,-5.681000000000001,24.581699999999998,-24.581699999999998,24.581699999999998,-6.233500000000001,0
2026-10-04,1791144900000,2,UP,85415.86,85499.99,84.13000000000466,KXBTCD-26OCT0417-T85499.99,1791145178508,1791145799404,0.596,0.36,0.3,-6.267199999999999,25.9529,5.8527999999999984,25.1472,-7.419000000000001,1
2026-10-04,1791145800000,3,UP,85452.46,85499.99,47.529999999998836,KXBTCD-26OCT0417-T85499.99,1791146066575,1791146679647,20.353,0.48,0.91,21.153200000000002,25.8686,6.149899999999999,24.8501,19.6965,1
2026-10-04,1791146700000,4,UP,85742.33,85749.99,7.6600000000034925,KXBTCD-26OCT0417-T85749.99,1791146955715,1791147568956,31.044,0.67,0.99,11.241599999999998,25.362700000000004,8.7109,25.2891,10.202199999999996,1
2026-10-04,1791147600000,1,UP,85817.53,85799.99,-17.539999999993597,KXBTCD-26OCT0418-T85799.99,1791147973048,1791148449591,50.409,0.58,0.72,4.6798,25.673299999999998,13.411,25.589000000000002,3.7234000000000003,1
2026-10-04,1791148500000,2,DOWN,86008.37,85999.99,-8.379999999990105,KXBTCD-26OCT0418-T85999.99,1791148856509,1791149399052,0.948,0.76,0.83,1.5152999999999983,24.7286,4.367100000000001,24.6329,0.8724999999999978,1
2026-10-04,1791149400000,3,UP,85812.33,85799.99,-12.339999999996508,KXBTCD-26OCT0418-T85799.99,1791149672683,1791150278105,21.895,0.64,0.91,9.677400000000002,25.589000000000002,11.998799999999997,25.0012,8.6554,1
2026-10-04,1791150300000,4,DOWN,85964.27,85999.99,35.720000000001164,KXBTCD-26OCT0418-T85999.99,1791150621318,1791151168657,31.343,0.74,0.99,7.7826,24.8645,9.0401,24.9599,7.1114999999999995,1
2026-10-04,1791151200000,1,UP,85831.75,85799.99,-31.75999999999476,KXBTCD-26OCT0419-T85799.99,1791151443921,1791152062895,37.105,0.74,0.93,5.675100000000002,24.8645,3.153,24.847,5.006700000000001,1
2026-10-04,1791152100000,2,UP,86315.92,86299.99,-15.929999999993015,KXBTCD-26OCT0419-T86299.99,1791152399610,1791152954240,45.76,0.8,0.47,-11.117800000000003,25.1472,-25.111900000000002,25.111900000000002,-11.344900000000003,0
2026-10-04,1791153000000,3,UP,86266.78,86299.99,33.2100000000064,KXBTCD-26OCT0419-T86299.99,1791153302828,1791153854038,45.962,0.69,0.72,0.03280000000000094,25.379099999999998,9.645499999999997,25.3545,-0.6689999999999996,1
2026-10-04,1791153900000,4,DOWN,86382.01,86399.99,17.980000000010477,KXBTCD-26OCT0419-T86399.99,1791154199606,1791154754583,45.417,0.79,0.66,-4.8771,24.8501,-25.0012,25.0012,-5.4909,0
2026-10-04,1791154800000,1,UP,86404.71,86399.99,-4.720000000001164,KXBTCD-26OCT0420-T86399.99,1791155164584,1791155642654,57.346,0.57,0.74,5.993000000000001,25.247799999999998,9.645500000000002,25.354499999999998,5.123400000000001,1
2026-10-04,1791155700000,2,UP,86577.85,86599.99,22.139999999999418,KXBTCD-26OCT0420-T86599.99,1791156238983,1791156575961,24.039,0.48,0.6,4.457800000000001,25.8686,15.711200000000002,25.2888,3.344199999999999,1
2026-10-04,1791157500000,4,UP,86485.78,86499.99,14.210000000006403,KXBTCD-26OCT0420-T86499.99,1791157921117,1791158338213,61.787,0.57,0.03,-24.045399999999994,25.247799999999998,11.998799999999997,25.0012,-24.8723,1
2026-10-04,1791158400000,1,DOWN,86505.93,86499.99,-5.939999999987776,KXBTCD-26OCT0421-T86499.99,1791158682462,1791159236947,63.053,0.63,0.7,1.520299999999998,25.2064,7.8168,25.1832,0.7369999999999975,1
2026-10-04,1791159300000,2,UP,86344.42,86299.99,-44.429999999993015,KXBTCD-26OCT0421-T86299.99,1791159775815,1791160191521,8.479,0.72,0.47,-9.5728,24.9599,-25.362700000000004,25.362700000000004,-10.2403,0
2026-10-04,1791160200000,3,UP,86262.95,86299.99,37.04000000000815,KXBTCD-26OCT0421-T86299.99,1791160789225,1791161069750,30.25,0.6,0.95,13.524799999999999,25.2888,4.803600000000001,25.196399999999997,12.3758,1
2026-10-04,1791161100000,4,UP,86587.36,86599.99,12.630000000004657,KXBTCD-26OCT0421-T86599.99,1791161543390,1791161951312,48.688,0.46,0.99,27.6435,25.779,13.411,25.589000000000002,26.033,1
2026-10-04,1791162000000,1,DOWN,86659.29,86699.99,40.70000000001164,KXBTCD-26OCT0422-T86699.99,1791162299870,1791162852427,47.573,0.69,0.65,-2.5523999999999973,25.379099999999998,-24.6329,24.6329,-3.1789999999999976,0
2026-10-04,1791162900000,2,UP,86664.33,86699.99,35.66000000000349,KXBTCD-26OCT0422-T86699.99,1791163198485,1791163737691,62.309,0.55,0.75,7.629599999999998,25.529700000000002,8.7109,25.2891,6.568399999999997,1
2026-10-04,1791163800000,3,DOWN,86947.11,86899.99,-47.11999999999534,KXBTCD-26OCT0422-T86899.99,1791164080912,1791164695079,4.921,0.86,0.92,1.3460000000000016,25.1845,3.418300000000003,24.581699999999994,0.737700000000001,1
2026-10-04,1791164700000,4,DOWN,86711.67,86699.99,-11.679999999993015,KXBTCD-26OCT0422-T86699.99,1791165103295,1791165580095,19.905,0.84,0.99,4.057,24.6329,6.655599999999999,25.3444,3.4713,1
2026-10-04,1791165600000,1,UP,86601.75,86599.99,-1.7599999999947613,KXBTCD-26OCT0423-T86599.99,1791165923228,1791166467100,32.9,0.62,0.68,1.1310000000000022,25.4597,7.8168,25.1832,0.3199000000000014,1
2026-10-04,1791166500000,2,DOWN,86672.54,86699.99,27.45000000001164,KXBTCD-26OCT0423-T86699.99,1791166741717,1791167357956,42.044,0.7,0.81,2.9584000000000032,25.014499999999998,7.2714,24.7286,2.253500000000003,1
2026-10-04,1791167400000,3,DOWN,86516.66,86499.99,-16.669999999998254,KXBTCD-26OCT0423-T86499.99,1791167769013,1791168253114,46.886,0.51,0.13,-19.8652,25.8472,-25.8342,25.8342,-20.393600000000003,0
2026-10-04,1791168300000,4,DOWN,86660.91,86699.99,39.080000000001746,KXBTCD-26OCT0423-T86699.99,1791168601906,1791169149208,50.792,0.96,0.99,0.6920000000000007,25.0299,8.7109,25.2891,0.16470000000000024,1
2026-10-04,1791169200000,1,DOWN,86505.49,86499.99,-5.5,KXBTCD-26OCT0500-T86499.99,1791169555669,1791170043639,56.361,0.57,0.54,-2.7754999999999965,25.247799999999998,10.620900000000002,25.379099999999998,-3.633099999999997,1
2026-10-04,1791170100000,2,DOWN,86486.54,86499.99,13.450000000011642,KXBTCD-26OCT0500-T86499.99,1791170383376,1791170935217,64.783,0.68,0.61,-3.6680000000000024,25.0284,6.9632,25.0368,-4.383900000000002,1
2026-10-04,1791171000000,3,DOWN,86433.24,86399.99,-33.25,KXBTCD-26OCT0500-T86399.99,1791171273440,1791171832973,67.027,0.65,0.8,4.669200000000001,25.3052,6.655599999999999,25.3444,3.7991000000000006,1
2026-10-04,1791171900000,4,UP,86243.85,86199.99,-43.86000000000058,KXBTCD-26OCT0500-T86199.99,1791172244941,1791172789771,10.229,0.92,0.0,-24.9792,24.9792,-25.0284,25.0284,-24.2985,0
2026-10-05,1791172800000,1,UP,86045.36,85999.99,-45.36999999999534,KXBTCD-26OCT0501-T85999.99,1791173199069,1791173685014,14.986,0.63,0.42,-9.491500000000002,25.2064,-24.9599,24.9599,-10.2594,0
2026-10-05,1791173700000,2,DOWN,85946.09,85899.99,-46.09999999999127,KXBTCD-26OCT0501-T85899.99,1791174023108,1791174571977,28.023,0.57,0.72,5.1053000000000015,25.247799999999998,6.655599999999999,25.3444,4.2369,1
2026-10-05,1791174600000,3,DOWN,85755.53,85799.99,44.4600000000064,KXBTCD-26OCT0501-T85799.99,1791174847883,1791175463731,36.269,0.81,0.9,2.1877999999999993,24.6232,4.803600000000001,25.196399999999997,1.5843999999999987,1
2026-10-05,1791175500000,4,UP,85573.46,85599.99,26.529999999998836,KXBTCD-26OCT0501-T85599.99,1791175808906,1791176367737,32.263,0.58,0.0,-25.673299999999998,25.673299999999998,-25.354499999999998,25.354499999999998,-25.4912,0
2026-10-05,1791177300000,2,DOWN,85489.06,85499.99,10.930000000007567,KXBTCD-26OCT0502-T85499.99,1791177581926,1791178138340,61.66,0.57,0.51,-4.069999999999998,25.247799999999998,-25.0012,25.0012,-4.925799999999999,0
2026-10-05,1791180000000,1,UP,85724.84,85699.99,-24.84999999999127,KXBTCD-26OCT0503-T85699.99,1791180298986,1791180837180,62.82,0.75,0.84,2.2262999999999993,25.1832,4.367100000000001,24.6329,1.5152999999999983,1
2026-10-05,1791180900000,2,UP,85884.15,85899.99,15.84000000001106,KXBTCD-26OCT0503-T85899.99,1791181182848,1791181737410,62.59,0.67,0.54,-6.0261000000000005,25.362700000000004,-24.6329,24.6329,-6.5762,0
2026-10-05,1791181800000,3,DOWN,85876.79,85899.99,23.20000000001164,KXBTCD-26OCT0503-T85899.99,1791182209094,1791182686572,13.428,0.69,0.83,4.145300000000001,25.379099999999998,9.985500000000002,25.014499999999998,3.3238000000000003,1
2026-10-05,1791182700000,4,UP,85797.86,85799.99,2.1300000000046566,KXBTCD-26OCT0503-T85799.99,1791182964210,1791183592998,7.002,0.95,0.99,0.9354000000000009,24.7865,1.6525999999999959,24.347400000000004,0.41440000000000043,1
2026-10-05,1791183600000,1,UP,86207.8,86199.99,-7.809999999997672,KXBTCD-26OCT0504-T86199.99,1791184126766,1791184468749,31.251,0.64,0.58,-3.634100000000002,25.589000000000002,5.090000000000002,24.909999999999997,-4.297200000000003,1
2026-10-05,1791184500000,2,UP,86269.96,86299.99,30.029999999998836,KXBTCD-26OCT0504-T86299.99,1791184806350,1791185362114,37.886,0.46,0.28,-11.4211,25.779,-25.3052,25.3052,-12.255500000000001,0
2026-10-05,1791185400000,3,UP,86190.88,86199.99,9.110000000000582,KXBTCD-26OCT0504-T86199.99,1791185699386,1791186246742,53.258,0.52,0.81,12.564100000000002,25.7987,14.540299999999995,25.459700000000005,11.344000000000001,1
2026-10-05,1791186300000,4,DOWN,86363.11,86399.99,36.88000000000466,KXBTCD-26OCT0504-T86399.99,1791186661226,1791187137763,62.237,0.93,0.99,1.4233999999999984,24.2985,8.7109,25.2891,0.9015999999999981,1
2026-10-05,1791187200000,1,UP,86188.6,86199.99,11.389999999999418,KXBTCD-26OCT0505-T86199.99,1791187488674,1791188039093,60.907,0.72,0.8,1.8593000000000026,24.9599,3.4183000000000003,24.581699999999998,1.1760000000000017,1
2026-10-05,1791188100000,2,DOWN,86395.4,86399.99,4.5900000000110595,KXBTCD-26OCT0505-T86399.99,1791188384335,1791188933035,66.965,0.73,0.48,-9.563199999999998,25.2891,-24.9089,24.9089,-9.93,0
2026-10-05,1791189000000,3,DOWN,86401.75,86399.99,-1.7599999999947613,KXBTCD-26OCT0505-T86399.99,1791189338998,1791189887386,12.614,0.59,0.8,7.638400000000004,25.4912,4.367100000000001,24.6329,6.625000000000003,1
2026-10-05,1791189900000,4,DOWN,86268.15,86299.99,31.84000000001106,KXBTCD-26OCT0505-T86299.99,1791190163455,1791190787170,12.83,0.82,0.99,4.769200000000001,24.909999999999997,4.367100000000001,24.6329,4.162400000000001,1
2026-10-05,1791191700000,2,DOWN,85970.27,85999.99,29.720000000001164,KXBTCD-26OCT0506-T85999.99,1791191989999,1791192540920,59.08,0.79,0.74,-2.3277000000000014,24.8501,2.8880999999999997,25.111900000000002,-2.9450000000000016,1
2026-10-05,1791192600000,3,UP,85868.12,85899.99,31.870000000009895,KXBTCD-26OCT0506-T85899.99,1791193145269,1791193488381,11.619,0.65,0.62,-2.371900000000001,25.3052,4.803600000000001,25.196399999999997,-3.047400000000002,1
2026-10-05,1791193500000,4,UP,85939.7,85899.99,-39.70999999999185,KXBTCD-26OCT0506-T85899.99,1791193831215,1791194378125,21.875,0.83,0.99,4.4828,25.196399999999997,11.998799999999997,25.0012,3.7473000000000005,1
2026-10-05,1791194400000,1,UP,85950.36,85999.99,49.63000000000466,KXBTCD-26OCT0507-T85999.99,1791194648134,1791195277751,22.249,0.55,0.55,-1.5594,25.529700000000002,6.149899999999999,24.8501,-2.4041000000000006,1
2026-10-05,1791195300000,2,UP,86006.62,85999.99,-6.629999999990105,KXBTCD-26OCT0507-T85999.99,1791195549046,1791196169258,30.742,0.64,0.78,4.362500000000002,25.589000000000002,9.645500000000002,25.354499999999998,3.4837,1
2026-10-05,1791196200000,3,DOWN,86085.0,86099.99,14.990000000005239,KXBTCD-26OCT0507-T86099.99,1791196448606,1791197068217,31.783,0.76,0.79,0.1797000000000008,24.7286,10.971599999999999,25.0284,-0.4611999999999997,1
2026-10-05,1791197100000,4,UP,86016.03,85999.99,-16.039999999993597,KXBTCD-26OCT0507-T85999.99,1791197343594,1791197960846,39.154,0.92,0.99,1.7319999999999989,24.9792,3.4183000000000003,24.581699999999998,1.1457999999999982,1
2026-10-05,1791198000000,1,DOWN,86097.13,86099.99,2.860000000000582,KXBTCD-26OCT0508-T86099.99,1791198302997,1791198853658,46.342,0.77,0.8,0.20480000000000081,25.0368,3.4183000000000003,24.581699999999998,-0.4360999999999997,1
2026-10-05,1791198900000,2,UP,85931.95,85899.99,-31.95999999999185,KXBTCD-26OCT0508-T85899.99,1791199200724,1791199746031,53.969,0.71,0.92,6.6651000000000025,25.354499999999998,6.149899999999999,24.8501,5.785100000000002,1
2026-10-05,1791200700000,4,DOWN,86064.36,86099.99,35.63000000000466,KXBTCD-26OCT0508-T86099.99,1791201162061,1791201566941,33.059,0.91,0.0,-24.724800000000002,24.724800000000002,-25.1472,25.1472,-24.9792,0
2026-10-05,1791201600000,1,DOWN,86195.77,86199.99,4.220000000001164,KXBTCD-26OCT0509-T86199.99,1791201905801,1791202454770,45.23,0.61,0.65,0.2968000000000014,25.0662,7.949341176470585,25.050658823529414,-0.5048999999999992,1
2026-10-05,1791202500000,2,DOWN,86118.82,86099.99,-18.830000000001746,KXBTCD-26OCT0509-T86099.99,1791203002989,1791203343063,56.937,0.52,0.61,2.6818999999999984,25.7987,17.326700000000002,25.673299999999998,1.6807999999999979,1
2026-10-05,1791203400000,3,DOWN,86033.69,85999.99,-33.69999999999709,KXBTCD-26OCT0509-T85999.99,1791203686658,1791204246506,53.494,0.75,0.79,0.5035000000000012,25.1832,5.3767999999999985,24.6232,-0.15299999999999947,1
2026-10-05,1791204300000,4,DOWN,85909.59,85899.99,-9.599999999991269,KXBTCD-26OCT0509-T85899.99,1791204590835,1791205147527,52.473,0.67,0.61,-3.408900000000002,25.362700000000004,6.149899999999999,24.8501,-4.033200000000003,1
2026-10-05,1791205200000,1,UP,85875.89,85899.99,24.10000000000582,KXBTCD-26OCT0510-T85899.99,1791205502021,1791206049947,50.053,0.7,0.76,1.1386000000000018,25.014499999999998,1.6037999999999986,24.396200000000004,0.4361000000000013,1
2026-10-05,1791206100000,2,UP,86120.91,86099.99,-20.919999999998254,KXBTCD-26OCT0510-T86099.99,1791206393499,1791206949030,50.97,0.57,0.48,-5.359099999999999,25.247799999999998,-25.379099999999998,25.379099999999998,-6.213099999999999,0
2026-10-05,1791207000000,3,DOWN,86093.08,86099.99,6.9100000000034925,KXBTCD-26OCT0510-T86099.99,1791207300820,1791207846219,53.781,0.68,0.75,1.4990999999999983,25.0284,5.8527999999999984,25.1472,0.7759999999999977,1
2026-10-05,1791207900000,4,UP,85967.08,85999.99,32.91000000000349,KXBTCD-26OCT0510-T85999.99,1791208191009,1791208731940,68.06,0.9,0.99,2.241099999999999,24.470100000000002,2.529899999999999,24.470100000000002,1.6980999999999988,1
2026-10-05,1791208800000,1,DOWN,86409.81,86399.99,-9.819999999992433,KXBTCD-26OCT0511-T86399.99,1791209079313,1791209695340,4.66,0.6,0.27,-14.784499999999998,25.2888,-25.2891,25.2891,-15.205,0
2026-10-05,1791210600000,3,DOWN,86279.12,86299.99,20.870000000009895,KXBTCD-26OCT0511-T86299.99,1791210903032,1791211437787,62.213,0.97,0.95,-0.6342000000000005,24.301,0.5823000000000006,24.4177,-1.133000000000001,1
2026-10-05,1791211500000,4,DOWN,85781.88,85799.99,18.110000000000582,KXBTCD-26OCT0511-T85799.99,1791211739250,1791212367493,32.507,0.77,0.99,6.6209999999999996,25.0368,4.8037875,25.196212499999998,5.971599999999999,1
2026-10-05,1791212400000,1,DOWN,85605.89,85599.99,-5.899999999994179,KXBTCD-26OCT0512-T85599.99,1791212713873,1791213275125,24.875,0.54,0.58,0.2556999999999965,25.639900000000004,15.711200000000002,25.2888,-0.6518000000000042,1
2026-10-05,1791213300000,2,DOWN,85532.09,85499.99,-32.09999999999127,KXBTCD-26OCT0512-T85499.99,1791213878718,1791214152187,47.813,0.42,0.48,1.5030000000000001,25.786099999999998,17.326700000000002,25.673299999999998,0.3133999999999988,1
2026-10-05,1791214200000,3,DOWN,85524.5,85499.99,-24.50999999999476,KXBTCD-26OCT0512-T85499.99,1791214489004,1791215039317,60.683,0.85,0.81,-1.731399999999998,24.9089,2.122499999999996,24.8775,-2.3092999999999986,1
2026-10-05,1791215100000,4,UP,85311.71,85299.99,-11.720000000001164,KXBTCD-26OCT0512-T85299.99,1791215381382,1791215996300,3.7,0.5,0.0,-25.875,25.875,-25.398999999999997,25.398999999999997,-25.8472,0
2026-10-05,1791216000000,1,DOWN,85246.9,85199.99,-46.90999999998894,KXBTCD-26OCT0513-T85199.99,1791216315709,1791216862977,37.023,0.46,0.42,-4.019900000000002,25.779,14.933800000000002,25.0662,-5.001700000000003,1
2026-10-05,1791216900000,2,DOWN,85238.81,85199.99,-38.81999999999243,KXBTCD-26OCT0513-T85199.99,1791217199739,1791217753202,46.798,0.63,0.61,-2.065900000000001,25.2064,6.9632,25.0368,-2.8442000000000016,1
2026-10-05,1791217800000,3,UP,85131.8,85099.99,-31.80999999999767,KXBTCD-26OCT0513-T85099.99,1791218102492,1791218656372,43.628,0.75,0.68,-3.245899999999998,25.1832,9.645500000000002,25.354499999999998,-3.7838999999999987,1
2026-10-05,1791218700000,4,UP,85164.11,85199.99,35.88000000000466,KXBTCD-26OCT0513-T85199.99,1791219002942,1791219546527,53.473,0.53,0.99,20.767799999999998,25.7296,9.645500000000002,25.354499999999998,19.3769,1
2026-10-05,1791219600000,1,DOWN,85305.08,85299.99,-5.0899999999965075,KXBTCD-26OCT0514-T85299.99,1791219884632,1791220433719,66.281,0.62,0.64,-0.5048999999999992,25.4597,7.2714,24.7286,-1.2728,1
2026-10-05,1791220500000,2,UP,85250.58,85299.99,49.41000000000349,KXBTCD-26OCT0514-T85299.99,1791220771227,1791221395757,4.243,0.57,0.68,3.3372000000000037,25.247799999999998,4.803600000000001,25.196399999999997,2.471100000000004,1
2026-10-05,1791221400000,3,DOWN,85366.38,85399.99,33.61000000000058,KXBTCD-26OCT0514-T85399.99,1791221668675,1791222235405,64.595,0.76,0.83,1.5152999999999983,24.7286,6.149899999999999,24.8501,0.8724999999999978,1
2026-10-05,1791222300000,4,DOWN,85319.11,85299.99,-19.119999999995343,KXBTCD-26OCT0514-T85299.99,1791222573602,1791223198102,1.898,0.79,0.0,-24.8501,24.8501,-25.1472,25.1472,-25.1472,0
2026-10-05,1791223200000,1,DOWN,85423.41,85399.99,-23.419999999998254,KXBTCD-26OCT0515-T85399.99,1791223590694,1791224061512,38.488,0.54,0.46,-5.279800000000001,25.639900000000004,-24.9599,24.9599,-6.059400000000002,0
2026-10-05,1791224100000,2,UP,85432.83,85399.99,-32.83999999999651,KXBTCD-26OCT0515-T85399.99,1791224461121,1791224943976,56.024,0.74,0.88,3.9315000000000007,24.8645,9.985500000000002,25.014499999999998,3.2655000000000003,1
2026-10-05,1791225000000,3,UP,85579.27,85599.99,20.720000000001164,KXBTCD-26OCT0515-T85599.99,1791225372031,1791225857389,42.611,0.57,0.57,-1.4756,25.247799999999998,8.7109,25.2891,-2.335000000000001,1
2026-10-05,1791225900000,4,DOWN,85615.46,85599.99,-15.470000000001164,KXBTCD-26OCT0515-T85599.99,1791226401168,1791226749197,50.803,0.49,0.0,-25.882199999999997,25.882199999999997,-25.3052,25.3052,-25.875,0
2026-10-05,1791226800000,1,DOWN,85652.99,85699.99,47.0,KXBTCD-26OCT0516-T85699.99,1791227087267,1791227641292,58.708,0.76,0.55,-7.682999999999999,24.7286,-24.6329,24.6329,-8.3133,0
2026-10-05,1791227700000,2,UP,85684.11,85699.99,15.880000000004657,KXBTCD-26OCT0516-T85699.99,1791227981701,1791228535094,64.906,0.69,0.61,-4.018699999999998,25.379099999999998,4.367100000000001,24.6329,-4.602499999999999,1
2026-10-05,1791228600000,3,UP,85731.12,85699.99,-31.129999999990105,KXBTCD-26OCT0516-T85699.99,1791228875032,1791229431794,68.206,0.67,0.66,-1.5239000000000003,25.362700000000004,-24.9599,24.9599,-2.201700000000001,0
2026-10-05,1791229500000,4,DOWN,85718.26,85699.99,-18.269999999989523,KXBTCD-26OCT0516-T85699.99,1791230160490,1791230369873,30.127,0.71,0.0,-25.354499999999998,25.354499999999998,-24.8501,24.8501,-24.9599,0
2026-10-05,1791230400000,1,DOWN,85729.81,85749.99,20.180000000007567,KXBTCD-26OCT0517-T85749.99,1791230774520,1791231260289,39.711,0.72,0.69,-2.009000000000001,24.9599,5.3767999999999985,24.6232,-2.6870000000000016,1
2026-10-05,1791231300000,2,UP,85679.51,85749.99,70.48000000001048,KXBTCD-26OCT0517-T85749.99,1791231601479,1791232159326,40.674,0.47,0.56,2.931600000000004,25.8342,4.091100000000001,24.9089,1.8305000000000033,1
2026-10-05,1791232200000,3,DOWN,85770.8,85749.99,-20.80999999999767,KXBTCD-26OCT0517-T85749.99,1791232560751,1791233040221,59.779,0.54,0.27,-13.854600000000003,25.639900000000004,-25.354499999999998,25.354499999999998,-14.4358,0
2026-10-05,1791233100000,4,UP,85787.94,85749.99,-37.94999999999709,KXBTCD-26OCT0517-T85749.99,1791233446510,1791233933715,66.285,0.91,0.99,1.986399999999999,24.724800000000002,7.2714,24.7286,1.4436999999999984,1
2026-10-05,1791234000000,1,DOWN,85791.7,85799.99,8.290000000008149,KXBTCD-26OCT0518-T85799.99,1791234278320,1791234898627,1.373,0.7,0.65,-2.8218999999999976,25.014499999999998,4.803600000000001,25.196399999999997,-3.5189999999999984,1
2026-10-05,1791234900000,2,UP,85733.2,85699.99,-33.20999999999185,KXBTCD-26OCT0518-T85699.99,1791235167821,1791235782170,17.83,0.78,0.87,2.242199999999999,25.3444,3.8155000000000006,25.1845,1.5485999999999986,1
2026-10-05,1791235800000,3,UP,85805.68,85799.99,-5.689999999987776,KXBTCD-26OCT0518-T85799.99,1791236047320,1791236663719,36.281,0.62,0.88,9.444600000000001,25.4597,8.7109,25.2891,8.4148,1
2026-10-05,1791236700000,4,UP,85912.96,85899.99,-12.970000000001164,KXBTCD-26OCT0518-T85899.99,1791237071498,1791237555764,44.236,0.73,0.99,8.3473,25.2891,11.6373,25.362700000000004,7.4302,1
2026-10-05,1791237600000,1,UP,85952.42,85999.99,47.570000000006985,KXBTCD-26OCT0519-T85999.99,1791237902298,1791238449726,50.274,0.46,0.43,-3.4855000000000014,25.779,11.998799999999997,25.0012,-4.478000000000002,1
2026-10-05,1791238500000,2,UP,85962.14,85999.99,37.85000000000582,KXBTCD-26OCT0519-T85999.99,1791238787017,1791239333543,66.457,0.5,0.36,-8.6814,25.875,11.6373,25.362700000000004,-9.477600000000002,1
2026-10-05,1791239400000,3,DOWN,85978.33,85999.99,21.660000000003492,KXBTCD-26OCT0519-T85999.99,1791239673383,1791240287485,12.515,0.59,0.61,-0.5706999999999993,25.4912,12.694799999999999,25.3052,-1.3776,1
2026-10-05,1791240300000,4,DOWN,85963.6,85999.99,36.38999999999942,KXBTCD-26OCT0519-T85999.99,1791240623718,1791241167650,32.35,0.87,0.99,3.1188000000000002,24.581699999999998,12.694799999999999,25.3052,2.5544999999999995,1
2026-10-05,1791241200000,1,UP,85925.79,85899.99,-25.79999999998836,KXBTCD-26OCT0520-T85899.99,1791241507449,1791242063560,36.44,0.81,0.47,-11.046400000000002,24.6232,-24.847,24.847,-11.631700000000002,0
