day,window_open,quarter,side,target,strike,strike_gap,hourly_ticker,entry_quote_ms,exit_quote_ms,exit_early_s,hourly_ask,hourly_bid,hourly_pnl,hourly_cost,btc_pnl,btc_cost,hourly_stressed,btc_won
2026-09-24,1790264700000,4,DOWN,84358.74,84399.99,41.25,KXBTCD-26SEP2412-T84399.99,1790264918297,1790265542206,57.794,0.66,0.38,-11.551500000000003,25.0012,-24.8645,24.8645,-12.2765,0
2026-09-24,1790267400000,3,DOWN,84697.09,84699.99,2.900000000008731,KXBTCD-26SEP2413-T84699.99,1790267611260,1790268289819,10.181,0.74,0.69,-2.588700000000001,24.8645,3.8155000000000006,25.1845,-3.245900000000002,1
2026-09-24,1790269200000,1,DOWN,84496.53,84499.99,3.460000000006403,KXBTCD-26SEP2414-T84499.99,1790269479294,1790270031631,68.369,0.58,0.67,2.471100000000004,25.673299999999998,10.971599999999999,25.0284,1.5690000000000022,1
2026-09-24,1790271000000,3,UP,84308.55,84299.99,-8.559999999997672,KXBTCD-26SEP2414-T84299.99,1790271206298,1790271828666,71.334,0.62,0.16,-19.4361,25.4597,-25.3052,25.3052,-19.704499999999996,0
2026-09-24,1790271900000,4,UP,84134.34,84099.99,-34.34999999999127,KXBTCD-26SEP2414-T84099.99,1790272120629,1790272724306,75.694,0.78,0.11,-22.0437,25.3444,-25.379099999999998,25.379099999999998,-21.9454,0
2026-09-24,1790272800000,1,DOWN,84074.78,84099.99,25.210000000006403,KXBTCD-26SEP2415-T84099.99,1790273027206,1790273645516,54.484,0.72,0.37,-12.9347,24.9599,-24.581699999999998,24.581699999999998,-13.5975,0
2026-09-24,1790274600000,3,DOWN,84417.6,84399.99,-17.610000000000582,KXBTCD-26SEP2415-T84399.99,1790274786686,1790275412275,87.725,0.57,0.61,0.26610000000000156,25.247799999999998,8.7109,25.2891,-0.5956999999999992,1
2026-09-24,1790275500000,4,UP,84395.31,84399.99,4.680000000007567,KXBTCD-26SEP2415-T84399.99,1790275854834,1790276341797,58.203,0.78,0.99,6.313399999999999,25.3444,8.7109,25.2891,5.4872999999999985,1
2026-09-24,1790276400000,1,DOWN,84465.57,84499.99,34.419999999998254,KXBTCD-26SEP2416-T84499.99,1790276621939,1790277230539,69.461,0.75,0.47,-10.2487,25.1832,-24.847,24.847,-10.565100000000001,0
2026-09-24,1790277300000,2,DOWN,84583.69,84599.99,16.30000000000291,KXBTCD-26SEP2416-T84599.99,1790277564284,1790278122657,77.343,0.57,0.52,-3.6390999999999973,25.247799999999998,-25.0284,25.0284,-4.495499999999998,0
2026-09-24,1790279100000,4,UP,84439.63,84399.99,-39.63999999999942,KXBTCD-26SEP2416-T84399.99,1790279346049,1790279942910,57.09,0.74,0.14,-20.5227,24.8645,-25.362700000000004,25.362700000000004,-21.1545,0
2026-09-24,1790280900000,2,DOWN,84286.75,84249.99,-36.75999999999476,KXBTCD-26SEP2417-T84249.99,1790281232574,1790281720037,79.963,0.46,0.42,-4.019900000000002,25.779,12.694799999999999,25.3052,-5.001700000000003,1
2026-09-24,1790282700000,4,UP,84386.84,84499.99,113.15000000000873,KXBTCD-26SEP2417-T84499.99,1790282990791,1790283576049,23.951,0.24,0.0,-26.2879,26.2879,-25.0368,25.0368,-26.3125,0
2026-09-24,1790283600000,1,DOWN,84351.59,84399.99,48.40000000000873,KXBTCD-26SEP2418-T84399.99,1790283984127,1790284463987,36.013,0.64,0.63,-1.6554000000000002,25.589000000000002,7.8168,25.1832,-2.371900000000001,1
2026-09-24,1790286300000,4,DOWN,84457.78,84499.99,42.2100000000064,KXBTCD-26SEP2418-T84499.99,1790286517331,1790287137619,62.381,0.82,0.99,4.769200000000001,24.909999999999997,9.985500000000002,25.014499999999998,4.162400000000001,1
2026-09-24,1790287200000,1,DOWN,84331.82,84299.99,-31.830000000001746,KXBTCD-26SEP2419-T84299.99,1790287541117,1790288082005,17.995,0.43,0.4,-3.7095999999999987,25.935200000000002,5.3767999999999985,24.6232,-4.698499999999999,1
2026-09-24,1790289000000,3,UP,84122.85,84099.99,-22.860000000000582,KXBTCD-26SEP2419-T84099.99,1790289207942,1790289880010,19.99,0.68,0.49,-8.018200000000002,25.0284,-25.354499999999998,25.354499999999998,-8.728100000000001,0
2026-09-24,1790290800000,1,UP,84244.82,84199.99,-44.830000000001746,KXBTCD-26SEP2420-T84199.99,1790291014347,1790291633308,66.692,0.7,0.64,-3.1789999999999976,25.014499999999998,8.7109,25.2891,-3.875599999999998,1
2026-09-24,1790291700000,2,UP,84278.84,84299.99,21.15000000000873,KXBTCD-26SEP2420-T84299.99,1790291915058,1790292535162,64.838,0.55,0.77,8.562399999999998,25.529700000000002,8.7109,25.2891,7.479199999999997,1
2026-09-24,1790292600000,3,UP,84405.96,84399.99,-5.970000000001164,KXBTCD-26SEP2420-T84399.99,1790293004104,1790293468085,31.915,0.58,0.48,-5.784599999999998,25.673299999999998,-25.3052,25.3052,-6.4836,0
2026-09-24,1790293500000,4,DOWN,84391.1,84399.99,8.889999999999418,KXBTCD-26SEP2420-T84399.99,1790293750014,1790294372003,27.997,0.66,0.99,11.603099999999998,25.0012,12.694799999999999,25.3052,10.846499999999997,1
2026-09-24,1790295300000,2,DOWN,84630.33,84599.99,-30.339999999996508,KXBTCD-26SEP2421-T84599.99,1790295498742,1790296138525,61.475,0.6,0.4,-9.577599999999999,25.2888,-25.0368,25.0368,-10.132399999999999,0
2026-09-24,1790296200000,3,DOWN,84639.58,84599.99,-39.58999999999651,KXBTCD-26SEP2421-T84599.99,1790296442325,1790297057990,42.01,0.51,0.55,0.2538000000000018,25.8472,7.8168,25.1832,-0.7133999999999991,1
2026-09-24,1790299800000,3,DOWN,84507.42,84499.99,-7.429999999993015,KXBTCD-26SEP2422-T84499.99,1790300007887,1790300631031,68.969,0.63,0.48,-7.1679,25.2064,5.090000000000002,24.909999999999997,-7.9391000000000025,1
2026-09-24,1790300700000,4,UP,84473.36,84499.99,26.630000000004657,KXBTCD-26SEP2422-T84499.99,1790300906802,1790301532253,67.747,0.46,0.93,24.194900000000004,25.779,9.645500000000002,25.354499999999998,22.652700000000003,1
2026-09-24,1790302500000,2,DOWN,84813.92,84799.99,-13.929999999993015,KXBTCD-26SEP2423-T84799.99,1790302992366,1790303337718,62.282,0.55,0.79,9.497699999999998,25.529700000000002,11.6373,25.362700000000004,8.392399999999999,1
2026-09-24,1790305200000,1,UP,84194.85,84199.99,5.139999999999418,KXBTCD-26SEP2500-T84199.99,1790305477122,1790306024953,75.047,0.54,0.59,0.7210999999999971,25.639900000000004,12.694799999999999,25.3052,-0.19710000000000383,1
2026-09-24,1790306100000,2,UP,84226.54,84199.99,-26.54999999998836,KXBTCD-26SEP2500-T84199.99,1790306597474,1790306943079,56.921,0.62,0.43,-8.945999999999998,25.4597,-25.605900000000002,25.605900000000002,-9.491500000000002,0
2026-09-24,1790307900000,4,DOWN,84218.05,84199.99,-18.05999999999767,KXBTCD-26SEP2500-T84199.99,1790308107056,1790308727439,72.561,0.59,0.4,-9.396799999999999,25.4912,10.620900000000002,25.379099999999998,-9.9816,1
2026-09-25,1790308800000,1,DOWN,84211.53,84199.99,-11.539999999993597,KXBTCD-26SEP2501-T84199.99,1790309017245,1790309643909,56.091,0.56,0.69,4.302099999999995,25.399,9.645500000000002,25.354499999999998,3.337199999999995,1
2026-09-25,1790309700000,2,UP,84089.41,84099.99,10.580000000001746,KXBTCD-26SEP2501-T84099.99,1790310120752,1790310533783,66.217,0.57,0.53,-3.2075999999999967,25.247799999999998,11.6373,25.362700000000004,-4.064599999999997,1
2026-09-25,1790312400000,1,UP,84197.14,84199.99,2.8500000000058208,KXBTCD-26SEP2502-T84199.99,1790312621330,1790313248566,51.434,0.58,0.47,-6.213099999999999,25.673299999999998,-25.362700000000004,25.362700000000004,-6.9014999999999995,0
2026-09-25,1790313300000,2,DOWN,84182.75,84199.99,17.24000000000524,KXBTCD-26SEP2502-T84199.99,1790313737686,1790314158368,41.632,0.61,0.57,-2.9525000000000015,25.0662,9.0401,24.9599,-3.749700000000002,1
2026-09-25,1790314200000,3,UP,84166.12,84199.99,33.870000000009895,KXBTCD-26SEP2502-T84199.99,1790314579114,1790315040045,59.955,0.51,0.69,7.229099999999997,25.8472,11.6373,25.362700000000004,6.110099999999996,1
2026-09-25,1790315100000,4,DOWN,84249.88,84199.99,-49.88999999999942,KXBTCD-26SEP2502-T84199.99,1790315586419,1790315936776,63.224,0.14,0.59,75.58569999999999,26.4202,9.985500000000002,25.014499999999998,67.0677,1
2026-09-25,1790316900000,2,UP,84048.16,83999.99,-48.169999999998254,KXBTCD-26SEP2503-T83999.99,1790317112615,1790317738435,61.565,0.75,0.72,-1.888900000000001,25.1832,8.7109,25.2891,-2.4699000000000013,1
2026-09-25,1790318700000,4,UP,84014.1,83999.99,-14.110000000000582,KXBTCD-26SEP2503-T83999.99,1790319049191,1790319538044,61.956,0.63,0.92,10.472600000000002,25.2064,12.694799999999999,25.3052,9.677400000000002,1
2026-09-25,1790321400000,3,DOWN,84036.19,83999.99,-36.19999999999709,KXBTCD-26SEP2504-T83999.99,1790321620097,1790322255424,44.576,0.73,0.83,2.5949999999999993,25.2891,2.8880999999999997,25.111900000000002,1.8544999999999987,1
2026-09-25,1790323200000,1,UP,84052.01,84099.99,47.98000000001048,KXBTCD-26SEP2505-T84099.99,1790323404705,1790324026712,73.288,0.6,0.63,-0.12779999999999891,25.2888,4.367100000000001,24.6329,-0.9258999999999996,1
2026-09-25,1790325000000,3,DOWN,84435.95,84399.99,-35.95999999999185,KXBTCD-26SEP2505-T84399.99,1790325214064,1790325811100,88.9,0.5,0.78,12.524400000000002,25.875,12.694799999999999,25.3052,11.2753,1
2026-09-25,1790325900000,4,DOWN,84317.79,84299.99,-17.79999999998836,KXBTCD-26SEP2505-T84299.99,1790326105254,1790326717645,82.355,0.43,0.0,-25.935200000000002,25.935200000000002,-25.3052,25.3052,-25.605900000000002,0
2026-09-25,1790327700000,2,DOWN,84603.51,84599.99,-3.5199999999895226,KXBTCD-26SEP2506-T84599.99,1790328042913,1790328526831,73.169,0.55,0.16,-18.7531,25.529700000000002,-25.3052,25.3052,-19.191700000000004,0
2026-09-25,1790328600000,3,DOWN,84806.82,84799.99,-6.830000000001746,KXBTCD-26SEP2506-T84799.99,1790328809671,1790329442347,57.653,0.77,0.94,4.916799999999998,25.0368,5.8527999999999984,25.1472,4.269699999999997,1
2026-09-25,1790329500000,4,DOWN,84629.23,84599.99,-29.239999999990687,KXBTCD-26SEP2506-T84599.99,1790329853499,1790330327027,72.973,0.5,0.61,3.792299999999999,25.875,10.620900000000002,25.379099999999998,2.7295999999999987,1
2026-09-25,1790330400000,1,DOWN,84583.18,84599.99,16.810000000012224,KXBTCD-26SEP2507-T84599.99,1790330611170,1790331226971,73.029,0.77,0.75,-1.4568000000000005,25.0368,1.4573000000000014,24.542699999999996,-2.095400000000001,1
2026-09-25,1790332200000,3,UP,84711.66,84699.99,-11.669999999998254,KXBTCD-26SEP2507-T84699.99,1790332622165,1790333043113,56.887,0.5,0.68,7.363400000000002,25.875,10.620900000000002,25.379099999999998,6.224400000000002,1
2026-09-25,1790333100000,4,UP,84767.14,84799.99,32.85000000000582,KXBTCD-26SEP2507-T84799.99,1790333516402,1790333939406,60.594,0.52,0.01,-25.352,25.7987,-25.0284,25.0284,-25.7296,0
2026-09-25,1790334000000,1,UP,84713.8,84699.99,-13.809999999997672,KXBTCD-26SEP2508-T84699.99,1790334204573,1790334826764,73.236,0.59,0.94,13.822899999999999,25.4912,8.7109,25.2891,12.654299999999997,1
2026-09-25,1790336700000,4,DOWN,84715.57,84699.99,-15.580000000001746,KXBTCD-26SEP2508-T84699.99,1790336908917,1790337532366,67.634,0.44,0.98,29.197200000000002,25.605900000000002,4.367100000000001,24.6329,27.535,1
2026-09-25,1790337600000,1,UP,84590.58,84599.99,9.410000000003492,KXBTCD-26SEP2509-T84599.99,1790337810331,1790338427672,72.328,0.55,0.38,-9.171900000000003,25.529700000000002,-25.379099999999998,25.379099999999998,-9.837000000000003,0
2026-09-25,1790338500000,2,DOWN,84329.55,84299.99,-29.55999999999767,KXBTCD-26SEP2509-T84299.99,1790338711092,1790339340934,59.066,0.68,0.42,-10.522300000000003,25.0284,-24.495600000000003,24.495600000000003,-11.228700000000003,0
2026-09-25,1790339400000,3,UP,84377.89,84399.99,22.10000000000582,KXBTCD-26SEP2509-T84399.99,1790339614498,1790340257512,42.488,0.54,0.53,-2.0621000000000005,25.639900000000004,12.694799999999999,25.3052,-2.9160000000000013,1
2026-09-25,1790340300000,4,DOWN,84431.5,84399.99,-31.50999999999476,KXBTCD-26SEP2509-T84399.99,1790340822471,1790341137043,62.957,0.57,0.0,-25.247799999999998,25.247799999999998,-25.2064,25.2064,-25.673299999999998,0
2026-09-25,1790343000000,3,DOWN,84130.18,84099.99,-30.189999999987776,KXBTCD-26SEP2510-T84099.99,1790343211909,1790343819938,80.062,0.65,0.64,-1.5981000000000003,25.3052,9.985500000000002,25.014499999999998,-2.2950000000000013,1
2026-09-25,1790343900000,4,DOWN,83884.91,83899.99,15.080000000001746,KXBTCD-26SEP2510-T83899.99,1790344103412,1790344760905,39.095,0.74,0.13,-20.8358,24.8645,-24.8645,24.8645,-21.4672,0
2026-09-25,1790345700000,2,UP,83547.01,83499.99,-47.01999999998952,KXBTCD-26SEP2511-T83499.99,1790345991142,1790346552504,47.496,0.61,0.65,0.2968000000000014,25.0662,11.998799999999997,25.0012,-0.5048999999999992,1
2026-09-25,1790346600000,3,UP,83661.01,83699.99,38.98000000001048,KXBTCD-26SEP2511-T83699.99,1790346835185,1790347454182,45.818,0.61,0.48,-6.5651,25.0662,6.655599999999999,25.3444,-7.357200000000001,1
2026-09-25,1790348400000,1,DOWN,83997.68,83999.99,2.3100000000122236,KXBTCD-26SEP2512-T83999.99,1790348624867,1790349230024,69.976,0.62,0.52,-5.358599999999999,25.4597,8.1355,24.8645,-5.9986999999999995,1
2026-09-25,1790349300000,2,DOWN,83959.84,83999.99,40.15000000000873,KXBTCD-26SEP2512-T83999.99,1790349502426,1790350124014,75.986,0.58,0.78,7.350100000000003,25.673299999999998,12.694799999999999,25.3052,6.328100000000003,1
2026-09-25,1790350200000,3,DOWN,83745.68,83699.99,-45.689999999987776,KXBTCD-26SEP2512-T83699.99,1790350621366,1790351022069,77.931,0.5,0.74,10.4516,25.875,10.620900000000002,25.379099999999998,9.246699999999999,1
2026-09-25,1790352900000,2,UP,83967.51,83999.99,32.48000000001048,KXBTCD-26SEP2513-T83999.99,1790353182699,1790353791714,8.286,0.51,0.43,-5.617900000000001,25.8472,11.998799999999997,25.0012,-6.457200000000002,1
2026-09-25,1790353800000,3,DOWN,83972.53,83999.99,27.460000000006403,KXBTCD-26SEP2513-T83999.99,1790354050736,1790354636116,63.884,0.57,0.63,1.1405000000000023,25.247799999999998,9.645500000000002,25.354499999999998,0.2775000000000015,1
2026-09-25,1790354700000,4,DOWN,83928.15,83899.99,-28.15999999998894,KXBTCD-26SEP2513-T83899.99,1790354907908,1790355519598,80.402,0.81,0.99,5.055999999999998,24.6232,2.249699999999999,24.750300000000003,4.448799999999998,1
2026-09-25,1790356500000,2,DOWN,83936.51,83899.99,-36.51999999998952,KXBTCD-26SEP2514-T83899.99,1790356821438,1790357317924,82.076,0.47,0.67,8.855500000000003,25.8342,11.998799999999997,25.0012,7.634500000000003,1
2026-09-25,1790358300000,4,DOWN,83802.22,83799.99,-2.2299999999959255,KXBTCD-26SEP2514-T83799.99,1790358495744,1790359180375,19.625,0.68,0.99,10.586599999999999,25.0284,9.645500000000002,25.354499999999998,9.851499999999998,1
2026-09-25,1790360100000,2,UP,83986.5,83999.99,13.490000000005239,KXBTCD-26SEP2515-T83999.99,1790360321544,1790360986436,13.564,0.55,0.36,-10.055500000000002,25.529700000000002,-25.3052,25.3052,-10.699700000000004,0
2026-09-25,1790361000000,3,UP,83939.73,83899.99,-39.73999999999069,KXBTCD-26SEP2515-T83899.99,1790361229701,1790361826158,73.842,0.73,0.7,-1.988900000000001,25.2891,11.998799999999997,25.0012,-2.588700000000001,1
2026-09-25,1790361900000,4,DOWN,83955.99,83999.99,44.0,KXBTCD-26SEP2515-T83999.99,1790362101767,1790362778079,21.921,0.81,0.99,5.055999999999998,24.6232,10.971599999999999,25.0284,4.448799999999998,1
2026-09-25,1790363700000,2,DOWN,84031.05,83999.99,-31.05999999999767,KXBTCD-26SEP2516-T83999.99,1790363921729,1790364526879,73.121,0.55,0.58,-0.19710000000000383,25.529700000000002,10.620900000000002,25.379099999999998,-1.0740000000000045,1
2026-09-25,1790364600000,3,UP,83986.92,83999.99,13.070000000006985,KXBTCD-26SEP2516-T83999.99,1790365023235,1790365487835,12.165,0.57,0.39,-9.1939,25.247799999999998,-25.0284,25.0284,-10.042499999999997,0
2026-09-25,1790366400000,1,DOWN,84028.57,83999.99,-28.580000000001746,KXBTCD-26SEP2517-T83999.99,1790366673779,1790367210257,89.743,0.6,0.56,-3.035999999999997,25.2888,5.8527999999999984,25.1472,-3.7591999999999977,1
2026-09-25,1790368200000,3,UP,84053.39,83999.99,-53.39999999999418,KXBTCD-26SEP2517-T83999.99,1790368694221,1790369046224,53.776,0.74,0.87,3.5842,24.8645,30.3941,25.605900000000002,2.9185999999999996,1
2026-09-25,1790371800000,3,UP,83766.08,83799.99,33.91000000000349,KXBTCD-26SEP2518-T83799.99,1790372074577,1790372689690,10.31,0.48,0.55,1.8305000000000033,25.8686,11.998799999999997,25.0012,0.7710000000000026,1
2026-09-25,1790372700000,4,UP,83807.07,83799.99,-7.080000000001746,KXBTCD-26SEP2518-T83799.99,1790372899952,1790373586137,13.863,0.67,0.04,-23.9822,25.362700000000004,-25.354499999999998,25.354499999999998,-24.021800000000002,0
2026-09-25,1790374500000,2,UP,83922.0,83899.99,-22.00999999999476,KXBTCD-26SEP2519-T83899.99,1790374711944,1790375342028,57.972,0.65,0.54,-5.446,25.3052,-25.362700000000004,25.362700000000004,-6.0364,0
2026-09-25,1790375400000,3,UP,83898.72,83899.99,1.2700000000040745,KXBTCD-26SEP2519-T83899.99,1790375614204,1790376242755,57.245,0.83,0.96,3.5229,25.196399999999997,3.4183000000000003,24.581699999999998,2.8205999999999998,1
2026-09-25,1790376300000,4,DOWN,84067.39,84099.99,32.60000000000582,KXBTCD-26SEP2519-T84099.99,1790376505092,1790377187181,12.819,0.71,0.99,9.2712,25.354499999999998,-25.3052,25.3052,8.3134,0
2026-09-25,1790377200000,1,UP,84068.24,84099.99,31.75,KXBTCD-26SEP2520-T84099.99,1790377518750,1790378073536,26.464,0.44,0.33,-7.992699999999999,25.605900000000002,-25.0012,25.0012,-8.9407,0
2026-09-25,1790378100000,2,UP,84062.88,84099.99,37.11000000000058,KXBTCD-26SEP2520-T84099.99,1790378476778,1790378947198,52.802,0.35,0.34,-2.955999999999997,25.9807,11.998799999999997,25.0012,-4.250899999999998,1
2026-09-25,1790379000000,3,DOWN,84076.95,84099.99,23.04000000000815,KXBTCD-26SEP2520-T84099.99,1790379504115,1790379834447,65.553,0.72,0.76,0.44590000000000124,24.9599,24.125,25.875,-0.2353999999999994,1
2026-09-25,1790380800000,1,DOWN,84091.04,84099.99,8.950000000011642,KXBTCD-26SEP2521-T84099.99,1790380980205,1790381629013,70.987,0.61,0.65,0.2968000000000014,25.0662,10.971599999999999,25.0284,-0.5048999999999992,1
2026-09-25,1790381700000,2,DOWN,84077.82,84099.99,22.169999999998254,KXBTCD-26SEP2521-T84099.99,1790381960573,1790382511266,88.734,0.71,0.84,3.7161999999999997,25.354499999999998,10.620900000000002,25.379099999999998,2.9241999999999995,1
2026-09-25,1790382600000,3,DOWN,83937.53,83899.99,-37.5399999999936,KXBTCD-26SEP2521-T83899.99,1790382818465,1790383438329,61.671,0.63,0.39,-10.6459,25.2064,7.2714,24.7286,-11.4122,1
2026-09-25,1790383500000,4,UP,83889.72,83899.99,10.270000000004075,KXBTCD-26SEP2521-T83899.99,1790383823299,1790384338441,61.559,0.68,0.24,-16.848100000000002,25.0284,-25.379099999999998,25.379099999999998,-17.545400000000004,0
2026-09-25,1790384400000,1,UP,83885.1,83899.99,14.889999999999418,KXBTCD-26SEP2522-T83899.99,1790384602933,1790385277577,22.423,0.68,0.59,-4.398000000000003,25.0284,4.803600000000001,25.196399999999997,-5.113000000000004,1
2026-09-25,1790385300000,2,UP,83925.95,83899.99,-25.95999999999185,KXBTCD-26SEP2522-T83899.99,1790385518706,1790386135920,64.08,0.62,0.65,-0.0966999999999989,25.4597,12.694799999999999,25.3052,-0.8753999999999996,1
2026-09-25,1790386200000,3,UP,83939.7,83899.99,-39.70999999999185,KXBTCD-26SEP2522-T83899.99,1790386488725,1790387025711,74.289,0.77,0.95,5.256799999999998,25.0368,11.6373,25.362700000000004,4.609199999999997,1
2026-09-25,1790387100000,4,UP,84034.01,83999.99,-34.01999999998952,KXBTCD-26SEP2522-T83999.99,1790387533664,1790387942376,57.624,0.79,0.99,5.818399999999999,24.8501,9.985500000000002,25.014499999999998,5.190199999999998,1
2026-09-25,1790388000000,1,DOWN,84065.39,84099.99,34.60000000000582,KXBTCD-26SEP2523-T84099.99,1790388188419,1790388822257,77.743,0.79,0.63,-5.8260000000000005,24.8501,-25.362700000000004,25.362700000000004,-6.438500000000002,0
2026-09-25,1790389800000,3,DOWN,84025.97,83999.99,-25.979999999995925,KXBTCD-26SEP2523-T83999.99,1790390227812,1790390640242,59.758,0.41,0.3,-8.498,25.616,8.7109,25.2891,-9.5265,1
2026-09-25,1790390700000,4,UP,84021.54,83999.99,-21.54999999998836,KXBTCD-26SEP2523-T83999.99,1790390893250,1790391562594,37.406,0.66,0.98,11.207999999999997,25.0012,-25.362700000000004,25.362700000000004,10.451899999999998,0
2026-09-25,1790391600000,1,DOWN,84008.94,83999.99,-8.94999999999709,KXBTCD-26SEP2600-T83999.99,1790392089023,1790392426001,73.999,0.51,0.77,11.2753,25.8472,14.933800000000002,25.0662,10.0684,1
2026-09-25,1790393400000,3,DOWN,84017.38,83999.99,-17.389999999999418,KXBTCD-26SEP2600-T83999.99,1790393686191,1790394234818,65.182,0.46,0.77,15.131499999999999,25.779,9.985500000000002,25.014499999999998,13.768999999999998,1
2026-09-25,1790394300000,4,DOWN,83953.14,83999.99,46.85000000000582,KXBTCD-26SEP2600-T83999.99,1790394729223,1790395145053,54.947,0.84,0.99,4.057,24.6329,11.998799999999997,25.0012,3.4713,1
2026-09-26,1790395200000,1,UP,83934.82,83899.99,-34.830000000001746,KXBTCD-26SEP2601-T83899.99,1790395415004,1790396069633,30.367,0.82,0.83,-0.30639999999999973,24.909999999999997,5.090000000000002,24.909999999999997,-0.9064000000000003,1
2026-09-26,1790396100000,2,UP,83980.55,83999.99,19.44000000000233,KXBTCD-26SEP2601-T83999.99,1790396321678,1790396963113,36.887,0.55,0.09,-21.7377,25.529700000000002,-24.6329,24.6329,-22.105700000000002,0
2026-09-26,1790397900000,4,UP,83964.68,83999.99,35.310000000012224,KXBTCD-26SEP2601-T83999.99,1790398327505,1790398737876,62.124,0.25,0.01,-25.3818,26.3125,11.998799999999997,25.0012,-26.253,1
2026-09-26,1790398800000,1,UP,83972.06,83999.99,27.930000000007567,KXBTCD-26SEP2602-T83999.99,1790399229218,1790399650269,49.731,0.43,0.26,-11.6364,25.935200000000002,-25.379099999999998,25.379099999999998,-12.3409,0
2026-09-26,1790399700000,2,DOWN,83959.3,83999.99,40.69000000000233,KXBTCD-26SEP2602-T83999.99,1790399929957,1790400542609,57.391,0.79,0.78,-1.0425000000000002,24.8501,6.149899999999999,24.8501,-1.6616000000000009,1
2026-09-26,1790400600000,3,DOWN,83920.08,83899.99,-20.089999999996508,KXBTCD-26SEP2602-T83899.99,1790400823290,1790401442437,57.563,0.53,0.09,-21.769100000000005,25.7296,-25.0284,25.0284,-22.1969,0
2026-09-26,1790401500000,4,UP,83945.29,83899.99,-45.29999999998836,KXBTCD-26SEP2602-T83899.99,1790401722695,1790402351316,48.684,0.94,0.99,1.1792000000000011,24.542699999999996,-25.362700000000004,25.362700000000004,0.6578000000000007,0
2026-09-26,1790402400000,1,DOWN,83915.31,83899.99,-15.319999999992433,KXBTCD-26SEP2603-T83899.99,1790402630890,1790403263529,36.471,0.49,0.42,-5.3319,25.882199999999997,12.694799999999999,25.3052,-6.221700000000001,1
2026-09-26,1790403300000,2,UP,83895.29,83899.99,4.7000000000116415,KXBTCD-26SEP2603-T83899.99,1790403741998,1790404161448,38.552,0.6,0.72,3.6526000000000005,25.2888,12.694799999999999,25.3052,2.757199999999999,1
2026-09-26,1790404200000,3,UP,83927.82,83899.99,-27.830000000001746,KXBTCD-26SEP2603-T83899.99,1790404424993,1790405049232,50.768,0.83,0.64,-6.480299999999999,25.196399999999997,-25.3052,25.3052,-6.836099999999999,0
2026-09-26,1790405100000,4,UP,83906.92,83899.99,-6.929999999993015,KXBTCD-26SEP2603-T83899.99,1790405329492,1790405963102,36.898,0.81,0.98,4.735599999999998,24.6232,-25.0284,25.0284,4.128799999999997,0
2026-09-26,1790406900000,2,UP,83994.3,83999.99,5.690000000002328,KXBTCD-26SEP2604-T83999.99,1790407399297,1790407741954,58.046,0.5,0.48,-2.748600000000001,25.875,14.540299999999998,25.4597,-3.6717000000000013,1
2026-09-26,1790407800000,3,UP,83997.61,83999.99,2.3800000000046566,KXBTCD-26SEP2604-T83999.99,1790408303895,1790408656712,43.288,0.53,0.62,2.635199999999999,25.7296,9.0401,24.9599,1.653999999999998,1
2026-09-26,1790408700000,4,UP,84022.19,83999.99,-22.19999999999709,KXBTCD-26SEP2604-T83999.99,1790408929615,1790409535171,64.829,0.89,0.99,2.5885999999999996,25.111900000000002,6.9632,25.0368,1.952799999999999,1
2026-09-26,1790409600000,1,DOWN,84100.46,84099.99,-0.47000000000116415,KXBTCD-26SEP2605-T84099.99,1790409822586,1790410437323,62.677,0.66,0.75,2.263099999999999,25.0012,6.9632,25.0368,1.518899999999998,1
2026-09-26,1790410500000,2,DOWN,84046.27,83999.99,-46.279999999998836,KXBTCD-26SEP2605-T83999.99,1790410861066,1790411366030,33.97,0.36,0.17,-14.904499999999997,25.9529,-25.0284,25.0284,-15.7937,0
2026-09-26,1790412300000,4,DOWN,84278.34,84299.99,21.65000000000873,KXBTCD-26SEP2605-T84299.99,1790412511278,1790413116894,83.106,0.84,0.99,4.057,24.6329,6.9632,25.0368,3.4713,1
2026-09-26,1790413200000,1,DOWN,84200.93,84199.99,-0.9399999999877764,KXBTCD-26SEP2606-T84199.99,1790413705696,1790414038859,61.141,0.51,0.88,16.9105,25.8472,19.470299999999998,25.529700000000002,15.581199999999997,1
2026-09-26,1790414100000,2,DOWN,83995.58,83999.99,4.4100000000034925,KXBTCD-26SEP2606-T83999.99,1790414309997,1790414945269,54.731,0.63,0.45,-8.3321,25.2064,-25.379099999999998,25.379099999999998,-9.101700000000001,0
2026-09-26,1790415000000,3,UP,84009.42,83999.99,-9.429999999993015,KXBTCD-26SEP2606-T83999.99,1790415356494,1790415837647,62.353,0.67,0.5,-7.510200000000002,25.362700000000004,-25.0284,25.0284,-8.018200000000002,0
2026-09-26,1790415900000,4,UP,84001.25,83999.99,-1.2599999999947613,KXBTCD-26SEP2606-T83999.99,1790416388794,1790416740884,59.116,0.58,0.16,-19.197899999999994,25.673299999999998,-25.8472,25.8472,-19.5661,0
2026-09-26,1790417700000,2,UP,84104.46,84099.99,-4.470000000001164,KXBTCD-26SEP2607-T84099.99,1790417902204,1790418587209,12.791,0.71,0.7,-1.3690000000000002,25.354499999999998,6.9632,25.0368,-2.009000000000001,1
2026-09-26,1790418600000,3,DOWN,84132.38,84099.99,-32.38999999999942,KXBTCD-26SEP2607-T84099.99,1790418859876,1790419489950,10.05,0.31,0.16,-13.950600000000001,25.9979,-25.0284,25.0284,-15.144300000000001,0
2026-09-26,1790419500000,4,UP,84139.2,84099.99,-39.20999999999185,KXBTCD-26SEP2607-T84099.99,1790419831138,1790420375316,24.684,0.91,0.99,1.986399999999999,24.724800000000002,9.985500000000002,25.014499999999998,1.4436999999999984,1
2026-09-26,1790420400000,1,DOWN,84166.78,84199.99,33.2100000000064,KXBTCD-26SEP2608-T84199.99,1790420706948,1790421258681,41.319,0.66,0.66,-1.1624,25.0012,-25.1472,25.1472,-1.9020000000000006,0
2026-09-26,1790421300000,2,UP,84167.4,84199.99,32.59000000001106,KXBTCD-26SEP2608-T84199.99,1790421537498,1790422156739,43.261,0.45,0.23,-13.7348,25.7029,-25.362700000000004,25.362700000000004,-14.5477,0
2026-09-26,1790422200000,3,UP,84151.82,84199.99,48.169999999998254,KXBTCD-26SEP2608-T84199.99,1790422561048,1790423043051,56.949,0.26,0.34,4.879000000000001,26.253,8.7109,25.2891,2.8266999999999998,1
2026-09-26,1790423100000,4,UP,84163.19,84199.99,36.80000000000291,KXBTCD-26SEP2608-T84199.99,1790423591809,1790423991456,8.544,0.15,0.0,-26.3816,26.3816,11.6373,25.362700000000004,-26.4277,1
2026-09-26,1790424000000,1,DOWN,84166.95,84199.99,33.04000000000815,KXBTCD-26SEP2609-T84199.99,1790424243868,1790424863067,36.933,0.78,0.8,-0.10279999999999945,25.3444,3.8155000000000006,25.1845,-0.7202,1
2026-09-26,1790424900000,2,UP,84127.65,84099.99,-27.65999999998894,KXBTCD-26SEP2609-T84099.99,1790425142806,1790425763266,36.734,0.82,0.48,-11.0342,24.909999999999997,-24.8501,24.8501,-11.619599999999998,0
2026-09-26,1790426700000,4,UP,84045.45,83999.99,-45.45999999999185,KXBTCD-26SEP2609-T83999.99,1790426908058,1790427596951,3.049,0.96,0.99,0.6920000000000007,25.0299,10.971599999999999,25.0284,0.16470000000000024,1
2026-09-26,1790428500000,2,DOWN,83998.08,83999.99,1.9100000000034925,KXBTCD-26SEP2610-T83999.99,1790428986192,1790429336765,63.235,0.58,0.79,7.7973000000000035,25.673299999999998,7.2714,24.7286,6.764200000000002,1
2026-09-26,1790429400000,3,UP,83889.87,83899.99,10.120000000009895,KXBTCD-26SEP2610-T83899.99,1790429936889,1790430278054,21.946,0.69,0.63,-3.2865999999999977,25.379099999999998,9.645500000000002,25.354499999999998,-3.8917999999999986,1
2026-09-26,1790430300000,4,UP,83909.34,83899.99,-9.349999999991269,KXBTCD-26SEP2610-T83899.99,1790430550083,1790431179156,20.844,0.83,0.99,4.4828,25.196399999999997,9.645500000000002,25.354499999999998,3.7473000000000005,1
2026-09-26,1790431200000,1,UP,83933.37,83899.99,-33.379999999990105,KXBTCD-26SEP2611-T83899.99,1790431459608,1790432075630,24.37,0.65,0.67,-0.43339999999999923,25.3052,9.0401,24.9599,-1.1624,1
2026-09-26,1790433000000,3,UP,83963.76,83999.99,36.23000000001048,KXBTCD-26SEP2611-T83999.99,1790433209121,1790433821612,78.388,0.56,0.68,3.850699999999999,25.399,4.803600000000001,25.196399999999997,2.896599999999999,1
2026-09-26,1790433900000,4,UP,84007.65,83999.99,-7.6599999999889405,KXBTCD-26SEP2611-T83999.99,1790434173165,1790434799082,0.918,0.74,0.99,7.7826,24.8645,12.694799999999999,25.3052,7.1114999999999995,1
2026-09-26,1790434800000,1,UP,84014.24,83999.99,-14.25,KXBTCD-26SEP2612-T83999.99,1790435076657,1790435632622,67.378,0.62,0.59,-2.537100000000001,25.4597,11.6373,25.362700000000004,-3.251500000000002,1
2026-09-26,1790435700000,2,UP,84015.87,83999.99,-15.879999999990105,KXBTCD-26SEP2612-T83999.99,1790435983302,1790436535005,64.995,0.66,0.78,3.4142999999999994,25.0012,10.971599999999999,25.0284,2.668599999999999,1
2026-09-26,1790436600000,3,UP,84045.99,83999.99,-46.0,KXBTCD-26SEP2612-T83999.99,1790436813797,1790437443357,56.643,0.94,0.93,-0.48119999999999735,24.542699999999996,3.8155000000000006,25.1845,-1.000499999999998,1
2026-09-26,1790437500000,4,DOWN,84107.22,84099.99,-7.2299999999959255,KXBTCD-26SEP2612-T84099.99,1790437713973,1790438333339,66.661,0.58,0.0,-25.673299999999998,25.673299999999998,-25.0012,25.0012,-25.4912,0
2026-09-26,1790438400000,1,DOWN,84143.81,84099.99,-43.81999999999243,KXBTCD-26SEP2613-T84099.99,1790438822424,1790439238416,61.584,0.35,0.4,1.2265000000000033,25.9807,11.998799999999997,25.0012,-0.19199999999999795,1
2026-09-26,1790439300000,2,DOWN,84118.48,84099.99,-18.489999999990687,KXBTCD-26SEP2613-T84099.99,1790439656239,1790440138160,61.84,0.43,0.51,2.6302000000000003,25.935200000000002,10.620900000000002,25.379099999999998,1.4141,1
2026-09-26,1790440200000,3,UP,84104.04,84099.99,-4.0499999999883585,KXBTCD-26SEP2613-T84099.99,1790440417630,1790441043160,56.84,0.77,0.82,0.8724999999999978,25.0368,6.9632,25.0368,0.23079999999999723,1
2026-09-26,1790441100000,4,DOWN,84140.86,84099.99,-40.86999999999534,KXBTCD-26SEP2613-T84099.99,1790441323222,1790441948832,51.168,0.27,0.12,-15.749500000000001,26.109400000000004,11.6373,25.362700000000004,-16.996000000000002,1
2026-09-26,1790442000000,1,DOWN,84103.03,84099.99,-3.039999999993597,KXBTCD-26SEP2614-T84099.99,1790442228931,1790442854025,45.975,0.57,0.55,-2.342799999999996,25.247799999999998,10.620900000000002,25.379099999999998,-3.2009999999999965,1
2026-09-26,1790442900000,2,DOWN,84077.04,84099.99,22.95000000001164,KXBTCD-26SEP2614-T84099.99,1790443130029,1790443753158,46.842,0.6,0.65,0.7082000000000015,25.2888,10.620900000000002,25.379099999999998,-0.11139999999999894,1
2026-09-26,1790443800000,3,DOWN,84053.37,84099.99,46.620000000009895,KXBTCD-26SEP2614-T84099.99,1790444101901,1790444663550,36.45,0.79,0.64,-5.5101,24.8501,-25.0012,25.0012,-6.123100000000001,0
2026-09-26,1790444700000,4,UP,84090.6,84099.99,9.389999999999418,KXBTCD-26SEP2614-T84099.99,1790444941923,1790445560440,39.56,0.68,0.99,10.586599999999999,25.0284,7.8168,25.1832,9.851499999999998,1
2026-09-26,1790446500000,2,DOWN,84095.83,84099.99,4.1600000000034925,KXBTCD-26SEP2615-T84099.99,1790446720543,1790447354330,45.67,0.58,0.71,4.2369,25.673299999999998,11.998799999999997,25.0012,3.2913999999999994,1
2026-09-26,1790448300000,4,DOWN,84011.01,83999.99,-11.019999999989523,KXBTCD-26SEP2615-T83999.99,1790448518744,1790449131737,68.263,0.48,0.64,6.572700000000002,25.8686,12.694799999999999,25.3052,5.4156,1
2026-09-26,1790449200000,1,UP,83995.43,83999.99,4.560000000012224,KXBTCD-26SEP2616-T83999.99,1790449403505,1790450014549,85.451,0.76,0.63,-5.0908,24.7286,8.7109,25.2891,-5.724600000000001,1
2026-09-26,1790450100000,2,UP,84020.08,83999.99,-20.089999999996508,KXBTCD-26SEP2616-T83999.99,1790450589955,1790450943127,56.873,0.69,0.74,0.7760000000000017,25.379099999999998,17.326700000000002,25.673299999999998,0.05260000000000098,1
2026-09-26,1790451000000,3,DOWN,84025.56,83999.99,-25.569999999992433,KXBTCD-26SEP2616-T83999.99,1790451204622,1790451828264,71.736,0.33,0.37,0.6153999999999986,25.910800000000002,11.6373,25.362700000000004,-0.8641000000000028,1
2026-09-26,1790451900000,4,UP,84000.98,83999.99,-0.9899999999906868,KXBTCD-26SEP2616-T83999.99,1790452121061,1790452747379,52.621,0.73,0.93,6.175900000000002,25.2891,10.971599999999999,25.0284,5.325400000000002,1
2026-09-26,1790452800000,1,UP,84005.27,83999.99,-5.279999999998836,KXBTCD-26SEP2617-T83999.99,1790453030347,1790453654132,45.868,0.67,0.58,-4.533700000000003,25.362700000000004,-24.8501,24.8501,-5.126100000000004,0
2026-09-26,1790453700000,2,UP,84001.57,83999.99,-1.5800000000017462,KXBTCD-26SEP2617-T83999.99,1790453936893,1790454529211,70.789,0.72,0.86,3.993500000000001,24.9599,6.149899999999999,24.8501,3.3074,1
2026-09-26,1790456400000,1,UP,84015.8,83999.99,-15.809999999997672,KXBTCD-26SEP2618-T83999.99,1790456678815,1790457217405,82.595,0.74,0.8,1.1659000000000017,24.8645,5.090000000000002,24.909999999999997,0.5035000000000012,1
2026-09-26,1790457300000,2,UP,84104.65,84099.99,-4.6599999999889405,KXBTCD-26SEP2618-T84099.99,1790457504146,1790458122326,77.674,0.61,0.69,1.9347999999999985,25.0662,10.620900000000002,25.379099999999998,1.1309999999999978,1
2026-09-26,1790458200000,3,UP,84164.21,84199.99,35.779999999998836,KXBTCD-26SEP2618-T84199.99,1790458415908,1790459030869,69.131,0.41,0.23,-12.559899999999997,25.616,-25.0012,25.0012,-13.514899999999999,0
2026-09-26,1790459100000,4,DOWN,84150.76,84199.99,49.23000000001048,KXBTCD-26SEP2618-T84199.99,1790459454060,1790459932554,67.446,0.95,0.99,0.9354000000000009,24.7865,8.1355,24.8645,0.41440000000000043,1
2026-09-26,1790460900000,2,DOWN,84316.43,84299.99,-16.439999999987776,KXBTCD-26SEP2619-T84299.99,1790461117826,1790461754031,45.969,0.6,0.4,-9.577599999999999,25.2888,-25.362700000000004,25.362700000000004,-10.132399999999999,0
2026-09-26,1790461800000,3,DOWN,84336.47,84299.99,-36.479999999995925,KXBTCD-26SEP2619-T84299.99,1790462036973,1790462644379,55.621,0.61,0.56,-3.356199999999997,25.0662,6.149899999999999,24.8501,-4.152699999999998,1
2026-09-26,1790462700000,4,UP,84275.12,84299.99,24.870000000009895,KXBTCD-26SEP2619-T84299.99,1790463064776,1790463548733,51.267,0.47,0.01,-25.340999999999998,25.8342,-25.1472,25.1472,-25.8686,0
2026-09-26,1790463600000,1,UP,84264.76,84299.99,35.23000000001048,KXBTCD-26SEP2620-T84299.99,1790463830241,1790464435650,64.35,0.61,0.6,-1.7382000000000004,25.0662,3.4183000000000003,24.581699999999998,-2.537100000000001,1
2026-09-26,1790464500000,2,UP,84342.09,84299.99,-42.09999999999127,KXBTCD-26SEP2620-T84299.99,1790464771609,1790465394484,5.516,0.66,0.66,-1.1624,25.0012,7.8168,25.1832,-1.9020000000000006,1
2026-09-26,1790465400000,3,UP,84353.52,84399.99,46.470000000001164,KXBTCD-26SEP2620-T84399.99,1790465599499,1790466283497,16.503,0.39,0.19,-14.5553,26.0258,-25.0284,25.0284,-15.322200000000002,0
2026-09-26,1790468100000,2,DOWN,84315.4,84299.99,-15.40999999998894,KXBTCD-26SEP2621-T84299.99,1790468302153,1790468923121,76.879,0.51,0.68,6.726400000000002,25.8472,9.985500000000002,25.014499999999998,5.618400000000001,1
2026-09-26,1790469900000,4,DOWN,84329.21,84299.99,-29.220000000001164,KXBTCD-26SEP2621-T84299.99,1790470180106,1790470725245,74.755,0.37,0.96,38.2566,25.8833,8.7109,25.2891,35.761799999999994,1
2026-09-26,1790471700000,2,DOWN,84367.61,84399.99,32.38000000000466,KXBTCD-26SEP2622-T84399.99,1790471908069,1790472528687,71.313,0.66,0.83,5.3432999999999975,25.0012,11.998799999999997,25.0012,4.594999999999997,1
2026-09-26,1790473500000,4,UP,84385.84,84399.99,14.150000000008731,KXBTCD-26SEP2622-T84399.99,1790473718666,1790474313076,86.924,0.77,0.99,6.6209999999999996,25.0368,5.8527999999999984,25.1472,5.971599999999999,1
2026-09-26,1790474400000,1,DOWN,84472.63,84499.99,27.360000000000582,KXBTCD-26SEP2623-T84499.99,1790474617915,1790475250059,49.941,0.67,0.67,-1.1454,25.362700000000004,11.998799999999997,25.0012,-1.8339000000000008,1
2026-09-26,1790475300000,2,UP,84468.35,84499.99,31.639999999999418,KXBTCD-26SEP2623-T84499.99,1790475577124,1790476138075,61.925,0.3,0.46,10.616600000000002,26.120099999999997,8.1355,24.8645,8.616100000000001,1
2026-09-26,1790476200000,3,DOWN,84490.91,84499.99,9.080000000001746,KXBTCD-26SEP2623-T84499.99,1790476710680,1790477025506,74.494,0.7,0.8,2.5935000000000032,25.014499999999998,11.6373,25.362700000000004,1.8890000000000025,1
2026-09-26,1790477100000,4,DOWN,84464.3,84499.99,35.69000000000233,KXBTCD-26SEP2623-T84499.99,1790477305564,1790477937198,62.802,0.9,0.99,2.241099999999999,24.470100000000002,9.645500000000002,25.354499999999998,1.6980999999999988,1
2026-09-26,1790478000000,1,UP,84442.04,84399.99,-42.04999999998836,KXBTCD-26SEP2700-T84399.99,1790478205390,1790478862315,37.685,0.76,0.78,-0.15299999999999947,24.7286,7.8168,25.1832,-0.7936,1
2026-09-26,1790479800000,3,UP,84375.52,84399.99,24.470000000001164,KXBTCD-26SEP2700-T84399.99,1790479992534,1790480628901,71.099,0.61,0.45,-7.759199999999998,25.0662,3.153,24.847,-8.5497,1
2026-09-26,1790480700000,4,DOWN,84389.59,84399.99,10.400000000008731,KXBTCD-26SEP2700-T84399.99,1790480948414,1790481564533,35.467,0.57,0.99,17.2924,25.247799999999998,11.6373,25.362700000000004,16.4077,1
2026-09-27,1790481600000,1,DOWN,84386.45,84399.99,13.540000000008149,KXBTCD-26SEP2701-T84399.99,1790481837396,1790482437616,62.384,0.62,0.22,-17.1402,25.4597,-25.0012,25.0012,-17.4694,0
2026-09-27,1790482500000,2,DOWN,84469.22,84499.99,30.770000000004075,KXBTCD-26SEP2701-T84499.99,1790482703917,1790483347831,52.169,0.76,0.81,0.8466000000000014,24.7286,8.1355,24.8645,0.20480000000000081,1
2026-09-27,1790484300000,4,UP,84294.83,84299.99,5.1600000000034925,KXBTCD-26SEP2701-T84299.99,1790484497248,1790485181568,18.432,0.75,0.99,7.4639,25.1832,7.8168,25.1832,6.5874,1
2026-09-27,1790486100000,2,UP,84365.77,84399.99,34.220000000001164,KXBTCD-26SEP2702-T84399.99,1790486322104,1790486963060,36.94,0.48,0.38,-6.966199999999999,25.8686,9.0401,24.9599,-7.8444,1
2026-09-27,1790487900000,4,DOWN,84521.33,84499.99,-21.339999999996508,KXBTCD-26SEP2702-T84499.99,1790488223701,1790488740072,59.928,0.34,0.99,46.25269999999999,25.9667,11.6373,25.362700000000004,43.501799999999996,1
2026-09-27,1790489700000,2,DOWN,84579.6,84599.99,20.389999999999418,KXBTCD-26SEP2703-T84599.99,1790489953052,1790490584793,15.207,0.65,0.54,-5.446,25.3052,-25.0284,25.0284,-6.0364,0
2026-09-27,1790490600000,3,DOWN,84588.14,84599.99,11.85000000000582,KXBTCD-26SEP2703-T84599.99,1790490836783,1790491427113,72.887,0.86,0.91,1.0392000000000015,25.1845,3.153,24.847,0.44190000000000074,1
2026-09-27,1790491500000,4,UP,84502.01,84499.99,-2.0199999999895226,KXBTCD-26SEP2703-T84499.99,1790491694692,1790492339880,60.12,0.75,0.66,-3.921599999999999,25.1832,9.985500000000002,25.014499999999998,-4.438199999999999,1
2026-09-27,1790492400000,1,UP,84508.51,84499.99,-8.519999999989523,KXBTCD-26SEP2704-T84499.99,1790492649469,1790493279799,20.201,0.59,0.54,-3.5414999999999965,25.4912,11.998799999999997,25.0012,-4.273799999999998,1
2026-09-27,1790493300000,2,DOWN,84508.71,84499.99,-8.720000000001164,KXBTCD-26SEP2704-T84499.99,1790493535324,1790494169298,30.702,0.48,0.35,-8.496699999999999,25.8686,-24.9599,24.9599,-9.3434,0
2026-09-27,1790494200000,3,UP,84514.78,84499.99,-14.789999999993597,KXBTCD-26SEP2704-T84499.99,1790494427089,1790495039043,60.957,0.79,0.89,2.527399999999999,24.8501,6.655599999999999,25.3444,1.9035999999999986,1
2026-09-27,1790495100000,4,UP,84607.61,84599.99,-7.619999999995343,KXBTCD-26SEP2704-T84599.99,1790495355948,1790495918458,81.542,0.64,0.99,12.993899999999998,25.589000000000002,6.149899999999999,24.8501,11.8826,1
2026-09-27,1790496000000,1,UP,84761.85,84799.99,38.13999999999942,KXBTCD-26SEP2705-T84799.99,1790496278725,1790496885316,14.684,0.46,0.45,-2.4146000000000005,25.779,9.985500000000002,25.014499999999998,-3.4284000000000017,1
2026-09-27,1790496900000,2,UP,84794.7,84799.99,5.290000000008149,KXBTCD-26SEP2705-T84799.99,1790497287357,1790497769566,30.434,0.58,0.47,-6.213099999999999,25.673299999999998,8.1355,24.8645,-6.9014999999999995,1
2026-09-27,1790497800000,3,UP,84796.13,84799.99,3.860000000000582,KXBTCD-26SEP2705-T84799.99,1790498024137,1790498651071,48.929,0.68,0.12,-20.974600000000006,25.0284,-25.362700000000004,25.362700000000004,-21.665900000000004,0
2026-09-27,1790498700000,4,UP,84706.93,84699.99,-6.939999999987776,KXBTCD-26SEP2705-T84699.99,1790498919477,1790499524252,75.748,0.69,0.99,10.2359,25.379099999999998,8.1355,24.8645,9.237400000000001,1
2026-09-27,1790499600000,1,DOWN,84786.64,84799.99,13.35000000000582,KXBTCD-26SEP2706-T84799.99,1790499798170,1790500456321,43.679,0.69,0.82,3.7688999999999995,25.379099999999998,5.3767999999999985,24.6232,2.9583999999999997,1
2026-09-27,1790500500000,2,DOWN,84659.72,84699.99,40.270000000004075,KXBTCD-26SEP2706-T84699.99,1790500951014,1790501373641,26.359,0.66,0.54,-5.664599999999999,25.0012,-25.3052,25.3052,-6.397900000000001,0
2026-09-27,1790501400000,3,UP,84691.13,84699.99,8.860000000000582,KXBTCD-26SEP2706-T84699.99,1790501644641,1790502259595,40.405,0.79,0.87,1.8743999999999985,24.8501,7.8168,25.1832,1.2514999999999983,1
2026-09-27,1790503200000,1,UP,84915.84,84899.99,-15.849999999991269,KXBTCD-26SEP2707-T84899.99,1790503678007,1790504031469,68.531,0.54,0.76,8.7327,25.639900000000004,12.694799999999999,25.3052,7.629599999999998,1
2026-09-27,1790504100000,2,DOWN,85022.31,84999.99,-22.319999999992433,KXBTCD-26SEP2707-T84999.99,1790504368380,1790504929867,70.133,0.47,0.72,11.5778,25.8342,9.0401,24.9599,10.3019,1
2026-09-27,1790505000000,3,DOWN,84923.4,84899.99,-23.40999999998894,KXBTCD-26SEP2707-T84899.99,1790505218288,1790505835986,64.014,0.51,0.62,3.7245999999999997,25.8472,11.998799999999997,25.0012,2.6818999999999984,1
2026-09-27,1790505900000,4,UP,84852.39,84899.99,47.60000000000582,KXBTCD-26SEP2707-T84899.99,1790506183951,1790506739357,60.643,0.42,0.01,-25.237,25.786099999999998,5.8527999999999984,25.1472,-25.935200000000002,1
2026-09-27,1790506800000,1,UP,84857.73,84899.99,42.26000000000931,KXBTCD-26SEP2708-T84899.99,1790507156958,1790507644043,55.957,0.43,0.5,2.0498000000000003,25.935200000000002,9.0401,24.9599,0.8543999999999994,1
2026-09-27,1790507700000,2,DOWN,84903.62,84899.99,-3.6299999999901047,KXBTCD-26SEP2708-T84899.99,1790507920549,1790508551281,48.719,0.66,0.45,-8.9923,25.0012,5.090000000000002,24.909999999999997,-9.7209,1
2026-09-27,1790508600000,3,DOWN,84901.09,84899.99,-1.0999999999912689,KXBTCD-26SEP2708-T84899.99,1790508781557,1790509446028,53.972,0.55,0.56,-1.1058999999999997,25.529700000000002,5.3767999999999985,24.6232,-1.9613000000000003,1
2026-09-27,1790509500000,4,DOWN,84887.51,84899.99,12.480000000010477,KXBTCD-26SEP2708-T84899.99,1790509727904,1790510358760,41.24,0.82,0.98,4.448800000000001,24.909999999999997,7.2714,24.7286,3.8424,1
2026-09-27,1790510400000,1,UP,84881.7,84899.99,18.29000000000815,KXBTCD-26SEP2709-T84899.99,1790510629746,1790511252824,47.176,0.61,0.71,2.757199999999999,25.0662,6.655599999999999,25.3444,1.9522999999999984,1
2026-09-27,1790511300000,2,DOWN,84981.42,84999.99,18.570000000006985,KXBTCD-26SEP2709-T84999.99,1790511795527,1790512126284,73.716,0.61,0.77,5.2379000000000016,25.0662,12.694799999999999,25.3052,4.429500000000001,1
2026-09-27,1790512200000,3,UP,84942.08,84899.99,-42.08999999999651,KXBTCD-26SEP2709-T84899.99,1790512471222,1790513017527,82.473,0.79,0.93,3.8386000000000005,24.8501,11.998799999999997,25.0012,3.2129999999999996,1
2026-09-27,1790513100000,4,DOWN,84974.89,84999.99,25.10000000000582,KXBTCD-26SEP2709-T84999.99,1790513302104,1790513921286,78.714,0.87,0.99,3.1188000000000002,24.581699999999998,7.8168,25.1832,2.5544999999999995,1
2026-09-27,1790514000000,1,DOWN,84791.51,84799.99,8.480000000010477,KXBTCD-26SEP2710-T84799.99,1790514217007,1790514829673,70.327,0.6,0.74,4.4990000000000006,25.2888,6.655599999999999,25.3444,3.5819,1
2026-09-27,1790515800000,3,UP,84919.49,84899.99,-19.5,KXBTCD-26SEP2710-T84899.99,1790516016527,1790516625009,74.991,0.84,0.36,-14.6607,24.6329,-24.847,24.847,-15.2208,0
2026-09-27,1790517600000,1,DOWN,85016.5,84999.99,-16.50999999999476,KXBTCD-26SEP2711-T84999.99,1790517801215,1790518485651,14.349,0.6,0.52,-4.685199999999998,25.2888,4.091100000000001,24.9089,-5.365999999999999,1
2026-09-27,1790521200000,1,DOWN,84540.45,84499.99,-40.45999999999185,KXBTCD-26SEP2712-T84499.99,1790521474578,1790522016527,83.473,0.51,0.5,-2.2047000000000003,25.8472,11.998799999999997,25.0012,-3.1184000000000016,1
2026-09-27,1790522100000,2,UP,84478.08,84499.99,21.910000000003492,KXBTCD-26SEP2712-T84499.99,1790522320918,1790522937934,62.066,0.68,0.57,-5.126100000000004,25.0284,5.090000000000002,24.909999999999997,-5.840100000000005,1
2026-09-27,1790523900000,4,UP,84450.34,84499.99,49.65000000000873,KXBTCD-26SEP2712-T84499.99,1790524106968,1790524789503,10.497,0.46,0.0,-25.779,25.779,11.6373,25.362700000000004,-25.8342,1
2026-09-27,1790524800000,1,UP,84455.59,84499.99,44.40000000000873,KXBTCD-26SEP2713-T84499.99,1790525060981,1790525623824,76.176,0.55,0.61,1.1708999999999974,25.529700000000002,5.3767999999999985,24.6232,0.2617999999999968,1
2026-09-27,1790525700000,2,UP,84547.16,84499.99,-47.169999999998254,KXBTCD-26SEP2713-T84499.99,1790525983059,1790526538779,61.221,0.7,0.7,-1.029,25.014499999999998,10.620900000000002,25.379099999999998,-1.7286000000000006,1
2026-09-27,1790527500000,4,UP,84370.69,84399.99,29.30000000000291,KXBTCD-26SEP2713-T84399.99,1790527714112,1790528337803,62.197,0.6,0.71,3.2302,25.2888,9.0401,24.9599,2.3457999999999988,1
2026-09-27,1790528400000,1,UP,84406.87,84399.99,-6.879999999990105,KXBTCD-26SEP2714-T84399.99,1790528619293,1790529247010,52.99,0.63,0.45,-8.3321,25.2064,-25.3052,25.3052,-9.101700000000001,0
2026-09-27,1790530200000,3,UP,84417.64,84399.99,-17.64999999999418,KXBTCD-26SEP2714-T84399.99,1790530411388,1790531037710,62.29,0.75,0.84,2.2262999999999993,25.1832,7.2714,24.7286,1.5152999999999983,1
2026-09-27,1790532000000,1,UP,84548.52,84499.99,-48.529999999998836,KXBTCD-26SEP2715-T84499.99,1790532350470,1790532836907,63.093,0.69,0.76,1.5212000000000023,25.379099999999998,10.971599999999999,25.0284,0.7761000000000016,1
2026-09-27,1790533800000,3,UP,84717.67,84699.99,-17.679999999993015,KXBTCD-26SEP2715-T84699.99,1790534224825,1790534644652,55.348,0.57,0.77,7.329100000000003,25.247799999999998,10.620900000000002,25.379099999999998,6.457600000000002,1
2026-09-27,1790534700000,4,DOWN,84744.82,84699.99,-44.830000000001746,KXBTCD-26SEP2715-T84699.99,1790535201519,1790535544392,55.608,0.21,0.0,-26.372,26.372,-25.639900000000004,25.639900000000004,-26.217399999999998,0
2026-09-27,1790535600000,1,DOWN,84795.5,84799.99,4.490000000005239,KXBTCD-26SEP2716-T84799.99,1790535824387,1790536433404,66.596,0.7,0.54,-6.723099999999997,25.014499999999998,4.803600000000001,25.196399999999997,-7.414799999999998,1
2026-09-27,1790537400000,3,UP,84680.29,84699.99,19.70000000001164,KXBTCD-26SEP2716-T84699.99,1790537815386,1790538223262,76.738,0.48,0.79,14.607500000000005,25.8686,6.149899999999999,24.8501,13.285100000000002,1
2026-09-27,1790538300000,4,UP,84757.82,84799.99,42.169999999998254,KXBTCD-26SEP2716-T84799.99,1790538513198,1790539143064,56.936,0.52,0.0,-25.7987,25.7987,-25.3052,25.3052,-25.7296,0
2026-09-27,1790539200000,1,UP,84720.83,84749.99,29.160000000003492,KXBTCD-26SEP2717-T84749.99,1790539423315,1790540027602,72.398,0.52,0.62,3.1695999999999986,25.7987,5.3767999999999985,24.6232,2.1576999999999984,1
2026-09-27,1790541000000,3,DOWN,84605.94,84499.99,-105.94999999999709,KXBTCD-26SEP2717-T84499.99,1790541287663,1790541852460,47.54,0.19,0.07,-17.7283,26.3013,-25.0284,25.0284,-19.3935,0
2026-09-27,1790544600000,3,DOWN,84606.54,84599.99,-6.5499999999883585,KXBTCD-26SEP2718-T84599.99,1790544810713,1790545418553,81.447,0.51,0.76,10.7671,25.8472,12.694799999999999,25.3052,9.571299999999999,1
2026-09-27,1790549100000,4,UP,84179.88,84199.99,20.110000000000582,KXBTCD-26SEP2719-T84199.99,1790549527946,1790549917168,82.832,0.61,0.81,6.902800000000004,25.0662,11.998799999999997,25.0012,6.092300000000002,1
2026-09-27,1790550000000,1,UP,84194.99,84199.99,5.0,KXBTCD-26SEP2720-T84199.99,1790550236782,1790550850491,49.509,0.6,0.69,2.3872999999999984,25.2888,7.8168,25.1832,1.5244999999999982,1
2026-09-27,1790551800000,3,UP,84390.86,84399.99,9.130000000004657,KXBTCD-26SEP2720-T84399.99,1790552071524,1790552675721,24.279,0.52,0.23,-15.353800000000001,25.7987,-25.3052,25.3052,-15.954200000000002,0
2026-09-27,1790552700000,4,UP,84337.75,84299.99,-37.75999999999476,KXBTCD-26SEP2720-T84299.99,1790552885336,1790553515726,84.274,0.82,0.99,4.769200000000001,24.909999999999997,5.090000000000002,24.909999999999997,4.162400000000001,1
2026-09-27,1790553600000,1,UP,84446.08,84399.99,-46.08999999999651,KXBTCD-26SEP2721-T84399.99,1790553813573,1790554479240,20.76,0.7,0.55,-6.370899999999996,25.014499999999998,-24.6232,24.6232,-7.063099999999998,0
2026-09-27,1790554500000,2,UP,84414.77,84399.99,-14.779999999998836,KXBTCD-26SEP2721-T84399.99,1790554742944,1790555330917,69.083,0.75,0.86,2.9185999999999996,25.1832,3.4183000000000003,24.581699999999998,2.185799999999999,1
2026-09-27,1790556300000,4,UP,84272.52,84299.99,27.470000000001164,KXBTCD-26SEP2721-T84299.99,1790556518146,1790557150453,49.547,0.93,0.0,-24.2985,24.2985,-24.7378,24.7378,-24.5427,0
2026-09-27,1790560800000,1,DOWN,83700.88,83699.99,-0.8899999999994179,KXBTCD-26SEP2723-T83699.99,1790560993529,1790561676155,23.845,0.65,0.36,-12.238100000000001,25.3052,-25.3444,25.3444,-12.640500000000003,0
2026-09-27,1790561700000,2,DOWN,83732.16,83699.99,-32.169999999998254,KXBTCD-26SEP2723-T83699.99,1790561885326,1790562571925,28.075,0.52,0.5,-2.638700000000001,25.7987,8.7109,25.2891,-3.5218000000000016,1
2026-09-27,1790563500000,4,DOWN,83494.5,83499.99,5.490000000005239,KXBTCD-26SEP2723-T83499.99,1790563713993,1790564338350,61.65,0.7,0.99,9.611200000000002,25.014499999999998,8.1355,24.8645,8.897400000000001,1
2026-09-27,1790564400000,1,UP,83394.03,83399.99,5.960000000006403,KXBTCD-26SEP2800-T83399.99,1790564617631,1790565248081,51.919,0.58,0.61,-0.15939999999999876,25.673299999999998,9.985500000000002,25.014499999999998,-0.9967999999999997,1
2026-09-27,1790567100000,4,DOWN,83457.59,83499.99,42.40000000000873,KXBTCD-26SEP2800-T83499.99,1790567377716,1790567935006,64.994,0.8,0.99,5.521299999999999,25.1472,9.645500000000002,25.354499999999998,4.735599999999998,1
2026-09-28,1790568000000,1,DOWN,83323.89,83299.99,-23.89999999999418,KXBTCD-26SEP2801-T83299.99,1790568213302,1790568845752,54.248,0.57,0.25,-15.062199999999997,25.247799999999998,-25.362700000000004,25.362700000000004,-15.902399999999998,0
2026-09-28,1790568900000,2,UP,83410.26,83399.99,-10.269999999989523,KXBTCD-26SEP2801-T83399.99,1790569125897,1790569743637,56.363,0.64,0.66,-0.46169999999999933,25.589000000000002,10.620900000000002,25.379099999999998,-1.2104,1
2026-09-28,1790569800000,3,DOWN,83469.47,83499.99,30.520000000004075,KXBTCD-26SEP2801-T83499.99,1790570023928,1790570657742,42.258,0.74,0.57,-6.620700000000001,24.8645,-25.3052,25.3052,-7.272400000000003,0
2026-09-28,1790570700000,4,DOWN,83481.1,83499.99,18.889999999999418,KXBTCD-26SEP2801-T83499.99,1790570929757,1790571557978,42.022,0.87,0.95,1.9251999999999991,24.581699999999998,-25.0368,25.0368,1.3623999999999983,0
2026-09-28,1790572500000,2,DOWN,83282.51,83299.99,17.480000000010477,KXBTCD-26SEP2802-T83299.99,1790572710545,1790573335288,64.712,0.65,0.84,6.257199999999998,25.3052,11.998799999999997,25.0012,5.3432999999999975,1
2026-09-28,1790573400000,3,DOWN,83071.6,83099.99,28.389999999999418,KXBTCD-26SEP2802-T83099.99,1790573607170,1790574242560,57.44,0.69,0.67,-1.8162999999999965,25.379099999999998,-25.1472,25.1472,-2.464299999999997,0
2026-09-28,1790574300000,4,DOWN,83099.01,83099.99,0.9800000000104774,KXBTCD-26SEP2802-T83099.99,1790574654149,1790575137426,62.574,0.63,0.02,-24.479999999999997,25.2064,-24.8645,24.8645,-25.226100000000002,0
2026-09-28,1790575200000,1,DOWN,83163.59,83199.99,36.40000000000873,KXBTCD-26SEP2803-T83199.99,1790575501370,1790576055565,44.435,0.6,0.41,-9.1731,25.2888,-25.3052,25.3052,-9.7382,0
2026-09-28,1790577900000,4,DOWN,83181.66,83199.99,18.330000000001746,KXBTCD-26SEP2803-T83199.99,1790578119364,1790578728707,71.293,0.73,0.99,8.3473,25.2891,11.6373,25.362700000000004,7.4302,1
2026-09-28,1790578800000,1,UP,83131.72,83099.99,-31.729999999995925,KXBTCD-26SEP2804-T83099.99,1790579014959,1790579621649,78.351,0.72,0.45,-10.248999999999999,24.9599,-25.196399999999997,25.196399999999997,-10.915599999999998,0
2026-09-28,1790579700000,2,UP,83049.77,82999.99,-49.779999999998836,KXBTCD-26SEP2804-T82999.99,1790579906707,1790580533287,66.713,0.7,0.33,-14.006199999999998,25.014499999999998,-25.014499999999998,25.014499999999998,-14.6877,0
2026-09-28,1790580600000,3,UP,82925.22,82899.99,-25.229999999995925,KXBTCD-26SEP2804-T82899.99,1790580886349,1790581440924,59.076,0.55,0.51,-3.3669000000000016,25.529700000000002,-25.362700000000004,25.362700000000004,-4.169000000000002,0
2026-09-28,1790581500000,4,UP,82894.82,82899.99,5.169999999998254,KXBTCD-26SEP2804-T82899.99,1790581723755,1790582328830,71.17,0.69,0.72,0.03280000000000094,25.379099999999998,11.6373,25.362700000000004,-0.6689999999999996,1
2026-09-28,1790582400000,1,UP,82951.18,82999.99,48.810000000012224,KXBTCD-26SEP2805-T82999.99,1790582623401,1790583249401,50.599,0.67,0.42,-10.453700000000001,25.362700000000004,8.7109,25.2891,-10.878000000000004,1
2026-09-28,1790584200000,3,UP,82795.57,82799.99,4.419999999998254,KXBTCD-26SEP2805-T82799.99,1790584422434,1790585039443,60.557,0.71,0.6,-4.9425,25.354499999999998,4.803600000000001,25.196399999999997,-5.4757,1
2026-09-28,1790585100000,4,UP,82861.02,82899.99,38.970000000001164,KXBTCD-26SEP2805-T82899.99,1790585325720,1790585950743,49.257,0.57,0.99,17.2924,25.247799999999998,10.971599999999999,25.0284,16.4077,1
2026-09-28,1790586000000,1,DOWN,82926.45,82899.99,-26.45999999999185,KXBTCD-26SEP2806-T82899.99,1790586233947,1790586839760,60.24,0.72,0.71,-1.3100000000000003,24.9599,2.2751999999999994,24.724800000000002,-1.988900000000001,1
2026-09-28,1790586900000,2,UP,82826.8,82799.99,-26.80999999999767,KXBTCD-26SEP2806-T82799.99,1790587118670,1790587744964,55.036,0.57,0.4,-8.770199999999997,25.247799999999998,-25.0284,25.0284,-9.619399999999999,0
2026-09-28,1790588700000,4,UP,82602.13,82599.99,-2.139999999999418,KXBTCD-26SEP2806-T82599.99,1790588917880,1790589547537,52.463,0.86,0.97,2.8863999999999996,25.1845,5.3767999999999985,24.6232,2.2229999999999994,1
2026-09-28,1790589600000,1,UP,82615.99,82599.99,-16.0,KXBTCD-26SEP2807-T82599.99,1790589826958,1790590452195,47.805,0.76,0.64,-4.7646999999999995,24.7286,2.0207999999999986,24.9792,-5.399,1
2026-09-28,1790592300000,4,DOWN,82909.09,82899.99,-9.099999999991269,KXBTCD-26SEP2807-T82899.99,1790592497526,1790593130490,69.51,0.69,0.13,-20.984199999999998,25.379099999999998,-24.8501,24.8501,-21.073299999999996,0
2026-09-28,1790593200000,1,UP,82924.72,82899.99,-24.729999999995925,KXBTCD-26SEP2808-T82899.99,1790593476301,1790594030176,69.824,0.6,0.63,-0.12779999999999891,25.2888,12.694799999999999,25.3052,-0.9258999999999996,1
2026-09-28,1790594100000,2,UP,82956.62,82999.99,43.370000000009895,KXBTCD-26SEP2808-T82999.99,1790594519869,1790594924623,75.377,0.41,0.46,0.9407000000000028,25.616,11.6373,25.362700000000004,-0.2582999999999984,1
2026-09-28,1790595000000,3,UP,82989.69,82999.99,10.30000000000291,KXBTCD-26SEP2808-T82999.99,1790595428895,1790595851244,48.756,0.5,0.69,7.876299999999996,25.875,11.998799999999997,25.0012,6.726399999999996,1
2026-09-28,1790595900000,4,DOWN,83051.43,83099.99,48.560000000012224,KXBTCD-26SEP2808-T83099.99,1790596126724,1790596766171,33.829,0.88,0.99,2.8535,24.847,-24.8501,24.8501,2.289599999999999,0
2026-09-28,1790597700000,2,UP,83327.46,83299.99,-27.470000000001164,KXBTCD-26SEP2809-T83299.99,1790597957544,1790598587458,12.542,0.55,0.59,0.25829999999999664,25.529700000000002,12.694799999999999,25.3052,-0.6293000000000041,1
2026-09-28,1790600400000,1,DOWN,83547.31,83499.99,-47.31999999999243,KXBTCD-26SEP2810-T83499.99,1790600614073,1790601248740,51.26,0.59,0.64,0.7114000000000018,25.4912,3.4183000000000003,24.581699999999998,-0.12779999999999891,1
2026-09-28,1790604900000,2,DOWN,83398.37,83399.99,1.6200000000098953,KXBTCD-26SEP2811-T83399.99,1790605143771,1790605747004,52.996,0.62,0.67,0.7212000000000018,25.4597,6.9632,25.0368,-0.07909999999999895,1
2026-09-28,1790606700000,4,UP,82892.45,82899.99,7.540000000008149,KXBTCD-26SEP2811-T82899.99,1790606983017,1790607543781,56.219,0.62,0.58,-2.9418000000000015,25.4597,10.971599999999999,25.0284,-3.645600000000002,1
2026-09-28,1790607600000,1,UP,82953.65,82999.99,46.34000000001106,KXBTCD-26SEP2812-T82999.99,1790607823236,1790608454412,45.588,0.53,0.44,-5.860300000000001,25.7296,9.985500000000002,25.014499999999998,-6.649200000000002,1
2026-09-28,1790608500000,2,DOWN,82960.58,82999.99,39.41000000000349,KXBTCD-26SEP2812-T82999.99,1790608802989,1790609350532,49.468,0.55,0.36,-10.055500000000002,25.529700000000002,-25.0012,25.0012,-10.699700000000004,0
2026-09-28,1790609400000,3,UP,83072.33,83099.99,27.660000000003492,KXBTCD-26SEP2812-T83099.99,1790609762700,1790610226689,73.311,0.5,0.73,9.9351,25.875,6.149899999999999,24.8501,8.741299999999999,1
2026-09-28,1790611200000,1,DOWN,83366.8,83399.99,33.19000000000233,KXBTCD-26SEP2813-T83399.99,1790611381558,1790612056750,43.25,0.64,0.49,-7.161300000000001,25.589000000000002,-25.3444,25.3444,-7.729200000000001,0
2026-09-28,1790613900000,4,DOWN,83710.86,83699.99,-10.869999999995343,KXBTCD-26SEP2813-T83699.99,1790614109717,1790614740661,59.339,0.66,0.85,6.118499999999997,25.0012,10.620900000000002,25.379099999999998,5.3691999999999975,1
2026-09-28,1790617500000,4,DOWN,83981.71,83999.99,18.279999999998836,KXBTCD-26SEP2814-T83999.99,1790617719912,1790618333635,66.365,0.73,0.99,8.3473,25.2891,10.620900000000002,25.379099999999998,7.4302,1
2026-09-28,1790619300000,2,DOWN,83945.17,83899.99,-45.179999999993015,KXBTCD-26SEP2815-T83899.99,1790619524182,1790620141614,58.386,0.55,0.44,-6.505900000000002,25.529700000000002,10.971599999999999,25.0284,-7.234000000000003,1
2026-09-28,1790622900000,2,DOWN,83703.59,83699.99,-3.599999999991269,KXBTCD-26SEP2816-T83699.99,1790623251985,1790623745677,54.323,0.52,0.59,1.7084999999999975,25.7987,9.985500000000002,25.014499999999998,0.7288999999999971,1
2026-09-28,1790624700000,4,UP,83274.99,83299.99,25.0,KXBTCD-26SEP2816-T83299.99,1790625107762,1790625524991,75.009,0.7,0.98,9.237400000000001,25.014499999999998,6.149899999999999,24.8501,8.524199999999999,1
2026-09-28,1790625600000,1,UP,83377.12,83499.99,122.8700000000099,KXBTCD-26SEP2817-T83499.99,1790625881892,1790626428785,71.215,0.34,0.56,13.654100000000003,25.9667,7.2714,24.7286,11.839200000000002,1
2026-09-28,1790626500000,2,DOWN,83539.92,83499.99,-39.929999999993015,KXBTCD-26SEP2817-T83499.99,1790626680345,1790627359782,40.218,0.61,0.44,-8.156199999999998,25.0662,6.9632,25.0368,-8.945999999999998,1
2026-09-28,1790627400000,3,DOWN,83500.84,83499.99,-0.8499999999912689,KXBTCD-26SEP2817-T83499.99,1790627912837,1790628264647,35.353,0.55,0.58,-0.19710000000000383,25.529700000000002,26.1314,25.8686,-1.0740000000000045,1
2026-09-28,1790628300000,4,DOWN,83459.79,83499.99,40.20000000001164,KXBTCD-26SEP2817-T83499.99,1790628615731,1790629178484,21.516,0.74,0.11,-21.4607,24.8645,-25.0284,25.0284,-22.091099999999997,0
2026-09-28,1790629200000,1,UP,83503.87,83499.99,-3.8799999999901047,KXBTCD-26SEP2818-T83499.99,1790629389001,1790630022506,77.494,0.66,0.63,-2.2950000000000013,25.0012,6.9632,25.0368,-3.0330000000000017,1
2026-09-28,1790632800000,1,DOWN,83189.31,83199.99,10.680000000007567,KXBTCD-26SEP2819-T83199.99,1790633081237,1790633642201,57.799,0.57,0.52,-3.6390999999999973,25.247799999999998,11.6373,25.362700000000004,-4.495499999999998,1
2026-09-28,1790633700000,2,UP,83173.05,83199.99,26.94000000000233,KXBTCD-26SEP2819-T83199.99,1790634090626,1790634563156,36.844,0.49,0.53,0.25850000000000195,25.882199999999997,9.645500000000002,25.354499999999998,-0.7485999999999992,1
2026-09-28,1790635500000,4,UP,83444.8,83399.99,-44.80999999999767,KXBTCD-26SEP2819-T83399.99,1790635776866,1790636327581,72.419,0.85,0.99,3.7810000000000006,24.9089,9.645500000000002,25.354499999999998,3.1957,1
2026-09-28,1790638200000,3,UP,83546.39,83499.99,-46.39999999999418,KXBTCD-26SEP2820-T83499.99,1790638724999,1790639075351,24.649,0.72,0.77,0.7986000000000015,24.9599,14.933800000000002,25.0662,0.11670000000000086,1
2026-09-28,1790639100000,4,DOWN,83559.3,83599.99,40.69000000000233,KXBTCD-26SEP2820-T83599.99,1790639286161,1790639925132,74.868,0.88,0.99,2.8535,24.847,8.1355,24.8645,2.289599999999999,1
2026-09-28,1790640000000,1,DOWN,83484.34,83499.99,15.650000000008731,KXBTCD-26SEP2821-T83499.99,1790640339617,1790640831883,68.117,0.49,0.52,-0.25329999999999864,25.882199999999997,-25.3052,25.3052,-1.2496999999999996,0
2026-09-28,1790640900000,2,DOWN,83495.58,83499.99,4.4100000000034925,KXBTCD-26SEP2821-T83499.99,1790641126031,1790641738295,61.705,0.75,0.47,-10.2487,25.1832,-24.847,24.847,-10.565100000000001,0
2026-09-28,1790641800000,3,UP,83504.45,83499.99,-4.459999999991851,KXBTCD-26SEP2821-T83499.99,1790642004553,1790642636174,63.826,0.41,0.48,2.1356,25.616,-25.379099999999998,25.379099999999998,0.9150999999999994,0
2026-09-28,1790644500000,2,DOWN,82991.63,82999.99,8.360000000000582,KXBTCD-26SEP2822-T82999.99,1790644708035,1790645329632,70.368,0.6,0.67,1.5466000000000026,25.2888,7.8168,25.1832,0.7054000000000019,1
2026-09-28,1790645400000,3,UP,82812.75,82799.99,-12.759999999994761,KXBTCD-26SEP2822-T82799.99,1790645610286,1790646240565,59.435,0.63,0.77,4.3401000000000005,25.2064,7.8168,25.1832,3.553,1
2026-09-28,1790646300000,4,UP,82913.76,82899.99,-13.769999999989523,KXBTCD-26SEP2822-T82899.99,1790646517674,1790647131433,68.567,0.7,0.99,9.611200000000002,25.014499999999998,11.998799999999997,25.0012,8.897400000000001,1
2026-09-28,1790647200000,1,DOWN,83035.85,82999.99,-35.86000000000058,KXBTCD-26SEP2823-T82999.99,1790647411044,1790648032023,67.977,0.54,0.53,-2.0621000000000005,25.639900000000004,9.0401,24.9599,-2.9160000000000013,1
2026-09-28,1790648100000,2,UP,83016.08,82999.99,-16.089999999996508,KXBTCD-26SEP2823-T82999.99,1790648383000,1790648942707,57.293,0.57,0.36,-10.461399999999998,25.247799999999998,-25.379099999999998,25.379099999999998,-11.308099999999998,0
2026-09-28,1790649000000,3,DOWN,82922.46,82899.99,-22.470000000001164,KXBTCD-26SEP2823-T82899.99,1790649294472,1790649856711,43.289,0.45,0.35,-7.328800000000001,25.7029,-25.0012,25.0012,-8.267300000000002,0
2026-09-28,1790650800000,1,UP,82932.33,82899.99,-32.33999999999651,KXBTCD-26SEP2900-T82899.99,1790651015944,1790651639522,60.478,0.69,0.5,-8.009099999999998,25.379099999999998,-25.362700000000004,25.362700000000004,-8.476799999999999,0
2026-09-28,1790652600000,3,DOWN,83168.77,83199.99,31.220000000001164,KXBTCD-26SEP2900-T83199.99,1790653026578,1790653438658,61.342,0.65,0.83,5.859399999999998,25.3052,7.8168,25.1832,4.9564999999999975,1
2026-09-29,1790655300000,2,UP,83103.78,83099.99,-3.789999999993597,KXBTCD-26SEP2901-T83099.99,1790655522037,1790656145808,54.192,0.59,0.77,6.328100000000003,25.4912,9.645500000000002,25.354499999999998,5.3477000000000015,1
2026-09-29,1790656200000,3,DOWN,83198.58,83199.99,1.4100000000034925,KXBTCD-26SEP2901-T83199.99,1790656424533,1790657050927,49.073,0.66,0.76,2.646299999999999,25.0012,7.8168,25.1832,1.9015999999999988,1
2026-09-29,1790657100000,4,DOWN,83136.9,83099.99,-36.90999999998894,KXBTCD-26SEP2901-T83099.99,1790657331058,1790657946192,53.808,0.72,0.0,-24.9599,24.9599,-24.6232,24.6232,-25.2891,0
2026-09-29,1790658000000,1,UP,83169.61,83199.99,30.380000000004657,KXBTCD-26SEP2902-T83199.99,1790658229510,1790658847149,52.851,0.57,0.55,-2.342799999999996,25.247799999999998,9.645500000000002,25.354499999999998,-3.2009999999999965,1
2026-09-29,1790658900000,2,UP,83223.8,83199.99,-23.80999999999767,KXBTCD-26SEP2902-T83199.99,1790659130289,1790659759387,40.613,0.67,0.72,0.7550999999999974,25.362700000000004,10.620900000000002,25.379099999999998,0.012699999999996936,1
2026-09-29,1790659800000,3,DOWN,83284.17,83299.99,15.820000000006985,KXBTCD-26SEP2902-T83299.99,1790660043484,1790660656986,43.014,0.9,0.56,-9.8158,24.470100000000002,2.0207999999999986,24.9792,-10.3426,1
2026-09-29,1790660700000,4,UP,83274.19,83299.99,25.80000000000291,KXBTCD-26SEP2902-T83299.99,1790661010920,1790661567692,32.308,0.55,0.99,18.9891,25.529700000000002,10.971599999999999,25.0284,17.660599999999995,1
2026-09-29,1790661600000,1,UP,83375.74,83399.99,24.25,KXBTCD-26SEP2903-T83399.99,1790661838840,1790662417255,82.745,0.57,0.87,11.821700000000002,25.247799999999998,8.1355,24.8645,10.9442,1
2026-09-29,1790662500000,2,DOWN,83822.95,83799.99,-22.95999999999185,KXBTCD-26SEP2903-T83799.99,1790662722471,1790663329800,70.2,0.63,0.49,-6.778700000000001,25.2064,-25.1472,25.1472,-7.550500000000001,0
2026-09-29,1790665200000,1,DOWN,83969.94,83999.99,30.05000000000291,KXBTCD-26SEP2904-T83999.99,1790665402947,1790666078097,21.903,0.74,0.64,-4.2768,24.8645,9.0401,24.9599,-4.9317,1
2026-09-29,1790666100000,2,UP,83953.97,83999.99,46.020000000004075,KXBTCD-26SEP2904-T83999.99,1790666393482,1790666950063,49.937,0.38,0.39,-1.5044999999999995,25.772,9.985500000000002,25.014499999999998,-2.7613000000000008,1
2026-09-29,1790667000000,3,UP,83962.58,83999.99,37.41000000000349,KXBTCD-26SEP2904-T83999.99,1790667226176,1790667854765,45.235,0.51,0.43,-5.617900000000001,25.8472,11.6373,25.362700000000004,-6.457200000000002,1
2026-09-29,1790667900000,4,UP,83994.96,83999.99,5.029999999998836,KXBTCD-26SEP2904-T83999.99,1790668281361,1790668758303,41.697,0.6,0.0,-25.2888,25.2888,-25.354499999999998,25.354499999999998,-25.0662,0
2026-09-29,1790668800000,1,UP,83944.58,83899.99,-44.58999999999651,KXBTCD-26SEP2905-T83899.99,1790669032016,1790669660197,39.803,0.74,0.75,-0.5476999999999996,24.8645,5.8527999999999984,25.1472,-1.2077000000000004,1
2026-09-29,1790669700000,2,UP,84027.8,83999.99,-27.80999999999767,KXBTCD-26SEP2905-T83999.99,1790669932218,1790670527651,72.349,0.56,0.79,8.85,25.399,10.971599999999999,25.0284,7.775599999999997,1
2026-09-29,1790670600000,3,DOWN,84139.03,84099.99,-39.0399999999936,KXBTCD-26SEP2905-T84099.99,1790670821384,1790671418424,81.576,0.76,0.94,5.224999999999998,24.7286,2.4788999999999994,24.5211,4.5772999999999975,1
2026-09-29,1790671500000,4,DOWN,83849.11,83799.99,-49.11999999999534,KXBTCD-26SEP2905-T83799.99,1790671855409,1790672341011,58.989,0.34,0.02,-24.6069,25.9667,11.998799999999997,25.0012,-25.32,1
2026-09-29,1790672400000,1,DOWN,83844.3,83799.99,-44.30999999999767,KXBTCD-26SEP2906-T83799.99,1790672615064,1790673241553,58.447,0.55,0.59,0.25829999999999664,25.529700000000002,5.090000000000002,24.909999999999997,-0.6293000000000041,1
2026-09-29,1790673300000,2,UP,83760.07,83799.99,39.919999999998254,KXBTCD-26SEP2906-T83799.99,1790673597245,1790674135391,64.609,0.41,0.62,10.594400000000002,25.616,9.985500000000002,25.014499999999998,9.221300000000001,1
2026-09-29,1790674200000,3,UP,83824.28,83799.99,-24.289999999993597,KXBTCD-26SEP2906-T83799.99,1790674420488,1790675017333,82.667,0.8,0.93,3.5415,25.1472,4.367100000000001,24.6329,2.8222,1
2026-09-29,1790676000000,1,DOWN,84222.03,84199.99,-22.039999999993597,KXBTCD-26SEP2907-T84199.99,1790676190836,1790676830942,69.058,0.64,0.44,-9.101700000000001,25.589000000000002,5.3767999999999985,24.6232,-9.6172,1
2026-09-29,1790676900000,2,DOWN,84201.18,84199.99,-1.1899999999877764,KXBTCD-26SEP2907-T84199.99,1790677114655,1790677731753,68.247,0.75,0.74,-1.2077000000000004,25.1832,5.3767999999999985,24.6232,-1.810200000000001,1
2026-09-29,1790678700000,4,UP,83991.08,83999.99,8.910000000003492,KXBTCD-26SEP2907-T83999.99,1790679050243,1790679546459,53.541,0.57,0.89,12.727500000000003,25.247799999999998,11.998799999999997,25.0012,11.848800000000002,1
2026-09-29,1790679600000,1,DOWN,84006.07,83999.99,-6.080000000001746,KXBTCD-26SEP2908-T83999.99,1790679831415,1790680446455,53.545,0.53,0.5,-3.052100000000001,25.7296,11.6373,25.362700000000004,-3.904600000000002,1
2026-09-29,1790681400000,3,UP,84039.9,83999.99,-39.90999999998894,KXBTCD-26SEP2908-T83999.99,1790681616850,1790682214202,85.798,0.85,0.93,1.9289000000000018,24.9089,1.7014999999999987,24.2985,1.3460000000000016,1
2026-09-29,1790682300000,4,UP,84214.47,84199.99,-14.479999999995925,KXBTCD-26SEP2908-T84199.99,1790682520558,1790683142033,57.967,0.82,0.99,4.769200000000001,24.909999999999997,4.803600000000001,25.196399999999997,4.162400000000001,1
2026-09-29,1790683200000,1,UP,84346.5,84299.99,-46.50999999999476,KXBTCD-26SEP2909-T84299.99,1790683422622,1790684047879,52.121,0.62,0.54,-4.555299999999998,25.4597,-25.014499999999998,25.014499999999998,-5.216499999999999,0
2026-09-29,1790685000000,3,UP,84166.09,84199.99,33.90000000000873,KXBTCD-26SEP2909-T84199.99,1790685208551,1790685815029,84.971,0.64,0.84,6.803999999999998,25.589000000000002,9.985500000000002,25.014499999999998,5.859399999999998,1
2026-09-29,1790685900000,4,DOWN,84329.45,84299.99,-29.45999999999185,KXBTCD-26SEP2909-T84299.99,1790686122664,1790686750780,49.22,0.58,0.04,-24.068899999999996,25.673299999999998,9.985500000000002,25.014499999999998,-24.316799999999997,1
2026-09-29,1790686800000,1,DOWN,84313.62,84299.99,-13.629999999990105,KXBTCD-26SEP2910-T84299.99,1790687032098,1790687629342,70.658,0.53,0.41,-7.255500000000003,25.7296,-25.379099999999998,25.379099999999998,-8.012700000000002,0
2026-09-29,1790687700000,2,UP,84389.45,84399.99,10.540000000008149,KXBTCD-26SEP2910-T84399.99,1790688055289,1790688521097,78.903,0.53,0.51,-2.5818000000000008,25.7296,-25.3052,25.3052,-3.444900000000002,0
2026-09-29,1790688600000,3,DOWN,84342.18,84299.99,-42.189999999987776,KXBTCD-26SEP2910-T84299.99,1790688811645,1790689411047,88.953,0.62,0.57,-3.346000000000002,25.4597,2.173399999999999,24.8266,-4.039100000000002,1
2026-09-29,1790689500000,4,DOWN,84169.68,84199.99,30.310000000012224,KXBTCD-26SEP2910-T84199.99,1790689717213,1790690345553,54.447,0.65,0.08,-22.461000000000002,25.3052,-25.0012,25.0012,-22.579900000000002,0
2026-09-29,1790691300000,2,UP,83927.02,83899.99,-27.029999999998836,KXBTCD-26SEP2911-T83899.99,1790691512718,1790692181043,18.957,0.58,0.56,-2.334999999999996,25.673299999999998,10.620900000000002,25.379099999999998,-3.118899999999997,1
2026-09-29,1790692200000,3,DOWN,83943.38,83899.99,-43.38999999999942,KXBTCD-26SEP2911-T83899.99,1790692534506,1790693070869,29.131,0.5,0.52,-0.7485999999999992,25.875,8.7109,25.2891,-1.7144,1
2026-09-29,1790695800000,3,UP,82984.7,82999.99,15.290000000008149,KXBTCD-26SEP2912-T82999.99,1790696015765,1790696629131,70.869,0.77,0.78,-0.4611999999999997,25.0368,4.803600000000001,25.196399999999997,-1.1012000000000004,1
2026-09-29,1790697600000,1,UP,82996.92,82999.99,3.070000000006985,KXBTCD-26SEP2913-T82999.99,1790697821964,1790698450503,49.497,0.65,0.53,-5.8279,25.3052,-25.354499999999998,25.354499999999998,-6.4077,0
2026-09-29,1790700300000,4,DOWN,83031.08,82999.99,-31.089999999996508,KXBTCD-26SEP2913-T82999.99,1790700513184,1790701199907,0.093,0.43,0.0,-25.935200000000002,25.935200000000002,-25.0012,25.0012,-25.605900000000002,0
2026-09-29,1790701200000,1,UP,83036.99,82999.99,-37.0,KXBTCD-26SEP2914-T82999.99,1790701470940,1790702030742,69.258,0.62,0.69,1.5412999999999981,25.4597,11.6373,25.362700000000004,0.7194999999999975,1
2026-09-29,1790702100000,2,DOWN,83110.23,83099.99,-10.239999999990687,KXBTCD-26SEP2914-T83099.99,1790702452099,1790702945383,54.617,0.46,0.53,1.8994000000000002,25.779,-25.0012,25.0012,0.7996999999999995,0
2026-09-29,1790703000000,3,UP,83111.58,83099.99,-11.589999999996508,KXBTCD-26SEP2914-T83099.99,1790703224587,1790703858287,41.713,0.67,0.55,-5.6537999999999995,25.362700000000004,9.0401,24.9599,-6.214400000000001,1
2026-09-29,1790705700000,2,UP,83388.93,83399.99,11.060000000012224,KXBTCD-26SEP2915-T83399.99,1790706119196,1790706542765,57.235,0.56,0.61,0.7081999999999972,25.399,8.7109,25.2891,-0.17020000000000357,1
2026-09-29,1790707500000,4,DOWN,83626.6,83599.99,-26.610000000000582,KXBTCD-26SEP2915-T83599.99,1790707705017,1790708394074,5.926,0.6,0.0,-25.2888,25.2888,9.645500000000002,25.354499999999998,-25.0662,1
2026-09-29,1790708400000,1,UP,83603.76,83599.99,-3.7699999999895226,KXBTCD-26SEP2916-T83599.99,1790708778501,1790709256518,43.482,0.53,0.43,-6.326000000000002,25.7296,-25.379099999999998,25.379099999999998,-7.104300000000002,0
2026-09-29,1790709300000,2,UP,83568.3,83599.99,31.69000000000233,KXBTCD-26SEP2916-T83599.99,1790709510233,1790710140388,59.612,0.48,0.3,-11.033,25.8686,-25.379099999999998,25.379099999999998,-11.827300000000001,0
2026-09-29,1790710200000,3,UP,83519.15,83499.99,-19.15999999998894,KXBTCD-26SEP2916-T83499.99,1790710424825,1790711031444,68.556,0.7,0.37,-12.635599999999998,25.014499999999998,-25.354499999999998,25.354499999999998,-13.319,0
2026-09-29,1790712000000,1,DOWN,83558.13,83499.99,-58.13999999999942,KXBTCD-26SEP2917-T83499.99,1790712181619,1790712859697,40.303,0.52,0.4,-7.4051,25.7987,11.6373,25.362700000000004,-8.182300000000001,1
2026-09-29,1790712900000,2,UP,83532.07,83499.99,-32.080000000001746,KXBTCD-26SEP2917-T83499.99,1790713137217,1790713726066,73.934,0.67,0.79,3.4375999999999993,25.362700000000004,11.6373,25.362700000000004,2.619099999999999,1
2026-09-29,1790713800000,3,DOWN,83606.84,83499.99,-106.84999999999127,KXBTCD-26SEP2917-T83499.99,1790714091348,1790714691255,8.745,0.25,0.07,-19.7682,26.3125,-25.354499999999998,25.354499999999998,-20.872100000000003,0
2026-09-29,1790714700000,4,UP,83616.78,83499.99,-116.7899999999936,KXBTCD-26SEP2917-T83499.99,1790715177389,1790715593465,6.535,0.99,0.99,-0.0348,24.7674,-25.399,25.399,-0.5320000000000007,0
2026-09-29,1790718300000,4,DOWN,83486.71,83499.99,13.279999999998836,KXBTCD-26SEP2918-T83499.99,1790718508628,1790719145857,54.143,0.91,0.99,1.986399999999999,24.724800000000002,5.3767999999999985,24.6232,1.4436999999999984,1
2026-09-29,1790720100000,2,DOWN,83643.89,83599.99,-43.89999999999418,KXBTCD-26SEP2919-T83599.99,1790720310607,1790720932229,67.771,0.62,0.59,-2.537100000000001,25.4597,3.4183000000000003,24.581699999999998,-3.251500000000002,1
2026-09-29,1790721000000,3,DOWN,83566.62,83599.99,33.370000000009895,KXBTCD-26SEP2919-T83599.99,1790721211729,1790721893741,6.259,0.69,0.68,-1.4474999999999962,25.379099999999998,-25.362700000000004,25.362700000000004,-2.106199999999997,0
2026-09-29,1790721900000,4,UP,83572.15,83599.99,27.84000000001106,KXBTCD-26SEP2919-T83599.99,1790722315434,1790722793728,6.272,0.39,0.0,-26.0258,26.0258,9.985500000000002,25.014499999999998,-25.8416,1
2026-09-29,1790725500000,4,UP,83623.33,83599.99,-23.339999999996508,KXBTCD-26SEP2920-T83599.99,1790725703409,1790726366559,33.441,0.8,0.99,5.521299999999999,25.1472,12.694799999999999,25.3052,4.735599999999998,1
2026-09-29,1790726400000,1,UP,83629.68,83599.99,-29.689999999987776,KXBTCD-26SEP2921-T83599.99,1790726585857,1790727224497,75.503,0.68,0.35,-13.001700000000003,25.0284,-24.9599,24.9599,-13.704600000000003,0
2026-09-29,1790727300000,2,DOWN,83513.23,83499.99,-13.239999999990687,KXBTCD-26SEP2921-T83499.99,1790727502734,1790728140044,59.956,0.61,0.41,-9.3436,25.0662,-24.7286,24.7286,-10.131700000000002,0
2026-09-29,1790728200000,3,UP,83545.85,83499.99,-45.86000000000058,KXBTCD-26SEP2921-T83499.99,1790728468994,1790729026409,73.591,0.65,0.43,-9.6172,25.3052,-25.379099999999998,25.379099999999998,-10.092200000000004,0
2026-09-29,1790729100000,4,DOWN,83450.91,83499.99,49.080000000001746,KXBTCD-26SEP2921-T83499.99,1790729346244,1790729959004,40.996,0.88,0.99,2.8535,24.847,8.7109,25.2891,2.289599999999999,1
2026-09-29,1790730000000,1,DOWN,83408.05,83399.99,-8.059999999997672,KXBTCD-26SEP2922-T83399.99,1790730445781,1790730859935,40.065,0.5,0.54,0.2556000000000018,25.875,10.971599999999999,25.0284,-0.7316999999999991,1
2026-09-29,1790731800000,3,DOWN,83420.05,83399.99,-20.05999999999767,KXBTCD-26SEP2922-T83399.99,1790732016478,1790732637039,62.961,0.7,0.52,-7.426099999999998,25.014499999999998,6.9632,25.0368,-8.116799999999998,1
2026-09-29,1790732700000,4,UP,83399.79,83399.99,0.20000000001164153,KXBTCD-26SEP2922-T83399.99,1790733052870,1790733544612,55.388,0.57,0.66,2.4567000000000037,25.247799999999998,10.971599999999999,25.0284,1.5919000000000025,1
2026-09-29,1790734500000,2,DOWN,83456.46,83499.99,43.529999999998836,KXBTCD-26SEP2923-T83499.99,1790734697388,1790735337168,62.832,0.68,0.74,1.1266999999999978,25.0284,8.1355,24.8645,0.4041999999999973,1
2026-09-29,1790735400000,3,DOWN,83380.97,83399.99,19.020000000004075,KXBTCD-26SEP2923-T83399.99,1790735619410,1790736249779,50.221,0.69,0.75,1.148400000000002,25.379099999999998,9.0401,24.9599,0.4141000000000013,1
2026-09-29,1790736300000,4,UP,83342.68,83299.99,-42.689999999987776,KXBTCD-26SEP2923-T83299.99,1790736520165,1790737154898,45.102,0.9,0.96,1.3772999999999984,24.470100000000002,-25.2891,25.2891,0.8353999999999978,0
2026-09-29,1790737200000,1,UP,83334.16,83299.99,-34.169999999998254,KXBTCD-26SEP3000-T83299.99,1790737442028,1790738072997,27.003,0.55,0.5,-3.817200000000002,25.529700000000002,-25.379099999999998,25.379099999999998,-4.6087000000000025,0
2026-09-29,1790738100000,2,DOWN,83296.48,83299.99,3.5100000000093132,KXBTCD-26SEP3000-T83299.99,1790738343890,1790738976428,23.572,0.77,0.52,-8.956000000000001,25.0368,7.8168,25.1832,-9.5842,1
2026-09-29,1790739900000,4,DOWN,83349.14,83299.99,-49.14999999999418,KXBTCD-26SEP3000-T83299.99,1790740095146,1790740752324,47.676,0.58,0.98,16.4077,25.673299999999998,8.1355,24.8645,15.163200000000002,1
2026-09-30,1790740800000,1,UP,83269.85,83299.99,30.139999999999418,KXBTCD-26SEP3001-T83299.99,1790741026602,1790741621564,78.436,0.65,0.58,-3.9132000000000025,25.3052,4.367100000000001,24.6329,-4.546100000000003,1
2026-09-30,1790741700000,2,UP,83335.03,83299.99,-35.0399999999936,KXBTCD-26SEP3001-T83299.99,1790741914216,1790742536509,63.491,0.72,0.68,-2.3577999999999975,24.9599,-25.014499999999998,25.014499999999998,-3.0353999999999983,0
2026-09-30,1790742600000,3,DOWN,83331.58,83299.99,-31.589999999996508,KXBTCD-26SEP3001-T83299.99,1790742826110,1790743447098,52.902,0.56,0.52,-3.2878000000000016,25.399,11.998799999999997,25.0012,-4.070000000000002,1
2026-09-30,1790744400000,1,UP,83180.06,83199.99,19.930000000007567,KXBTCD-26SEP3002-T83199.99,1790744612230,1790745279426,20.574,0.65,0.51,-6.59,25.3052,5.8527999999999984,25.1472,-7.148700000000001,1
2026-09-30,1790747100000,4,DOWN,83445.81,83399.99,-45.81999999999243,KXBTCD-26SEP3002-T83399.99,1790747286423,1790747964294,35.706,0.45,0.94,25.779899999999998,25.7029,6.655599999999999,25.3444,24.194899999999997,1
2026-09-30,1790748900000,2,DOWN,83130.38,83099.99,-30.389999999999418,KXBTCD-26SEP3003-T83099.99,1790749371920,1790749790969,9.031,0.49,0.35,-8.844400000000002,25.882199999999997,12.694799999999999,25.3052,-9.660400000000001,1
2026-09-30,1790750700000,4,DOWN,83075.87,83099.99,24.120000000009895,KXBTCD-26SEP3003-T83099.99,1790750931713,1790751588690,11.31,0.89,0.99,2.5885999999999996,25.111900000000002,6.655599999999999,25.3444,1.952799999999999,1
2026-09-30,1790751600000,1,DOWN,83060.44,83099.99,39.55000000000291,KXBTCD-26SEP3004-T83099.99,1790751854370,1790752496399,3.601,0.62,0.71,2.363699999999999,25.4597,10.971599999999999,25.0284,1.520299999999998,1
2026-09-30,1790752500000,2,UP,82987.04,82999.99,12.950000000011642,KXBTCD-26SEP3004-T82999.99,1790752707670,1790753311063,88.937,0.74,0.92,5.325400000000002,24.8645,2.300599999999999,24.6994,4.657600000000001,1
2026-09-30,1790754300000,4,UP,83383.77,83399.99,16.220000000001164,KXBTCD-26SEP3004-T83399.99,1790754656077,1790755145147,54.853,0.6,0.0,-25.2888,25.2888,-25.1832,25.1832,-25.0662,0
2026-09-30,1790755200000,1,DOWN,83280.55,83299.99,19.44000000000233,KXBTCD-26SEP3005-T83299.99,1790755487073,1790756032917,67.083,0.6,0.78,6.198700000000002,25.2888,12.694799999999999,25.3052,5.2379000000000016,1
2026-09-30,1790756100000,2,UP,83098.03,83099.99,1.9600000000064028,KXBTCD-26SEP3005-T83099.99,1790756304551,1790756915686,84.314,0.71,0.61,-4.587399999999999,25.354499999999998,2.0207999999999986,24.9792,-5.1311,1
2026-09-30,1790757000000,3,DOWN,83118.58,83099.99,-18.589999999996508,KXBTCD-26SEP3005-T83099.99,1790757211099,1790757824546,75.454,0.69,0.73,0.4042000000000013,25.379099999999998,4.091100000000001,24.9089,-0.30849999999999933,1
2026-09-30,1790757900000,4,UP,83036.4,82999.99,-36.40999999998894,KXBTCD-26SEP3005-T82999.99,1790758107605,1790758789459,10.541,0.83,0.99,4.4828,25.196399999999997,5.3767999999999985,24.6232,3.7473000000000005,1
2026-09-30,1790758800000,1,UP,83040.58,82999.99,-40.58999999999651,KXBTCD-26SEP3006-T82999.99,1790758999270,1790759619041,80.959,0.73,0.87,4.021700000000001,25.2891,4.803600000000001,25.196399999999997,3.2373,1
2026-09-30,1790760600000,3,UP,83375.98,83399.99,24.010000000009313,KXBTCD-26SEP3006-T83399.99,1790760806646,1790761427371,72.629,0.92,0.79,-3.9628000000000005,24.9792,1.043100000000001,24.956899999999997,-4.330900000000001,1
2026-09-30,1790761500000,4,UP,83520.76,83499.99,-20.769999999989523,KXBTCD-26SEP3006-T83499.99,1790761713211,1790762334767,65.233,0.71,0.99,9.2712,25.354499999999998,11.998799999999997,25.0012,8.3134,1
2026-09-30,1790763300000,2,UP,83715.52,83699.99,-15.529999999998836,KXBTCD-26SEP3007-T83699.99,1790763648763,1790764132509,67.491,0.58,0.65,1.5919000000000025,25.673299999999998,10.971599999999999,25.0284,0.7114000000000018,1
2026-09-30,1790764200000,3,UP,83766.86,83799.99,33.13000000000466,KXBTCD-26SEP3007-T83799.99,1790764409308,1790765034097,65.903,0.54,0.71,6.357099999999996,25.639900000000004,6.655599999999999,25.3444,5.308799999999996,1
2026-09-30,1790765100000,4,UP,83874.16,83899.99,25.830000000001746,KXBTCD-26SEP3007-T83899.99,1790765508341,1790765988081,11.919,0.42,0.04,-23.5847,25.786099999999998,12.694799999999999,25.3052,-24.313400000000005,1
2026-09-30,1790766000000,1,DOWN,83889.75,83899.99,10.240000000005239,KXBTCD-26SEP3008-T83899.99,1790766190254,1790766880228,19.772,0.77,0.68,-3.7642999999999986,25.0368,2.071699999999999,24.9283,-4.399699999999999,1
2026-09-30,1790766900000,2,DOWN,83806.52,83799.99,-6.529999999998836,KXBTCD-26SEP3008-T83799.99,1790767153943,1790767777586,22.414,0.57,0.43,-7.495599999999998,25.247799999999998,-24.7286,24.7286,-8.346599999999999,0
2026-09-30,1790768700000,4,DOWN,83914.02,83899.99,-14.029999999998836,KXBTCD-26SEP3008-T83899.99,1790768911245,1790769531040,68.96,0.64,0.99,12.993899999999998,25.589000000000002,10.620900000000002,25.379099999999998,11.8826,1
2026-09-30,1790769600000,1,DOWN,83861.86,83899.99,38.13000000000466,KXBTCD-26SEP3009-T83899.99,1790769806769,1790770421610,78.39,0.62,0.63,-0.9123999999999995,25.4597,12.694799999999999,25.3052,-1.6696000000000002,1
2026-09-30,1790770500000,2,DOWN,83825.81,83799.99,-25.819999999992433,KXBTCD-26SEP3009-T83799.99,1790770710544,1790771326808,73.192,0.57,0.38,-9.616999999999997,25.247799999999998,-25.0284,25.0284,-10.464999999999998,0
2026-09-30,1790773200000,1,DOWN,85281.14,85299.99,18.85000000000582,KXBTCD-26SEP3010-T85299.99,1790773402393,1790774017304,82.696,0.59,0.38,-10.223899999999999,25.4912,-25.362700000000004,25.362700000000004,-10.7878,0
2026-09-30,1790774100000,2,DOWN,85369.62,85399.99,30.370000000009895,KXBTCD-26SEP3010-T85399.99,1790774380341,1790774926775,73.225,0.57,0.66,2.4567000000000037,25.247799999999998,11.6373,25.362700000000004,1.5919000000000025,1
2026-09-30,1790775000000,3,UP,85154.03,85199.99,45.9600000000064,KXBTCD-26SEP3010-T85199.99,1790775231013,1790775859097,40.903,0.56,0.08,-22.105700000000002,25.399,-25.0012,25.0012,-22.4338,0
2026-09-30,1790775900000,4,UP,84435.58,84399.99,-35.58999999999651,KXBTCD-26SEP3010-T84399.99,1790776136899,1790776761251,38.749,0.72,0.99,8.676499999999999,24.9599,6.655599999999999,25.3444,7.9842,1
2026-09-30,1790776800000,1,DOWN,84541.46,84499.99,-41.470000000001164,KXBTCD-26SEP3011-T84499.99,1790777037692,1790777653916,46.084,0.56,0.63,1.602999999999998,25.399,9.985500000000002,25.014499999999998,0.7029999999999972,1
2026-09-30,1790777700000,2,DOWN,84331.93,84299.99,-31.939999999987776,KXBTCD-26SEP3011-T84299.99,1790777932941,1790778558887,41.113,0.65,0.91,9.0569,25.3052,5.3767999999999985,24.6232,8.065699999999998,1
2026-09-30,1790778600000,3,DOWN,83669.21,83699.99,30.779999999998836,KXBTCD-26SEP3011-T83699.99,1790778836597,1790779462092,37.908,0.65,0.66,-0.8221999999999996,25.3052,8.1355,24.8645,-1.5405000000000004,1
2026-09-30,1790779500000,4,UP,83547.76,83499.99,-47.76999999998952,KXBTCD-26SEP3011-T83499.99,1790779738440,1790780362242,37.758,0.8,0.99,5.521299999999999,25.1472,8.1355,24.8645,4.735599999999998,1
2026-09-30,1790780400000,1,UP,83780.25,83799.99,19.74000000000524,KXBTCD-26SEP3012-T83799.99,1790780701702,1790781259419,40.581,0.56,0.66,2.949799999999999,25.399,11.998799999999997,25.0012,2.017399999999998,1
2026-09-30,1790781300000,2,DOWN,83924.6,83899.99,-24.610000000000582,KXBTCD-26SEP3012-T83899.99,1790781536826,1790782150115,49.885,0.61,0.7,2.3457999999999988,25.0662,5.090000000000002,24.909999999999997,1.5412999999999981,1
2026-09-30,1790782200000,3,UP,83818.67,83799.99,-18.679999999993015,KXBTCD-26SEP3012-T83799.99,1790782429853,1790783043477,56.523,0.84,0.92,1.8976000000000022,24.6329,2.4788999999999994,24.5211,1.3148000000000013,1
2026-09-30,1790783100000,4,UP,84078.68,84099.99,21.310000000012224,KXBTCD-26SEP3012-T84099.99,1790783320530,1790783947472,52.528,0.75,0.39,-12.862799999999998,25.1832,4.803600000000001,25.196399999999997,-13.0964,1
2026-09-30,1790784000000,1,UP,84088.21,84099.99,11.779999999998836,KXBTCD-26SEP3013-T84099.99,1790784227122,1790784851615,48.385,0.61,0.75,4.4088,25.0662,5.090000000000002,24.909999999999997,3.6014999999999997,1
2026-09-30,1790784900000,2,UP,84303.25,84299.99,-3.2599999999947613,KXBTCD-26SEP3013-T84299.99,1790785134401,1790785760251,39.749,0.52,0.43,-5.982300000000001,25.7987,-25.362700000000004,25.362700000000004,-6.791100000000002,0
2026-09-30,1790785800000,3,UP,84260.24,84299.99,39.75,KXBTCD-26SEP3013-T84299.99,1790786032325,1790786653480,46.52,0.45,0.53,2.4880000000000013,25.7029,10.971599999999999,25.0284,1.3574999999999997,1
2026-09-30,1790786700000,4,UP,84308.23,84299.99,-8.239999999990687,KXBTCD-26SEP3013-T84299.99,1790787030681,1790787582407,17.593,0.63,0.0,-25.2064,25.2064,-25.014499999999998,25.014499999999998,-25.589000000000002,0
2026-09-30,1790787600000,1,DOWN,84285.68,84299.99,14.310000000012224,KXBTCD-26SEP3014-T84299.99,1790787846046,1790788468407,31.593,0.52,0.55,-0.23029999999999873,25.7987,11.998799999999997,25.0012,-1.1668999999999996,1
2026-09-30,1790788500000,2,DOWN,84272.96,84299.99,27.029999999998836,KXBTCD-26SEP3014-T84299.99,1790788747016,1790789348317,51.683,0.7,0.8,2.5935000000000032,25.014499999999998,5.8527999999999984,25.1472,1.8890000000000025,1
2026-09-30,1790789400000,3,DOWN,84153.44,84199.99,46.55000000000291,KXBTCD-26SEP3014-T84199.99,1790789593425,1790790272073,27.927,0.77,0.92,4.238300000000001,25.0368,5.8527999999999984,25.1472,3.5921000000000003,1
2026-09-30,1790790300000,4,UP,83975.81,83999.99,24.180000000007567,KXBTCD-26SEP3014-T83999.99,1790790546822,1790791160376,39.624,0.73,0.51,-8.543899999999999,25.2891,9.645500000000002,25.354499999999998,-8.942,1
2026-09-30,1790791200000,1,DOWN,84009.31,83999.99,-9.319999999992433,KXBTCD-26SEP3015-T83999.99,1790791432137,1790792055598,44.402,0.61,0.47,-6.9637,25.0662,7.2714,24.7286,-7.755300000000001,1
2026-09-30,1790792100000,2,DOWN,84008.6,83999.99,-8.610000000000582,KXBTCD-26SEP3015-T83999.99,1790792324653,1790792939483,60.517,0.63,0.74,3.128299999999999,25.2064,11.6373,25.362700000000004,2.342899999999999,1
2026-09-30,1790793000000,3,DOWN,83877.59,83899.99,22.40000000000873,KXBTCD-26SEP3015-T83899.99,1790793210616,1790793835261,64.739,0.62,0.71,2.363699999999999,25.4597,10.620900000000002,25.379099999999998,1.520299999999998,1
2026-09-30,1790793900000,4,DOWN,83837.45,83799.99,-37.45999999999185,KXBTCD-26SEP3015-T83799.99,1790794108128,1790794796706,3.294,0.47,0.0,-25.8342,25.8342,-25.1832,25.1832,-25.8686,0
2026-09-30,1790794800000,1,DOWN,83935.01,83899.99,-35.01999999998952,KXBTCD-26SEP3016-T83899.99,1790794999632,1790795686454,13.546,0.5,0.79,13.044300000000002,25.875,9.985500000000002,25.014499999999998,11.7842,1
2026-09-30,1790795700000,2,DOWN,83728.93,83699.99,-28.939999999987776,KXBTCD-26SEP3016-T83699.99,1790795892443,1790796575384,24.616,0.62,0.42,-9.341800000000001,25.4597,4.367100000000001,24.6329,-9.876800000000001,1
2026-09-30,1790796600000,3,UP,83725.04,83699.99,-25.04999999998836,KXBTCD-26SEP3016-T83699.99,1790796837435,1790797453837,46.163,0.76,0.74,-1.4796000000000007,24.7286,5.3767999999999985,24.6232,-2.118400000000001,1
2026-09-30,1790797500000,4,DOWN,83779.03,83799.99,20.960000000006403,KXBTCD-26SEP3016-T83799.99,1790797724656,1790798342374,57.626,0.82,0.99,4.769200000000001,24.909999999999997,4.803600000000001,25.196399999999997,4.162400000000001,1
2026-09-30,1790798400000,1,DOWN,83567.11,83499.99,-67.11999999999534,KXBTCD-26SEP3017-T83499.99,1790798751372,1790799237131,62.869,0.44,0.37,-5.7997000000000005,25.605900000000002,-25.3052,25.3052,-6.790000000000001,0
2026-09-30,1790799300000,2,UP,83597.88,83499.99,-97.88999999999942,KXBTCD-26SEP3017-T83499.99,1790799642195,1790800183413,16.587,0.7,0.89,5.895600000000002,25.014499999999998,11.6373,25.362700000000004,5.186700000000001,1
2026-09-30,1790800200000,3,DOWN,83703.31,83749.99,46.68000000000757,KXBTCD-26SEP3017-T83749.99,1790800392494,1790801096838,3.162,0.83,0.86,0.3507000000000008,25.196399999999997,5.3767999999999985,24.6232,-0.24179999999999974,1
2026-09-30,1790801100000,4,UP,83645.5,83749.99,104.49000000000524,KXBTCD-26SEP3017-T83749.99,1790801500362,1790801984522,15.478,0.09,0.0,-26.5181,26.5181,-25.354499999999998,25.354499999999998,-26.574999999999996,0
2026-09-30,1790802000000,1,UP,83620.46,83599.99,-20.470000000001164,KXBTCD-26SEP3018-T83599.99,1790802190624,1790802881901,18.099,0.6,0.69,2.3872999999999984,25.2888,5.8527999999999984,25.1472,1.5244999999999982,1
2026-09-30,1790802900000,2,UP,83712.16,83699.99,-12.169999999998254,KXBTCD-26SEP3018-T83699.99,1790803089725,1790803781946,18.054,0.6,0.51,-5.096099999999998,25.2888,-25.354499999999998,25.354499999999998,-5.7661999999999995,0
2026-09-30,1790803800000,3,UP,83705.29,83699.99,-5.2999999999883585,KXBTCD-26SEP3018-T83699.99,1790804117771,1790804671861,28.139,0.6,0.39,-9.9816,25.2888,-25.0284,25.0284,-10.5259,0
2026-09-30,1790804700000,4,UP,83680.23,83699.99,19.760000000009313,KXBTCD-26SEP3018-T83699.99,1790804997623,1790805596868,3.132,0.42,0.99,32.583000000000006,25.786099999999998,11.998799999999997,25.0012,30.825200000000002,1
2026-09-30,1790805600000,1,DOWN,83708.91,83699.99,-8.919999999998254,KXBTCD-26SEP3019-T83699.99,1790805795560,1790806490675,9.325,0.51,0.54,-0.23929999999999862,25.8472,9.0401,24.9599,-1.1956999999999995,1
2026-09-30,1790806500000,2,UP,83663.4,83699.99,36.59000000001106,KXBTCD-26SEP3019-T83699.99,1790806695830,1790807379393,20.607,0.5,0.7,8.389999999999999,25.875,7.2714,24.7286,7.229099999999997,1
2026-09-30,1790807400000,3,UP,83769.42,83799.99,30.570000000006985,KXBTCD-26SEP3019-T83799.99,1790807887892,1790808234115,65.885,0.36,0.26,-8.942199999999998,25.9529,-25.2064,25.2064,-10.012699999999999,0
2026-09-30,1790808300000,4,DOWN,83762.43,83799.99,37.560000000012224,KXBTCD-26SEP3019-T83799.99,1790808500133,1790809175389,24.611,0.85,0.99,3.7810000000000006,24.9089,10.620900000000002,25.379099999999998,3.1957,1
2026-09-30,1790809200000,1,UP,83642.7,83599.99,-42.70999999999185,KXBTCD-26SEP3020-T83599.99,1790809449358,1790810067072,32.928,0.7,0.66,-2.464299999999997,25.014499999999998,8.7109,25.2891,-3.161899999999998,1
2026-09-30,1790810100000,2,UP,83662.71,83699.99,37.279999999998836,KXBTCD-26SEP3020-T83699.99,1790810464421,1790810945358,54.642,0.42,0.33,-7.229299999999998,25.786099999999998,-25.0284,25.0284,-8.2587,0
2026-09-30,1790811000000,3,DOWN,83622.59,83599.99,-22.59999999999127,KXBTCD-26SEP3020-T83599.99,1790811211742,1790811832778,67.222,0.64,0.59,-3.2394000000000016,25.589000000000002,5.8527999999999984,25.1472,-3.9132000000000025,1
2026-09-30,1790811900000,4,DOWN,83574.27,83599.99,25.720000000001164,KXBTCD-26SEP3020-T83599.99,1790812099925,1790812785295,14.705,0.81,0.99,5.055999999999998,24.6232,7.8168,25.1832,4.448799999999998,1
2026-09-30,1790812800000,1,DOWN,83569.02,83599.99,30.970000000001164,KXBTCD-26SEP3021-T83599.99,1790812988474,1790813657767,42.233,0.63,0.69,1.1195999999999975,25.2064,9.985500000000002,25.014499999999998,0.336899999999997,1
2026-09-30,1790813700000,2,DOWN,83482.25,83499.99,17.74000000000524,KXBTCD-26SEP3021-T83499.99,1790813930226,1790814536994,63.006,0.62,0.66,0.3119000000000015,25.4597,10.971599999999999,25.0284,-0.47749999999999926,1
2026-09-30,1790814600000,3,DOWN,83440.51,83399.99,-40.51999999998952,KXBTCD-26SEP3021-T83399.99,1790814909969,1790815461656,38.344,0.44,0.2,-15.0331,25.605900000000002,-25.362700000000004,25.362700000000004,-15.845500000000001,0
2026-09-30,1790815500000,4,DOWN,83504.04,83499.99,-4.0499999999883585,KXBTCD-26SEP3021-T83499.99,1790815796122,1790816341741,58.259,0.67,0.81,4.208600000000001,25.362700000000004,11.998799999999997,25.0012,3.3684000000000003,1
2026-09-30,1790816400000,1,UP,83472.82,83499.99,27.169999999998254,KXBTCD-26SEP3022-T83499.99,1790816734589,1790817273686,26.314,0.46,0.61,6.261699999999998,25.779,6.9632,25.0368,5.0753999999999975,1
2026-09-30,1790817300000,2,UP,83554.46,83599.99,45.529999999998836,KXBTCD-26SEP3022-T83599.99,1790817547442,1790818148988,51.012,0.45,0.44,-2.4516000000000004,25.7029,11.6373,25.362700000000004,-3.4855000000000014,1
2026-09-30,1790818200000,3,DOWN,83587.92,83599.99,12.070000000006985,KXBTCD-26SEP3022-T83599.99,1790818422370,1790819037836,62.164,0.69,0.67,-1.8162999999999965,25.379099999999998,6.149899999999999,24.8501,-2.464299999999997,1
2026-09-30,1790819100000,4,DOWN,83546.42,83499.99,-46.429999999993015,KXBTCD-26SEP3022-T83499.99,1790819303869,1790819971413,28.587,0.51,0.99,22.628800000000002,25.8472,9.0401,24.9599,21.1754,1
2026-09-30,1790820000000,1,UP,83463.29,83499.99,36.70000000001164,KXBTCD-26SEP3023-T83499.99,1790820312619,1790820845706,54.294,0.44,0.66,10.474400000000003,25.605900000000002,12.694799999999999,25.3052,9.1712,1
2026-09-30,1790820900000,2,DOWN,83560.25,83599.99,39.74000000000524,KXBTCD-26SEP3023-T83599.99,1790821122338,1790821733066,66.934,0.76,0.89,3.5321000000000002,24.7286,5.3767999999999985,24.6232,2.8865999999999996,1
2026-09-30,1790821800000,3,UP,83460.64,83499.99,39.35000000000582,KXBTCD-26SEP3023-T83499.99,1790822008027,1790822631604,68.396,0.56,0.19,-17.5131,25.399,-25.379099999999998,25.379099999999998,-17.9521,0
2026-09-30,1790822700000,4,UP,83391.88,83399.99,8.110000000000582,KXBTCD-26SEP3023-T83399.99,1790823171914,1790823576355,23.645,0.57,0.99,17.2924,25.247799999999998,10.620900000000002,25.379099999999998,16.4077,1
2026-09-30,1790823600000,1,DOWN,83447.47,83399.99,-47.479999999995925,KXBTCD-26OCT0100-T83399.99,1790823850058,1790824461968,38.032,0.42,0.43,-1.4283999999999994,25.786099999999998,10.620900000000002,25.379099999999998,-2.5643000000000007,1
2026-09-30,1790824500000,2,DOWN,83430.79,83399.99,-30.79999999998836,KXBTCD-26OCT0100-T83399.99,1790824868325,1790825353286,46.714,0.5,0.34,-9.6604,25.875,-24.9599,24.9599,-10.4356,0
2026-09-30,1790825400000,3,UP,83466.97,83499.99,33.020000000004075,KXBTCD-26OCT0100-T83499.99,1790825771549,1790826242207,57.793,0.4,0.86,26.955799999999996,25.8416,9.985500000000002,25.014499999999998,24.8485,1
2026-09-30,1790826300000,4,DOWN,83663.77,83699.99,36.220000000001164,KXBTCD-26OCT0100-T83699.99,1790826517745,1790827136555,63.445,0.88,0.57,-9.367400000000002,24.847,-25.1472,25.1472,-9.914900000000003,0
2026-10-01,1790827200000,1,UP,83701.88,83699.99,-1.889999999999418,KXBTCD-26OCT0101-T83699.99,1790827602368,1790828086645,13.355,0.56,0.78,8.392399999999999,25.399,9.0401,24.9599,7.329099999999998,1
2026-10-01,1790828100000,2,DOWN,83860.66,83899.99,39.330000000001746,KXBTCD-26OCT0101-T83899.99,1790828286907,1790828964382,35.618,0.7,0.73,0.05260000000000098,25.014499999999998,4.367100000000001,24.6329,-0.6484999999999996,1
2026-10-01,1790829000000,3,DOWN,83805.54,83799.99,-5.5499999999883585,KXBTCD-26OCT0101-T83799.99,1790829242308,1790829869835,30.165,0.69,0.27,-16.155799999999996,25.379099999999998,-25.1832,25.1832,-16.3859,0
2026-10-01,1790829900000,4,UP,83864.14,83899.99,35.85000000000582,KXBTCD-26OCT0101-T83899.99,1790830126213,1790830744531,55.469,0.85,0.98,3.4713,24.9089,2.8880999999999997,25.111900000000002,2.8863999999999996,1
2026-10-01,1790845200000,1,UP,83516.36,83499.99,-16.369999999995343,KXBTCD-26OCT0106-T83499.99,1790845477985,1790846094826,5.174,0.57,0.77,7.329100000000003,25.247799999999998,10.620900000000002,25.379099999999998,6.457600000000002,1
2026-10-01,1790846100000,2,UP,83637.96,83599.99,-37.970000000001164,KXBTCD-26OCT0106-T83599.99,1790846303281,1790846994084,5.916,0.67,0.76,2.284799999999999,25.362700000000004,7.8168,25.1832,1.4990999999999983,1
2026-10-01,1790847000000,3,UP,83716.99,83699.99,-17.0,KXBTCD-26OCT0106-T83699.99,1790847203208,1790847887731,12.269,0.71,0.9,5.925000000000002,25.354499999999998,6.655599999999999,25.3444,5.067000000000001,1
2026-10-01,1790847900000,4,DOWN,83846.0,83799.99,-46.00999999999476,KXBTCD-26OCT0106-T83799.99,1790848211049,1790848754564,45.436,0.44,0.99,29.7952,25.605900000000002,11.6373,25.362700000000004,28.1216,1
2026-10-01,1790848800000,1,DOWN,83744.96,83699.99,-44.970000000001164,KXBTCD-26OCT0107-T83699.99,1790849032193,1790849652939,47.061,0.75,0.61,-5.6028,25.1832,1.5792999999999986,24.420700000000004,-6.066200000000001,1
2026-10-01,1790849700000,2,UP,83658.6,83699.99,41.38999999999942,KXBTCD-26OCT0107-T83699.99,1790850061855,1790850546243,53.757,0.43,0.28,-10.513699999999998,25.935200000000002,-25.014499999999998,25.014499999999998,-11.2586,0
2026-10-01,1790850600000,3,UP,83644.36,83599.99,-44.36999999999534,KXBTCD-26OCT0107-T83599.99,1790850827725,1790851452344,47.656,0.82,0.96,3.8093000000000004,24.909999999999997,4.803600000000001,25.196399999999997,3.2037999999999993,1
2026-10-01,1790851500000,4,UP,83826.63,83799.99,-26.639999999999418,KXBTCD-26OCT0107-T83799.99,1790851729290,1790852356742,43.258,0.91,0.99,1.986399999999999,24.724800000000002,3.8155000000000006,25.1845,1.4436999999999984,1
2026-10-01,1790852400000,1,DOWN,83936.72,83899.99,-36.729999999995925,KXBTCD-26OCT0108-T83899.99,1790852636924,1790853250936,49.064,0.62,0.59,-2.537100000000001,25.4597,5.3767999999999985,24.6232,-3.251500000000002,1
2026-10-01,1790853300000,2,DOWN,83842.28,83799.99,-42.2899999999936,KXBTCD-26OCT0108-T83799.99,1790853525926,1790854142033,57.967,0.51,0.51,-1.7144,25.8472,9.0401,24.9599,-2.638700000000001,1
2026-10-01,1790854200000,3,UP,83815.5,83799.99,-15.509999999994761,KXBTCD-26OCT0108-T83799.99,1790854550703,1790855037260,62.74,0.6,0.88,10.4881,25.2888,10.620900000000002,25.379099999999998,9.417100000000001,1
2026-10-01,1790855100000,4,UP,83928.49,83899.99,-28.5,KXBTCD-26OCT0108-T83899.99,1790855314678,1790855939060,60.94,0.89,0.99,2.5885999999999996,25.111900000000002,-25.0284,25.0284,1.952799999999999,0
2026-10-01,1790856000000,1,UP,83893.39,83899.99,6.600000000005821,KXBTCD-26OCT0109-T83899.99,1790856210357,1790856898857,1.143,0.58,0.61,-0.15939999999999876,25.673299999999998,9.985500000000002,25.014499999999998,-0.9967999999999997,1
2026-10-01,1790856900000,2,DOWN,83969.94,83999.99,30.05000000000291,KXBTCD-26OCT0109-T83999.99,1790857173765,1790857799785,0.215,0.61,0.64,-0.11139999999999894,25.0662,10.971599999999999,25.0284,-0.9123999999999995,1
2026-10-01,1790857800000,3,DOWN,83902.4,83899.99,-2.4099999999889405,KXBTCD-26OCT0109-T83899.99,1790858002253,1790858676587,23.413,0.56,0.53,-2.846300000000001,25.399,12.694799999999999,25.3052,-3.639100000000002,1
2026-10-01,1790858700000,4,DOWN,83892.25,83899.99,7.740000000005239,KXBTCD-26OCT0109-T83899.99,1790858945946,1790859560368,39.632,0.81,0.99,5.055999999999998,24.6232,6.655599999999999,25.3444,4.448799999999998,1
2026-10-01,1790859600000,1,DOWN,83729.78,83699.99,-29.789999999993597,KXBTCD-26OCT0110-T83699.99,1790859827788,1790860499856,0.144,0.56,0.7,4.7541999999999955,25.399,5.3767999999999985,24.6232,3.778299999999995,1
2026-10-01,1790860500000,2,UP,83495.41,83499.99,4.580000000001746,KXBTCD-26OCT0110-T83499.99,1790860768721,1790861381006,18.994,0.56,0.47,-5.4863000000000035,25.399,-25.0012,25.0012,-6.215500000000004,0
2026-10-01,1790861400000,3,UP,83473.44,83499.99,26.55000000000291,KXBTCD-26OCT0110-T83499.99,1790861645950,1790862242046,57.954,0.7,0.89,5.895600000000002,25.014499999999998,5.3767999999999985,24.6232,5.186700000000001,1
2026-10-01,1790862300000,4,DOWN,83888.12,83899.99,11.870000000009895,KXBTCD-26OCT0110-T83899.99,1790862578906,1790863198463,1.537,0.59,0.99,16.0596,25.4912,-25.0368,25.0368,14.8349,0
2026-10-01,1790863200000,1,DOWN,83888.9,83899.99,11.09000000001106,KXBTCD-26OCT0111-T83899.99,1790863396252,1790864086013,13.987,0.62,0.66,0.3119000000000015,25.4597,5.3767999999999985,24.6232,-0.47749999999999926,1
2026-10-01,1790864100000,2,UP,83725.7,83699.99,-25.70999999999185,KXBTCD-26OCT0111-T83699.99,1790864285236,1790864960407,39.593,0.73,0.88,4.3795,25.2891,3.8155000000000006,25.1845,3.5842,1
2026-10-01,1790865000000,3,UP,84108.68,84099.99,-8.689999999987776,KXBTCD-26OCT0111-T84099.99,1790865362713,1790865837770,62.23,0.59,0.37,-10.636599999999998,25.4912,-25.3052,25.3052,-11.190100000000001,0
2026-10-01,1790865900000,4,DOWN,83987.78,83999.99,12.210000000006403,KXBTCD-26OCT0111-T83999.99,1790866104383,1790866785833,14.167,0.74,0.99,7.7826,24.8645,8.1355,24.8645,7.1114999999999995,1
2026-10-01,1790866800000,1,UP,83980.21,83999.99,19.779999999998836,KXBTCD-26OCT0112-T83999.99,1790867038053,1790867658038,41.962,0.51,0.47,-3.6717000000000013,25.8472,7.2714,24.7286,-4.553400000000003,1
2026-10-01,1790867700000,2,UP,84017.51,83999.99,-17.519999999989523,KXBTCD-26OCT0112-T83999.99,1790867926387,1790868537684,62.316,0.7,0.67,-2.106199999999997,25.014499999999998,4.367100000000001,24.6329,-2.8042999999999974,1
2026-10-01,1790868600000,3,DOWN,84089.5,84099.99,10.490000000005239,KXBTCD-26OCT0112-T84099.99,1790868825989,1790869440334,59.666,0.79,0.9,2.8545999999999996,24.8501,4.803600000000001,25.196399999999997,2.2302999999999993,1
2026-10-01,1790869500000,4,UP,83816.31,83799.99,-16.319999999992433,KXBTCD-26OCT0112-T83799.99,1790869714695,1790870394134,5.866,0.91,0.99,1.986399999999999,24.724800000000002,1.4573000000000014,24.542699999999996,1.4436999999999984,1
2026-10-01,1790870400000,1,UP,84085.18,84099.99,14.810000000012224,KXBTCD-26OCT0113-T84099.99,1790870592785,1790871282048,17.952,0.62,0.68,1.1310000000000022,25.4597,6.149899999999999,24.8501,0.3199000000000014,1
2026-10-01,1790871300000,2,UP,84227.21,84199.99,-27.220000000001164,KXBTCD-26OCT0113-T84199.99,1790871487961,1790872170415,29.585,0.66,0.56,-4.9193999999999996,25.0012,10.620900000000002,25.379099999999998,-5.6537999999999995,1
2026-10-01,1790872200000,3,UP,84249.36,84199.99,-49.36999999999534,KXBTCD-26OCT0113-T84199.99,1790872443547,1790873061689,38.311,0.83,0.68,-5.253399999999997,25.196399999999997,3.8155000000000006,25.1845,-5.651799999999998,1
2026-10-01,1790873100000,4,DOWN,84287.16,84299.99,12.830000000001746,KXBTCD-26OCT0113-T84299.99,1790873338996,1790873948470,51.53,0.36,0.99,42.3092,25.9529,12.694799999999999,25.3052,39.6847,1
2026-10-01,1790874000000,1,UP,84142.82,84099.99,-42.830000000001746,KXBTCD-26OCT0114-T84099.99,1790874228131,1790874848000,52.0,0.81,0.85,0.6089999999999978,24.6232,2.529899999999999,24.470100000000002,0.007699999999997209,1
2026-10-01,1790874900000,2,UP,84406.27,84399.99,-6.279999999998836,KXBTCD-26OCT0114-T84399.99,1790875127911,1790875742165,57.835,0.76,0.92,4.546500000000001,24.7286,4.091100000000001,24.9089,3.8997000000000006,1
2026-10-01,1790875800000,3,DOWN,84868.05,84899.99,31.94000000000233,KXBTCD-26OCT0114-T84899.99,1790875999923,1790876676181,23.819,0.6,0.27,-14.784499999999998,25.2888,-25.014499999999998,25.014499999999998,-15.205,0
2026-10-01,1790876700000,4,UP,85003.43,84999.99,-3.4399999999877764,KXBTCD-26OCT0114-T84999.99,1790877212688,1790877551878,48.122,0.41,0.0,-25.616,25.616,-25.639900000000004,25.639900000000004,-25.786099999999998,0
2026-10-01,1790877600000,1,DOWN,84838.39,84799.99,-38.39999999999418,KXBTCD-26OCT0115-T84799.99,1790877830954,1790878460972,39.028,0.57,0.34,-11.303299999999997,25.247799999999998,-25.3444,25.3444,-12.148899999999998,0
2026-10-01,1790878500000,2,DOWN,84881.89,84899.99,18.10000000000582,KXBTCD-26OCT0115-T84899.99,1790878730474,1790879390861,9.139,0.59,0.74,5.023100000000001,25.4912,12.694799999999999,25.3052,4.075500000000001,1
2026-10-01,1790879400000,3,UP,84777.35,84799.99,22.639999999999418,KXBTCD-26OCT0115-T84799.99,1790879597042,1790880277068,22.932,0.54,0.73,7.305399999999999,25.639900000000004,11.998799999999997,25.0012,6.235199999999997,1
2026-10-01,1790880300000,4,DOWN,84913.74,84899.99,-13.75,KXBTCD-26OCT0115-T84899.99,1790880544069,1790881154164,45.836,0.81,0.99,5.055999999999998,24.6232,3.8155000000000006,25.1845,4.448799999999998,1
2026-10-01,1790881200000,1,DOWN,84778.66,84799.99,21.330000000001746,KXBTCD-26OCT0116-T84799.99,1790881434297,1790882056361,43.639,0.6,0.52,-4.685199999999998,25.2888,10.971599999999999,25.0284,-5.365999999999999,1
2026-10-01,1790882100000,2,DOWN,84776.11,84799.99,23.880000000004657,KXBTCD-26OCT0116-T84799.99,1790882330426,1790882943528,56.472,0.63,0.84,7.186599999999998,25.2064,10.971599999999999,25.0284,6.395699999999999,1
2026-10-01,1790883000000,3,UP,84589.89,84599.99,10.10000000000582,KXBTCD-26OCT0116-T84599.99,1790883215127,1790883833532,66.468,0.78,0.59,-7.006300000000002,25.3444,2.4278999999999993,24.572100000000002,-7.398800000000002,1
2026-10-01,1790883900000,4,DOWN,84618.66,84599.99,-18.669999999998254,KXBTCD-26OCT0116-T84599.99,1790884123810,1790884737730,62.27,0.47,0.04,-23.856699999999996,25.8342,-25.0012,25.0012,-24.4146,0
2026-10-01,1790884800000,1,UP,84636.71,84749.99,113.27999999999884,KXBTCD-26OCT0117-T84749.99,1790885000087,1790885670711,29.289,0.54,0.5,-3.444900000000002,25.639900000000004,5.090000000000002,24.909999999999997,-4.266900000000002,1
2026-10-01,1790885700000,2,UP,84762.29,84749.99,-12.299999999988358,KXBTCD-26OCT0117-T84749.99,1790886083649,1790886562071,37.929,0.62,0.51,-5.759499999999999,25.4597,-25.379099999999998,25.379099999999998,-6.3889000000000005,0
2026-10-01,1790886600000,3,DOWN,84751.56,84749.99,-1.569999999992433,KXBTCD-26OCT0117-T84749.99,1790886888996,1790887488337,11.663,0.6,0.94,13.0893,25.2888,10.971599999999999,25.0284,11.951499999999998,1
2026-10-01,1790887500000,4,UP,84586.89,84499.99,-86.89999999999418,KXBTCD-26OCT0117-T84499.99,1790887827707,1790888367058,32.942,0.92,0.99,1.7319999999999989,24.9792,10.620900000000002,25.379099999999998,1.1457999999999982,1
2026-10-01,1790888400000,1,UP,84609.34,84599.99,-9.349999999991269,KXBTCD-26OCT0118-T84599.99,1790888769077,1790889252695,47.305,0.51,0.57,1.242099999999997,25.8472,11.6373,25.362700000000004,0.2532999999999964,1
2026-10-01,1790889300000,2,DOWN,84615.87,84599.99,-15.879999999990105,KXBTCD-26OCT0118-T84599.99,1790889535124,1790890145163,54.837,0.52,0.52,-1.6774,25.7987,11.998799999999997,25.0012,-2.5818000000000008,1
2026-10-01,1790890200000,3,DOWN,84577.43,84599.99,22.560000000012224,KXBTCD-26OCT0118-T84599.99,1790890421994,1790891037773,62.227,0.62,0.85,8.1833,25.4597,11.998799999999997,25.0012,7.186599999999998,1
2026-10-01,1790891100000,4,UP,84483.47,84499.99,16.520000000004075,KXBTCD-26OCT0118-T84499.99,1790891316408,1790891932555,67.445,0.74,0.98,7.4302,24.8645,9.645500000000002,25.354499999999998,6.759499999999998,1
2026-10-01,1790892000000,1,UP,84535.71,84499.99,-35.720000000001164,KXBTCD-26OCT0119-T84499.99,1790892211780,1790892834144,65.856,0.82,0.89,1.5844000000000018,24.909999999999997,2.3769999999999993,24.623,0.9818000000000013,1
2026-10-01,1790892900000,2,DOWN,84734.36,84699.99,-34.36999999999534,KXBTCD-26OCT0119-T84699.99,1790893114429,1790893795345,4.655,0.44,0.53,3.0976000000000012,25.605900000000002,11.998799999999997,25.0012,1.9361000000000006,1
2026-10-01,1790893800000,3,DOWN,84686.18,84699.99,13.810000000012224,KXBTCD-26OCT0119-T84699.99,1790894001693,1790894688855,11.145,0.58,0.63,0.7150000000000023,25.673299999999998,6.149899999999999,24.8501,-0.14389999999999892,1
2026-10-01,1790894700000,4,DOWN,84668.34,84699.99,31.65000000000873,KXBTCD-26OCT0119-T84699.99,1790894886960,1790895570343,29.657,0.86,0.01,-24.914599999999997,25.1845,-25.362700000000004,25.362700000000004,-24.581699999999998,0
2026-10-01,1790895600000,1,DOWN,84721.46,84699.99,-21.470000000001164,KXBTCD-26OCT0120-T84699.99,1790895907566,1790896464784,35.216,0.53,0.64,3.592299999999999,25.7296,11.998799999999997,25.0012,2.589499999999999,1
2026-10-01,1790896500000,2,UP,84643.16,84599.99,-43.169999999998254,KXBTCD-26OCT0120-T84599.99,1790896737328,1790897361524,38.476,0.81,0.88,1.5549999999999988,24.6232,4.803600000000001,25.196399999999997,0.9523999999999979,1
2026-10-01,1790897400000,3,UP,84722.37,84699.99,-22.379999999990105,KXBTCD-26OCT0120-T84699.99,1790897637142,1790898247183,52.817,0.73,0.9,5.096700000000001,25.2891,6.9632,25.0368,4.279300000000001,1
2026-10-01,1790898300000,4,DOWN,84819.52,84799.99,-19.529999999998836,KXBTCD-26OCT0120-T84799.99,1790898519196,1790899192571,7.429,0.72,0.0,-24.9599,24.9599,-25.3444,25.3444,-25.2891,0
2026-10-01,1790899200000,1,DOWN,84860.17,84899.99,39.820000000006985,KXBTCD-26OCT0121-T84899.99,1790899397265,1790900086864,13.136,0.74,0.56,-6.953699999999998,24.8645,-24.909999999999997,24.909999999999997,-7.604999999999999,0
2026-10-01,1790900100000,2,DOWN,84874.21,84899.99,25.779999999998836,KXBTCD-26OCT0121-T84899.99,1790900491917,1790900963406,36.594,0.61,0.76,4.823000000000001,25.0662,6.149899999999999,24.8501,4.0153,1
2026-10-01,1790901000000,3,DOWN,84786.81,84799.99,13.180000000007567,KXBTCD-26OCT0121-T84799.99,1790901236588,1790901857307,42.693,0.69,0.33,-14.056299999999997,25.379099999999998,-25.354499999999998,25.354499999999998,-14.3477,0
2026-10-01,1790901900000,4,DOWN,84832.88,84799.99,-32.88999999999942,KXBTCD-26OCT0121-T84799.99,1790902138482,1790902761717,38.283,0.59,0.98,15.611099999999999,25.4912,11.6373,25.362700000000004,14.397599999999999,1
2026-10-01,1790902800000,1,DOWN,84760.87,84799.99,39.120000000009895,KXBTCD-26OCT0122-T84799.99,1790903038618,1790903680602,19.398,0.65,0.79,4.2735,25.3052,10.620900000000002,25.379099999999998,3.4142999999999994,1
2026-10-01,1790903700000,2,DOWN,84648.28,84599.99,-48.2899999999936,KXBTCD-26OCT0122-T84599.99,1790903960972,1790904564119,35.881,0.43,0.56,5.544400000000004,25.935200000000002,12.694799999999999,25.3052,4.223900000000002,1
2026-10-01,1790904600000,3,UP,84580.64,84599.99,19.35000000000582,KXBTCD-26OCT0122-T84599.99,1790904838910,1790905436661,63.339,0.47,0.32,-9.681499999999998,25.8342,-24.9599,24.9599,-10.5272,0
2026-10-01,1790905500000,4,UP,84553.06,84599.99,46.93000000000757,KXBTCD-26OCT0122-T84599.99,1790905710085,1790906333098,66.902,0.72,0.99,8.676499999999999,24.9599,3.153,24.847,7.9842,1
2026-10-01,1790906400000,1,UP,84893.21,84899.99,6.779999999998836,KXBTCD-26OCT0123-T84899.99,1790906672605,1790907290844,9.156,0.52,0.77,10.5662,25.7987,11.998799999999997,25.0012,9.3903,1
2026-10-01,1790907300000,2,DOWN,85065.02,85099.99,34.970000000001164,KXBTCD-26OCT0123-T85099.99,1790907496486,1790908174736,25.264,0.77,0.87,2.5497999999999994,25.0368,2.529899999999999,24.470100000000002,1.9058999999999988,1
2026-10-01,1790908200000,3,DOWN,84901.83,84899.99,-1.8399999999965075,KXBTCD-26OCT0123-T84899.99,1790908713768,1790909050052,49.948,0.49,0.34,-9.343399999999999,25.882199999999997,-25.882199999999997,25.882199999999997,-10.1489,0
2026-10-01,1790909100000,4,UP,84948.97,84899.99,-48.979999999995925,KXBTCD-26OCT0123-T84899.99,1790909321058,1790909998223,1.777,0.91,0.99,1.986399999999999,24.724800000000002,8.1355,24.8645,1.4436999999999984,1
2026-10-01,1790910000000,1,UP,85154.23,85199.99,45.76000000000931,KXBTCD-26OCT0200-T85199.99,1790910205568,1790910884383,15.617,0.78,0.66,-4.7271,25.3444,2.8880999999999997,25.111900000000002,-5.193800000000001,1
2026-10-01,1790910900000,2,DOWN,85308.27,85299.99,-8.279999999998836,KXBTCD-26OCT0200-T85299.99,1790911088480,1790911768104,31.896,0.64,0.7,1.1376999999999975,25.589000000000002,6.655599999999999,25.3444,0.3457999999999972,1
2026-10-01,1790911800000,3,UP,85229.01,85199.99,-29.019999999989523,KXBTCD-26OCT0200-T85199.99,1790912042551,1790912655341,44.659,0.84,0.93,2.204900000000002,24.6329,2.529899999999999,24.470100000000002,1.621600000000002,1
2026-10-01,1790912700000,4,DOWN,85397.89,85399.99,2.1000000000058208,KXBTCD-26OCT0200-T85399.99,1790913066036,1790913539792,60.208,0.62,0.01,-25.0875,25.4597,-25.362700000000004,25.362700000000004,-25.2064,0
2026-10-02,1790913600000,1,UP,85497.31,85499.99,2.680000000007567,KXBTCD-26OCT0201-T85499.99,1790913815698,1790914497990,2.01,0.62,0.39,-10.5259,25.4597,-25.1832,25.1832,-11.0296,0
2026-10-02,1790914500000,2,UP,85450.85,85499.99,49.13999999999942,KXBTCD-26OCT0201-T85499.99,1790914704808,1790915378088,21.912,0.6,0.97,14.397599999999999,25.2888,5.090000000000002,24.909999999999997,13.2262,1
2026-10-02,1790915400000,3,DOWN,86728.02,86699.99,-28.029999999998836,KXBTCD-26OCT0201-T86699.99,1790915583353,1790916261587,38.413,0.65,0.82,5.462099999999998,25.3052,5.8527999999999984,25.1472,4.570099999999997,1
2026-10-02,1790916300000,4,UP,86513.45,86499.99,-13.459999999991851,KXBTCD-26OCT0201-T86499.99,1790916538037,1790917150501,49.499,0.77,0.99,6.6209999999999996,25.0368,9.645500000000002,25.354499999999998,5.971599999999999,1
2026-10-02,1790917200000,1,DOWN,86599.03,86599.99,0.9600000000064028,KXBTCD-26OCT0202-T86599.99,1790917423458,1790918041054,58.946,0.54,0.57,-0.20920000000000394,25.639900000000004,11.998799999999997,25.0012,-1.1059000000000045,1
2026-10-02,1790918100000,2,DOWN,86551.05,86599.99,48.94000000000233,KXBTCD-26OCT0202-T86599.99,1790918306717,1790918977540,22.46,0.69,0.89,6.414100000000002,25.379099999999998,10.620900000000002,25.379099999999998,5.526700000000002,1
2026-10-02,1790919000000,3,DOWN,86306.67,86299.99,-6.679999999993015,KXBTCD-26OCT0202-T86299.99,1790919313888,1790919841594,58.406,0.6,0.85,9.1952,25.2888,12.694799999999999,25.3052,8.157399999999999,1
2026-10-02,1790919900000,4,DOWN,86109.54,86099.99,-9.549999999988358,KXBTCD-26OCT0202-T86099.99,1790920248489,1790920791837,8.163,0.62,0.99,14.1125,25.4597,11.6373,25.362700000000004,12.959999999999999,1
2026-10-02,1790920800000,1,UP,85976.62,85999.99,23.370000000009895,KXBTCD-26OCT0203-T85999.99,1790921007291,1790921696876,3.124,0.52,0.36,-9.292900000000001,25.7987,-25.0012,25.0012,-10.028100000000002,0
2026-10-02,1790921700000,2,UP,85908.54,85899.99,-8.549999999988358,KXBTCD-26OCT0203-T85899.99,1790921887003,1790922562192,37.808,0.61,0.7,2.3457999999999988,25.0662,9.0401,24.9599,1.5412999999999981,1
2026-10-02,1790922600000,3,UP,86003.92,85999.99,-3.929999999993015,KXBTCD-26OCT0203-T85999.99,1790922835422,1790923450842,49.158,0.59,0.31,-13.100099999999998,25.4912,-25.3052,25.3052,-13.5915,0
2026-10-02,1790923500000,4,UP,85967.2,85999.99,32.79000000000815,KXBTCD-26OCT0203-T85999.99,1790923861626,1790924339741,60.259,0.64,0.18,-18.972,25.589000000000002,6.149899999999999,24.8501,-19.2206,1
2026-10-02,1790924400000,1,DOWN,85969.7,85999.99,30.29000000000815,KXBTCD-26OCT0204-T85999.99,1790924677566,1790925296365,3.635,0.56,0.58,-0.6293000000000041,25.399,9.645500000000002,25.354499999999998,-1.475600000000005,1
2026-10-02,1790925300000,2,DOWN,85946.41,85899.99,-46.419999999998254,KXBTCD-26OCT0204-T85899.99,1790925629200,1790926178605,21.395,0.49,0.42,-5.3319,25.882199999999997,11.998799999999997,25.0012,-6.221700000000001,1
2026-10-02,1790926200000,3,DOWN,85931.72,85899.99,-31.729999999995925,KXBTCD-26OCT0204-T85899.99,1790926386912,1790927067123,32.877,0.55,0.78,9.0297,25.529700000000002,9.985500000000002,25.014499999999998,7.935499999999998,1
2026-10-02,1790927100000,4,UP,85771.02,85799.99,28.970000000001164,KXBTCD-26OCT0204-T85799.99,1790927333523,1790927940018,59.982,0.68,0.99,10.586599999999999,25.0284,9.0401,24.9599,9.851499999999998,1
2026-10-02,1790928000000,1,UP,86044.66,85999.99,-44.669999999998254,KXBTCD-26OCT0205-T85999.99,1790928214480,1790928891227,8.773,0.76,0.88,3.1948,24.7286,1.7014999999999987,24.2985,2.5497999999999994,1
2026-10-02,1790928900000,2,UP,86299.65,86299.99,0.34000000001105946,KXBTCD-26OCT0205-T86299.99,1790929098416,1790929770409,29.591,0.81,0.63,-6.212800000000001,24.6232,1.9699999999999989,25.03,-6.804800000000001,1
2026-10-02,1790929800000,3,DOWN,86367.08,86399.99,32.91000000000349,KXBTCD-26OCT0205-T86399.99,1790930043885,1790930659202,40.798,0.76,0.75,-1.1486000000000003,24.7286,9.985500000000002,25.014499999999998,-1.787800000000001,1
2026-10-02,1790930700000,4,DOWN,86317.98,86299.99,-17.989999999990687,KXBTCD-26OCT0205-T86299.99,1790930990659,1790931599813,0.187,0.5,0.99,23.5903,25.875,11.998799999999997,25.0012,22.1055,1
2026-10-02,1790931600000,1,DOWN,86218.51,86199.99,-18.519999999989523,KXBTCD-26OCT0206-T86199.99,1790931797202,1790932480931,19.069,0.57,0.51,-4.069999999999998,25.247799999999998,7.2714,24.7286,-4.925799999999999,1
2026-10-02,1790932500000,2,DOWN,86207.79,86199.99,-7.7999999999883585,KXBTCD-26OCT0206-T86199.99,1790932944163,1790933346195,53.805,0.53,0.71,6.962899999999997,25.7296,10.971599999999999,25.0284,5.883899999999996,1
2026-10-02,1790933400000,3,UP,86138.46,86099.99,-38.470000000001164,KXBTCD-26OCT0206-T86099.99,1790933618734,1790934291890,8.11,0.94,0.94,-0.2054,24.542699999999996,1.4085000000000014,24.591499999999996,-0.7250000000000005,1
2026-10-02,1790934300000,4,DOWN,86337.29,86299.99,-37.29999999998836,KXBTCD-26OCT0206-T86299.99,1790934496484,1790935174275,25.725,0.62,0.0,-25.4597,25.4597,-25.379099999999998,25.379099999999998,-25.2064,0
2026-10-02,1790935200000,1,UP,86349.51,86299.99,-49.51999999998952,KXBTCD-26OCT0207-T86299.99,1790935502793,1790936044812,55.188,0.69,0.58,-5.1129999999999995,25.379099999999998,-25.379099999999998,25.379099999999998,-5.665,0
2026-10-02,1790936100000,2,DOWN,86328.52,86299.99,-28.529999999998836,KXBTCD-26OCT0207-T86299.99,1790936566464,1790936966600,33.4,0.42,0.27,-10.670199999999998,25.786099999999998,-25.3444,25.3444,-11.6364,0
2026-10-02,1790937000000,3,UP,86390.54,86399.99,9.450000000011642,KXBTCD-26OCT0207-T86399.99,1790937237163,1790937836328,63.672,0.48,0.72,10.8375,25.8686,12.694799999999999,25.3052,9.592699999999999,1
2026-10-02,1790937900000,4,DOWN,86415.39,86399.99,-15.39999999999418,KXBTCD-26OCT0207-T86399.99,1790938105910,1790938781217,18.783,0.74,0.99,7.7826,24.8645,4.803600000000001,25.196399999999997,7.1114999999999995,1
2026-10-02,1790938800000,1,UP,86289.8,86299.99,10.190000000002328,KXBTCD-26OCT0208-T86299.99,1790939055727,1790939663358,36.642,0.58,0.74,5.567500000000002,25.673299999999998,8.7109,25.2891,4.589300000000001,1
2026-10-02,1790939700000,2,UP,86432.59,86399.99,-32.59999999999127,KXBTCD-26OCT0208-T86399.99,1790940000724,1790940549011,50.989,0.66,0.56,-4.9193999999999996,25.0012,-24.9599,24.9599,-5.6537999999999995,0
2026-10-02,1790940600000,3,UP,86420.77,86399.99,-20.779999999998836,KXBTCD-26OCT0208-T86399.99,1790940826950,1790941440797,59.203,0.76,0.75,-1.1486000000000003,24.7286,8.7109,25.2891,-1.787800000000001,1
2026-10-02,1790941500000,4,UP,86451.4,86499.99,48.59000000001106,KXBTCD-26OCT0208-T86499.99,1790941779776,1790942395340,4.66,0.28,0.0,-26.176000000000002,26.176000000000002,-25.014499999999998,25.014499999999998,-26.179600000000004,0
2026-10-02,1790942400000,1,DOWN,86427.0,86399.99,-27.00999999999476,KXBTCD-26OCT0209-T86399.99,1790942593492,1790943277511,22.489,0.58,0.48,-5.784599999999998,25.673299999999998,5.3767999999999985,24.6232,-6.4836,1
2026-10-02,1790943300000,2,UP,86397.36,86399.99,2.6300000000046566,KXBTCD-26OCT0209-T86399.99,1790943544072,1790944155314,44.686,0.67,0.71,0.37399999999999733,25.362700000000004,4.367100000000001,24.6329,-0.35760000000000336,1
2026-10-02,1790944200000,3,UP,86612.97,86599.99,-12.979999999995925,KXBTCD-26OCT0209-T86599.99,1790944430773,1790945048899,51.101,0.7,0.34,-13.664299999999997,25.014499999999998,-25.1832,25.1832,-14.3462,0
2026-10-02,1790945100000,4,UP,86490.32,86499.99,9.669999999998254,KXBTCD-26OCT0209-T86499.99,1790945329921,1790945941619,58.381,0.87,0.99,3.1188000000000002,24.581699999999998,4.367100000000001,24.6329,2.5544999999999995,1
2026-10-02,1790946000000,1,UP,86822.4,86799.99,-22.40999999998894,KXBTCD-26OCT0210-T86799.99,1790946208459,1790946885919,14.081,0.54,0.4,-8.0127,25.639900000000004,-25.0284,25.0284,-8.7291,0
2026-10-02,1790946900000,2,DOWN,86699.19,86699.99,0.8000000000029104,KXBTCD-26OCT0210-T86699.99,1790947415602,1790947748132,51.868,0.51,0.56,0.747600000000002,25.8472,19.470299999999998,25.529700000000002,-0.23029999999999873,1
2026-10-02,1790947800000,3,UP,86615.1,86599.99,-15.110000000000582,KXBTCD-26OCT0210-T86599.99,1790948020450,1790948690998,9.002,0.74,0.86,3.2373,24.8645,3.153,24.847,2.5721999999999996,1
2026-10-02,1790948700000,4,DOWN,86888.85,86899.99,11.139999999999418,KXBTCD-26OCT0210-T86899.99,1790948900464,1790949594467,5.533,0.6,0.99,15.2727,25.2888,9.0401,24.9599,14.0789,1
2026-10-02,1790949600000,1,UP,86611.96,86599.99,-11.970000000001164,KXBTCD-26OCT0211-T86599.99,1790949799018,1790950492414,7.586,0.59,0.3,-13.5086,25.4912,-25.0284,25.0284,-13.989799999999999,0
2026-10-02,1790950500000,2,UP,86381.45,86399.99,18.54000000000815,KXBTCD-26OCT0211-T86399.99,1790950740428,1790951361791,38.209,0.66,0.31,-14.085300000000002,25.0012,-25.1832,25.1832,-14.806600000000001,0
2026-10-02,1790951400000,3,DOWN,86140.06,86099.99,-40.06999999999243,KXBTCD-26OCT0211-T86099.99,1790951630393,1790952241463,58.537,0.57,0.68,3.3372000000000037,25.247799999999998,10.971599999999999,25.0284,2.471100000000004,1
2026-10-02,1790952300000,4,UP,85929.07,85899.99,-29.080000000001746,KXBTCD-26OCT0211-T85899.99,1790952514053,1790953133735,66.265,0.76,0.0,-24.7286,24.7286,-24.8645,24.8645,-25.0368,0
2026-10-02,1790953200000,1,DOWN,85666.06,85699.99,33.93000000000757,KXBTCD-26OCT0212-T85699.99,1790953404917,1790954083223,16.777,0.58,0.59,-1.0314999999999994,25.673299999999998,11.998799999999997,25.0012,-1.8474000000000004,1
2026-10-02,1790954100000,2,DOWN,85602.81,85599.99,-2.819999999992433,KXBTCD-26OCT0212-T85599.99,1790954355881,1790954964503,35.497,0.5,0.65,5.828700000000001,25.875,11.998799999999997,25.0012,4.7225,1
2026-10-02,1790955000000,3,DOWN,85456.87,85499.99,43.120000000009895,KXBTCD-26OCT0212-T85499.99,1790955496656,1790955838059,61.941,0.65,0.82,5.462099999999998,25.3052,9.0401,24.9599,4.570099999999997,1
2026-10-02,1790955900000,4,UP,85322.87,85299.99,-22.879999999990105,KXBTCD-26OCT0212-T85299.99,1790956179295,1790956792482,7.518,0.68,0.0,-25.0284,25.0284,-25.362700000000004,25.362700000000004,-25.379100000000005,0
2026-10-02,1790956800000,1,UP,85274.11,85299.99,25.880000000004657,KXBTCD-26OCT0213-T85299.99,1790956991738,1790957671093,28.907,0.67,0.38,-11.913,25.362700000000004,-25.3444,25.3444,-12.295900000000001,0
2026-10-02,1790957700000,2,UP,85192.21,85199.99,7.779999999998836,KXBTCD-26OCT0213-T85199.99,1790957929722,1790958545889,54.111,0.65,0.51,-6.59,25.3052,-25.0284,25.0284,-7.148700000000001,0
2026-10-02,1790958600000,3,DOWN,85181.71,85199.99,18.279999999998836,KXBTCD-26OCT0213-T85199.99,1790959083717,1790959484364,15.636,0.64,0.58,-3.634100000000002,25.589000000000002,11.998799999999997,25.0012,-4.297200000000003,1
2026-10-02,1790959500000,4,UP,85156.37,85199.99,43.620000000009895,KXBTCD-26OCT0213-T85199.99,1790959685774,1790960373502,26.498,0.59,0.03,-24.316799999999997,25.4912,-25.362700000000004,25.362700000000004,-24.5251,0
2026-10-02,1790960400000,1,UP,85128.18,85099.99,-28.189999999987776,KXBTCD-26OCT0214-T85099.99,1790960640077,1790961261730,38.27,0.64,0.4,-10.6442,25.589000000000002,-24.7286,24.7286,-11.1181,0
2026-10-02,1790961300000,2,DOWN,84953.3,84999.99,46.69000000000233,KXBTCD-26OCT0214-T84999.99,1790961529458,1790962147032,52.968,0.68,0.84,4.872899999999997,25.0284,9.985500000000002,25.014499999999998,4.145299999999996,1
2026-10-02,1790962200000,3,UP,84634.79,84599.99,-34.79999999998836,KXBTCD-26OCT0214-T84599.99,1790962422416,1790963041814,58.186,0.7,0.42,-10.911399999999999,25.014499999999998,-25.014499999999998,25.014499999999998,-11.5972,0
2026-10-02,1790963100000,4,UP,84596.14,84599.99,3.8500000000058208,KXBTCD-26OCT0214-T84599.99,1790963309075,1790963990962,9.038,0.57,0.99,17.2924,25.247799999999998,11.998799999999997,25.0012,16.4077,1
2026-10-02,1790964000000,1,UP,84787.33,84799.99,12.660000000003492,KXBTCD-26OCT0215-T84799.99,1790964259091,1790964872821,27.179,0.59,0.61,-0.5706999999999993,25.4912,10.620900000000002,25.379099999999998,-1.3776,1
2026-10-02,1790964900000,2,DOWN,84862.65,84899.99,37.34000000001106,KXBTCD-26OCT0215-T84899.99,1790965082619,1790965757013,42.987,0.82,0.9,1.901000000000002,24.909999999999997,5.090000000000002,24.909999999999997,1.2980000000000016,1
2026-10-02,1790965800000,3,DOWN,84596.57,84599.99,3.4199999999982538,KXBTCD-26OCT0215-T84599.99,1790966037146,1790966661796,38.204,0.65,0.95,10.668399999999997,25.3052,7.8168,25.1832,9.632699999999996,1
2026-10-02,1790966700000,4,UP,83957.42,83999.99,42.570000000006985,KXBTCD-26OCT0215-T83999.99,1790966999891,1790967539930,60.07,0.58,0.99,16.8669,25.673299999999998,12.694799999999999,25.3052,15.611099999999999,1
2026-10-02,1790967600000,1,DOWN,84250.56,84299.99,49.43000000000757,KXBTCD-26OCT0216-T84299.99,1790967962039,1790968431041,68.959,0.6,0.79,6.625000000000003,25.2888,9.645500000000002,25.354499999999998,5.6533000000000015,1
2026-10-02,1790968500000,2,DOWN,84118.74,84099.99,-18.75,KXBTCD-26OCT0216-T84099.99,1790968707021,1790969395889,4.111,0.63,0.43,-9.1056,25.2064,-25.0012,25.0012,-9.874100000000002,0
2026-10-02,1790969400000,3,UP,84124.9,84099.99,-24.90999999998894,KXBTCD-26OCT0216-T84099.99,1790969792633,1790970268564,31.436,0.65,0.66,-0.8221999999999996,25.3052,11.998799999999997,25.0012,-1.5405000000000004,1
2026-10-02,1790970300000,4,UP,84153.27,84199.99,46.720000000001164,KXBTCD-26OCT0216-T84199.99,1790970609360,1790971157174,42.826,0.47,0.99,26.599000000000004,25.8342,11.6373,25.362700000000004,25.02,1
2026-10-02,1790971200000,1,UP,84282.63,84499.99,217.36000000000058,KXBTCD-26OCT0217-T84499.99,1790971433918,1790972046913,53.087,0.27,0.25,-4.316900000000002,26.109400000000004,10.971599999999999,25.0284,-5.9524000000000035,1
2026-10-02,1790972100000,2,UP,84364.16,84499.99,135.83000000000175,KXBTCD-26OCT0217-T84499.99,1790972587101,1790972988129,11.871,0.27,0.19,-9.6206,26.109400000000004,-25.1832,25.1832,-11.075600000000001,0
2026-10-02,1790973000000,3,UP,84340.96,84499.99,159.02999999999884,KXBTCD-26OCT0217-T84499.99,1790973192538,1790973881380,18.62,0.31,0.03,-23.760900000000003,25.9979,-24.909999999999997,24.909999999999997,-24.695199999999996,0
2026-10-02,1790974800000,1,UP,84445.85,84399.99,-45.86000000000058,KXBTCD-26OCT0218-T84399.99,1790975047388,1790975670053,29.947,0.67,0.66,-1.5239000000000003,25.362700000000004,10.971599999999999,25.0284,-2.201700000000001,1
2026-10-02,1790975700000,2,DOWN,84484.76,84499.99,15.230000000010477,KXBTCD-26OCT0218-T84499.99,1790976200780,1790976537732,62.268,0.56,0.69,4.302099999999995,25.399,14.933800000000002,25.0662,3.337199999999995,1
2026-10-02,1790976600000,3,UP,84426.38,84399.99,-26.389999999999418,KXBTCD-26OCT0218-T84399.99,1790976946186,1790977488344,11.656,0.69,0.87,5.655800000000002,25.379099999999998,10.620900000000002,25.379099999999998,4.7905000000000015,1
2026-10-02,1790977500000,4,UP,84503.88,84499.99,-3.889999999999418,KXBTCD-26OCT0218-T84499.99,1790977957692,1790978371281,28.719,0.59,0.98,15.611099999999999,25.4912,11.6373,25.362700000000004,14.397599999999999,1
2026-10-02,1790978400000,1,DOWN,84509.61,84499.99,-9.619999999995343,KXBTCD-26OCT0219-T84499.99,1790978705532,1790979246755,53.245,0.58,0.44,-7.494999999999997,25.673299999999998,-25.014499999999998,25.014499999999998,-8.151799999999998,0
2026-10-02,1790979300000,2,UP,84515.14,84499.99,-15.14999999999418,KXBTCD-26OCT0219-T84499.99,1790979776791,1790980177686,22.314,0.67,0.56,-5.2809,25.362700000000004,-25.639900000000004,25.639900000000004,-5.8521,0
2026-10-02,1790980200000,3,UP,84503.14,84499.99,-3.1499999999941792,KXBTCD-26OCT0219-T84499.99,1790980515646,1790981043574,56.426,0.7,0.49,-8.476799999999999,25.014499999999998,-25.362700000000004,25.362700000000004,-9.166099999999998,0
2026-10-02,1790981100000,4,UP,84498.49,84499.99,1.5,KXBTCD-26OCT0219-T84499.99,1790981317257,1790981979223,20.777,0.62,0.99,14.1125,25.4597,12.694799999999999,25.3052,12.959999999999999,1
2026-10-02,1790982000000,1,DOWN,84542.53,84499.99,-42.5399999999936,KXBTCD-26OCT0220-T84499.99,1790982319644,1790982854795,45.205,0.39,0.58,10.002799999999997,26.0258,8.1355,24.8645,8.434599999999994,1
2026-10-02,1790982900000,2,UP,84479.01,84499.99,20.980000000010477,KXBTCD-26OCT0220-T84499.99,1790983396818,1790983732619,67.381,0.46,0.66,9.0127,25.779,15.711200000000002,25.2888,7.771699999999998,1
2026-10-02,1790983800000,3,DOWN,84545.77,84499.99,-45.779999999998836,KXBTCD-26OCT0220-T84499.99,1790984009844,1790984691760,8.24,0.4,0.14,-17.6842,25.8416,6.9632,25.0368,-18.291100000000004,1
2026-10-02,1790984700000,4,DOWN,84543.92,84499.99,-43.929999999993015,KXBTCD-26OCT0220-T84499.99,1790985220033,1790985559210,40.79,0.05,0.03,-12.681000000000001,26.6625,9.0401,24.9599,-18.8532,1
2026-10-02,1790985600000,1,DOWN,84503.96,84499.99,-3.970000000001164,KXBTCD-26OCT0221-T84499.99,1790985828357,1790986447539,52.461,0.56,0.44,-6.798000000000003,25.399,10.971599999999999,25.0284,-7.495600000000003,1
2026-10-02,1790986500000,2,UP,84497.77,84499.99,2.220000000001164,KXBTCD-26OCT0221-T84499.99,1790986718195,1790987331671,68.329,0.62,0.65,-0.0966999999999989,25.4597,10.620900000000002,25.379099999999998,-0.8753999999999996,1
2026-10-02,1790987400000,3,UP,84544.05,84499.99,-44.05999999999767,KXBTCD-26OCT0221-T84499.99,1790987608233,1790988282941,17.059,0.85,0.97,3.162,24.9089,6.149899999999999,24.8501,2.5774999999999997,1
2026-10-02,1790988300000,4,UP,84610.46,84599.99,-10.470000000001164,KXBTCD-26OCT0221-T84599.99,1790988558280,1790989179184,20.816,0.71,0.99,9.2712,25.354499999999998,10.620900000000002,25.379099999999998,8.3134,1
2026-10-02,1790989200000,1,DOWN,84643.39,84599.99,-43.39999999999418,KXBTCD-26OCT0222-T84599.99,1790989445950,1790990066070,33.93,0.47,0.41,-5.0017,25.8342,7.8168,25.1832,-5.942200000000001,1
2026-10-02,1790990100000,2,DOWN,84634.23,84599.99,-34.23999999999069,KXBTCD-26OCT0222-T84599.99,1790990400618,1790990952721,47.279,0.41,0.46,0.9407000000000028,25.616,12.694799999999999,25.3052,-0.2582999999999984,1
2026-10-02,1790991000000,3,UP,84604.32,84599.99,-4.330000000001746,KXBTCD-26OCT0222-T84599.99,1790991232631,1790991853506,46.494,0.65,0.64,-1.5981000000000003,25.3052,10.971599999999999,25.0284,-2.2950000000000013,1
2026-10-02,1790991900000,4,DOWN,84621.6,84599.99,-21.610000000000582,KXBTCD-26OCT0222-T84599.99,1790992329102,1790992740932,59.068,0.32,0.0,-26.1481,26.1481,-24.8645,24.8645,-25.910800000000002,0
2026-10-02,1790992800000,1,DOWN,84631.56,84599.99,-31.569999999992433,KXBTCD-26OCT0223-T84599.99,1790993207661,1790993673413,26.587,0.49,0.45,-3.815799999999999,25.882199999999997,6.149899999999999,24.8501,-4.7374,1
2026-10-02,1790993700000,2,UP,84608.95,84599.99,-8.959999999991851,KXBTCD-26OCT0223-T84599.99,1790993948323,1790994564610,35.39,0.73,0.75,-0.2353999999999994,25.2891,5.3767999999999985,24.6232,-0.889,1
2026-10-02,1790994600000,3,UP,84642.18,84599.99,-42.189999999987776,KXBTCD-26OCT0223-T84599.99,1790995095792,1790995439415,60.585,0.85,0.9,1.0084000000000013,24.9089,14.933800000000002,25.0662,0.42670000000000086,1
2026-10-02,1790995500000,4,DOWN,84665.22,84699.99,34.770000000004075,KXBTCD-26OCT0223-T84699.99,1790995711632,1790996391731,8.269,0.94,0.99,1.1792000000000011,24.542699999999996,7.8168,25.1832,0.6578000000000007,1
2026-10-02,1790996400000,1,UP,84588.68,84599.99,11.310000000012224,KXBTCD-26OCT0300-T84599.99,1790996599537,1790997286437,13.563,0.53,0.19,-17.306,25.7296,-25.014499999999998,25.014499999999998,-17.835200000000004,0
2026-10-02,1790997300000,2,UP,84517.64,84499.99,-17.64999999999418,KXBTCD-26OCT0300-T84499.99,1790997486108,1790998161063,38.937,0.86,0.86,-0.489,25.1845,3.153,24.847,-1.0316000000000005,1
2026-10-02,1790998200000,3,UP,84578.63,84599.99,21.360000000000582,KXBTCD-26OCT0300-T84599.99,1790998438486,1790999053439,46.561,0.53,0.77,9.8777,25.7296,8.7109,25.2891,8.7327,1
2026-10-02,1790999100000,4,UP,84634.81,84599.99,-34.81999999999243,KXBTCD-26OCT0300-T84599.99,1790999458112,1790999989233,10.767,0.93,0.99,1.4233999999999984,24.2985,11.998799999999997,25.0012,0.9015999999999981,1
2026-10-03,1791000000000,1,UP,84681.46,84699.99,18.529999999998836,KXBTCD-26OCT0301-T84699.99,1791000197490,1791000884471,15.529,0.52,0.24,-14.8916,25.7987,-24.8645,24.8645,-15.502300000000002,0
2026-10-03,1791000900000,2,DOWN,84646.65,84599.99,-46.65999999998894,KXBTCD-26OCT0301-T84599.99,1791001083391,1791001770903,29.097,0.44,0.76,16.239,25.605900000000002,4.367100000000001,24.6329,14.8252,1
2026-10-03,1791001800000,3,UP,84520.59,84499.99,-20.59999999999127,KXBTCD-26OCT0301-T84499.99,1791002043914,1791002668114,31.886,0.81,0.86,0.9238999999999981,24.6232,8.1355,24.8645,0.32219999999999743,1
2026-10-03,1791002700000,4,UP,84539.71,84499.99,-39.720000000001164,KXBTCD-26OCT0301-T84499.99,1791002934872,1791003558195,41.805,0.97,0.99,0.4316000000000004,24.301,4.091100000000001,24.9089,-0.0686,1
2026-10-03,1791003600000,1,DOWN,84571.37,84599.99,28.620000000009895,KXBTCD-26OCT0302-T84599.99,1791003839727,1791004466344,33.656,0.73,0.69,-2.3382000000000014,25.2891,6.9632,25.0368,-2.927200000000002,1
2026-10-03,1791004500000,2,UP,84554.53,84599.99,45.4600000000064,KXBTCD-26OCT0302-T84599.99,1791004737592,1791005345973,54.027,0.4,0.59,9.688499999999998,25.8416,7.8168,25.1832,8.160799999999995,1
2026-10-03,1791005400000,3,UP,84612.03,84599.99,-12.039999999993597,KXBTCD-26OCT0302-T84599.99,1791005620935,1791006240132,59.868,0.74,0.78,0.4791000000000012,24.8645,10.620900000000002,25.379099999999998,-0.1823999999999994,1
2026-10-03,1791006300000,4,UP,84625.51,84599.99,-25.519999999989523,KXBTCD-26OCT0302-T84599.99,1791006517629,1791007137867,62.133,0.85,0.98,3.4713,24.9089,-25.014499999999998,25.014499999999998,2.8863999999999996,0
2026-10-03,1791007200000,1,UP,84621.88,84599.99,-21.889999999999418,KXBTCD-26OCT0303-T84599.99,1791007429319,1791008031259,68.741,0.73,0.62,-4.7699,25.2891,-24.7286,24.7286,-5.2841,0
2026-10-03,1791008100000,2,UP,84619.88,84599.99,-19.889999999999418,KXBTCD-26OCT0303-T84599.99,1791008298942,1791008951545,48.455,0.71,0.72,-0.6484999999999996,25.354499999999998,12.694799999999999,25.3052,-1.3100000000000003,1
2026-10-03,1791009000000,3,DOWN,84634.87,84599.99,-34.879999999990105,KXBTCD-26OCT0303-T84599.99,1791009355724,1791009886519,13.481,0.23,0.23,-2.6778,26.1789,-25.379099999999998,25.379099999999998,-4.657200000000002,0
2026-10-03,1791009900000,4,DOWN,84639.29,84599.99,-39.29999999998836,KXBTCD-26OCT0303-T84599.99,1791010161390,1791010785428,14.572,0.18,0.99,110.25840000000001,26.2659,11.6373,25.362700000000004,101.89890000000001,1
2026-10-03,1791010800000,1,UP,84559.59,84599.99,40.40000000000873,KXBTCD-26OCT0304-T84599.99,1791011119384,1791011664905,35.095,0.39,0.52,6.1358999999999995,26.0258,9.0401,24.9599,4.6937999999999995,1
2026-10-03,1791011700000,2,DOWN,84598.41,84599.99,1.5800000000017462,KXBTCD-26OCT0304-T84599.99,1791011947030,1791012568188,31.812,0.57,0.45,-6.642799999999998,25.247799999999998,-25.3052,25.3052,-7.494999999999997,0
2026-10-03,1791012600000,3,UP,84608.85,84599.99,-8.860000000000582,KXBTCD-26OCT0304-T84599.99,1791012828865,1791013490483,9.517,0.72,0.27,-16.249,24.9599,-25.3052,25.3052,-16.907099999999996,0
2026-10-03,1791013500000,4,UP,84570.13,84599.99,29.860000000000582,KXBTCD-26OCT0304-T84599.99,1791013697180,1791014349846,50.154,0.4,0.02,-24.6867,25.8416,9.0401,24.9599,-25.057599999999997,1
2026-10-03,1791014400000,1,UP,84571.61,84599.99,28.380000000004657,KXBTCD-26OCT0305-T84599.99,1791014624900,1791015290551,9.449,0.46,0.63,7.3598,25.779,11.998799999999997,25.0012,6.151699999999998,1
2026-10-03,1791015300000,2,DOWN,84630.53,84599.99,-30.539999999993597,KXBTCD-26OCT0305-T84599.99,1791015496355,1791016173218,26.782,0.45,0.47,-0.812000000000002,25.7029,11.998799999999997,25.0012,-1.8780000000000028,1
2026-10-03,1791016200000,3,DOWN,84599.07,84599.99,0.9199999999982538,KXBTCD-26OCT0305-T84599.99,1791016447568,1791017069193,30.807,0.65,0.33,-13.3534,25.3052,-24.8645,24.8645,-13.7248,0
2026-10-03,1791017100000,4,UP,84615.35,84599.99,-15.360000000000582,KXBTCD-26OCT0305-T84599.99,1791017400152,1791017999418,0.582,0.79,0.99,5.818399999999999,24.8501,-25.3052,25.3052,5.190199999999998,0
2026-10-03,1791018000000,1,UP,84614.3,84599.99,-14.309999999997672,KXBTCD-26OCT0306-T84599.99,1791018199388,1791018860318,39.682,0.6,0.72,3.6526000000000005,25.2888,9.0401,24.9599,2.757199999999999,1
2026-10-03,1791018900000,2,DOWN,84629.41,84599.99,-29.419999999998254,KXBTCD-26OCT0306-T84599.99,1791019136431,1791019731345,68.655,0.4,0.49,3.4537999999999984,25.8416,12.694799999999999,25.3052,2.1355999999999975,1
2026-10-03,1791019800000,3,DOWN,84585.68,84599.99,14.310000000012224,KXBTCD-26OCT0306-T84599.99,1791020137748,1791020667999,32.001,0.61,0.71,2.757199999999999,25.0662,9.985500000000002,25.014499999999998,1.9522999999999984,1
2026-10-03,1791020700000,4,UP,84578.45,84599.99,21.54000000000815,KXBTCD-26OCT0306-T84599.99,1791021207015,1791021541098,58.902,0.1,0.01,-24.248300000000004,26.575,19.470299999999998,25.529700000000002,-26.5257,1
2026-10-03,1791021600000,1,UP,84584.03,84599.99,15.960000000006403,KXBTCD-26OCT0307-T84599.99,1791021883264,1791022479374,20.626,0.45,0.36,-6.790000000000001,25.7029,-24.9599,24.9599,-7.7390000000000025,0
2026-10-03,1791022500000,2,DOWN,84575.05,84599.99,24.94000000000233,KXBTCD-26OCT0307-T84599.99,1791022752739,1791023344421,55.579,0.68,0.5,-7.658400000000002,25.0284,-25.0012,25.0012,-8.368900000000004,0
2026-10-03,1791023400000,3,DOWN,84597.34,84599.99,2.650000000008731,KXBTCD-26OCT0307-T84599.99,1791023883898,1791024281454,18.546,0.52,0.53,-1.1956999999999995,25.7987,22.2013,25.7987,-2.1108000000000007,1
2026-10-03,1791024300000,4,UP,84596.4,84599.99,3.5900000000110595,KXBTCD-26OCT0307-T84599.99,1791024488058,1791025152346,47.654,0.63,0.99,13.376499999999998,25.2064,8.7109,25.2891,12.577399999999999,1
2026-10-03,1791025200000,1,DOWN,84626.79,84599.99,-26.79999999998836,KXBTCD-26OCT0308-T84599.99,1791025429146,1791026093817,6.183,0.37,0.36,-2.8439000000000005,25.8833,5.3767999999999985,24.6232,-4.057200000000002,1
2026-10-03,1791026100000,2,UP,84621.61,84599.99,-21.619999999995343,KXBTCD-26OCT0308-T84599.99,1791026298528,1791026957556,42.444,0.69,0.82,3.7688999999999995,25.379099999999998,9.985500000000002,25.014499999999998,2.9583999999999997,1
2026-10-03,1791027000000,3,UP,84634.39,84599.99,-34.39999999999418,KXBTCD-26OCT0308-T84599.99,1791027297942,1791027898126,1.874,0.88,0.95,1.6598999999999986,24.847,9.0401,24.9599,1.0974999999999981,1
2026-10-03,1791027900000,4,UP,84646.45,84599.99,-46.45999999999185,KXBTCD-26OCT0308-T84599.99,1791028103011,1791028764828,35.172,0.99,0.99,-0.0348,24.7674,3.4183000000000003,24.581699999999998,-0.5320000000000007,1
2026-10-03,1791028800000,1,UP,84656.19,84699.99,43.80000000000291,KXBTCD-26OCT0309-T84699.99,1791029042171,1791029632481,67.519,0.39,0.38,-2.7613000000000008,26.0258,6.149899999999999,24.8501,-3.913300000000002,1
2026-10-03,1791029700000,2,UP,84678.67,84699.99,21.320000000006985,KXBTCD-26OCT0309-T84699.99,1791029907289,1791030586587,13.413,0.72,0.9,5.425900000000002,24.9599,2.1987999999999994,24.8012,4.737800000000001,1
2026-10-03,1791030600000,3,UP,84847.04,84799.99,-47.04999999998836,KXBTCD-26OCT0309-T84799.99,1791030926315,1791031475015,24.985,0.71,0.52,-7.766099999999999,25.354499999999998,-25.0012,25.0012,-8.214699999999999,0
2026-10-03,1791031500000,4,UP,84802.16,84799.99,-2.1699999999982538,KXBTCD-26OCT0309-T84799.99,1791031741371,1791032332541,67.459,0.76,0.99,6.9292,24.7286,9.645500000000002,25.354499999999998,6.2791999999999994,1
2026-10-03,1791032400000,1,DOWN,84872.72,84899.99,27.270000000004075,KXBTCD-26OCT0310-T84899.99,1791032599295,1791033282756,17.244,0.7,0.68,-1.7476999999999965,25.014499999999998,11.998799999999997,25.0012,-2.446199999999997,1
2026-10-03,1791033300000,2,DOWN,84846.15,84799.99,-46.15999999998894,KXBTCD-26OCT0310-T84799.99,1791033489587,1791034170382,29.618,0.41,0.43,-0.845499999999999,25.616,6.655599999999999,25.3444,-2.0122,1
2026-10-03,1791034200000,3,UP,84803.91,84799.99,-3.9199999999982538,KXBTCD-26OCT0310-T84799.99,1791034443026,1791035054201,45.799,0.56,0.86,12.070099999999996,25.399,3.153,24.847,10.918399999999995,1
2026-10-03,1791035100000,4,UP,84838.01,84799.99,-38.01999999998952,KXBTCD-26OCT0310-T84799.99,1791035329714,1791035949381,50.619,0.86,0.99,3.5054000000000003,25.1845,11.998799999999997,25.0012,2.8198,1
2026-10-03,1791036000000,1,DOWN,84856.02,84899.99,43.970000000001164,KXBTCD-26OCT0311-T84899.99,1791036224698,1791036836426,63.574,0.8,0.85,0.9260999999999981,25.1472,3.4183000000000003,24.581699999999998,0.29449999999999754,1
2026-10-03,1791036900000,2,UP,84792.09,84799.99,7.900000000008731,KXBTCD-26OCT0311-T84799.99,1791037110365,1791037788149,11.851,0.55,0.6,0.7142999999999968,25.529700000000002,11.998799999999997,25.0012,-0.1841000000000037,1
2026-10-03,1791037800000,3,DOWN,84814.79,84799.99,-14.799999999988358,KXBTCD-26OCT0311-T84799.99,1791037994730,1791038678201,21.799,0.57,0.83,10.0174,25.247799999999998,6.149899999999999,24.8501,9.1424,1
2026-10-03,1791038700000,4,UP,84753.89,84799.99,46.10000000000582,KXBTCD-26OCT0311-T84799.99,1791038883499,1791039555254,44.746,0.41,0.99,33.7424,25.616,1.5304999999999986,24.469500000000004,31.952900000000003,1
2026-10-03,1791039600000,1,DOWN,84832.02,84799.99,-32.029999999998836,KXBTCD-26OCT0312-T84799.99,1791039832497,1791040450669,49.331,0.54,0.35,-10.272500000000003,25.639900000000004,3.8155000000000006,25.1845,-10.936600000000002,1
2026-10-03,1791040500000,2,UP,84829.17,84799.99,-29.179999999993015,KXBTCD-26OCT0312-T84799.99,1791040794389,1791041345850,54.15,0.66,0.76,2.646299999999999,25.0012,9.645500000000002,25.354499999999998,1.9015999999999988,1
2026-10-03,1791041400000,3,DOWN,84833.49,84799.99,-33.5,KXBTCD-26OCT0312-T84799.99,1791041622278,1791042235774,64.226,0.48,0.23,-14.553299999999998,25.8686,-24.909999999999997,24.909999999999997,-15.274900000000002,0
2026-10-03,1791042300000,4,UP,84834.47,84799.99,-34.479999999995925,KXBTCD-26OCT0312-T84799.99,1791042568689,1791043160749,39.251,0.92,0.99,1.7319999999999989,24.9792,11.6373,25.362700000000004,1.1457999999999982,1
2026-10-03,1791043200000,1,DOWN,84856.47,84899.99,43.520000000004075,KXBTCD-26OCT0313-T84899.99,1791043503346,1791044099967,0.033,0.7,0.8,2.5935000000000032,25.014499999999998,8.1355,24.8645,1.8890000000000025,1
2026-10-03,1791044100000,2,DOWN,84824.26,84799.99,-24.269999999989523,KXBTCD-26OCT0313-T84799.99,1791044306240,1791044975944,24.056,0.42,0.48,1.5030000000000001,25.786099999999998,11.998799999999997,25.0012,0.3133999999999988,1
2026-10-03,1791045000000,3,UP,84799.78,84799.99,0.21000000000640284,KXBTCD-26OCT0313-T84799.99,1791045183589,1791045871536,28.464,0.78,0.76,-1.4330000000000007,25.3444,9.0401,24.9599,-2.007000000000001,1
2026-10-03,1791045900000,4,UP,84824.82,84799.99,-24.830000000001746,KXBTCD-26OCT0313-T84799.99,1791046137898,1791046753852,46.148,0.93,0.99,1.4233999999999984,24.2985,9.985500000000002,25.014499999999998,0.9015999999999981,1
2026-10-03,1791046800000,1,UP,84856.61,84899.99,43.38000000000466,KXBTCD-26OCT0314-T84899.99,1791047225251,1791047692287,7.713,0.31,0.36,1.5117999999999994,25.9979,9.0401,24.9599,-0.09030000000000227,1
2026-10-03,1791047700000,2,UP,84873.43,84899.99,26.560000000012224,KXBTCD-26OCT0314-T84899.99,1791047896938,1791048583525,16.475,0.45,0.45,-1.9058,25.7029,4.803600000000001,25.196399999999997,-2.950400000000001,1
2026-10-03,1791048600000,3,DOWN,84893.66,84899.99,6.330000000001746,KXBTCD-26OCT0314-T84899.99,1791048848985,1791049466086,33.914,0.81,0.23,-18.095200000000002,24.6232,-24.9089,24.9089,-18.6704,0
2026-10-03,1791049500000,4,DOWN,84950.17,84999.99,49.820000000006985,KXBTCD-26OCT0314-T84999.99,1791049735036,1791050395516,4.484,0.94,0.99,1.1792000000000011,24.542699999999996,-25.2891,25.2891,0.6578000000000007,0
2026-10-03,1791050400000,1,UP,84996.59,84999.99,3.400000000008731,KXBTCD-26OCT0315-T84999.99,1791050800827,1791051263202,36.798,0.53,0.41,-7.255500000000003,25.7296,-25.3052,25.3052,-8.012700000000002,0
2026-10-03,1791051300000,2,DOWN,84981.12,84999.99,18.870000000009895,KXBTCD-26OCT0315-T84999.99,1791051541268,1791052134351,65.649,0.67,0.56,-5.2809,25.362700000000004,12.694799999999999,25.3052,-5.8521,1
2026-10-03,1791052200000,3,DOWN,84978.53,84999.99,21.460000000006403,KXBTCD-26OCT0315-T84999.99,1791052409756,1791053079707,20.293,0.79,0.91,3.1820999999999997,24.8501,9.0401,24.9599,2.557499999999999,1
2026-10-03,1791053100000,4,DOWN,84931.72,84899.99,-31.729999999995925,KXBTCD-26OCT0315-T84899.99,1791053487012,1791053970230,29.77,0.08,0.0,-26.567500000000003,26.567500000000003,-25.0284,25.0284,-26.5181,0
2026-10-03,1791054000000,1,DOWN,84934.77,84899.99,-34.779999999998836,KXBTCD-26OCT0316-T84899.99,1791054241398,1791054856616,43.384,0.65,0.64,-1.5981000000000003,25.3052,1.9953999999999992,25.0046,-2.2950000000000013,1
2026-10-03,1791054900000,2,DOWN,84856.01,84899.99,43.98000000001048,KXBTCD-26OCT0316-T84899.99,1791055132866,1791055747170,52.83,0.69,0.79,2.6428000000000034,25.379099999999998,11.6373,25.362700000000004,1.8650000000000024,1
2026-10-03,1791055800000,3,DOWN,84830.61,84799.99,-30.619999999995343,KXBTCD-26OCT0316-T84799.99,1791056022432,1791056638600,61.4,0.37,0.37,-2.1866,25.8833,7.2714,24.7286,-3.420400000000001,1
2026-10-03,1791056700000,4,DOWN,84798.53,84799.99,1.4600000000064028,KXBTCD-26OCT0316-T84799.99,1791056916183,1791057534740,65.26,0.79,0.0,-24.8501,24.8501,-25.3444,25.3444,-25.1472,0
2026-10-03,1791057600000,1,UP,84834.38,84749.99,-84.38999999999942,KXBTCD-26OCT0317-T84749.99,1791057815179,1791058434338,65.662,0.93,0.91,-0.7876000000000005,24.2985,4.091100000000001,24.9089,-1.3065000000000009,1
2026-10-03,1791058500000,2,UP,84873.32,84749.99,-123.33000000000175,KXBTCD-26OCT0317-T84749.99,1791058780709,1791059332957,67.043,0.94,0.96,0.34740000000000043,24.542699999999996,10.620900000000002,25.379099999999998,-0.173,1
2026-10-03,1791059400000,3,DOWN,84883.92,84999.99,116.07000000000698,KXBTCD-26OCT0317-T84999.99,1791059670764,1791060280310,19.69,0.94,0.98,0.901600000000001,24.542699999999996,10.971599999999999,25.0284,0.38050000000000045,1
2026-10-03,1791060300000,4,DOWN,84847.22,84749.99,-97.22999999999593,KXBTCD-26OCT0317-T84749.99,1791060555849,1791061151647,48.353,0.02,0.97,1183.2387,26.715,5.3767999999999985,24.6232,770.7538999999999,1
2026-10-03,1791061200000,1,DOWN,84739.29,84699.99,-39.29999999998836,KXBTCD-26OCT0318-T84699.99,1791061433892,1791062063900,36.1,0.38,0.48,4.292299999999998,25.772,10.620900000000002,25.379099999999998,2.938199999999997,1
2026-10-03,1791062100000,2,UP,84670.39,84699.99,29.60000000000582,KXBTCD-26OCT0318-T84699.99,1791062331372,1791062952853,47.147,0.62,0.45,-8.1527,25.4597,6.149899999999999,24.8501,-8.719100000000001,1
2026-10-03,1791063000000,3,UP,84694.41,84699.99,5.580000000001746,KXBTCD-26OCT0318-T84699.99,1791063232184,1791063847554,52.446,0.48,0.49,-1.2982999999999993,25.8686,-25.3052,25.3052,-2.2933000000000003,0
2026-10-03,1791063900000,4,UP,84689.46,84699.99,10.529999999998836,KXBTCD-26OCT0318-T84699.99,1791064114048,1791064773998,26.002,0.7,0.25,-16.723899999999997,25.014499999999998,9.985500000000002,25.014499999999998,-17.4014,1
2026-10-03,1791064800000,1,UP,84706.65,84699.99,-6.6599999999889405,KXBTCD-26OCT0319-T84699.99,1791064983447,1791065644079,55.921,0.5,0.81,14.086300000000003,25.875,11.6373,25.362700000000004,12.804,1
2026-10-03,1791065700000,2,DOWN,84776.27,84799.99,23.720000000001164,KXBTCD-26OCT0319-T84799.99,1791065985259,1791066581345,18.655,0.68,0.66,-1.8339000000000008,25.0284,12.694799999999999,25.3052,-2.5524000000000013,1
2026-10-03,1791066600000,3,UP,84761.62,84799.99,38.370000000009895,KXBTCD-26OCT0319-T84799.99,1791066918512,1791067446411,53.589,0.36,0.3,-6.267199999999999,25.9529,12.694799999999999,25.3052,-7.419000000000001,1
2026-10-03,1791067500000,4,UP,84780.82,84799.99,19.169999999998254,KXBTCD-26OCT0319-T84799.99,1791067785993,1791068372452,27.548,0.37,0.0,-25.8833,25.8833,-25.3052,25.3052,-25.772,0
2026-10-03,1791068400000,1,DOWN,84767.33,84799.99,32.66000000000349,KXBTCD-26OCT0320-T84799.99,1791068776090,1791069237789,62.211,0.68,0.74,1.1266999999999978,25.0284,8.1355,24.8645,0.4041999999999973,1
2026-10-03,1791069300000,2,UP,84755.73,84799.99,44.26000000000931,KXBTCD-26OCT0320-T84799.99,1791069709326,1791070176427,23.573,0.24,0.21,-5.6557,26.2879,-24.909999999999997,24.909999999999997,-7.432500000000002,0
2026-10-03,1791070200000,3,UP,84733.88,84699.99,-33.88999999999942,KXBTCD-26OCT0320-T84699.99,1791070448720,1791071050039,49.961,0.79,0.96,4.826499999999998,24.8501,6.9632,25.0368,4.199699999999996,1
2026-10-03,1791071100000,4,DOWN,84773.99,84799.99,26.0,KXBTCD-26OCT0320-T84799.99,1791071384373,1791071999493,0.507,0.87,0.99,3.1188000000000002,24.581699999999998,12.694799999999999,25.3052,2.5544999999999995,1
2026-10-03,1791072000000,1,UP,84746.01,84699.99,-46.01999999998952,KXBTCD-26OCT0321-T84699.99,1791072201232,1791072879245,20.755,0.83,0.88,0.9818000000000013,25.196399999999997,9.645500000000002,25.354499999999998,0.3675000000000008,1
2026-10-03,1791072900000,2,UP,84805.54,84799.99,-5.5499999999883585,KXBTCD-26OCT0321-T84799.99,1791073152997,1791073766181,33.819,0.61,0.5,-5.7661999999999995,25.0662,-25.0284,25.0284,-6.5595,0
2026-10-03,1791073800000,3,UP,84797.08,84799.99,2.9100000000034925,KXBTCD-26OCT0321-T84799.99,1791074035462,1791074630577,69.423,0.49,0.45,-3.815799999999999,25.882199999999997,-25.014499999999998,25.014499999999998,-4.7374,0
2026-10-03,1791074700000,4,UP,84790.67,84799.99,9.320000000006985,KXBTCD-26OCT0321-T84799.99,1791074971305,1791075564052,35.948,0.51,0.0,-25.8472,25.8472,-25.362700000000004,25.362700000000004,-25.7987,0
2026-10-03,1791075600000,1,DOWN,84776.72,84799.99,23.270000000004075,KXBTCD-26OCT0322-T84799.99,1791076099676,1791076487369,12.631,0.58,0.6,-0.5956999999999992,25.673299999999998,21.2704,25.7296,-1.4224,1
2026-10-03,1791076500000,2,DOWN,84768.08,84799.99,31.910000000003492,KXBTCD-26OCT0322-T84799.99,1791076690236,1791077368550,31.45,0.69,0.83,4.145300000000001,25.379099999999998,9.0401,24.9599,3.3238000000000003,1
2026-10-03,1791077400000,3,UP,84739.37,84699.99,-39.379999999990105,KXBTCD-26OCT0322-T84699.99,1791077707530,1791078252235,47.765,0.87,0.93,1.3307000000000015,24.581699999999998,5.3767999999999985,24.6232,0.768700000000001,1
2026-10-03,1791078300000,4,UP,84771.37,84799.99,28.620000000009895,KXBTCD-26OCT0322-T84799.99,1791078725146,1791079198157,1.843,0.15,0.0,-26.3816,26.3816,9.645500000000002,25.354499999999998,-26.4277,1
2026-10-03,1791079200000,1,UP,84793.43,84799.99,6.560000000012224,KXBTCD-26OCT0323-T84799.99,1791079404921,1791080094096,5.904,0.57,0.57,-1.4756,25.247799999999998,6.149899999999999,24.8501,-2.335000000000001,1
2026-10-03,1791080100000,2,UP,84817.37,84799.99,-17.379999999990105,KXBTCD-26OCT0323-T84799.99,1791080567251,1791080980368,19.632,0.7,0.61,-4.247399999999999,25.014499999999998,7.2714,24.7286,-4.9425,1
2026-10-03,1791081000000,3,UP,84822.76,84799.99,-22.769999999989523,KXBTCD-26OCT0323-T84799.99,1791081249182,1791081864998,35.002,0.8,0.44,-12.041900000000002,25.1472,-25.362700000000004,25.362700000000004,-12.238000000000001,0
2026-10-03,1791081900000,4,DOWN,84792.27,84799.99,7.720000000001164,KXBTCD-26OCT0323-T84799.99,1791082266585,1791082799678,0.322,0.67,0.99,11.241599999999998,25.362700000000004,-25.379099999999998,25.379099999999998,10.202199999999996,0
2026-10-03,1791082800000,1,UP,84793.71,84799.99,6.279999999998836,KXBTCD-26OCT0400-T84799.99,1791083275151,1791083674908,25.092,0.51,0.47,-3.6717000000000013,25.8472,24.125,25.875,-4.553400000000003,1
2026-10-03,1791083700000,2,UP,84796.66,84799.99,3.3300000000017462,KXBTCD-26OCT0400-T84799.99,1791084147823,1791084545726,54.274,0.56,0.4,-8.538200000000002,25.399,-24.8645,24.8645,-9.193900000000003,0
2026-10-03,1791084600000,3,UP,84787.45,84799.99,12.540000000008149,KXBTCD-26OCT0400-T84799.99,1791084821015,1791085434428,65.572,0.6,0.86,9.6256,25.2888,5.3767999999999985,24.6232,8.5768,1
2026-10-03,1791085500000,4,DOWN,84862.28,84899.99,37.7100000000064,KXBTCD-26OCT0400-T84899.99,1791085708755,1791086399023,0.977,0.91,0.99,1.986399999999999,24.724800000000002,11.998799999999997,25.0012,1.4436999999999984,1
2026-10-04,1791086400000,1,UP,84826.77,84799.99,-26.779999999998836,KXBTCD-26OCT0401-T84799.99,1791086610331,1791087233652,66.348,0.66,0.54,-5.664599999999999,25.0012,-25.379099999999998,25.379099999999998,-6.397900000000001,0
2026-10-04,1791087300000,2,UP,84804.99,84799.99,-5.0,KXBTCD-26OCT0401-T84799.99,1791087779649,1791088180974,19.026,0.63,0.63,-1.2728,25.2064,12.694799999999999,25.3052,-2.052200000000001,1
2026-10-04,1791088200000,3,DOWN,84811.96,84799.99,-11.970000000001164,KXBTCD-26OCT0401-T84799.99,1791088687878,1791089086129,13.871,0.31,0.25,-7.047899999999999,25.9979,15.711200000000002,25.2888,-8.424100000000001,1
2026-10-04,1791089100000,4,DOWN,84810.05,84799.99,-10.059999999997672,KXBTCD-26OCT0401-T84799.99,1791089621315,1791089951445,48.555,0.22,0.01,-25.165799999999997,26.217399999999998,19.470299999999998,25.529700000000002,-26.1789,1
2026-10-04,1791090000000,1,UP,84809.33,84799.99,-9.339999999996508,KXBTCD-26OCT0402-T84799.99,1791090227041,1791090890768,9.232,0.66,0.72,1.116599999999998,25.0012,6.9632,25.0368,0.37399999999999733,1
2026-10-04,1791090900000,2,UP,84823.05,84799.99,-23.05999999999767,KXBTCD-26OCT0402-T84799.99,1791091164359,1791091758122,41.878,0.82,0.87,0.9524000000000012,24.909999999999997,2.8880999999999997,25.111900000000002,0.3507000000000008,1
2026-10-04,1791091800000,3,UP,84847.51,84799.99,-47.51999999998952,KXBTCD-26OCT0402-T84799.99,1791092035144,1791092699879,0.121,0.9,0.97,1.664899999999999,24.470100000000002,7.8168,25.1832,1.1225999999999983,1
2026-10-04,1791092700000,4,DOWN,84904.15,84899.99,-4.1599999999889405,KXBTCD-26OCT0402-T84899.99,1791092905126,1791093567521,32.479,0.57,0.29,-13.397599999999999,25.247799999999998,9.645500000000002,25.354499999999998,-14.2402,1
2026-10-04,1791093600000,1,UP,84899.44,84899.99,0.5500000000029104,KXBTCD-26OCT0403-T84899.99,1791093867387,1791094462820,37.18,0.49,0.52,-0.25329999999999864,25.882199999999997,11.998799999999997,25.0012,-1.2496999999999996,1
2026-10-04,1791094500000,2,UP,84903.57,84899.99,-3.5800000000017462,KXBTCD-26OCT0403-T84899.99,1791094739259,1791095358533,41.467,0.62,0.37,-11.3124,25.4597,-25.0284,25.0284,-11.7954,0
2026-10-04,1791095400000,3,UP,84900.41,84899.99,-0.41999999999825377,KXBTCD-26OCT0403-T84899.99,1791095638627,1791096261847,38.153,0.85,0.81,-1.731399999999998,24.9089,2.8880999999999997,25.111900000000002,-2.3092999999999986,1
2026-10-04,1791096300000,4,UP,84952.51,84999.99,47.48000000001048,KXBTCD-26OCT0403-T84999.99,1791096530045,1791097143279,56.721,0.37,0.9,33.994600000000005,25.8833,6.149899999999999,24.8501,31.632499999999997,1
2026-10-04,1791097200000,1,DOWN,85019.96,84999.99,-19.970000000001164,KXBTCD-26OCT0404-T84999.99,1791097619317,1791098039149,60.851,0.46,0.57,4.074499999999996,25.779,10.971599999999999,25.0284,2.931599999999995,1
2026-10-04,1791098100000,2,DOWN,84983.89,84999.99,16.10000000000582,KXBTCD-26OCT0404-T84999.99,1791098314190,1791098934832,65.168,0.77,0.67,-4.092099999999999,25.0368,2.4788999999999994,24.5211,-4.7271,1
2026-10-04,1791099000000,3,DOWN,84967.14,84999.99,32.85000000000582,KXBTCD-26OCT0404-T84999.99,1791099203146,1791099893488,6.512,0.87,0.77,-3.368899999999999,24.581699999999998,4.091100000000001,24.9089,-3.9246,1
2026-10-04,1791099900000,4,UP,84959.41,84999.99,40.580000000001746,KXBTCD-26OCT0404-T84999.99,1791100102741,1791100786391,13.609,0.37,0.99,40.4002,25.8833,3.4183000000000003,24.581699999999998,37.8388,1
2026-10-04,1791100800000,1,UP,85086.47,85099.99,13.520000000004075,KXBTCD-26OCT0405-T85099.99,1791101063319,1791101691202,8.798,0.53,0.6,1.6807999999999979,25.7296,10.971599999999999,25.0284,0.7210999999999971,1
2026-10-04,1791101700000,2,DOWN,85142.88,85099.99,-42.88999999999942,KXBTCD-26OCT0405-T85099.99,1791101966192,1791102585120,14.88,0.37,0.2,-13.233699999999999,25.8833,-25.2891,25.2891,-14.122300000000001,0
2026-10-04,1791102600000,3,DOWN,85156.97,85199.99,43.020000000004075,KXBTCD-26OCT0405-T85199.99,1791102784238,1791103461553,38.447,0.88,0.96,1.957699999999999,24.847,2.1987999999999994,24.8012,1.3949999999999985,1
2026-10-04,1791103500000,4,UP,85066.29,85099.99,33.70000000001164,KXBTCD-26OCT0405-T85099.99,1791103736204,1791104356991,43.009,0.57,0.01,-24.8476,25.247799999999998,7.2714,24.7286,-25.673299999999998,1
2026-10-04,1791104400000,1,DOWN,85094.19,85099.99,5.80000000000291,KXBTCD-26OCT0406-T85099.99,1791104639418,1791105260440,39.56,0.66,0.38,-11.551500000000003,25.0012,-24.909999999999997,24.909999999999997,-12.2765,0
2026-10-04,1791105300000,2,UP,85121.78,85099.99,-21.789999999993597,KXBTCD-26OCT0406-T85099.99,1791105537215,1791106141489,58.511,0.7,0.92,7.005100000000003,25.014499999999998,8.7109,25.2891,6.294800000000002,1
2026-10-04,1791106200000,3,DOWN,85260.53,85299.99,39.4600000000064,KXBTCD-26OCT0406-T85299.99,1791106416439,1791107089036,10.964,0.76,0.79,0.1797000000000008,24.7286,-25.2891,25.2891,-0.4611999999999997,0
2026-10-04,1791107100000,4,UP,85267.49,85299.99,32.5,KXBTCD-26OCT0406-T85299.99,1791107288128,1791107977703,22.297,0.44,0.0,-25.605900000000002,25.605900000000002,-25.2891,25.2891,-25.7029,0
2026-10-04,1791108000000,1,UP,85224.2,85199.99,-24.20999999999185,KXBTCD-26OCT0407-T85199.99,1791108245203,1791108840219,59.781,0.73,0.57,-6.4925000000000015,25.2891,6.149899999999999,24.8501,-6.953700000000001,1
2026-10-04,1791108900000,2,UP,85232.28,85199.99,-32.2899999999936,KXBTCD-26OCT0407-T85199.99,1791109116524,1791109732246,67.754,0.82,0.93,2.853200000000003,24.909999999999997,2.529899999999999,24.470100000000002,2.2490000000000028,1
2026-10-04,1791109800000,3,DOWN,85398.04,85399.99,1.9500000000116415,KXBTCD-26OCT0407-T85399.99,1791110010437,1791110688780,11.22,0.73,0.89,4.737800000000001,25.2891,9.645500000000002,25.354499999999998,3.9315000000000007,1
2026-10-04,1791110700000,4,DOWN,85330.13,85299.99,-30.139999999999418,KXBTCD-26OCT0407-T85299.99,1791111228077,1791111577635,22.365,0.23,0.99,80.6662,26.1789,14.933800000000002,25.0662,75.48939999999999,1
2026-10-04,1791111600000,1,DOWN,85265.68,85299.99,34.310000000012224,KXBTCD-26OCT0408-T85299.99,1791111841715,1791112465687,34.313,0.72,0.65,-3.401399999999998,24.9599,5.090000000000002,24.909999999999997,-4.077499999999999,1
2026-10-04,1791112500000,2,UP,85251.91,85299.99,48.080000000001746,KXBTCD-26OCT0408-T85299.99,1791112732955,1791113351195,48.805,0.38,0.53,7.544500000000001,25.772,10.971599999999999,25.0284,6.1358999999999995,1
2026-10-04,1791113400000,3,DOWN,85305.87,85299.99,-5.879999999990105,KXBTCD-26OCT0408-T85299.99,1791113692864,1791114244040,55.96,0.45,0.78,16.536400000000004,25.7029,12.694799999999999,25.3052,15.131499999999999,1
2026-10-04,1791114300000,4,UP,85263.95,85299.99,36.04000000000815,KXBTCD-26OCT0408-T85299.99,1791114645423,1791115192503,7.497,0.27,0.39,8.238499999999998,26.109400000000004,9.985500000000002,25.014499999999998,6.176199999999998,1
2026-10-04,1791115200000,1,UP,85300.7,85299.99,-0.7099999999918509,KXBTCD-26OCT0409-T85299.99,1791115398227,1791116081599,18.401,0.64,0.37,-11.7954,25.589000000000002,-25.354499999999998,25.354499999999998,-12.238100000000001,0
2026-10-04,1791116100000,2,DOWN,85248.8,85199.99,-48.80999999999767,KXBTCD-26OCT0409-T85199.99,1791116357879,1791116978405,21.595,0.24,0.22,-4.6572,26.2879,-25.3052,25.3052,-6.473800000000001,0
2026-10-04,1791117000000,3,DOWN,85265.05,85299.99,34.94000000000233,KXBTCD-26OCT0409-T85299.99,1791117372737,1791117834795,65.205,0.73,0.91,5.4559000000000015,25.2891,10.971599999999999,25.0284,4.627600000000001,1
2026-10-04,1791117900000,4,DOWN,85203.41,85199.99,-3.4199999999982538,KXBTCD-26OCT0409-T85199.99,1791118109905,1791118793182,6.818,0.72,0.99,8.676499999999999,24.9599,5.8527999999999984,25.1472,7.9842,1
2026-10-04,1791118800000,1,UP,85125.56,85099.99,-25.569999999992433,KXBTCD-26OCT0410-T85099.99,1791119194464,1791119674608,25.392,0.64,0.74,2.745699999999999,25.589000000000002,9.645500000000002,25.354499999999998,1.9104999999999983,1
2026-10-04,1791119700000,2,UP,85153.13,85199.99,46.86000000000058,KXBTCD-26OCT0410-T85199.99,1791119882550,1791120556143,43.857,0.43,0.57,6.129599999999998,25.935200000000002,9.985500000000002,25.014499999999998,4.788199999999998,1
2026-10-04,1791120600000,3,UP,85211.39,85199.99,-11.39999999999418,KXBTCD-26OCT0410-T85199.99,1791120831655,1791121445317,54.683,0.72,0.58,-5.8197,24.9599,7.8168,25.1832,-6.4925000000000015,1
2026-10-04,1791121500000,4,UP,85221.14,85199.99,-21.14999999999418,KXBTCD-26OCT0410-T85199.99,1791121719631,1791122332112,67.888,0.9,0.99,2.241099999999999,24.470100000000002,5.090000000000002,24.909999999999997,1.6980999999999988,1
2026-10-04,1791122400000,1,DOWN,85235.33,85199.99,-35.33999999999651,KXBTCD-26OCT0411-T85199.99,1791122794351,1791123255686,44.314,0.37,0.47,4.438399999999998,25.8833,11.6373,25.362700000000004,2.9976999999999974,1
2026-10-04,1791123300000,2,DOWN,85199.51,85199.99,0.4800000000104774,KXBTCD-26OCT0411-T85199.99,1791123526300,1791124138145,61.855,0.59,0.57,-2.2718000000000007,25.4912,9.0401,24.9599,-3.0360000000000014,1
2026-10-04,1791124200000,3,DOWN,85169.62,85199.99,30.370000000009895,KXBTCD-26OCT0411-T85199.99,1791124598575,1791125068027,31.973,0.58,0.88,11.848800000000002,25.673299999999998,5.090000000000002,24.909999999999997,10.716200000000002,1
2026-10-04,1791125100000,4,DOWN,85125.9,85099.99,-25.90999999998894,KXBTCD-26OCT0411-T85099.99,1791125340060,1791125958871,41.129,0.43,0.0,-25.935200000000002,25.935200000000002,-24.8645,24.8645,-25.605900000000002,0
2026-10-04,1791126000000,1,UP,85266.07,85299.99,33.919999999998254,KXBTCD-26OCT0412-T85299.99,1791126236987,1791126850618,49.382,0.5,0.57,1.7670999999999975,25.875,8.7109,25.2891,0.7475999999999967,1
2026-10-04,1791126900000,2,UP,85320.6,85299.99,-20.610000000000582,KXBTCD-26OCT0412-T85299.99,1791127124940,1791127740684,59.316,0.66,0.6,-3.422800000000002,25.0012,-25.014499999999998,25.014499999999998,-4.159300000000003,0
2026-10-04,1791127800000,3,DOWN,85315.71,85299.99,-15.720000000001164,KXBTCD-26OCT0412-T85299.99,1791128016228,1791128679139,20.861,0.54,0.29,-12.962900000000001,25.639900000000004,-25.3052,25.3052,-13.564800000000004,0
2026-10-04,1791128700000,4,UP,85329.37,85299.99,-29.379999999990105,KXBTCD-26OCT0412-T85299.99,1791128947353,1791129534099,65.901,0.93,0.54,-10.7106,24.2985,-25.379099999999998,25.379099999999998,-11.2161,0
2026-10-04,1791129600000,1,DOWN,85275.02,85299.99,24.970000000001164,KXBTCD-26OCT0413-T85299.99,1791129805399,1791130484845,15.155,0.69,0.59,-4.7486999999999995,25.379099999999998,3.4183000000000003,24.581699999999998,-5.3114,1
2026-10-04,1791130500000,2,DOWN,85269.54,85299.99,30.45000000001164,KXBTCD-26OCT0413-T85299.99,1791130877326,1791131337717,62.283,0.62,0.75,4.0153,25.4597,10.971599999999999,25.0284,3.128299999999999,1
2026-10-04,1791131400000,3,UP,85233.37,85199.99,-33.379999999990105,KXBTCD-26OCT0413-T85199.99,1791131609151,1791132267079,32.921,0.86,0.97,2.8863999999999996,25.1845,7.2714,24.7286,2.2229999999999994,1
2026-10-04,1791132300000,4,UP,85331.76,85299.99,-31.769999999989523,KXBTCD-26OCT0413-T85299.99,1791132537206,1791133146649,53.351,0.79,0.99,5.818399999999999,24.8501,4.091100000000001,24.9089,5.190199999999998,1
2026-10-04,1791133200000,1,UP,85358.37,85399.99,41.620000000009895,KXBTCD-26OCT0414-T85399.99,1791133415735,1791134098171,1.829,0.36,0.2,-12.925699999999999,25.9529,-25.379099999999998,25.379099999999998,-13.875099999999998,0
2026-10-04,1791134100000,2,UP,85308.62,85299.99,-8.629999999990105,KXBTCD-26OCT0414-T85299.99,1791134429147,1791134952220,47.78,0.65,0.78,3.8783000000000003,25.3052,12.694799999999999,25.3052,3.0300999999999996,1
2026-10-04,1791135000000,3,DOWN,85370.31,85399.99,29.680000000007567,KXBTCD-26OCT0414-T85399.99,1791135291282,1791135894048,5.952,0.75,0.63,-4.9317,25.1832,-25.3052,25.3052,-5.4164,0
2026-10-04,1791135900000,4,DOWN,85385.92,85399.99,14.070000000006985,KXBTCD-26OCT0414-T85399.99,1791136298188,1791136779240,20.76,0.69,0.99,10.2359,25.379099999999998,8.1355,24.8645,9.237400000000001,1
2026-10-04,1791136800000,1,UP,85307.54,85299.99,-7.5499999999883585,KXBTCD-26OCT0415-T85299.99,1791137056845,1791137677075,22.925,0.61,0.55,-3.7591999999999977,25.0662,-25.379099999999998,25.379099999999998,-4.555299999999998,0
2026-10-04,1791137700000,2,UP,85305.92,85299.99,-5.929999999993015,KXBTCD-26OCT0415-T85299.99,1791137947927,1791138544138,55.862,0.63,0.6,-2.4616000000000007,25.2064,11.6373,25.362700000000004,-3.2394000000000016,1
2026-10-04,1791138600000,3,UP,85312.09,85299.99,-12.099999999991269,KXBTCD-26OCT0415-T85299.99,1791138946914,1791139480053,19.947,0.64,0.78,4.362500000000002,25.589000000000002,11.6373,25.362700000000004,3.4837,1
2026-10-04,1791139500000,4,DOWN,85335.57,85299.99,-35.580000000001746,KXBTCD-26OCT0415-T85299.99,1791139687188,1791140350090,49.91,0.12,0.0,-26.497600000000002,26.497600000000002,10.971599999999999,25.0284,-26.4801,1
2026-10-04,1791140400000,1,UP,85327.74,85299.99,-27.75,KXBTCD-26OCT0416-T85299.99,1791140624695,1791141241668,58.332,0.71,0.82,2.9837999999999996,25.354499999999998,8.1355,24.8645,2.213799999999999,1
2026-10-04,1791141300000,2,UP,85371.53,85399.99,28.460000000006403,KXBTCD-26OCT0416-T85399.99,1791141650036,1791142193765,6.235,0.37,0.64,15.9161,25.8833,12.694799999999999,25.3052,14.1173,1
2026-10-04,1791142200000,3,UP,85447.0,85399.99,-47.00999999999476,KXBTCD-26OCT0416-T85399.99,1791142401615,1791143096907,3.093,0.75,0.69,-2.9074000000000018,25.1832,-24.909999999999997,24.909999999999997,-3.456100000000002,0
2026-10-04,1791143100000,4,UP,85417.94,85399.99,-17.94999999999709,KXBTCD-26OCT0416-T85399.99,1791143364415,1791143962508,37.492,0.78,0.98,5.971599999999999,25.3444,-25.379099999999998,25.379099999999998,5.156699999999998,0
2026-10-04,1791144000000,1,DOWN,85414.8,85499.99,85.19000000000233,KXBTCD-26OCT0417-T85499.99,1791144306867,1791144835069,64.931,0.71,0.75,0.4361000000000013,25.354499999999998,-25.3052,25.3052,-0.2578999999999994,0
2026-10-04,1791144900000,2,UP,85415.86,85499.99,84.13000000000466,KXBTCD-26OCT0417-T85499.99,1791145109740,1791145799404,0.596,0.36,0.3,-6.267199999999999,25.9529,6.149899999999999,24.8501,-7.419000000000001,1
2026-10-04,1791145800000,3,UP,85452.46,85499.99,47.529999999998836,KXBTCD-26OCT0417-T85499.99,1791145998211,1791146679647,20.353,0.27,0.91,57.0831,26.109400000000004,6.149899999999999,24.8501,53.3633,1
2026-10-04,1791146700000,4,UP,85742.33,85749.99,7.6600000000034925,KXBTCD-26OCT0417-T85749.99,1791146886888,1791147568956,31.044,0.73,0.99,8.3473,25.2891,8.7109,25.2891,7.4302,1
2026-10-04,1791147600000,1,UP,85817.53,85799.99,-17.539999999993597,KXBTCD-26OCT0418-T85799.99,1791147905480,1791148449591,50.409,0.52,0.72,8.083899999999998,25.7987,11.998799999999997,25.0012,6.962899999999997,1
2026-10-04,1791148500000,2,DOWN,86008.37,85999.99,-8.379999999990105,KXBTCD-26OCT0418-T85999.99,1791148788366,1791149399052,0.948,0.55,0.83,11.375799999999996,25.529700000000002,6.149899999999999,24.8501,10.226299999999995,1
2026-10-04,1791149400000,3,UP,85812.33,85799.99,-12.339999999996508,KXBTCD-26OCT0418-T85799.99,1791149672683,1791150278105,21.895,0.64,0.91,9.677400000000002,25.589000000000002,12.694799999999999,25.3052,8.6554,1
2026-10-04,1791150300000,4,DOWN,85964.27,85999.99,35.720000000001164,KXBTCD-26OCT0418-T85999.99,1791150553563,1791151168657,31.343,0.55,0.99,18.9891,25.529700000000002,9.985500000000002,25.014499999999998,17.660599999999995,1
2026-10-04,1791151200000,1,UP,85831.75,85799.99,-31.75999999999476,KXBTCD-26OCT0419-T85799.99,1791151443921,1791152062895,37.105,0.74,0.93,5.675100000000002,24.8645,3.4183000000000003,24.581699999999998,5.006700000000001,1
2026-10-04,1791152100000,2,UP,86315.92,86299.99,-15.929999999993015,KXBTCD-26OCT0419-T86299.99,1791152331729,1791152954240,45.76,0.79,0.47,-10.8207,24.8501,-25.111900000000002,25.111900000000002,-11.426300000000003,0
2026-10-04,1791153000000,3,UP,86266.78,86299.99,33.2100000000064,KXBTCD-26OCT0419-T86299.99,1791153234617,1791153854038,45.962,0.56,0.72,5.659999999999997,25.399,10.620900000000002,25.379099999999998,4.662399999999996,1
2026-10-04,1791153900000,4,DOWN,86382.01,86399.99,17.980000000010477,KXBTCD-26OCT0419-T86399.99,1791154130908,1791154754583,45.417,0.7,0.66,-2.464299999999997,25.014499999999998,-25.3052,25.3052,-3.161899999999998,0
2026-10-04,1791154800000,1,UP,86404.71,86399.99,-4.720000000001164,KXBTCD-26OCT0420-T86399.99,1791155096606,1791155642654,57.346,0.54,0.74,7.780499999999998,25.639900000000004,11.6373,25.362700000000004,6.699399999999998,1
2026-10-04,1791155700000,2,UP,86577.85,86599.99,22.139999999999418,KXBTCD-26OCT0420-T86599.99,1791156238983,1791156575961,24.039,0.48,0.6,4.457800000000001,25.8686,14.540299999999998,25.4597,3.344199999999999,1
2026-10-04,1791156600000,3,DOWN,86697.4,86699.99,2.5900000000110595,KXBTCD-26OCT0420-T86699.99,1791156849014,1791157445118,54.882,0.74,0.93,5.675100000000002,24.8645,9.0401,24.9599,5.006700000000001,1
2026-10-04,1791157500000,4,UP,86485.78,86499.99,14.210000000006403,KXBTCD-26OCT0420-T86499.99,1791157853252,1791158338213,61.787,0.56,0.03,-24.1687,25.399,11.998799999999997,25.0012,-24.446800000000003,1
2026-10-04,1791158400000,1,DOWN,86505.93,86499.99,-5.939999999987776,KXBTCD-26OCT0421-T86499.99,1791158614429,1791159236947,63.053,0.64,0.7,1.1376999999999975,25.589000000000002,6.655599999999999,25.3444,0.3457999999999972,1
2026-10-04,1791159300000,2,UP,86344.42,86299.99,-44.429999999993015,KXBTCD-26OCT0421-T86299.99,1791159513542,1791160191521,8.479,0.77,0.47,-10.554800000000002,25.0368,-25.0284,25.0284,-11.180900000000001,0
2026-10-04,1791160200000,3,UP,86262.95,86299.99,37.04000000000815,KXBTCD-26OCT0421-T86299.99,1791160588534,1791161069750,30.25,0.5,0.95,21.458699999999997,25.875,9.985500000000002,25.014499999999998,20.019299999999998,1
2026-10-04,1791161100000,4,UP,86587.36,86599.99,12.630000000004657,KXBTCD-26OCT0421-T86599.99,1791161475379,1791161951312,48.688,0.47,0.99,26.599000000000004,25.8342,8.7109,25.2891,25.02,1
2026-10-04,1791162000000,1,DOWN,86659.29,86699.99,40.70000000001164,KXBTCD-26OCT0422-T86699.99,1791162231318,1791162852427,47.573,0.8,0.65,-5.4909,25.1472,-24.6329,24.6329,-5.907100000000002,0
2026-10-04,1791162900000,2,UP,86664.33,86699.99,35.66000000000349,KXBTCD-26OCT0422-T86699.99,1791163131500,1791163737691,62.309,0.58,0.75,6.0123000000000015,25.673299999999998,8.7109,25.2891,5.023100000000001,1
2026-10-04,1791163800000,3,DOWN,86947.11,86899.99,-47.11999999999534,KXBTCD-26OCT0422-T86899.99,1791164012860,1791164695079,4.921,0.83,0.92,2.2490000000000028,25.196399999999997,4.803600000000001,25.196399999999997,1.590800000000002,1
2026-10-04,1791164700000,4,DOWN,86711.67,86699.99,-11.679999999993015,KXBTCD-26OCT0422-T86699.99,1791165035164,1791165580095,19.905,0.49,0.99,24.572400000000002,25.882199999999997,6.9632,25.0368,23.0564,1
2026-10-04,1791165600000,1,UP,86601.75,86599.99,-1.7599999999947613,KXBTCD-26OCT0423-T86599.99,1791165854761,1791166467100,32.9,0.57,0.68,3.3372000000000037,25.247799999999998,9.985500000000002,25.014499999999998,2.471100000000004,1
2026-10-04,1791166500000,2,DOWN,86672.54,86699.99,27.45000000001164,KXBTCD-26OCT0423-T86699.99,1791166741717,1791167357956,42.044,0.7,0.81,2.9584000000000032,25.014499999999998,6.9632,25.0368,2.253500000000003,1
2026-10-04,1791167400000,3,DOWN,86516.66,86499.99,-16.669999999998254,KXBTCD-26OCT0423-T86499.99,1791167635012,1791168253114,46.886,0.61,0.13,-20.1829,25.0662,-25.379099999999998,25.379099999999998,-20.9554,0
2026-10-04,1791168300000,4,DOWN,86660.91,86699.99,39.080000000001746,KXBTCD-26OCT0423-T86699.99,1791168533662,1791169149208,50.792,0.88,0.99,2.8535,24.847,7.2714,24.7286,2.289599999999999,1
2026-10-04,1791169200000,1,DOWN,86505.49,86499.99,-5.5,KXBTCD-26OCT0500-T86499.99,1791169489221,1791170043639,56.361,0.49,0.54,0.7710000000000026,25.882199999999997,10.971599999999999,25.0284,-0.24689999999999868,1
2026-10-04,1791170100000,2,DOWN,86486.54,86499.99,13.450000000011642,KXBTCD-26OCT0500-T86499.99,1791170315400,1791170935217,64.783,0.63,0.61,-2.065900000000001,25.2064,7.8168,25.1832,-2.8442000000000016,1
2026-10-04,1791171000000,3,DOWN,86433.24,86399.99,-33.25,KXBTCD-26OCT0500-T86399.99,1791171204684,1791171832973,67.027,0.57,0.8,8.670600000000004,25.247799999999998,6.655599999999999,25.3444,7.7973000000000035,1
2026-10-04,1791171900000,4,UP,86243.85,86199.99,-43.86000000000058,KXBTCD-26OCT0500-T86199.99,1791172109872,1791172789771,10.229,0.87,0.0,-24.581699999999998,24.581699999999998,-25.0284,25.0284,-24.847,0
2026-10-05,1791172800000,1,UP,86045.36,85999.99,-45.36999999999534,KXBTCD-26OCT0501-T85999.99,1791173199069,1791173685014,14.986,0.63,0.42,-9.491500000000002,25.2064,-25.014499999999998,25.014499999999998,-10.2594,0
2026-10-05,1791173700000,2,DOWN,85946.09,85899.99,-46.09999999999127,KXBTCD-26OCT0501-T85899.99,1791173885738,1791174571977,28.023,0.52,0.72,8.083899999999998,25.7987,6.149899999999999,24.8501,6.962899999999997,1
2026-10-05,1791174600000,3,DOWN,85755.53,85799.99,44.4600000000064,KXBTCD-26OCT0501-T85799.99,1791174847883,1791175463731,36.269,0.81,0.9,2.1877999999999993,24.6232,4.803600000000001,25.196399999999997,1.5843999999999987,1
2026-10-05,1791175500000,4,UP,85573.46,85599.99,26.529999999998836,KXBTCD-26OCT0501-T85599.99,1791175739364,1791176367737,32.263,0.58,0.0,-25.673299999999998,25.673299999999998,-25.354499999999998,25.354499999999998,-25.4912,0
2026-10-05,1791176400000,1,DOWN,85503.02,85499.99,-3.029999999998836,KXBTCD-26OCT0502-T85499.99,1791176638984,1791177234884,65.116,0.55,0.43,-6.951800000000002,25.529700000000002,11.998799999999997,25.0012,-7.669300000000003,1
2026-10-05,1791177300000,2,DOWN,85489.06,85499.99,10.930000000007567,KXBTCD-26OCT0502-T85499.99,1791177513562,1791178138340,61.66,0.61,0.51,-5.365999999999999,25.0662,-24.7286,24.7286,-6.1597,0
2026-10-05,1791178200000,3,UP,85501.39,85499.99,-1.3999999999941792,KXBTCD-26OCT0502-T85499.99,1791178407501,1791179076313,23.687,0.51,0.92,18.9803,25.8472,12.694799999999999,25.3052,17.606099999999998,1
2026-10-05,1791179100000,4,DOWN,85720.37,85699.99,-20.379999999990105,KXBTCD-26OCT0502-T85699.99,1791179617133,1791179950543,49.457,0.41,0.06,-22.252899999999997,25.616,-25.589000000000002,25.589000000000002,-23.0323,0
2026-10-05,1791180000000,1,UP,85724.84,85699.99,-24.84999999999127,KXBTCD-26OCT0503-T85699.99,1791180229821,1791180837180,62.82,0.76,0.84,1.850299999999999,24.7286,2.529899999999999,24.470100000000002,1.207099999999998,1
2026-10-05,1791180900000,2,UP,85884.15,85899.99,15.84000000001106,KXBTCD-26OCT0503-T85899.99,1791181114517,1791181737410,62.59,0.65,0.54,-5.446,25.3052,-24.909999999999997,24.909999999999997,-6.0364,0
2026-10-05,1791181800000,3,DOWN,85876.79,85899.99,23.20000000001164,KXBTCD-26OCT0503-T85899.99,1791182007604,1791182686572,13.428,0.54,0.83,12.085699999999996,25.639900000000004,10.971599999999999,25.0284,10.905299999999995,1
2026-10-05,1791182700000,4,UP,85797.86,85799.99,2.1300000000046566,KXBTCD-26OCT0503-T85799.99,1791182895441,1791183592998,7.002,0.94,0.99,1.1792000000000011,24.542699999999996,1.1891000000000012,24.8109,0.6578000000000007,1
2026-10-05,1791183600000,1,UP,86207.8,86199.99,-7.809999999997672,KXBTCD-26OCT0504-T86199.99,1791184061809,1791184468749,31.251,0.54,0.58,0.2556999999999965,25.639900000000004,5.8527999999999984,25.1472,-0.6518000000000042,1
2026-10-05,1791184500000,2,UP,86269.96,86299.99,30.029999999998836,KXBTCD-26OCT0504-T86299.99,1791184737778,1791185362114,37.886,0.6,0.28,-14.387399999999998,25.2888,-25.379099999999998,25.379099999999998,-14.818099999999998,0
2026-10-05,1791185400000,3,UP,86190.88,86199.99,9.110000000000582,KXBTCD-26OCT0504-T86199.99,1791185630626,1791186246742,53.258,0.61,0.81,6.902800000000004,25.0662,12.694799999999999,25.3052,6.092300000000002,1
2026-10-05,1791186300000,4,DOWN,86363.11,86399.99,36.88000000000466,KXBTCD-26OCT0504-T86399.99,1791186524930,1791187137763,62.237,0.84,0.99,4.057,24.6329,8.7109,25.2891,3.4713,1
2026-10-05,1791187200000,1,UP,86188.6,86199.99,11.389999999999418,KXBTCD-26OCT0505-T86199.99,1791187419126,1791188039093,60.907,0.67,0.8,3.8229,25.362700000000004,4.367100000000001,24.6329,2.9934999999999996,1
2026-10-05,1791188100000,2,DOWN,86395.4,86399.99,4.5900000000110595,KXBTCD-26OCT0505-T86399.99,1791188316587,1791188933035,66.965,0.62,0.48,-6.958600000000001,25.4597,-24.909999999999997,24.909999999999997,-7.5565000000000015,0
2026-10-05,1791189000000,3,DOWN,86401.75,86399.99,-1.7599999999947613,KXBTCD-26OCT0505-T86399.99,1791189269761,1791189887386,12.614,0.55,0.8,9.9663,25.529700000000002,5.090000000000002,24.909999999999997,8.85,1
2026-10-05,1791189900000,4,DOWN,86268.15,86299.99,31.84000000001106,KXBTCD-26OCT0505-T86299.99,1791190094442,1791190787170,12.83,0.95,0.99,0.9354000000000009,24.7865,2.2751999999999994,24.724800000000002,0.41440000000000043,1
2026-10-05,1791190800000,1,DOWN,86205.14,86199.99,-5.149999999994179,KXBTCD-26OCT0506-T86199.99,1791190986428,1791191648664,51.336,0.59,0.82,8.514800000000001,25.4912,10.620900000000002,25.379099999999998,7.4795,1
2026-10-05,1791191700000,2,DOWN,85970.27,85999.99,29.720000000001164,KXBTCD-26OCT0506-T85999.99,1791191921966,1791192540920,59.08,0.73,0.74,-0.5870999999999997,25.2891,2.8880999999999997,25.111900000000002,-1.2299000000000002,1
2026-10-05,1791192600000,3,UP,85868.12,85899.99,31.870000000009895,KXBTCD-26OCT0506-T85899.99,1791193078248,1791193488381,11.619,0.46,0.62,6.810399999999999,25.779,5.8527999999999984,25.1472,5.613099999999998,1
2026-10-05,1791193500000,4,UP,85939.7,85899.99,-39.70999999999185,KXBTCD-26OCT0506-T85899.99,1791193763854,1791194378125,21.875,0.72,0.99,8.676499999999999,24.9599,11.6373,25.362700000000004,7.9842,1
2026-10-05,1791194400000,1,UP,85950.36,85999.99,49.63000000000466,KXBTCD-26OCT0507-T85999.99,1791194648134,1791195277751,22.249,0.55,0.55,-1.5594,25.529700000000002,5.8527999999999984,25.1472,-2.4041000000000006,1
2026-10-05,1791195300000,2,UP,86006.62,85999.99,-6.629999999990105,KXBTCD-26OCT0507-T85999.99,1791195549046,1791196169258,30.742,0.64,0.78,4.362500000000002,25.589000000000002,9.985500000000002,25.014499999999998,3.4837,1
2026-10-05,1791196200000,3,DOWN,86085.0,86099.99,14.990000000005239,KXBTCD-26OCT0507-T86099.99,1791196448606,1791197068217,31.783,0.76,0.79,0.1797000000000008,24.7286,3.8155000000000006,25.1845,-0.4611999999999997,1
2026-10-05,1791197100000,4,UP,86016.03,85999.99,-16.039999999993597,KXBTCD-26OCT0507-T85999.99,1791197343594,1791197960846,39.154,0.92,0.99,1.7319999999999989,24.9792,3.4183000000000003,24.581699999999998,1.1457999999999982,1
2026-10-05,1791198000000,1,DOWN,86097.13,86099.99,2.860000000000582,KXBTCD-26OCT0508-T86099.99,1791198234523,1791198853658,46.342,0.7,0.8,2.5935000000000032,25.014499999999998,3.8155000000000006,25.1845,1.8890000000000025,1
2026-10-05,1791198900000,2,UP,85931.95,85899.99,-31.95999999999185,KXBTCD-26OCT0508-T85899.99,1791199132707,1791199746031,53.969,0.68,0.92,7.9060999999999995,25.0284,6.9632,25.0368,7.174499999999998,1
2026-10-05,1791199800000,3,DOWN,86189.77,86199.99,10.220000000001164,KXBTCD-26OCT0508-T86199.99,1791200020138,1791200687562,12.438,0.66,0.88,7.285199999999999,25.0012,11.6373,25.362700000000004,6.534299999999998,1
2026-10-05,1791200700000,4,DOWN,86064.36,86099.99,35.63000000000466,KXBTCD-26OCT0508-T86099.99,1791201092874,1791201566941,33.059,0.79,0.0,-24.8501,24.8501,-24.8501,24.8501,-25.1472,0
2026-10-05,1791201600000,1,DOWN,86195.77,86199.99,4.220000000001164,KXBTCD-26OCT0509-T86199.99,1791201837243,1791202454770,45.23,0.57,0.65,2.017400000000003,25.247799999999998,9.0401,24.9599,1.1531000000000025,1
2026-10-05,1791202500000,2,DOWN,86118.82,86099.99,-18.830000000001746,KXBTCD-26OCT0509-T86099.99,1791202799727,1791203343063,56.937,0.48,0.61,4.9854,25.8686,11.998799999999997,25.0012,3.8609999999999998,1
2026-10-05,1791203400000,3,DOWN,86033.69,85999.99,-33.69999999999709,KXBTCD-26OCT0509-T85999.99,1791203618116,1791204246506,53.494,0.61,0.79,6.069200000000002,25.0662,6.9632,25.0368,5.259800000000001,1
2026-10-05,1791204300000,4,DOWN,85909.59,85899.99,-9.599999999991269,KXBTCD-26OCT0509-T85899.99,1791204522618,1791205147527,52.473,0.63,0.61,-2.065900000000001,25.2064,6.9632,25.0368,-2.8442000000000016,1
2026-10-05,1791205200000,1,UP,85875.89,85899.99,24.10000000000582,KXBTCD-26OCT0510-T85899.99,1791205433815,1791206049947,50.053,0.64,0.76,3.553,25.589000000000002,1.6525999999999987,24.347400000000004,2.695999999999999,1
2026-10-05,1791206100000,2,UP,86120.91,86099.99,-20.919999999998254,KXBTCD-26OCT0510-T86099.99,1791206325697,1791206949030,50.97,0.61,0.48,-6.5651,25.0662,-25.2891,25.2891,-7.357200000000001,0
2026-10-05,1791207000000,3,DOWN,86093.08,86099.99,6.9100000000034925,KXBTCD-26OCT0510-T86099.99,1791207232387,1791207846219,53.781,0.8,0.75,-2.3041000000000014,25.1472,5.090000000000002,24.909999999999997,-2.827300000000002,1
2026-10-05,1791207900000,4,UP,85967.08,85999.99,32.91000000000349,KXBTCD-26OCT0510-T85999.99,1791208120684,1791208731940,68.06,0.9,0.99,2.241099999999999,24.470100000000002,2.529899999999999,24.470100000000002,1.6980999999999988,1
2026-10-05,1791208800000,1,DOWN,86409.81,86399.99,-9.819999999992433,KXBTCD-26OCT0511-T86399.99,1791209010523,1791209695340,4.66,0.5,0.27,-13.0649,25.875,-25.2891,25.2891,-13.7672,0
2026-10-05,1791209700000,2,DOWN,86650.13,86699.99,49.86000000000058,KXBTCD-26OCT0511-T86699.99,1791209890450,1791210557663,42.337,0.61,0.89,10.2596,25.0662,8.1355,24.8645,9.444600000000001,1
2026-10-05,1791210600000,3,DOWN,86279.12,86299.99,20.870000000009895,KXBTCD-26OCT0511-T86299.99,1791210832646,1791211437787,62.213,0.88,0.95,1.6598999999999986,24.847,0.7925000000000008,24.2075,1.0974999999999981,1
2026-10-05,1791211500000,4,DOWN,85781.88,85799.99,18.110000000000582,KXBTCD-26OCT0511-T85799.99,1791211739250,1791212367493,32.507,0.77,0.99,6.6209999999999996,25.0368,6.655599999999999,25.3444,5.971599999999999,1
2026-10-05,1791212400000,1,DOWN,85605.89,85599.99,-5.899999999994179,KXBTCD-26OCT0512-T85599.99,1791212645336,1791213275125,24.875,0.55,0.58,-0.19710000000000383,25.529700000000002,12.694799999999999,25.3052,-1.0740000000000045,1
2026-10-05,1791213300000,2,DOWN,85532.09,85499.99,-32.09999999999127,KXBTCD-26OCT0512-T85499.99,1791213811306,1791214152187,47.813,0.46,0.48,-0.8025000000000021,25.779,18.601,25.399,-1.848400000000003,1
2026-10-05,1791214200000,3,DOWN,85524.5,85499.99,-24.50999999999476,KXBTCD-26OCT0512-T85499.99,1791214420915,1791215039317,60.683,0.78,0.81,0.23080000000000078,25.3444,1.7258999999999987,24.2741,-0.3972999999999997,1
2026-10-05,1791215100000,4,UP,85311.71,85299.99,-11.720000000001164,KXBTCD-26OCT0512-T85299.99,1791215314232,1791215996300,3.7,0.76,0.0,-24.7286,24.7286,-25.0012,25.0012,-25.0368,0
2026-10-05,1791216000000,1,DOWN,85246.9,85199.99,-46.90999999998894,KXBTCD-26OCT0513-T85199.99,1791216247976,1791216862977,37.023,0.51,0.42,-6.102800000000001,25.8472,9.985500000000002,25.014499999999998,-6.931500000000002,1
2026-10-05,1791216900000,2,DOWN,85238.81,85199.99,-38.81999999999243,KXBTCD-26OCT0513-T85199.99,1791217131243,1791217753202,46.798,0.58,0.61,-0.15939999999999876,25.673299999999998,9.0401,24.9599,-0.9967999999999997,1
2026-10-05,1791217800000,3,UP,85131.8,85099.99,-31.80999999999767,KXBTCD-26OCT0513-T85099.99,1791218034052,1791218656372,43.628,0.67,0.68,-0.7662999999999996,25.362700000000004,11.998799999999997,25.0012,-1.4656000000000002,1
2026-10-05,1791218700000,4,UP,85164.11,85199.99,35.88000000000466,KXBTCD-26OCT0513-T85199.99,1791218934807,1791219546527,53.473,0.54,0.99,19.868199999999998,25.639900000000004,9.0401,24.9599,18.508499999999998,1
2026-10-05,1791219600000,1,DOWN,85305.08,85299.99,-5.0899999999965075,KXBTCD-26OCT0514-T85299.99,1791219815893,1791220433719,66.281,0.65,0.64,-1.5981000000000003,25.3052,4.091100000000001,24.9089,-2.2950000000000013,1
2026-10-05,1791220500000,2,UP,85250.58,85299.99,49.41000000000349,KXBTCD-26OCT0514-T85299.99,1791220702960,1791221395757,4.243,0.57,0.68,3.3372000000000037,25.247799999999998,3.8155000000000006,25.1845,2.471100000000004,1
2026-10-05,1791221400000,3,DOWN,85366.38,85399.99,33.61000000000058,KXBTCD-26OCT0514-T85399.99,1791221598483,1791222235405,64.595,0.69,0.83,4.145300000000001,25.379099999999998,8.1355,24.8645,3.3238000000000003,1
2026-10-05,1791222300000,4,DOWN,85319.11,85299.99,-19.119999999995343,KXBTCD-26OCT0514-T85299.99,1791222505119,1791223198102,1.898,0.76,0.0,-24.7286,24.7286,-24.6232,24.6232,-25.0368,0
2026-10-05,1791223200000,1,DOWN,85423.41,85399.99,-23.419999999998254,KXBTCD-26OCT0515-T85399.99,1791223459544,1791224061512,38.488,0.46,0.46,-1.878,25.779,-25.014499999999998,25.014499999999998,-2.9025000000000007,0
2026-10-05,1791224100000,2,UP,85432.83,85399.99,-32.83999999999651,KXBTCD-26OCT0515-T85399.99,1791224324405,1791224943976,56.024,0.69,0.88,6.034700000000001,25.379099999999998,10.620900000000002,25.379099999999998,5.158400000000001,1
2026-10-05,1791225000000,3,UP,85579.27,85599.99,20.720000000001164,KXBTCD-26OCT0515-T85599.99,1791225310772,1791225857389,42.611,0.48,0.57,2.879199999999998,25.8686,10.971599999999999,25.0284,1.7980999999999976,1
2026-10-05,1791225900000,4,DOWN,85615.46,85599.99,-15.470000000001164,KXBTCD-26OCT0515-T85599.99,1791226335467,1791226749197,50.803,0.44,0.0,-25.605900000000002,25.605900000000002,-25.3052,25.3052,-25.7029,0
2026-10-05,1791226800000,1,DOWN,85652.99,85699.99,47.0,KXBTCD-26OCT0516-T85699.99,1791227017842,1791227641292,58.708,0.74,0.55,-7.286299999999997,24.8645,-25.1472,25.1472,-7.937099999999999,0
2026-10-05,1791227700000,2,UP,85684.11,85699.99,15.880000000004657,KXBTCD-26OCT0516-T85699.99,1791227913328,1791228535094,64.906,0.46,0.61,6.261699999999998,25.779,5.3767999999999985,24.6232,5.0753999999999975,1
2026-10-05,1791228600000,3,UP,85731.12,85699.99,-31.129999999990105,KXBTCD-26OCT0516-T85699.99,1791228806691,1791229431794,68.206,0.67,0.66,-1.5239000000000003,25.362700000000004,-25.0284,25.0284,-2.201700000000001,0
2026-10-05,1791229500000,4,DOWN,85718.26,85699.99,-18.269999999989523,KXBTCD-26OCT0516-T85699.99,1791229832664,1791230369873,30.127,0.52,0.0,-25.7987,25.7987,-25.0284,25.0284,-25.7296,0
2026-10-05,1791230400000,1,DOWN,85729.81,85749.99,20.180000000007567,KXBTCD-26OCT0517-T85749.99,1791230706141,1791231260289,39.711,0.62,0.69,1.5412999999999981,25.4597,9.985500000000002,25.014499999999998,0.7194999999999975,1
2026-10-05,1791231300000,2,UP,85679.51,85749.99,70.48000000001048,KXBTCD-26OCT0517-T85749.99,1791231533034,1791232159326,40.674,0.45,0.56,4.148400000000003,25.7029,7.2714,24.7286,2.985400000000001,1
2026-10-05,1791232200000,3,DOWN,85770.8,85749.99,-20.80999999999767,KXBTCD-26OCT0517-T85749.99,1791232493067,1791233040221,59.779,0.42,0.27,-10.670199999999998,25.786099999999998,-24.8501,24.8501,-11.6364,0
2026-10-05,1791233100000,4,UP,85787.94,85749.99,-37.94999999999709,KXBTCD-26OCT0517-T85749.99,1791233311638,1791233933715,66.285,0.86,0.99,3.5054000000000003,25.1845,10.620900000000002,25.379099999999998,2.8198,1
2026-10-05,1791234000000,1,DOWN,85791.7,85799.99,8.290000000008149,KXBTCD-26OCT0518-T85799.99,1791234209183,1791234898627,1.373,0.68,0.65,-2.201700000000001,25.0284,5.090000000000002,24.909999999999997,-2.9198000000000013,1
2026-10-05,1791234900000,2,UP,85733.2,85699.99,-33.20999999999185,KXBTCD-26OCT0518-T85699.99,1791235098937,1791235782170,17.83,0.67,0.87,6.534299999999998,25.362700000000004,4.803600000000001,25.196399999999997,5.628099999999998,1
2026-10-05,1791235800000,3,UP,85805.68,85799.99,-5.689999999987776,KXBTCD-26OCT0518-T85799.99,1791236047320,1791236663719,36.281,0.62,0.88,9.444600000000001,25.4597,10.971599999999999,25.0284,8.4148,1
2026-10-05,1791236700000,4,UP,85912.96,85899.99,-12.970000000001164,KXBTCD-26OCT0518-T85899.99,1791237002902,1791237555764,44.236,0.59,0.99,16.0596,25.4912,11.6373,25.362700000000004,14.8349,1
2026-10-05,1791237600000,1,UP,85952.42,85999.99,47.570000000006985,KXBTCD-26OCT0519-T85999.99,1791237902298,1791238449726,50.274,0.46,0.43,-3.4855000000000014,25.779,10.620900000000002,25.379099999999998,-4.478000000000002,1
2026-10-05,1791238500000,2,UP,85962.14,85999.99,37.85000000000582,KXBTCD-26OCT0519-T85999.99,1791238719004,1791239333543,66.457,0.4,0.36,-4.521600000000002,25.8416,9.985500000000002,25.014499999999998,-5.571500000000003,1
2026-10-05,1791239400000,3,DOWN,85978.33,85999.99,21.660000000003492,KXBTCD-26OCT0519-T85999.99,1791239605716,1791240287485,12.515,0.69,0.61,-4.018699999999998,25.379099999999998,12.694799999999999,25.3052,-4.602499999999999,1
2026-10-05,1791240300000,4,DOWN,85963.6,85999.99,36.38999999999942,KXBTCD-26OCT0519-T85999.99,1791240554445,1791241167650,32.35,0.81,0.99,5.055999999999998,24.6232,12.694799999999999,25.3052,4.448799999999998,1
2026-10-05,1791241200000,1,UP,85925.79,85899.99,-25.79999999998836,KXBTCD-26OCT0520-T85899.99,1791241437385,1791242063560,36.44,0.77,0.47,-10.554800000000002,25.0368,-24.7286,24.7286,-11.180900000000001,0
