day,window_open,quarter,side,target,strike,strike_gap,hourly_ticker,entry_quote_ms,exit_quote_ms,exit_early_s,hourly_ask,hourly_bid,hourly_pnl,hourly_cost,btc_pnl,btc_cost,hourly_stressed,btc_won
2026-09-24,1790264700000,4,DOWN,84358.74,84399.99,41.25,KXBTCD-26SEP2412-T84399.99,1790264988570,1790265542206,57.794,0.82,0.38,-14.0048,24.909999999999997,-24.8645,24.8645,-14.585999999999999,0
2026-09-24,1790267400000,3,DOWN,84697.09,84699.99,2.900000000008731,KXBTCD-26SEP2413-T84699.99,1790267671658,1790268289819,10.181,0.8,0.69,-4.221400000000003,25.1472,3.8155000000000006,25.1845,-4.680200000000004,1
2026-09-24,1790269200000,1,DOWN,84496.53,84499.99,3.460000000006403,KXBTCD-26SEP2414-T84499.99,1790269550905,1790270031631,68.369,0.53,0.67,5.032900000000001,25.7296,10.971599999999999,25.0284,3.9974999999999996,1
2026-09-24,1790271000000,3,UP,84308.55,84299.99,-8.559999999997672,KXBTCD-26SEP2414-T84299.99,1790271276493,1790271828666,71.334,0.57,0.16,-18.772399999999994,25.247799999999998,-25.3052,25.3052,-19.6071,0
2026-09-24,1790271900000,4,UP,84134.34,84099.99,-34.34999999999127,KXBTCD-26SEP2414-T84099.99,1790272184509,1790272724306,75.694,0.76,0.11,-21.4279,24.7286,-25.379099999999998,25.379099999999998,-22.0384,0
2026-09-24,1790272800000,1,DOWN,84074.78,84099.99,25.210000000006403,KXBTCD-26SEP2415-T84099.99,1790273090743,1790273645516,54.484,0.7,0.37,-12.635599999999998,25.014499999999998,-24.581699999999998,24.581699999999998,-13.319,0
2026-09-24,1790274600000,3,DOWN,84417.6,84399.99,-17.610000000000582,KXBTCD-26SEP2415-T84399.99,1790274858674,1790275412275,87.725,0.63,0.61,-2.065900000000001,25.2064,8.7109,25.2891,-2.8442000000000016,1
2026-09-24,1790275500000,4,UP,84395.31,84399.99,4.680000000007567,KXBTCD-26SEP2415-T84399.99,1790275924914,1790276341797,58.203,0.72,0.99,8.676499999999999,24.9599,8.7109,25.2891,7.9842,1
2026-09-24,1790276400000,1,DOWN,84465.57,84499.99,34.419999999998254,KXBTCD-26SEP2416-T84499.99,1790276682916,1790277230539,69.461,0.77,0.47,-10.554800000000002,25.0368,-24.847,24.847,-11.180900000000001,0
2026-09-24,1790277300000,2,DOWN,84583.69,84599.99,16.30000000000291,KXBTCD-26SEP2416-T84599.99,1790277634241,1790278122657,77.343,0.59,0.52,-4.385099999999998,25.4912,-25.0284,25.0284,-5.096099999999998,0
2026-09-24,1790279100000,4,UP,84439.63,84399.99,-39.63999999999942,KXBTCD-26SEP2416-T84399.99,1790279407069,1790279942910,57.09,0.87,0.14,-20.897699999999997,24.581699999999998,-25.362700000000004,25.362700000000004,-21.4287,0
2026-09-24,1790280900000,2,DOWN,84286.75,84249.99,-36.75999999999476,KXBTCD-26SEP2417-T84249.99,1790281303045,1790281720037,79.963,0.51,0.42,-6.102800000000001,25.8472,12.694799999999999,25.3052,-6.931500000000002,1
2026-09-24,1790282700000,4,UP,84386.84,84499.99,113.15000000000873,KXBTCD-26SEP2417-T84499.99,1790282990791,1790283576049,23.951,0.24,0.0,-26.2879,26.2879,-25.0368,25.0368,-26.3125,0
2026-09-24,1790283600000,1,DOWN,84351.59,84399.99,48.40000000000873,KXBTCD-26SEP2418-T84399.99,1790284055905,1790284463987,36.013,0.65,0.63,-1.9853000000000005,25.3052,7.8168,25.1832,-2.6715000000000013,1
2026-09-24,1790286300000,4,DOWN,84457.78,84499.99,42.2100000000064,KXBTCD-26SEP2418-T84499.99,1790286588326,1790287137619,62.381,0.91,0.99,1.986399999999999,24.724800000000002,9.985500000000002,25.014499999999998,1.4436999999999984,1
2026-09-24,1790287200000,1,DOWN,84331.82,84299.99,-31.830000000001746,KXBTCD-26SEP2419-T84299.99,1790287601480,1790288082005,17.995,0.51,0.4,-7.070399999999999,25.8472,5.3767999999999985,24.6232,-7.878100000000001,1
2026-09-24,1790289000000,3,UP,84122.85,84099.99,-22.860000000000582,KXBTCD-26SEP2419-T84099.99,1790289278970,1790289880010,19.99,0.68,0.49,-8.018200000000002,25.0284,-25.354499999999998,25.354499999999998,-8.728100000000001,0
2026-09-24,1790290800000,1,UP,84244.82,84199.99,-44.830000000001746,KXBTCD-26SEP2420-T84199.99,1790291084465,1790291633308,66.692,0.72,0.64,-3.7482999999999986,24.9599,8.7109,25.2891,-4.4239,1
2026-09-24,1790291700000,2,UP,84278.84,84299.99,21.15000000000873,KXBTCD-26SEP2420-T84299.99,1790291975608,1790292535162,64.838,0.53,0.77,9.8777,25.7296,8.7109,25.2891,8.7327,1
2026-09-24,1790292600000,3,UP,84405.96,84399.99,-5.970000000001164,KXBTCD-26SEP2420-T84399.99,1790293004104,1790293468085,31.915,0.58,0.48,-5.784599999999998,25.673299999999998,-25.3052,25.3052,-6.4836,0
2026-09-24,1790293500000,4,DOWN,84391.1,84399.99,8.889999999999418,KXBTCD-26SEP2420-T84399.99,1790293820920,1790294372003,27.997,0.59,0.99,16.0596,25.4912,12.694799999999999,25.3052,14.8349,1
2026-09-24,1790295300000,2,DOWN,84630.33,84599.99,-30.339999999996508,KXBTCD-26SEP2421-T84599.99,1790295560554,1790296138525,61.475,0.66,0.4,-10.822800000000003,25.0012,-25.0368,25.0368,-11.5489,0
2026-09-24,1790296200000,3,DOWN,84639.58,84599.99,-39.58999999999651,KXBTCD-26SEP2421-T84599.99,1790296442325,1790297057990,42.01,0.51,0.55,0.2538000000000018,25.8472,7.8168,25.1832,-0.7133999999999991,1
2026-09-24,1790299800000,3,DOWN,84507.42,84499.99,-7.429999999993015,KXBTCD-26SEP2422-T84499.99,1790300078647,1790300631031,68.969,0.74,0.48,-9.601099999999999,24.8645,5.090000000000002,24.909999999999997,-10.2487,1
2026-09-24,1790300700000,4,UP,84473.36,84499.99,26.630000000004657,KXBTCD-26SEP2422-T84499.99,1790300977231,1790301532253,67.747,0.6,0.93,12.654300000000003,25.2888,9.645500000000002,25.354499999999998,11.527700000000003,1
2026-09-24,1790302500000,2,DOWN,84813.92,84799.99,-13.929999999993015,KXBTCD-26SEP2423-T84799.99,1790302992366,1790303337718,62.282,0.55,0.79,9.497699999999998,25.529700000000002,11.6373,25.362700000000004,8.392399999999999,1
2026-09-24,1790305200000,1,UP,84194.85,84199.99,5.139999999999418,KXBTCD-26SEP2500-T84199.99,1790305548567,1790306024953,75.047,0.68,0.59,-4.398000000000003,25.0284,12.694799999999999,25.3052,-5.113000000000004,1
2026-09-24,1790306100000,2,UP,84226.54,84199.99,-26.54999999998836,KXBTCD-26SEP2500-T84199.99,1790306667185,1790306943079,56.921,0.55,0.43,-6.951800000000002,25.529700000000002,-25.605900000000002,25.605900000000002,-7.669300000000003,0
2026-09-24,1790307900000,4,DOWN,84218.05,84199.99,-18.05999999999767,KXBTCD-26SEP2500-T84199.99,1790308177631,1790308727439,72.561,0.56,0.4,-8.538200000000002,25.399,10.620900000000002,25.379099999999998,-9.193900000000003,1
2026-09-25,1790308800000,1,DOWN,84211.53,84199.99,-11.539999999993597,KXBTCD-26SEP2501-T84199.99,1790309087548,1790309643909,56.091,0.64,0.69,0.7369999999999975,25.589000000000002,9.645500000000002,25.354499999999998,-0.04410000000000314,1
2026-09-25,1790309700000,2,UP,84089.41,84099.99,10.580000000001746,KXBTCD-26SEP2501-T84099.99,1790310120752,1790310533783,66.217,0.57,0.53,-3.2075999999999967,25.247799999999998,11.6373,25.362700000000004,-4.064599999999997,1
2026-09-25,1790312400000,1,UP,84197.14,84199.99,2.8500000000058208,KXBTCD-26SEP2502-T84199.99,1790312691518,1790313248566,51.434,0.55,0.47,-5.164400000000003,25.529700000000002,-25.362700000000004,25.362700000000004,-5.924100000000005,0
2026-09-25,1790313300000,2,DOWN,84182.75,84199.99,17.24000000000524,KXBTCD-26SEP2502-T84199.99,1790313737686,1790314158368,41.632,0.61,0.57,-2.9525000000000015,25.0662,9.0401,24.9599,-3.749700000000002,1
2026-09-25,1790314200000,3,UP,84166.12,84199.99,33.870000000009895,KXBTCD-26SEP2502-T84199.99,1790314639257,1790315040045,59.955,0.65,0.69,0.3457999999999972,25.3052,11.6373,25.362700000000004,-0.4048000000000035,1
2026-09-25,1790315100000,4,DOWN,84249.88,84199.99,-49.88999999999942,KXBTCD-26SEP2502-T84199.99,1790315656833,1790315936776,63.224,0.32,0.59,18.5511,26.1481,9.985500000000002,25.014499999999998,16.310299999999998,1
2026-09-25,1790316900000,2,UP,84048.16,83999.99,-48.169999999998254,KXBTCD-26SEP2503-T83999.99,1790317183923,1790317738435,61.565,0.83,0.72,-4.0198,25.196399999999997,8.7109,25.2891,-4.4609000000000005,1
2026-09-25,1790318700000,4,UP,84014.1,83999.99,-14.110000000000582,KXBTCD-26SEP2503-T83999.99,1790319119736,1790319538044,61.956,0.58,0.92,13.665100000000002,25.673299999999998,12.694799999999999,25.3052,12.488000000000003,1
2026-09-25,1790321400000,3,DOWN,84036.19,83999.99,-36.19999999999709,KXBTCD-26SEP2504-T83999.99,1790321691950,1790322255424,44.576,0.84,0.83,-0.8494000000000002,24.6329,2.8880999999999997,25.111900000000002,-1.4286000000000008,1
2026-09-25,1790323200000,1,UP,84052.01,84099.99,47.98000000001048,KXBTCD-26SEP2505-T84099.99,1790323464784,1790324026712,73.288,0.57,0.63,1.1405000000000023,25.247799999999998,4.367100000000001,24.6329,0.2775000000000015,1
2026-09-25,1790325000000,3,DOWN,84435.95,84399.99,-35.95999999999185,KXBTCD-26SEP2505-T84399.99,1790325284123,1790325811100,88.9,0.61,0.78,5.6533000000000015,25.0662,12.694799999999999,25.3052,4.844400000000001,1
2026-09-25,1790325900000,4,DOWN,84317.79,84299.99,-17.79999999998836,KXBTCD-26SEP2505-T84299.99,1790326165285,1790326717645,82.355,0.5,0.0,-25.875,25.875,-25.3052,25.3052,-25.8472,0
2026-09-25,1790327700000,2,DOWN,84603.51,84599.99,-3.5199999999895226,KXBTCD-26SEP2506-T84599.99,1790328042913,1790328526831,73.169,0.55,0.16,-18.7531,25.529700000000002,-25.3052,25.3052,-19.191700000000004,0
2026-09-25,1790328600000,3,DOWN,84806.82,84799.99,-6.830000000001746,KXBTCD-26SEP2506-T84799.99,1790328880461,1790329442347,57.653,0.69,0.94,8.3187,25.379099999999998,5.8527999999999984,25.1472,7.375999999999999,1
2026-09-25,1790329500000,4,DOWN,84629.23,84599.99,-29.239999999990687,KXBTCD-26SEP2506-T84599.99,1790329914554,1790330327027,72.973,0.52,0.61,2.6818999999999984,25.7987,10.620900000000002,25.379099999999998,1.6807999999999979,1
2026-09-25,1790330400000,1,DOWN,84583.18,84599.99,16.810000000012224,KXBTCD-26SEP2507-T84599.99,1790330671444,1790331226971,73.029,0.81,0.75,-2.5170000000000017,24.6232,1.4573000000000014,24.542699999999996,-3.1141000000000023,1
2026-09-25,1790332200000,3,UP,84711.66,84699.99,-11.669999999998254,KXBTCD-26SEP2507-T84699.99,1790332692090,1790333043113,56.887,0.64,0.68,0.3369000000000014,25.589000000000002,10.620900000000002,25.379099999999998,-0.43339999999999923,1
2026-09-25,1790333100000,4,UP,84767.14,84799.99,32.85000000000582,KXBTCD-26SEP2507-T84799.99,1790333586759,1790333939406,60.594,0.43,0.01,-25.3954,25.935200000000002,-25.0284,25.0284,-25.605900000000002,0
2026-09-25,1790334000000,1,UP,84713.8,84699.99,-13.809999999997672,KXBTCD-26SEP2508-T84699.99,1790334265248,1790334826764,73.236,0.62,0.94,11.982299999999997,25.4597,8.7109,25.2891,10.885799999999998,1
2026-09-25,1790336700000,4,DOWN,84715.57,84699.99,-15.580000000001746,KXBTCD-26SEP2508-T84699.99,1790336978611,1790337532366,67.634,0.71,0.98,8.897400000000001,25.354499999999998,4.367100000000001,24.6329,7.950799999999999,1
2026-09-25,1790337600000,1,UP,84590.58,84599.99,9.410000000003492,KXBTCD-26SEP2509-T84599.99,1790337871156,1790338427672,72.328,0.55,0.38,-9.171900000000003,25.529700000000002,-25.379099999999998,25.379099999999998,-9.837000000000003,0
2026-09-25,1790338500000,2,DOWN,84329.55,84299.99,-29.55999999999767,KXBTCD-26SEP2509-T84299.99,1790338780868,1790339340934,59.066,0.76,0.42,-11.8343,24.7286,-24.495600000000003,24.495600000000003,-12.458700000000002,0
2026-09-25,1790339400000,3,UP,84377.89,84399.99,22.10000000000582,KXBTCD-26SEP2509-T84399.99,1790339676732,1790340257512,42.488,0.62,0.53,-4.9571999999999985,25.4597,12.694799999999999,25.3052,-5.607899999999999,1
2026-09-25,1790340300000,4,DOWN,84431.5,84399.99,-31.50999999999476,KXBTCD-26SEP2509-T84399.99,1790340883137,1790341137043,62.957,0.29,0.0,-26.179599999999997,26.179599999999997,-25.2064,25.2064,-26.120099999999997,0
2026-09-25,1790343000000,3,DOWN,84130.18,84099.99,-30.189999999987776,KXBTCD-26SEP2510-T84099.99,1790343272675,1790343819938,80.062,0.61,0.64,-0.11139999999999894,25.0662,9.985500000000002,25.014499999999998,-0.9123999999999995,1
2026-09-25,1790343900000,4,DOWN,83884.91,83899.99,15.080000000001746,KXBTCD-26SEP2510-T83899.99,1790344163691,1790344760905,39.095,0.68,0.13,-20.6335,25.0284,-24.8645,24.8645,-21.325300000000006,0
2026-09-25,1790345700000,2,UP,83547.01,83499.99,-47.01999999998952,KXBTCD-26SEP2511-T83499.99,1790346062020,1790346552504,47.496,0.58,0.65,1.5919000000000025,25.673299999999998,11.998799999999997,25.0012,0.7114000000000018,1
2026-09-25,1790346600000,3,UP,83661.01,83699.99,38.98000000001048,KXBTCD-26SEP2511-T83699.99,1790346896207,1790347454182,45.818,0.73,0.48,-9.563199999999998,25.2891,6.655599999999999,25.3444,-9.93,1
2026-09-25,1790348400000,1,DOWN,83997.68,83999.99,2.3100000000122236,KXBTCD-26SEP2512-T83999.99,1790348696124,1790349230024,69.976,0.65,0.52,-6.2092,25.3052,8.1355,24.8645,-6.778500000000001,1
2026-09-25,1790349300000,2,DOWN,83959.84,83999.99,40.15000000000873,KXBTCD-26SEP2512-T83999.99,1790349565176,1790350124014,75.986,0.68,0.78,2.619099999999999,25.0284,12.694799999999999,25.3052,1.8945999999999987,1
2026-09-25,1790350200000,3,DOWN,83745.68,83699.99,-45.689999999987776,KXBTCD-26SEP2512-T83699.99,1790350692161,1790351022069,77.931,0.53,0.74,8.417399999999997,25.7296,10.620900000000002,25.379099999999998,7.305399999999999,1
2026-09-25,1790352900000,2,UP,83967.51,83999.99,32.48000000001048,KXBTCD-26SEP2513-T83999.99,1790353253978,1790353791714,8.286,0.53,0.43,-6.326000000000002,25.7296,11.998799999999997,25.0012,-7.104300000000002,1
2026-09-25,1790353800000,3,DOWN,83972.53,83999.99,27.460000000006403,KXBTCD-26SEP2513-T83999.99,1790354050736,1790354636116,63.884,0.57,0.63,1.1405000000000023,25.247799999999998,9.645500000000002,25.354499999999998,0.2775000000000015,1
2026-09-25,1790354700000,4,DOWN,83928.15,83899.99,-28.15999999998894,KXBTCD-26SEP2513-T83899.99,1790354971180,1790355519598,80.402,0.91,0.99,1.986399999999999,24.724800000000002,2.249699999999999,24.750300000000003,1.4436999999999984,1
2026-09-25,1790356500000,2,DOWN,83936.51,83899.99,-36.51999999998952,KXBTCD-26SEP2514-T83899.99,1790356882342,1790357317924,82.076,0.51,0.67,6.224400000000002,25.8472,11.998799999999997,25.0012,5.1273,1
2026-09-25,1790358300000,4,DOWN,83802.22,83799.99,-2.2299999999959255,KXBTCD-26SEP2514-T83799.99,1790358558498,1790359180375,19.625,0.72,0.99,8.676499999999999,24.9599,9.645500000000002,25.354499999999998,7.9842,1
2026-09-25,1790360100000,2,UP,83986.5,83999.99,13.490000000005239,KXBTCD-26SEP2515-T83999.99,1790360384339,1790360986436,13.564,0.55,0.36,-10.055500000000002,25.529700000000002,-25.3052,25.3052,-10.699700000000004,0
2026-09-25,1790361000000,3,UP,83939.73,83899.99,-39.73999999999069,KXBTCD-26SEP2515-T83899.99,1790361300453,1790361826158,73.842,0.73,0.7,-1.988900000000001,25.2891,11.998799999999997,25.0012,-2.588700000000001,1
2026-09-25,1790361900000,4,DOWN,83955.99,83999.99,44.0,KXBTCD-26SEP2515-T83999.99,1790362161915,1790362778079,21.921,0.71,0.99,9.2712,25.354499999999998,10.971599999999999,25.0284,8.3134,1
2026-09-25,1790363700000,2,DOWN,84031.05,83999.99,-31.05999999999767,KXBTCD-26SEP2516-T83999.99,1790363982943,1790364526879,73.121,0.57,0.58,-1.0410999999999997,25.247799999999998,10.620900000000002,25.379099999999998,-1.9011000000000005,1
2026-09-25,1790364600000,3,UP,83986.92,83999.99,13.070000000006985,KXBTCD-26SEP2516-T83999.99,1790365083489,1790365487835,12.165,0.62,0.39,-10.5259,25.4597,-25.0284,25.0284,-11.0296,0
2026-09-25,1790366400000,1,DOWN,84028.57,83999.99,-28.580000000001746,KXBTCD-26SEP2517-T83999.99,1790366735271,1790367210257,89.743,0.6,0.56,-3.035999999999997,25.2888,5.8527999999999984,25.1472,-3.7591999999999977,1
2026-09-25,1790368200000,3,UP,84053.39,83999.99,-53.39999999999418,KXBTCD-26SEP2517-T83999.99,1790368764984,1790369046224,53.776,0.9,0.87,-1.1939000000000006,24.470100000000002,30.3941,25.605900000000002,-1.7324000000000013,1
2026-09-25,1790371800000,3,UP,83766.08,83799.99,33.91000000000349,KXBTCD-26SEP2518-T83799.99,1790372145152,1790372689690,10.31,0.55,0.55,-1.5594,25.529700000000002,11.998799999999997,25.0012,-2.4041000000000006,1
2026-09-25,1790372700000,4,UP,83807.07,83799.99,-7.080000000001746,KXBTCD-26SEP2518-T83799.99,1790372971054,1790373586137,13.863,0.78,0.04,-24.150499999999997,25.3444,-25.354499999999998,25.354499999999998,-23.983299999999996,0
2026-09-25,1790374500000,2,UP,83922.0,83899.99,-22.00999999999476,KXBTCD-26SEP2519-T83899.99,1790374783002,1790375342028,57.972,0.69,0.54,-6.5650999999999975,25.379099999999998,-25.362700000000004,25.362700000000004,-7.074799999999997,0
2026-09-25,1790375400000,3,UP,83898.72,83899.99,1.2700000000040745,KXBTCD-26SEP2519-T83899.99,1790375685878,1790376242755,57.245,0.9,0.96,1.3772999999999984,24.470100000000002,3.4183000000000003,24.581699999999998,0.8353999999999978,1
2026-09-25,1790376300000,4,DOWN,84067.39,84099.99,32.60000000000582,KXBTCD-26SEP2519-T84099.99,1790376567999,1790377187181,12.819,0.83,0.99,4.4828,25.196399999999997,-25.3052,25.3052,3.7473000000000005,0
2026-09-25,1790377200000,1,UP,84068.24,84099.99,31.75,KXBTCD-26SEP2520-T84099.99,1790377620605,1790378073536,26.464,0.45,0.33,-8.4042,25.7029,-25.0012,25.0012,-9.3216,0
2026-09-25,1790378100000,2,UP,84062.88,84099.99,37.11000000000058,KXBTCD-26SEP2520-T84099.99,1790378549280,1790378947198,52.802,0.39,0.34,-5.271199999999999,26.0258,11.998799999999997,25.0012,-6.341200000000001,1
2026-09-25,1790379000000,3,DOWN,84076.95,84099.99,23.04000000000815,KXBTCD-26SEP2520-T84099.99,1790379567754,1790379834447,65.553,0.67,0.76,2.284799999999999,25.362700000000004,24.125,25.875,1.4990999999999983,1
2026-09-25,1790380800000,1,DOWN,84091.04,84099.99,8.950000000011642,KXBTCD-26SEP2521-T84099.99,1790381052267,1790381629013,70.987,0.64,0.65,-0.8600999999999996,25.589000000000002,10.971599999999999,25.0284,-1.5981000000000003,1
2026-09-25,1790381700000,2,DOWN,84077.82,84099.99,22.169999999998254,KXBTCD-26SEP2521-T84099.99,1790382027845,1790382511266,88.734,0.76,0.84,1.850299999999999,24.7286,10.620900000000002,25.379099999999998,1.207099999999998,1
2026-09-25,1790382600000,3,DOWN,83937.53,83899.99,-37.5399999999936,KXBTCD-26SEP2521-T83899.99,1790382879119,1790383438329,61.671,0.71,0.39,-12.287399999999998,25.354499999999998,7.2714,24.7286,-12.6007,1
2026-09-25,1790383500000,4,UP,83889.72,83899.99,10.270000000004075,KXBTCD-26SEP2521-T83899.99,1790383883599,1790384338441,61.559,0.79,0.24,-17.806,24.8501,-25.379099999999998,25.379099999999998,-18.401600000000002,0
2026-09-25,1790384400000,1,UP,83885.1,83899.99,14.889999999999418,KXBTCD-26SEP2522-T83899.99,1790384669225,1790385277577,22.423,0.71,0.59,-5.2972,25.354499999999998,4.803600000000001,25.196399999999997,-5.8197,1
2026-09-25,1790385300000,2,UP,83925.95,83899.99,-25.95999999999185,KXBTCD-26SEP2522-T83899.99,1790385578865,1790386135920,64.08,0.66,0.65,-1.5405000000000004,25.0012,12.694799999999999,25.3052,-2.279500000000001,1
2026-09-25,1790386200000,3,UP,83939.7,83899.99,-39.70999999999185,KXBTCD-26SEP2522-T83899.99,1790386550970,1790387025711,74.289,0.81,0.95,3.7769999999999975,24.6232,11.6373,25.362700000000004,3.1714999999999964,1
2026-09-25,1790387100000,4,UP,84034.01,83999.99,-34.01999999998952,KXBTCD-26SEP2522-T83999.99,1790387604781,1790387942376,57.624,0.9,0.99,2.241099999999999,24.470100000000002,9.985500000000002,25.014499999999998,1.6980999999999988,1
2026-09-25,1790388000000,1,DOWN,84065.39,84099.99,34.60000000000582,KXBTCD-26SEP2523-T84099.99,1790388254273,1790388822257,77.743,0.73,0.63,-4.4239,25.2891,-25.362700000000004,25.362700000000004,-4.948799999999999,0
2026-09-25,1790389800000,3,DOWN,84025.97,83999.99,-25.979999999995925,KXBTCD-26SEP2523-T83999.99,1790390290141,1790390640242,59.758,0.39,0.3,-7.766600000000002,26.0258,8.7109,25.2891,-8.755300000000004,1
2026-09-25,1790390700000,4,UP,84021.54,83999.99,-21.54999999998836,KXBTCD-26SEP2523-T83999.99,1790390964502,1790391562594,37.406,0.68,0.98,10.202199999999996,25.0284,-25.362700000000004,25.362700000000004,9.467499999999998,0
2026-09-25,1790391600000,1,DOWN,84008.94,83999.99,-8.94999999999709,KXBTCD-26SEP2600-T83999.99,1790392150822,1790392426001,73.999,0.48,0.77,13.526700000000002,25.8686,14.933800000000002,25.0662,12.226600000000001,1
2026-09-25,1790393400000,3,DOWN,84017.38,83999.99,-17.389999999999418,KXBTCD-26SEP2600-T83999.99,1790393757169,1790394234818,65.182,0.57,0.77,7.329100000000003,25.247799999999998,9.985500000000002,25.014499999999998,6.457600000000002,1
2026-09-25,1790394300000,4,DOWN,83953.14,83999.99,46.85000000000582,KXBTCD-26SEP2600-T83999.99,1790394792019,1790395145053,54.947,0.91,0.99,1.986399999999999,24.724800000000002,11.998799999999997,25.0012,1.4436999999999984,1
2026-09-26,1790395200000,1,UP,83934.82,83899.99,-34.830000000001746,KXBTCD-26SEP2601-T83899.99,1790395475225,1790396069633,30.367,0.83,0.83,-0.5928,25.196399999999997,5.090000000000002,24.909999999999997,-1.1526000000000005,1
2026-09-26,1790396100000,2,UP,83980.55,83999.99,19.44000000000233,KXBTCD-26SEP2601-T83999.99,1790396382411,1790396963113,36.887,0.66,0.09,-21.8834,25.0012,-24.6329,24.6329,-22.593400000000003,0
2026-09-26,1790397900000,4,UP,83964.68,83999.99,35.310000000012224,KXBTCD-26SEP2601-T83999.99,1790398327505,1790398737876,62.124,0.25,0.01,-25.3818,26.3125,11.998799999999997,25.0012,-26.253,1
2026-09-26,1790398800000,1,UP,83972.06,83999.99,27.930000000007567,KXBTCD-26SEP2602-T83999.99,1790399229218,1790399650269,49.731,0.43,0.26,-11.6364,25.935200000000002,-25.379099999999998,25.379099999999998,-12.3409,0
2026-09-26,1790399700000,2,DOWN,83959.3,83999.99,40.69000000000233,KXBTCD-26SEP2602-T83999.99,1790399991518,1790400542609,57.391,0.77,0.78,-0.4611999999999997,25.0368,6.149899999999999,24.8501,-1.1012000000000004,1
2026-09-26,1790400600000,3,DOWN,83920.08,83899.99,-20.089999999996508,KXBTCD-26SEP2602-T83899.99,1790400894157,1790401442437,57.563,0.53,0.09,-21.769100000000005,25.7296,-25.0284,25.0284,-22.1969,0
2026-09-26,1790401500000,4,UP,83945.29,83899.99,-45.29999999998836,KXBTCD-26SEP2602-T83899.99,1790401794141,1790402351316,48.684,0.97,0.99,0.4316000000000004,24.301,-25.362700000000004,25.362700000000004,-0.0686,0
2026-09-26,1790402400000,1,DOWN,83915.31,83899.99,-15.319999999992433,KXBTCD-26SEP2603-T83899.99,1790402702551,1790403263529,36.471,0.5,0.42,-5.727600000000001,25.875,12.694799999999999,25.3052,-6.587000000000001,1
2026-09-26,1790403300000,2,UP,83895.29,83899.99,4.7000000000116415,KXBTCD-26SEP2603-T83899.99,1790403813031,1790404161448,38.552,0.65,0.72,1.5184999999999984,25.3052,12.694799999999999,25.3052,0.7354999999999975,1
2026-09-26,1790404200000,3,UP,83927.82,83899.99,-27.830000000001746,KXBTCD-26SEP2603-T83899.99,1790404496369,1790405049232,50.768,0.63,0.64,-0.8753999999999996,25.2064,-25.3052,25.3052,-1.6554000000000002,0
2026-09-26,1790405100000,4,UP,83906.92,83899.99,-6.929999999993015,KXBTCD-26SEP2603-T83899.99,1790405400411,1790405963102,36.898,0.86,0.98,3.1957,25.1845,-25.0284,25.0284,2.5211999999999994,0
2026-09-26,1790406900000,2,UP,83994.3,83999.99,5.690000000002328,KXBTCD-26SEP2604-T83999.99,1790407461254,1790407741954,58.046,0.51,0.48,-3.183400000000001,25.8472,14.540299999999998,25.4597,-4.075700000000002,1
2026-09-26,1790407800000,3,UP,83997.61,83999.99,2.3800000000046566,KXBTCD-26SEP2604-T83999.99,1790408374658,1790408656712,43.288,0.6,0.62,-0.5449999999999993,25.2888,9.0401,24.9599,-1.3324,1
2026-09-26,1790408700000,4,UP,84022.19,83999.99,-22.19999999999709,KXBTCD-26SEP2604-T83999.99,1790408989901,1790409535171,64.829,0.95,0.99,0.9354000000000009,24.7865,6.9632,25.0368,0.41440000000000043,1
2026-09-26,1790409600000,1,DOWN,84100.46,84099.99,-0.47000000000116415,KXBTCD-26SEP2605-T84099.99,1790409893449,1790410437323,62.677,0.67,0.75,1.9015999999999988,25.362700000000004,6.9632,25.0368,1.1266999999999978,1
2026-09-26,1790410500000,2,DOWN,84046.27,83999.99,-46.279999999998836,KXBTCD-26SEP2605-T83999.99,1790410921150,1790411366030,33.97,0.34,0.17,-14.2778,25.9667,-25.0284,25.0284,-15.288700000000002,0
2026-09-26,1790412300000,4,DOWN,84278.34,84299.99,21.65000000000873,KXBTCD-26SEP2605-T84299.99,1790412572225,1790413116894,83.106,0.9,0.99,2.241099999999999,24.470100000000002,6.9632,25.0368,1.6980999999999988,1
2026-09-26,1790413200000,1,DOWN,84200.93,84199.99,-0.9399999999877764,KXBTCD-26SEP2606-T84199.99,1790413767209,1790414038859,61.141,0.54,0.88,14.5,25.639900000000004,19.470299999999998,25.529700000000002,13.264,1
2026-09-26,1790414100000,2,DOWN,83995.58,83999.99,4.4100000000034925,KXBTCD-26SEP2606-T83999.99,1790414381222,1790414945269,54.731,0.53,0.45,-5.393900000000001,25.7296,-25.379099999999998,25.379099999999998,-6.193400000000001,0
2026-09-26,1790415000000,3,UP,84009.42,83999.99,-9.429999999993015,KXBTCD-26SEP2606-T83999.99,1790415427195,1790415837647,62.353,0.6,0.5,-5.506299999999999,25.2888,-25.0284,25.0284,-6.1659999999999995,0
2026-09-26,1790415900000,4,UP,84001.25,83999.99,-1.2599999999947613,KXBTCD-26SEP2606-T83999.99,1790416460379,1790416740884,59.116,0.59,0.16,-19.1664,25.4912,-25.8472,25.8472,-19.5048,0
2026-09-26,1790417700000,2,UP,84104.46,84099.99,-4.470000000001164,KXBTCD-26SEP2607-T84099.99,1790417973280,1790418587209,12.791,0.7,0.7,-1.029,25.014499999999998,6.9632,25.0368,-1.7286000000000006,1
2026-09-26,1790418600000,3,DOWN,84132.38,84099.99,-32.38999999999942,KXBTCD-26SEP2607-T84099.99,1790418930148,1790419489950,10.05,0.4,0.16,-16.504900000000003,25.8416,-25.0284,25.0284,-17.1515,0
2026-09-26,1790419500000,4,UP,84139.2,84099.99,-39.20999999999185,KXBTCD-26SEP2607-T84099.99,1790419892998,1790420375316,24.684,0.96,0.99,0.6920000000000007,25.0299,9.985500000000002,25.014499999999998,0.16470000000000024,1
2026-09-26,1790420400000,1,DOWN,84166.78,84199.99,33.2100000000064,KXBTCD-26SEP2608-T84199.99,1790420777779,1790421258681,41.319,0.77,0.66,-4.419499999999999,25.0368,-25.1472,25.1472,-5.054,0
2026-09-26,1790421300000,2,UP,84167.4,84199.99,32.59000000001106,KXBTCD-26SEP2608-T84199.99,1790421608052,1790422156739,43.261,0.42,0.23,-12.9476,25.786099999999998,-25.362700000000004,25.362700000000004,-13.8719,0
2026-09-26,1790422200000,3,UP,84151.82,84199.99,48.169999999998254,KXBTCD-26SEP2608-T84199.99,1790422561048,1790423043051,56.949,0.26,0.34,4.879000000000001,26.253,8.7109,25.2891,2.8266999999999998,1
2026-09-26,1790423100000,4,UP,84163.19,84199.99,36.80000000000291,KXBTCD-26SEP2608-T84199.99,1790423652101,1790423991456,8.544,0.13,0.0,-26.4801,26.4801,11.6373,25.362700000000004,-26.4202,1
2026-09-26,1790424000000,1,DOWN,84166.95,84199.99,33.04000000000815,KXBTCD-26SEP2609-T84199.99,1790424243868,1790424863067,36.933,0.78,0.8,-0.10279999999999945,25.3444,3.8155000000000006,25.1845,-0.7202,1
2026-09-26,1790424900000,2,UP,84127.65,84099.99,-27.65999999998894,KXBTCD-26SEP2609-T84099.99,1790425142806,1790425763266,36.734,0.82,0.48,-11.0342,24.909999999999997,-24.8501,24.8501,-11.619599999999998,0
2026-09-26,1790426700000,4,UP,84045.45,83999.99,-45.45999999999185,KXBTCD-26SEP2609-T83999.99,1790426968156,1790427596951,3.049,0.97,0.99,0.4316000000000004,24.301,10.971599999999999,25.0284,-0.0686,1
2026-09-26,1790428500000,2,DOWN,83998.08,83999.99,1.9100000000034925,KXBTCD-26SEP2610-T83999.99,1790428986192,1790429336765,63.235,0.58,0.79,7.7973000000000035,25.673299999999998,7.2714,24.7286,6.764200000000002,1
2026-09-26,1790429400000,3,UP,83889.87,83899.99,10.120000000009895,KXBTCD-26SEP2610-T83899.99,1790429936889,1790430278054,21.946,0.69,0.63,-3.2865999999999977,25.379099999999998,9.645500000000002,25.354499999999998,-3.8917999999999986,1
2026-09-26,1790430300000,4,UP,83909.34,83899.99,-9.349999999991269,KXBTCD-26SEP2610-T83899.99,1790430550083,1790431179156,20.844,0.83,0.99,4.4828,25.196399999999997,9.645500000000002,25.354499999999998,3.7473000000000005,1
2026-09-26,1790431200000,1,UP,83933.37,83899.99,-33.379999999990105,KXBTCD-26SEP2611-T83899.99,1790431530964,1790432075630,24.37,0.57,0.67,2.8966000000000043,25.247799999999998,9.0401,24.9599,2.0312000000000032,1
2026-09-26,1790433000000,3,UP,83963.76,83999.99,36.23000000001048,KXBTCD-26SEP2611-T83999.99,1790433269322,1790433821612,78.388,0.59,0.68,2.429000000000003,25.4912,4.803600000000001,25.196399999999997,1.5466000000000026,1
2026-09-26,1790433900000,4,UP,84007.65,83999.99,-7.6599999999889405,KXBTCD-26SEP2611-T83999.99,1790434244069,1790434799082,0.918,0.87,0.99,3.1188000000000002,24.581699999999998,12.694799999999999,25.3052,2.5544999999999995,1
2026-09-26,1790434800000,1,UP,84014.24,83999.99,-14.25,KXBTCD-26SEP2612-T83999.99,1790435146790,1790435632622,67.378,0.63,0.59,-2.8568000000000016,25.2064,11.6373,25.362700000000004,-3.634100000000002,1
2026-09-26,1790435700000,2,UP,84015.87,83999.99,-15.879999999990105,KXBTCD-26SEP2612-T83999.99,1790436053922,1790436535005,64.995,0.66,0.78,3.4142999999999994,25.0012,10.971599999999999,25.0284,2.668599999999999,1
2026-09-26,1790436600000,3,UP,84045.99,83999.99,-46.0,KXBTCD-26SEP2612-T83999.99,1790436883841,1790437443357,56.643,0.94,0.93,-0.48119999999999735,24.542699999999996,3.8155000000000006,25.1845,-1.000499999999998,1
2026-09-26,1790437500000,4,DOWN,84107.22,84099.99,-7.2299999999959255,KXBTCD-26SEP2612-T84099.99,1790437784348,1790438333339,66.661,0.69,0.0,-25.379099999999998,25.379099999999998,-25.0012,25.0012,-25.014499999999998,0
2026-09-26,1790438400000,1,DOWN,84143.81,84099.99,-43.81999999999243,KXBTCD-26SEP2613-T84099.99,1790438893108,1790439238416,61.584,0.36,0.4,0.48790000000000244,25.9529,11.998799999999997,25.0012,-0.8690999999999987,1
2026-09-26,1790439300000,2,DOWN,84118.48,84099.99,-18.489999999990687,KXBTCD-26SEP2613-T84099.99,1790439727396,1790440138160,61.84,0.52,0.51,-2.1584000000000003,25.7987,10.620900000000002,25.379099999999998,-3.052100000000001,1
2026-09-26,1790440200000,3,UP,84104.04,84099.99,-4.0499999999883585,KXBTCD-26SEP2613-T84099.99,1790440479121,1790441043160,56.84,0.78,0.82,0.5648999999999975,25.3444,6.9632,25.0368,-0.07410000000000289,1
2026-09-26,1790441100000,4,DOWN,84140.86,84099.99,-40.86999999999534,KXBTCD-26SEP2613-T84099.99,1790441393352,1790441948832,51.168,0.16,0.12,-8.8609,26.4277,11.6373,25.362700000000004,-11.279400000000003,1
2026-09-26,1790442000000,1,DOWN,84103.03,84099.99,-3.039999999993597,KXBTCD-26SEP2614-T84099.99,1790442298576,1790442854025,45.975,0.55,0.55,-1.5594,25.529700000000002,10.620900000000002,25.379099999999998,-2.4041000000000006,1
2026-09-26,1790442900000,2,DOWN,84077.04,84099.99,22.95000000001164,KXBTCD-26SEP2614-T84099.99,1790443201003,1790443753158,46.842,0.62,0.65,-0.0966999999999989,25.4597,10.620900000000002,25.379099999999998,-0.8753999999999996,1
2026-09-26,1790443800000,3,DOWN,84053.37,84099.99,46.620000000009895,KXBTCD-26SEP2614-T84099.99,1790444101901,1790444663550,36.45,0.79,0.64,-5.5101,24.8501,-25.0012,25.0012,-6.123100000000001,0
2026-09-26,1790444700000,4,UP,84090.6,84099.99,9.389999999999418,KXBTCD-26SEP2614-T84099.99,1790444941923,1790445560440,39.56,0.68,0.99,10.586599999999999,25.0284,7.8168,25.1832,9.851499999999998,1
2026-09-26,1790446500000,2,DOWN,84095.83,84099.99,4.1600000000034925,KXBTCD-26SEP2615-T84099.99,1790446791932,1790447354330,45.67,0.67,0.71,0.37399999999999733,25.362700000000004,11.998799999999997,25.0012,-0.35760000000000336,1
2026-09-26,1790448300000,4,DOWN,84011.01,83999.99,-11.019999999989523,KXBTCD-26SEP2615-T83999.99,1790448579284,1790449131737,68.263,0.33,0.64,20.879599999999996,25.910800000000002,12.694799999999999,25.3052,18.8321,1
2026-09-26,1790449200000,1,UP,83995.43,83999.99,4.560000000012224,KXBTCD-26SEP2616-T83999.99,1790449463869,1790450014549,85.451,0.69,0.63,-3.2865999999999977,25.379099999999998,8.7109,25.2891,-3.8917999999999986,1
2026-09-26,1790450100000,2,UP,84020.08,83999.99,-20.089999999996508,KXBTCD-26SEP2616-T83999.99,1790450661067,1790450943127,56.873,0.73,0.74,-0.5870999999999997,25.2891,17.326700000000002,25.673299999999998,-1.2299000000000002,1
2026-09-26,1790451000000,3,DOWN,84025.56,83999.99,-25.569999999992433,KXBTCD-26SEP2616-T83999.99,1790451266134,1790451828264,71.736,0.34,0.37,-0.14790000000000236,25.9667,11.6373,25.362700000000004,-1.5658000000000034,1
2026-09-26,1790451900000,4,UP,84000.98,83999.99,-0.9899999999906868,KXBTCD-26SEP2616-T83999.99,1790452181680,1790452747379,52.621,0.83,0.93,2.5668000000000024,25.196399999999997,10.971599999999999,25.0284,1.8976000000000022,1
2026-09-26,1790452800000,1,UP,84005.27,83999.99,-5.279999999998836,KXBTCD-26SEP2617-T83999.99,1790453092656,1790453654132,45.868,0.66,0.58,-4.172200000000003,25.0012,-24.8501,24.8501,-4.907600000000003,0
2026-09-26,1790453700000,2,UP,84001.57,83999.99,-1.5800000000017462,KXBTCD-26SEP2617-T83999.99,1790453997414,1790454529211,70.789,0.76,0.86,2.5216999999999996,24.7286,6.149899999999999,24.8501,1.8775999999999988,1
2026-09-26,1790456400000,1,UP,84015.8,83999.99,-15.809999999997672,KXBTCD-26SEP2618-T83999.99,1790456678815,1790457217405,82.595,0.74,0.8,1.1659000000000017,24.8645,5.090000000000002,24.909999999999997,0.5035000000000012,1
2026-09-26,1790457300000,2,UP,84104.65,84099.99,-4.6599999999889405,KXBTCD-26SEP2618-T84099.99,1790457564505,1790458122326,77.674,0.63,0.69,1.1195999999999975,25.2064,10.620900000000002,25.379099999999998,0.336899999999997,1
2026-09-26,1790458200000,3,UP,84164.21,84199.99,35.779999999998836,KXBTCD-26SEP2618-T84199.99,1790458488016,1790459030869,69.131,0.4,0.23,-12.350300000000002,25.8416,-25.0012,25.0012,-13.136800000000003,0
2026-09-26,1790459100000,4,DOWN,84150.76,84199.99,49.23000000001048,KXBTCD-26SEP2618-T84199.99,1790459524809,1790459932554,67.446,0.97,0.99,0.4316000000000004,24.301,8.1355,24.8645,-0.0686,1
2026-09-26,1790460900000,2,DOWN,84316.43,84299.99,-16.439999999987776,KXBTCD-26SEP2619-T84299.99,1790461188278,1790461754031,45.969,0.65,0.4,-10.7436,25.3052,-25.362700000000004,25.362700000000004,-11.1874,0
2026-09-26,1790461800000,3,DOWN,84336.47,84299.99,-36.479999999995925,KXBTCD-26SEP2619-T84299.99,1790462107920,1790462644379,55.621,0.62,0.56,-3.7496999999999976,25.4597,6.149899999999999,24.8501,-4.432099999999998,1
2026-09-26,1790462700000,4,UP,84275.12,84299.99,24.870000000009895,KXBTCD-26SEP2619-T84299.99,1790463135715,1790463548733,51.267,0.73,0.01,-24.9727,25.2891,-25.1472,25.1472,-24.8645,0
2026-09-26,1790463600000,1,UP,84264.76,84299.99,35.23000000001048,KXBTCD-26SEP2620-T84299.99,1790463891258,1790464435650,64.35,0.6,0.6,-1.3776,25.2888,3.4183000000000003,24.581699999999998,-2.1436000000000006,1
2026-09-26,1790464500000,2,UP,84342.09,84299.99,-42.09999999999127,KXBTCD-26SEP2620-T84299.99,1790464842254,1790465394484,5.516,0.72,0.66,-3.053999999999998,24.9599,7.8168,25.1832,-3.730599999999999,1
2026-09-26,1790465400000,3,UP,84353.52,84399.99,46.470000000001164,KXBTCD-26SEP2620-T84399.99,1790465660310,1790466283497,16.503,0.49,0.19,-16.741699999999998,25.882199999999997,-25.0284,25.0284,-17.3916,0
2026-09-26,1790468100000,2,DOWN,84315.4,84299.99,-15.40999999998894,KXBTCD-26SEP2621-T84299.99,1790468362410,1790468923121,76.879,0.52,0.68,6.110100000000001,25.7987,9.985500000000002,25.014499999999998,5.032900000000001,1
2026-09-26,1790469900000,4,DOWN,84329.21,84299.99,-29.220000000001164,KXBTCD-26SEP2621-T84299.99,1790470240142,1790470725245,74.755,0.48,0.96,23.9116,25.8686,8.7109,25.2891,22.3982,1
2026-09-26,1790471700000,2,DOWN,84367.61,84399.99,32.38000000000466,KXBTCD-26SEP2622-T84399.99,1790471968174,1790472528687,71.313,0.75,0.83,1.880799999999999,25.1832,11.998799999999997,25.0012,1.180699999999998,1
2026-09-26,1790473500000,4,UP,84385.84,84399.99,14.150000000008731,KXBTCD-26SEP2622-T84399.99,1790473789682,1790474313076,86.924,0.79,0.99,5.818399999999999,24.8501,5.8527999999999984,25.1472,5.190199999999998,1
2026-09-26,1790474400000,1,DOWN,84472.63,84499.99,27.360000000000582,KXBTCD-26SEP2623-T84499.99,1790474688539,1790475250059,49.941,0.67,0.67,-1.1454,25.362700000000004,11.998799999999997,25.0012,-1.8339000000000008,1
2026-09-26,1790475300000,2,UP,84468.35,84499.99,31.639999999999418,KXBTCD-26SEP2623-T84499.99,1790475638507,1790476138075,61.925,0.5,0.46,-3.744399999999999,25.875,8.1355,24.8645,-4.6462,1
2026-09-26,1790476200000,3,DOWN,84490.91,84499.99,9.080000000001746,KXBTCD-26SEP2623-T84499.99,1790476710680,1790477025506,74.494,0.7,0.8,2.5935000000000032,25.014499999999998,11.6373,25.362700000000004,1.8890000000000025,1
2026-09-26,1790477100000,4,DOWN,84464.3,84499.99,35.69000000000233,KXBTCD-26SEP2623-T84499.99,1790477369381,1790477937198,62.802,0.96,0.99,0.6920000000000007,25.0299,9.645500000000002,25.354499999999998,0.16470000000000024,1
2026-09-26,1790478000000,1,UP,84442.04,84399.99,-42.04999999998836,KXBTCD-26SEP2700-T84399.99,1790478275119,1790478862315,37.685,0.79,0.78,-1.0425000000000002,24.8501,7.8168,25.1832,-1.6616000000000009,1
2026-09-26,1790479800000,3,UP,84375.52,84399.99,24.470000000001164,KXBTCD-26SEP2700-T84399.99,1790480059811,1790480628901,71.099,0.7,0.45,-9.870899999999999,25.014499999999998,3.153,24.847,-10.5582,1
2026-09-26,1790480700000,4,DOWN,84389.59,84399.99,10.400000000008731,KXBTCD-26SEP2700-T84399.99,1790481010601,1790481564533,35.467,0.69,0.99,10.2359,25.379099999999998,11.6373,25.362700000000004,9.237400000000001,1
2026-09-27,1790481600000,1,DOWN,84386.45,84399.99,13.540000000008149,KXBTCD-26SEP2701-T84399.99,1790481899979,1790482437616,62.384,0.58,0.22,-16.7299,25.673299999999998,-25.0012,25.0012,-17.159000000000002,0
2026-09-27,1790482500000,2,DOWN,84469.22,84499.99,30.770000000004075,KXBTCD-26SEP2701-T84499.99,1790482774553,1790483347831,52.169,0.8,0.81,-0.37119999999999975,25.1472,8.1355,24.8645,-0.9592000000000003,1
2026-09-27,1790484300000,4,UP,84294.83,84299.99,5.1600000000034925,KXBTCD-26SEP2701-T84299.99,1790484558479,1790485181568,18.432,0.74,0.99,7.7826,24.8645,7.8168,25.1832,7.1114999999999995,1
2026-09-27,1790486100000,2,UP,84365.77,84399.99,34.220000000001164,KXBTCD-26SEP2702-T84399.99,1790486382403,1790486963060,36.94,0.44,0.38,-5.249499999999999,25.605900000000002,9.0401,24.9599,-6.250400000000001,1
2026-09-27,1790487900000,4,DOWN,84521.33,84499.99,-21.339999999996508,KXBTCD-26SEP2702-T84499.99,1790488293096,1790488740072,59.928,0.66,0.99,11.603099999999998,25.0012,11.6373,25.362700000000004,10.846499999999997,1
2026-09-27,1790489700000,2,DOWN,84579.6,84599.99,20.389999999999418,KXBTCD-26SEP2703-T84599.99,1790489953052,1790490584793,15.207,0.65,0.54,-5.446,25.3052,-25.0284,25.0284,-6.0364,0
2026-09-27,1790490600000,3,DOWN,84588.14,84599.99,11.85000000000582,KXBTCD-26SEP2703-T84599.99,1790490900904,1790491427113,72.887,0.83,0.91,1.931600000000002,25.196399999999997,3.153,24.847,1.2844000000000015,1
2026-09-27,1790491500000,4,UP,84502.01,84499.99,-2.0199999999895226,KXBTCD-26SEP2703-T84499.99,1790491757627,1790492339880,60.12,0.75,0.66,-3.921599999999999,25.1832,9.985500000000002,25.014499999999998,-4.438199999999999,1
2026-09-27,1790492400000,1,UP,84508.51,84499.99,-8.519999999989523,KXBTCD-26SEP2704-T84499.99,1790492712700,1790493279799,20.201,0.6,0.54,-3.861799999999998,25.2888,11.998799999999997,25.0012,-4.563699999999998,1
2026-09-27,1790493300000,2,DOWN,84508.71,84499.99,-8.720000000001164,KXBTCD-26SEP2704-T84499.99,1790493598932,1790494169298,30.702,0.62,0.35,-12.096700000000002,25.4597,-24.9599,24.9599,-12.559100000000003,0
2026-09-27,1790494200000,3,UP,84514.78,84499.99,-14.789999999993597,KXBTCD-26SEP2704-T84499.99,1790494492872,1790495039043,60.957,0.82,0.89,1.5844000000000018,24.909999999999997,6.655599999999999,25.3444,0.9818000000000013,1
2026-09-27,1790495100000,4,UP,84607.61,84599.99,-7.619999999995343,KXBTCD-26SEP2704-T84599.99,1790495427094,1790495918458,81.542,0.77,0.99,6.6209999999999996,25.0368,6.149899999999999,24.8501,5.971599999999999,1
2026-09-27,1790496000000,1,UP,84761.85,84799.99,38.13999999999942,KXBTCD-26SEP2705-T84799.99,1790496340087,1790496885316,14.684,0.51,0.45,-4.6462,25.8472,9.985500000000002,25.014499999999998,-5.506700000000001,1
2026-09-27,1790496900000,2,UP,84794.7,84799.99,5.290000000008149,KXBTCD-26SEP2705-T84799.99,1790497287357,1790497769566,30.434,0.58,0.47,-6.213099999999999,25.673299999999998,8.1355,24.8645,-6.9014999999999995,1
2026-09-27,1790497800000,3,UP,84796.13,84799.99,3.860000000000582,KXBTCD-26SEP2705-T84799.99,1790498094835,1790498651071,48.929,0.58,0.12,-20.8312,25.673299999999998,-25.362700000000004,25.362700000000004,-21.159100000000002,0
2026-09-27,1790498700000,4,UP,84706.93,84699.99,-6.939999999987776,KXBTCD-26SEP2705-T84699.99,1790498990668,1790499524252,75.748,0.72,0.99,8.676499999999999,24.9599,8.1355,24.8645,7.9842,1
2026-09-27,1790499600000,1,DOWN,84786.64,84799.99,13.35000000000582,KXBTCD-26SEP2706-T84799.99,1790499858268,1790500456321,43.679,0.71,0.82,2.9837999999999996,25.354499999999998,5.3767999999999985,24.6232,2.213799999999999,1
2026-09-27,1790500500000,2,DOWN,84659.72,84699.99,40.270000000004075,KXBTCD-26SEP2706-T84699.99,1790501021781,1790501373641,26.359,0.69,0.54,-6.5650999999999975,25.379099999999998,-25.3052,25.3052,-7.074799999999997,0
2026-09-27,1790501400000,3,UP,84691.13,84699.99,8.860000000000582,KXBTCD-26SEP2706-T84699.99,1790501644641,1790502259595,40.405,0.79,0.87,1.8743999999999985,24.8501,7.8168,25.1832,1.2514999999999983,1
2026-09-27,1790503200000,1,UP,84915.84,84899.99,-15.849999999991269,KXBTCD-26SEP2707-T84899.99,1790503678007,1790504031469,68.531,0.54,0.76,8.7327,25.639900000000004,12.694799999999999,25.3052,7.629599999999998,1
2026-09-27,1790504100000,2,DOWN,85022.31,84999.99,-22.319999999992433,KXBTCD-26SEP2707-T84999.99,1790504438212,1790504929867,70.133,0.51,0.72,8.741299999999999,25.8472,9.0401,24.9599,7.589399999999998,1
2026-09-27,1790505000000,3,DOWN,84923.4,84899.99,-23.40999999998894,KXBTCD-26SEP2707-T84899.99,1790505288198,1790505835986,64.014,0.45,0.62,7.49,25.7029,11.998799999999997,25.0012,6.261699999999998,1
2026-09-27,1790505900000,4,UP,84852.39,84899.99,47.60000000000582,KXBTCD-26SEP2707-T84899.99,1790506253980,1790506739357,60.643,0.13,0.01,-24.6932,26.4801,5.8527999999999984,25.1472,-26.4202,1
2026-09-27,1790506800000,1,UP,84857.73,84899.99,42.26000000000931,KXBTCD-26SEP2708-T84899.99,1790507156958,1790507644043,55.957,0.43,0.5,2.0498000000000003,25.935200000000002,9.0401,24.9599,0.8543999999999994,1
2026-09-27,1790507700000,2,DOWN,84903.62,84899.99,-3.6299999999901047,KXBTCD-26SEP2708-T84899.99,1790507991415,1790508551281,48.719,0.64,0.45,-8.7147,25.589000000000002,5.090000000000002,24.909999999999997,-9.2407,1
2026-09-27,1790508600000,3,DOWN,84901.09,84899.99,-1.0999999999912689,KXBTCD-26SEP2708-T84899.99,1790508853170,1790509446028,53.972,0.69,0.56,-5.840099999999996,25.379099999999998,5.3767999999999985,24.6232,-6.370899999999996,1
2026-09-27,1790509500000,4,DOWN,84887.51,84899.99,12.480000000010477,KXBTCD-26SEP2708-T84899.99,1790509798332,1790510358760,41.24,0.83,0.98,4.162400000000001,25.196399999999997,7.2714,24.7286,3.438,1
2026-09-27,1790510400000,1,UP,84881.7,84899.99,18.29000000000815,KXBTCD-26SEP2709-T84899.99,1790510691339,1790511252824,47.176,0.61,0.71,2.757199999999999,25.0662,6.655599999999999,25.3444,1.9522999999999984,1
2026-09-27,1790511300000,2,DOWN,84981.42,84999.99,18.570000000006985,KXBTCD-26SEP2709-T84999.99,1790511855575,1790512126284,73.716,0.65,0.77,3.4837,25.3052,12.694799999999999,25.3052,2.646299999999999,1
2026-09-27,1790512200000,3,UP,84942.08,84899.99,-42.08999999999651,KXBTCD-26SEP2709-T84899.99,1790512531824,1790513017527,82.473,0.86,0.93,1.653300000000002,25.1845,11.998799999999997,25.0012,1.0340000000000011,1
2026-09-27,1790513100000,4,DOWN,84974.89,84999.99,25.10000000000582,KXBTCD-26SEP2709-T84999.99,1790513374193,1790513921286,78.714,0.91,0.99,1.986399999999999,24.724800000000002,7.8168,25.1832,1.4436999999999984,1
2026-09-27,1790514000000,1,DOWN,84791.51,84799.99,8.480000000010477,KXBTCD-26SEP2710-T84799.99,1790514277190,1790514829673,70.327,0.66,0.74,1.8803999999999987,25.0012,6.655599999999999,25.3444,1.136799999999998,1
2026-09-27,1790515800000,3,UP,84919.49,84899.99,-19.5,KXBTCD-26SEP2710-T84899.99,1790516083811,1790516625009,74.991,0.86,0.36,-15.2123,25.1845,-24.847,24.847,-15.2276,0
2026-09-27,1790517600000,1,DOWN,85016.5,84999.99,-16.50999999999476,KXBTCD-26SEP2711-T84999.99,1790517861571,1790518485651,14.349,0.61,0.52,-4.965099999999999,25.0662,4.091100000000001,24.9089,-5.759499999999999,1
2026-09-27,1790521200000,1,DOWN,84540.45,84499.99,-40.45999999999185,KXBTCD-26SEP2712-T84499.99,1790521534840,1790522016527,83.473,0.58,0.5,-4.925799999999999,25.673299999999998,11.998799999999997,25.0012,-5.645999999999999,1
2026-09-27,1790522100000,2,UP,84478.08,84499.99,21.910000000003492,KXBTCD-26SEP2712-T84499.99,1790522392027,1790522937934,62.066,0.67,0.57,-4.907600000000003,25.362700000000004,5.090000000000002,24.909999999999997,-5.489400000000003,1
2026-09-27,1790523900000,4,UP,84450.34,84499.99,49.65000000000873,KXBTCD-26SEP2712-T84499.99,1790524167260,1790524789503,10.497,0.47,0.0,-25.8342,25.8342,11.6373,25.362700000000004,-25.8686,1
2026-09-27,1790524800000,1,UP,84455.59,84499.99,44.40000000000873,KXBTCD-26SEP2713-T84499.99,1790525131496,1790525623824,76.176,0.6,0.61,-0.9615999999999996,25.2888,5.3767999999999985,24.6232,-1.7382000000000004,1
2026-09-27,1790525700000,2,UP,84547.16,84499.99,-47.169999999998254,KXBTCD-26SEP2713-T84499.99,1790526053271,1790526538779,61.221,0.75,0.7,-2.5683000000000016,25.1832,10.620900000000002,25.379099999999998,-3.127800000000002,1
2026-09-27,1790527500000,4,UP,84370.69,84399.99,29.30000000000291,KXBTCD-26SEP2713-T84399.99,1790527785105,1790528337803,62.197,0.52,0.71,7.589399999999998,25.7987,9.0401,24.9599,6.479499999999996,1
2026-09-27,1790528400000,1,UP,84406.87,84399.99,-6.879999999990105,KXBTCD-26SEP2714-T84399.99,1790528690356,1790529247010,52.99,0.63,0.45,-8.3321,25.2064,-25.3052,25.3052,-9.101700000000001,0
2026-09-27,1790530200000,3,UP,84417.64,84399.99,-17.64999999999418,KXBTCD-26SEP2714-T84399.99,1790530481434,1790531037710,62.29,0.78,0.84,1.2344999999999982,25.3444,7.2714,24.7286,0.5736999999999975,1
2026-09-27,1790532000000,1,UP,84548.52,84499.99,-48.529999999998836,KXBTCD-26SEP2715-T84499.99,1790532350470,1790532836907,63.093,0.69,0.76,1.5212000000000023,25.379099999999998,10.971599999999999,25.0284,0.7761000000000016,1
2026-09-27,1790533800000,3,UP,84717.67,84699.99,-17.679999999993015,KXBTCD-26SEP2715-T84699.99,1790534295731,1790534644652,55.348,0.61,0.77,5.2379000000000016,25.0662,10.620900000000002,25.379099999999998,4.429500000000001,1
2026-09-27,1790534700000,4,DOWN,84744.82,84699.99,-44.830000000001746,KXBTCD-26SEP2715-T84699.99,1790535261766,1790535544392,55.608,0.2,0.0,-26.4,26.4,-25.639900000000004,25.639900000000004,-26.372000000000003,0
2026-09-27,1790535600000,1,DOWN,84795.5,84799.99,4.490000000005239,KXBTCD-26SEP2716-T84799.99,1790535884619,1790536433404,66.596,0.71,0.54,-7.063099999999998,25.354499999999998,4.803600000000001,25.196399999999997,-7.532799999999998,1
2026-09-27,1790537400000,3,UP,84680.29,84699.99,19.70000000001164,KXBTCD-26SEP2716-T84699.99,1790537875523,1790538223262,76.738,0.75,0.79,0.5035000000000012,25.1832,6.149899999999999,24.8501,-0.15299999999999947,1
2026-09-27,1790538300000,4,UP,84757.82,84799.99,42.169999999998254,KXBTCD-26SEP2716-T84799.99,1790538584167,1790539143064,56.936,0.3,0.0,-26.120099999999997,26.120099999999997,-25.3052,25.3052,-25.9979,0
2026-09-27,1790539200000,1,UP,84720.83,84749.99,29.160000000003492,KXBTCD-26SEP2717-T84749.99,1790539484977,1790540027602,72.398,0.55,0.62,1.6280999999999977,25.529700000000002,5.3767999999999985,24.6232,0.7081999999999972,1
2026-09-27,1790541000000,3,DOWN,84605.94,84499.99,-105.94999999999709,KXBTCD-26SEP2717-T84499.99,1790541359341,1790541852460,47.54,0.24,0.07,-19.4819,26.2879,-25.0284,25.0284,-20.7073,0
2026-09-27,1790544600000,3,DOWN,84606.54,84599.99,-6.5499999999883585,KXBTCD-26SEP2718-T84599.99,1790544882819,1790545418553,81.447,0.54,0.76,8.7327,25.639900000000004,12.694799999999999,25.3052,7.629599999999998,1
2026-09-27,1790549100000,4,UP,84179.88,84199.99,20.110000000000582,KXBTCD-26SEP2719-T84199.99,1790549527946,1790549917168,82.832,0.61,0.81,6.902800000000004,25.0662,11.998799999999997,25.0012,6.092300000000002,1
2026-09-27,1790550000000,1,UP,84194.99,84199.99,5.0,KXBTCD-26SEP2720-T84199.99,1790550300668,1790550850491,49.509,0.61,0.69,1.9347999999999985,25.0662,7.8168,25.1832,1.1309999999999978,1
2026-09-27,1790551800000,3,UP,84390.86,84399.99,9.130000000004657,KXBTCD-26SEP2720-T84399.99,1790552141705,1790552675721,24.279,0.44,0.23,-13.4202,25.605900000000002,-25.3052,25.3052,-14.2636,0
2026-09-27,1790552700000,4,UP,84337.75,84299.99,-37.75999999999476,KXBTCD-26SEP2720-T84299.99,1790552964397,1790553515726,84.274,0.95,0.99,0.9354000000000009,24.7865,5.090000000000002,24.909999999999997,0.41440000000000043,1
2026-09-27,1790553600000,1,UP,84446.08,84399.99,-46.08999999999651,KXBTCD-26SEP2721-T84399.99,1790553884850,1790554479240,20.76,0.73,0.55,-7.178199999999998,25.2891,-24.6232,24.6232,-7.6183999999999985,0
2026-09-27,1790554500000,2,UP,84414.77,84399.99,-14.779999999998836,KXBTCD-26SEP2721-T84399.99,1790554742944,1790555330917,69.083,0.75,0.86,2.9185999999999996,25.1832,3.4183000000000003,24.581699999999998,2.185799999999999,1
2026-09-27,1790556300000,4,UP,84272.52,84299.99,27.470000000001164,KXBTCD-26SEP2721-T84299.99,1790556589429,1790557150453,49.547,0.95,0.0,-24.7865,24.7865,-24.7378,24.7378,-25.0299,0
2026-09-27,1790560800000,1,DOWN,83700.88,83699.99,-0.8899999999994179,KXBTCD-26SEP2723-T83699.99,1790561056518,1790561676155,23.845,0.59,0.36,-11.0486,25.4912,-25.3444,25.3444,-11.591800000000001,0
2026-09-27,1790561700000,2,DOWN,83732.16,83699.99,-32.169999999998254,KXBTCD-26SEP2723-T83699.99,1790561955225,1790562571925,28.075,0.58,0.5,-4.925799999999999,25.673299999999998,8.7109,25.2891,-5.645999999999999,1
2026-09-27,1790563500000,4,DOWN,83494.5,83499.99,5.490000000005239,KXBTCD-26SEP2723-T83499.99,1790563783921,1790564338350,61.65,0.74,0.99,7.7826,24.8645,8.1355,24.8645,7.1114999999999995,1
2026-09-27,1790564400000,1,UP,83394.03,83399.99,5.960000000006403,KXBTCD-26SEP2800-T83399.99,1790564688724,1790565248081,51.919,0.61,0.61,-1.3324,25.0662,9.985500000000002,25.014499999999998,-2.131700000000001,1
2026-09-27,1790567100000,4,DOWN,83457.59,83499.99,42.40000000000873,KXBTCD-26SEP2800-T83499.99,1790567447677,1790567935006,64.994,0.77,0.99,6.6209999999999996,25.0368,9.645500000000002,25.354499999999998,5.971599999999999,1
2026-09-28,1790568000000,1,DOWN,83323.89,83299.99,-23.89999999999418,KXBTCD-26SEP2801-T83299.99,1790568283981,1790568845752,54.248,0.55,0.25,-14.870400000000002,25.529700000000002,-25.362700000000004,25.362700000000004,-15.400800000000002,0
2026-09-28,1790568900000,2,UP,83410.26,83399.99,-10.269999999989523,KXBTCD-26SEP2801-T83399.99,1790569186258,1790569743637,56.363,0.66,0.66,-1.1624,25.0012,10.620900000000002,25.379099999999998,-1.9020000000000006,1
2026-09-28,1790569800000,3,DOWN,83469.47,83499.99,30.520000000004075,KXBTCD-26SEP2801-T83499.99,1790570094891,1790570657742,42.258,0.73,0.57,-6.4925000000000015,25.2891,-25.3052,25.3052,-6.953700000000001,0
2026-09-28,1790570700000,4,DOWN,83481.1,83499.99,18.889999999999418,KXBTCD-26SEP2801-T83499.99,1790570992635,1790571557978,42.022,0.9,0.95,1.0900999999999983,24.470100000000002,-25.0368,25.0368,0.5485999999999978,0
2026-09-28,1790572500000,2,DOWN,83282.51,83299.99,17.480000000010477,KXBTCD-26SEP2802-T83299.99,1790572771874,1790573335288,64.712,0.64,0.84,6.803999999999998,25.589000000000002,11.998799999999997,25.0012,5.859399999999998,1
2026-09-28,1790573400000,3,DOWN,83071.6,83099.99,28.389999999999418,KXBTCD-26SEP2802-T83099.99,1790573678303,1790574242560,57.44,0.81,0.67,-4.9876000000000005,24.6232,-25.1472,25.1472,-5.581300000000001,0
2026-09-28,1790574300000,4,DOWN,83099.01,83099.99,0.9800000000104774,KXBTCD-26SEP2802-T83099.99,1790574724727,1790575137426,62.574,0.66,0.02,-24.311999999999998,25.0012,-24.8645,24.8645,-25.018400000000003,0
2026-09-28,1790575200000,1,DOWN,83163.59,83199.99,36.40000000000873,KXBTCD-26SEP2803-T83199.99,1790575501370,1790576055565,44.435,0.6,0.41,-9.1731,25.2888,-25.3052,25.3052,-9.7382,0
2026-09-28,1790577900000,4,DOWN,83181.66,83199.99,18.330000000001746,KXBTCD-26SEP2803-T83199.99,1790578190717,1790578728707,71.293,0.74,0.99,7.7826,24.8645,11.6373,25.362700000000004,7.1114999999999995,1
2026-09-28,1790578800000,1,UP,83131.72,83099.99,-31.729999999995925,KXBTCD-26SEP2804-T83099.99,1790579075680,1790579621649,78.351,0.68,0.45,-9.452100000000002,25.0284,-25.196399999999997,25.196399999999997,-10.160100000000002,0
2026-09-28,1790579700000,2,UP,83049.77,82999.99,-49.779999999998836,KXBTCD-26SEP2804-T82999.99,1790579978311,1790580533287,66.713,0.76,0.33,-14.6639,24.7286,-25.014499999999998,25.014499999999998,-15.284300000000002,0
2026-09-28,1790580600000,3,UP,82925.22,82899.99,-25.229999999995925,KXBTCD-26SEP2804-T82899.99,1790580947389,1790581440924,59.076,0.75,0.51,-8.930499999999999,25.1832,-25.362700000000004,25.362700000000004,-9.2886,0
2026-09-28,1790581500000,4,UP,82894.82,82899.99,5.169999999998254,KXBTCD-26SEP2804-T82899.99,1790581783876,1790582328830,71.17,0.75,0.72,-1.888900000000001,25.1832,11.6373,25.362700000000004,-2.4699000000000013,1
2026-09-28,1790582400000,1,UP,82951.18,82999.99,48.810000000012224,KXBTCD-26SEP2805-T82999.99,1790582683817,1790583249401,50.599,0.57,0.42,-7.921099999999998,25.247799999999998,8.7109,25.2891,-8.7715,1
2026-09-28,1790584200000,3,UP,82795.57,82799.99,4.419999999998254,KXBTCD-26SEP2805-T82799.99,1790584484287,1790585039443,60.557,0.73,0.6,-5.4603,25.2891,4.803600000000001,25.196399999999997,-5.9533000000000005,1
2026-09-28,1790585100000,4,UP,82861.02,82899.99,38.970000000001164,KXBTCD-26SEP2805-T82899.99,1790585396755,1790585950743,49.257,0.39,0.99,37.28979999999999,26.0258,10.971599999999999,25.0284,34.8333,1
2026-09-28,1790586000000,1,DOWN,82926.45,82899.99,-26.45999999999185,KXBTCD-26SEP2806-T82899.99,1790586295948,1790586839760,60.24,0.73,0.71,-1.6392000000000007,25.2891,2.2751999999999994,24.724800000000002,-2.2496000000000014,1
2026-09-28,1790586900000,2,UP,82826.8,82799.99,-26.80999999999767,KXBTCD-26SEP2806-T82799.99,1790587188692,1790587744964,55.036,0.66,0.4,-10.822800000000003,25.0012,-25.0284,25.0284,-11.5489,0
2026-09-28,1790588700000,4,UP,82602.13,82599.99,-2.139999999999418,KXBTCD-26SEP2806-T82599.99,1790588988802,1790589547537,52.463,0.95,0.97,0.38050000000000045,24.7865,5.3767999999999985,24.6232,-0.1398,1
2026-09-28,1790589600000,1,UP,82615.99,82599.99,-16.0,KXBTCD-26SEP2807-T82599.99,1790589887515,1790590452195,47.805,0.81,0.64,-5.907100000000002,24.6232,2.0207999999999986,24.9792,-6.499600000000002,1
2026-09-28,1790592300000,4,DOWN,82909.09,82899.99,-9.099999999991269,KXBTCD-26SEP2807-T82899.99,1790592559397,1790593130490,69.51,0.8,0.13,-21.3627,25.1472,-24.8501,24.8501,-21.245000000000005,0
2026-09-28,1790593200000,1,UP,82924.72,82899.99,-24.729999999995925,KXBTCD-26SEP2808-T82899.99,1790593537772,1790594030176,69.824,0.65,0.63,-1.9853000000000005,25.3052,12.694799999999999,25.3052,-2.6715000000000013,1
2026-09-28,1790594100000,2,UP,82956.62,82999.99,43.370000000009895,KXBTCD-26SEP2808-T82999.99,1790594582289,1790594924623,75.377,0.46,0.46,-1.878,25.779,11.6373,25.362700000000004,-2.9025000000000007,1
2026-09-28,1790595000000,3,UP,82989.69,82999.99,10.30000000000291,KXBTCD-26SEP2808-T82999.99,1790595499867,1790595851244,48.756,0.57,0.69,3.7783,25.247799999999998,11.998799999999997,25.0012,2.911699999999999,1
2026-09-28,1790595900000,4,DOWN,83051.43,83099.99,48.560000000012224,KXBTCD-26SEP2808-T83099.99,1790596190320,1790596766171,33.829,0.93,0.99,1.4233999999999984,24.2985,-24.8501,24.8501,0.9015999999999981,0
2026-09-28,1790597700000,2,UP,83327.46,83299.99,-27.470000000001164,KXBTCD-26SEP2809-T83299.99,1790598028680,1790598587458,12.542,0.68,0.59,-4.398000000000003,25.0284,12.694799999999999,25.3052,-5.113000000000004,1
2026-09-28,1790600400000,1,DOWN,83547.31,83499.99,-47.31999999999243,KXBTCD-26SEP2810-T83499.99,1790600680570,1790601248740,51.26,0.61,0.64,-0.11139999999999894,25.0662,3.4183000000000003,24.581699999999998,-0.9123999999999995,1
2026-09-28,1790604900000,2,DOWN,83398.37,83399.99,1.6200000000098953,KXBTCD-26SEP2811-T83399.99,1790605143771,1790605747004,52.996,0.62,0.67,0.7212000000000018,25.4597,6.9632,25.0368,-0.07909999999999895,1
2026-09-28,1790606700000,4,UP,82892.45,82899.99,7.540000000008149,KXBTCD-26SEP2811-T82899.99,1790607053551,1790607543781,56.219,0.72,0.58,-5.8197,24.9599,10.971599999999999,25.0284,-6.4925000000000015,1
2026-09-28,1790607600000,1,UP,82953.65,82999.99,46.34000000001106,KXBTCD-26SEP2812-T82999.99,1790607893781,1790608454412,45.588,0.47,0.44,-3.4283999999999986,25.8342,9.985500000000002,25.014499999999998,-4.400799999999999,1
2026-09-28,1790608500000,2,DOWN,82960.58,82999.99,39.41000000000349,KXBTCD-26SEP2812-T82999.99,1790608863704,1790609350532,49.468,0.62,0.36,-11.704899999999999,25.4597,-25.0012,25.0012,-12.177500000000002,0
2026-09-28,1790609400000,3,UP,83072.33,83099.99,27.660000000003492,KXBTCD-26SEP2812-T83099.99,1790609823721,1790610226689,73.311,0.68,0.73,0.7548999999999977,25.0284,6.149899999999999,24.8501,0.03279999999999694,1
2026-09-28,1790611200000,1,DOWN,83366.8,83399.99,33.19000000000233,KXBTCD-26SEP2813-T83399.99,1790611452478,1790612056750,43.25,0.69,0.49,-8.368899999999998,25.379099999999998,-25.3444,25.3444,-8.826099999999999,0
2026-09-28,1790613900000,4,DOWN,83710.86,83699.99,-10.869999999995343,KXBTCD-26SEP2813-T83699.99,1790614181017,1790614740661,59.339,0.79,0.85,1.223199999999998,24.8501,10.620900000000002,25.379099999999998,0.6010999999999975,1
2026-09-28,1790617500000,4,DOWN,83981.71,83999.99,18.279999999998836,KXBTCD-26SEP2814-T83999.99,1790617779938,1790618333635,66.365,0.72,0.99,8.676499999999999,24.9599,10.620900000000002,25.379099999999998,7.9842,1
2026-09-28,1790619300000,2,DOWN,83945.17,83899.99,-45.179999999993015,KXBTCD-26SEP2815-T83899.99,1790619584268,1790620141614,58.386,0.51,0.44,-5.1324000000000005,25.8472,10.971599999999999,25.0284,-5.982300000000001,1
2026-09-28,1790622900000,2,DOWN,83703.59,83699.99,-3.599999999991269,KXBTCD-26SEP2816-T83699.99,1790623323413,1790623745677,54.323,0.54,0.59,0.7210999999999971,25.639900000000004,9.985500000000002,25.014499999999998,-0.19710000000000383,1
2026-09-28,1790624700000,4,UP,83274.99,83299.99,25.0,KXBTCD-26SEP2816-T83299.99,1790625172565,1790625524991,75.009,0.76,0.98,6.5874,24.7286,6.149899999999999,24.8501,5.937999999999999,1
2026-09-28,1790625600000,1,UP,83377.12,83499.99,122.8700000000099,KXBTCD-26SEP2817-T83499.99,1790625942540,1790626428785,71.215,0.48,0.56,2.354500000000004,25.8686,7.2714,24.7286,1.284200000000003,1
2026-09-28,1790626500000,2,DOWN,83539.92,83499.99,-39.929999999993015,KXBTCD-26SEP2817-T83499.99,1790626750933,1790627359782,40.218,0.57,0.44,-7.069499999999998,25.247799999999998,6.9632,25.0368,-7.921099999999998,1
2026-09-28,1790627400000,3,DOWN,83500.84,83499.99,-0.8499999999912689,KXBTCD-26SEP2817-T83499.99,1790627983264,1790628264647,35.353,0.48,0.58,3.4045999999999994,25.8686,26.1314,25.8686,2.3126999999999986,1
2026-09-28,1790628300000,4,DOWN,83459.79,83499.99,40.20000000001164,KXBTCD-26SEP2817-T83499.99,1790628685867,1790629178484,21.516,0.82,0.11,-21.815599999999996,24.909999999999997,-25.0284,25.0284,-22.385399999999997,0
2026-09-28,1790629200000,1,UP,83503.87,83499.99,-3.8799999999901047,KXBTCD-26SEP2818-T83499.99,1790629459202,1790630022506,77.494,0.67,0.63,-2.6565000000000016,25.362700000000004,6.9632,25.0368,-3.302200000000002,1
2026-09-28,1790632800000,1,DOWN,83189.31,83199.99,10.680000000007567,KXBTCD-26SEP2819-T83199.99,1790633150788,1790633642201,57.799,0.58,0.52,-4.064599999999997,25.673299999999998,11.6373,25.362700000000004,-4.805999999999998,1
2026-09-28,1790633700000,2,UP,83173.05,83199.99,26.94000000000233,KXBTCD-26SEP2819-T83199.99,1790634160688,1790634563156,36.844,0.52,0.53,-1.1956999999999995,25.7987,9.645500000000002,25.354499999999998,-2.1108000000000007,1
2026-09-28,1790635500000,4,UP,83444.8,83399.99,-44.80999999999767,KXBTCD-26SEP2819-T83399.99,1790635776866,1790636327581,72.419,0.85,0.99,3.7810000000000006,24.9089,9.645500000000002,25.354499999999998,3.1957,1
2026-09-28,1790638200000,3,UP,83546.39,83499.99,-46.39999999999418,KXBTCD-26SEP2820-T83499.99,1790638794860,1790639075351,24.649,0.75,0.77,-0.1823999999999994,25.1832,14.933800000000002,25.0662,-0.8172,1
2026-09-28,1790639100000,4,DOWN,83559.3,83599.99,40.69000000000233,KXBTCD-26SEP2820-T83599.99,1790639356802,1790639925132,74.868,0.89,0.99,2.5885999999999996,25.111900000000002,8.1355,24.8645,1.952799999999999,1
2026-09-28,1790640000000,1,DOWN,83484.34,83499.99,15.650000000008731,KXBTCD-26SEP2821-T83499.99,1790640409738,1790640831883,68.117,0.5,0.52,-0.7485999999999992,25.875,-25.3052,25.3052,-1.7144,0
2026-09-28,1790640900000,2,DOWN,83495.58,83499.99,4.4100000000034925,KXBTCD-26SEP2821-T83499.99,1790641195894,1790641738295,61.705,0.73,0.47,-9.902,25.2891,-24.847,24.847,-10.2584,0
2026-09-28,1790641800000,3,UP,83504.45,83499.99,-4.459999999991851,KXBTCD-26SEP2821-T83499.99,1790642074642,1790642636174,63.826,0.69,0.48,-8.728099999999998,25.379099999999998,-25.379099999999998,25.379099999999998,-9.1748,0
2026-09-28,1790644500000,2,DOWN,82991.63,82999.99,8.360000000000582,KXBTCD-26SEP2822-T82999.99,1790644777620,1790645329632,70.368,0.67,0.67,-1.1454,25.362700000000004,7.8168,25.1832,-1.8339000000000008,1
2026-09-28,1790645400000,3,UP,82812.75,82799.99,-12.759999999994761,KXBTCD-26SEP2822-T82799.99,1790645680612,1790646240565,59.435,0.67,0.77,2.668599999999999,25.362700000000004,7.8168,25.1832,1.8718999999999986,1
2026-09-28,1790646300000,4,UP,82913.76,82899.99,-13.769999999989523,KXBTCD-26SEP2822-T82899.99,1790646580255,1790647131433,68.567,0.65,0.99,12.288399999999998,25.3052,11.998799999999997,25.0012,11.207999999999997,1
2026-09-28,1790647200000,1,DOWN,83035.85,82999.99,-35.86000000000058,KXBTCD-26SEP2823-T82999.99,1790647480661,1790648032023,67.977,0.53,0.53,-1.6392,25.7296,9.0401,24.9599,-2.5237000000000007,1
2026-09-28,1790648100000,2,UP,83016.08,82999.99,-16.089999999996508,KXBTCD-26SEP2823-T82999.99,1790648453021,1790648942707,57.293,0.7,0.36,-12.979,25.014499999999998,-25.379099999999998,25.379099999999998,-13.6619,0
2026-09-28,1790649000000,3,DOWN,82922.46,82899.99,-22.470000000001164,KXBTCD-26SEP2823-T82899.99,1790649364075,1790649856711,43.289,0.5,0.35,-9.1713,25.875,-25.0012,25.0012,-9.956900000000003,0
2026-09-28,1790650800000,1,UP,82932.33,82899.99,-32.33999999999651,KXBTCD-26SEP2900-T82899.99,1790651085612,1790651639522,60.478,0.46,0.5,0.2759999999999988,25.779,-25.362700000000004,25.362700000000004,-0.791400000000002,0
2026-09-28,1790652600000,3,DOWN,83168.77,83199.99,31.220000000001164,KXBTCD-26SEP2900-T83199.99,1790653096848,1790653438658,61.342,0.72,0.83,2.9241999999999995,24.9599,7.8168,25.1832,2.2395999999999985,1
2026-09-29,1790655300000,2,UP,83103.78,83099.99,-3.789999999993597,KXBTCD-26SEP2901-T83099.99,1790655582142,1790656145808,54.192,0.67,0.77,2.668599999999999,25.362700000000004,9.645500000000002,25.354499999999998,1.8718999999999986,1
2026-09-29,1790656200000,3,DOWN,83198.58,83199.99,1.4100000000034925,KXBTCD-26SEP2901-T83199.99,1790656495188,1790657050927,49.073,0.75,0.76,-0.5245999999999997,25.1832,7.8168,25.1832,-1.1486000000000003,1
2026-09-29,1790657100000,4,DOWN,83136.9,83099.99,-36.90999999998894,KXBTCD-26SEP2901-T83099.99,1790657402017,1790657946192,53.808,0.67,0.0,-25.362700000000004,25.362700000000004,-24.6232,24.6232,-25.0284,0
2026-09-29,1790658000000,1,UP,83169.61,83199.99,30.380000000004657,KXBTCD-26SEP2902-T83199.99,1790658299876,1790658847149,52.851,0.47,0.55,2.397500000000004,25.8342,9.645500000000002,25.354499999999998,1.307200000000003,1
2026-09-29,1790658900000,2,UP,83223.8,83199.99,-23.80999999999767,KXBTCD-26SEP2902-T83199.99,1790659200563,1790659759387,40.613,0.72,0.72,-0.9598,24.9599,10.620900000000002,25.379099999999998,-1.6392000000000007,1
2026-09-29,1790659800000,3,DOWN,83284.17,83299.99,15.820000000006985,KXBTCD-26SEP2902-T83299.99,1790660043484,1790660656986,43.014,0.9,0.56,-9.8158,24.470100000000002,2.0207999999999986,24.9792,-10.3426,1
2026-09-29,1790660700000,4,UP,83274.19,83299.99,25.80000000000291,KXBTCD-26SEP2902-T83299.99,1790661082500,1790661567692,32.308,0.66,0.99,11.603099999999998,25.0012,10.971599999999999,25.0284,10.846499999999997,1
2026-09-29,1790661600000,1,UP,83375.74,83399.99,24.25,KXBTCD-26SEP2903-T83399.99,1790661911096,1790662417255,82.745,0.64,0.87,8.0322,25.589000000000002,8.1355,24.8645,7.054499999999999,1
2026-09-29,1790662500000,2,DOWN,83822.95,83799.99,-22.95999999999185,KXBTCD-26SEP2903-T83799.99,1790662793601,1790663329800,70.2,0.58,0.49,-5.355499999999999,25.673299999999998,-25.1472,25.1472,-6.065099999999999,0
2026-09-29,1790665200000,1,DOWN,83969.94,83999.99,30.05000000000291,KXBTCD-26SEP2904-T83999.99,1790665473250,1790666078097,21.903,0.68,0.64,-2.5691000000000015,25.0284,9.0401,24.9599,-3.2866000000000017,1
2026-09-29,1790666100000,2,UP,83953.97,83999.99,46.020000000004075,KXBTCD-26SEP2904-T83999.99,1790666464580,1790666950063,49.937,0.44,0.39,-4.698499999999999,25.605900000000002,9.985500000000002,25.014499999999998,-5.71,1
2026-09-29,1790667000000,3,UP,83962.58,83999.99,37.41000000000349,KXBTCD-26SEP2904-T83999.99,1790667297667,1790667854765,45.235,0.52,0.43,-5.982300000000001,25.7987,11.6373,25.362700000000004,-6.791100000000002,1
2026-09-29,1790667900000,4,UP,83994.96,83999.99,5.029999999998836,KXBTCD-26SEP2904-T83999.99,1790668351867,1790668758303,41.697,0.7,0.0,-25.014499999999998,25.014499999999998,-25.354499999999998,25.354499999999998,-25.354499999999998,0
2026-09-29,1790668800000,1,UP,83944.58,83899.99,-44.58999999999651,KXBTCD-26SEP2905-T83899.99,1790669103305,1790669660197,39.803,0.71,0.75,0.4361000000000013,25.354499999999998,5.8527999999999984,25.1472,-0.2578999999999994,1
2026-09-29,1790669700000,2,UP,84027.8,83999.99,-27.80999999999767,KXBTCD-26SEP2905-T83999.99,1790670003134,1790670527651,72.349,0.64,0.79,4.768,25.589000000000002,10.971599999999999,25.0284,3.8783000000000003,1
2026-09-29,1790670600000,3,DOWN,84139.03,84099.99,-39.0399999999936,KXBTCD-26SEP2905-T84099.99,1790670882516,1790671418424,81.576,0.77,0.94,4.916799999999998,25.0368,2.4788999999999994,24.5211,4.269699999999997,1
2026-09-29,1790671500000,4,DOWN,83849.11,83799.99,-49.11999999999534,KXBTCD-26SEP2905-T83799.99,1790671926425,1790672341011,58.989,0.43,0.02,-24.854799999999997,25.935200000000002,11.998799999999997,25.0012,-25.0848,1
2026-09-29,1790672400000,1,DOWN,83844.3,83799.99,-44.30999999999767,KXBTCD-26SEP2906-T83799.99,1790672685938,1790673241553,58.447,0.6,0.59,-1.7931000000000004,25.2888,5.090000000000002,24.909999999999997,-2.548300000000001,1
2026-09-29,1790673300000,2,UP,83760.07,83799.99,39.919999999998254,KXBTCD-26SEP2906-T83799.99,1790673668054,1790674135391,64.609,0.47,0.62,6.151700000000001,25.8342,9.985500000000002,25.014499999999998,4.9854,1
2026-09-29,1790674200000,3,UP,83824.28,83799.99,-24.289999999993597,KXBTCD-26SEP2906-T83799.99,1790674491066,1790675017333,82.667,0.84,0.93,2.204900000000002,24.6329,4.367100000000001,24.6329,1.621600000000002,1
2026-09-29,1790676000000,1,DOWN,84222.03,84199.99,-22.039999999993597,KXBTCD-26SEP2907-T84199.99,1790676262193,1790676830942,69.058,0.61,0.44,-8.156199999999998,25.0662,5.3767999999999985,24.6232,-8.945999999999998,1
2026-09-29,1790676900000,2,DOWN,84201.18,84199.99,-1.1899999999877764,KXBTCD-26SEP2907-T84199.99,1790677185498,1790677731753,68.247,0.76,0.74,-1.4796000000000007,24.7286,5.3767999999999985,24.6232,-2.118400000000001,1
2026-09-29,1790678700000,4,UP,83991.08,83999.99,8.910000000003492,KXBTCD-26SEP2907-T83999.99,1790679120878,1790679546459,53.541,0.64,0.89,8.8537,25.589000000000002,11.998799999999997,25.0012,7.8538999999999985,1
2026-09-29,1790679600000,1,DOWN,84006.07,83999.99,-6.080000000001746,KXBTCD-26SEP2908-T83999.99,1790679901643,1790680446455,53.545,0.6,0.5,-5.506299999999999,25.2888,11.6373,25.362700000000004,-6.1659999999999995,1
2026-09-29,1790681400000,3,UP,84039.9,83999.99,-39.90999999998894,KXBTCD-26SEP2908-T83999.99,1790681677345,1790682214202,85.798,0.91,0.93,0.2621000000000005,24.724800000000002,1.7014999999999987,24.2985,-0.2784,1
2026-09-29,1790682300000,4,UP,84214.47,84199.99,-14.479999999995925,KXBTCD-26SEP2908-T84199.99,1790682590973,1790683142033,57.967,0.87,0.99,3.1188000000000002,24.581699999999998,4.803600000000001,25.196399999999997,2.5544999999999995,1
2026-09-29,1790683200000,1,UP,84346.5,84299.99,-46.50999999999476,KXBTCD-26SEP2909-T84299.99,1790683493692,1790684047879,52.121,0.63,0.54,-4.824599999999999,25.2064,-25.014499999999998,25.014499999999998,-5.599099999999999,0
2026-09-29,1790685000000,3,UP,84166.09,84199.99,33.90000000000873,KXBTCD-26SEP2909-T84199.99,1790685279140,1790685815029,84.971,0.65,0.84,6.257199999999998,25.3052,9.985500000000002,25.014499999999998,5.3432999999999975,1
2026-09-29,1790685900000,4,DOWN,84329.45,84299.99,-29.45999999999185,KXBTCD-26SEP2909-T84299.99,1790686193616,1790686750780,49.22,0.53,0.04,-23.976000000000003,25.7296,9.985500000000002,25.014499999999998,-24.353700000000003,1
2026-09-29,1790686800000,1,DOWN,84313.62,84299.99,-13.629999999990105,KXBTCD-26SEP2910-T84299.99,1790687092403,1790687629342,70.658,0.57,0.41,-8.345999999999998,25.247799999999998,-25.379099999999998,25.379099999999998,-9.1957,0
2026-09-29,1790687700000,2,UP,84389.45,84399.99,10.540000000008149,KXBTCD-26SEP2910-T84399.99,1790688125694,1790688521097,78.903,0.53,0.51,-2.5818000000000008,25.7296,-25.3052,25.3052,-3.444900000000002,0
2026-09-29,1790688600000,3,DOWN,84342.18,84299.99,-42.189999999987776,KXBTCD-26SEP2910-T84299.99,1790688882435,1790689411047,88.953,0.73,0.57,-6.4925000000000015,25.2891,2.173399999999999,24.8266,-6.953700000000001,1
2026-09-29,1790689500000,4,DOWN,84169.68,84199.99,30.310000000012224,KXBTCD-26SEP2910-T84199.99,1790689788588,1790690345553,54.447,0.67,0.08,-22.593400000000003,25.362700000000004,-25.0012,25.0012,-22.672500000000007,0
2026-09-29,1790691300000,2,UP,83927.02,83899.99,-27.029999999998836,KXBTCD-26SEP2911-T83899.99,1790691583848,1790692181043,18.957,0.65,0.56,-4.680699999999999,25.3052,10.620900000000002,25.379099999999998,-5.292299999999999,1
2026-09-29,1790692200000,3,DOWN,83943.38,83899.99,-43.38999999999942,KXBTCD-26SEP2911-T83899.99,1790692595306,1790693070869,29.131,0.57,0.52,-3.6390999999999973,25.247799999999998,8.7109,25.2891,-4.495499999999998,1
2026-09-29,1790695800000,3,UP,82984.7,82999.99,15.290000000008149,KXBTCD-26SEP2912-T82999.99,1790696085522,1790696629131,70.869,0.76,0.78,-0.15299999999999947,24.7286,4.803600000000001,25.196399999999997,-0.7936,1
2026-09-29,1790697600000,1,UP,82996.92,82999.99,3.070000000006985,KXBTCD-26SEP2913-T82999.99,1790697892836,1790698450503,49.497,0.6,0.53,-4.273799999999998,25.2888,-25.354499999999998,25.354499999999998,-4.965099999999999,0
2026-09-29,1790700300000,4,DOWN,83031.08,82999.99,-31.089999999996508,KXBTCD-26SEP2913-T82999.99,1790700584128,1790701199907,0.093,0.55,0.0,-25.529700000000002,25.529700000000002,-25.0012,25.0012,-25.399,0
2026-09-29,1790701200000,1,UP,83036.99,82999.99,-37.0,KXBTCD-26SEP2914-T82999.99,1790701540615,1790702030742,69.258,0.66,0.69,-0.02530000000000332,25.0012,11.6373,25.362700000000004,-0.7663000000000038,1
2026-09-29,1790702100000,2,DOWN,83110.23,83099.99,-10.239999999990687,KXBTCD-26SEP2914-T83099.99,1790702522786,1790702945383,54.617,0.63,0.53,-5.216499999999999,25.2064,-25.0012,25.0012,-5.990499999999999,0
2026-09-29,1790703000000,3,UP,83111.58,83099.99,-11.589999999996508,KXBTCD-26SEP2914-T83099.99,1790703294655,1790703858287,41.713,0.65,0.55,-5.063599999999999,25.3052,9.0401,24.9599,-5.664599999999999,1
2026-09-29,1790705700000,2,UP,83388.93,83399.99,11.060000000012224,KXBTCD-26SEP2915-T83399.99,1790706119196,1790706542765,57.235,0.56,0.61,0.7081999999999972,25.399,8.7109,25.2891,-0.17020000000000357,1
2026-09-29,1790707500000,4,DOWN,83626.6,83599.99,-26.610000000000582,KXBTCD-26SEP2915-T83599.99,1790707776485,1790708394074,5.926,0.57,0.0,-25.247799999999998,25.247799999999998,9.645500000000002,25.354499999999998,-25.673299999999998,1
2026-09-29,1790708400000,1,UP,83603.76,83599.99,-3.7699999999895226,KXBTCD-26SEP2916-T83599.99,1790708849553,1790709256518,43.482,0.6,0.43,-8.3623,25.2888,-25.379099999999998,25.379099999999998,-8.9483,0
2026-09-29,1790709300000,2,UP,83568.3,83599.99,31.69000000000233,KXBTCD-26SEP2916-T83599.99,1790709570556,1790710140388,59.612,0.53,0.3,-12.320500000000001,25.7296,-25.379099999999998,25.379099999999998,-12.962900000000001,0
2026-09-29,1790710200000,3,UP,83519.15,83499.99,-19.15999999998894,KXBTCD-26SEP2916-T83499.99,1790710485101,1790711031444,68.556,0.7,0.37,-12.635599999999998,25.014499999999998,-25.354499999999998,25.354499999999998,-13.319,0
2026-09-29,1790712000000,1,DOWN,83558.13,83499.99,-58.13999999999942,KXBTCD-26SEP2917-T83499.99,1790712252951,1790712859697,40.303,0.5,0.4,-6.714999999999999,25.875,11.6373,25.362700000000004,-7.5531999999999995,1
2026-09-29,1790712900000,2,UP,83532.07,83499.99,-32.080000000001746,KXBTCD-26SEP2917-T83499.99,1790713208236,1790713726066,73.934,0.7,0.79,2.229000000000003,25.014499999999998,11.6373,25.362700000000004,1.5250000000000021,1
2026-09-29,1790713800000,3,DOWN,83606.84,83499.99,-106.84999999999127,KXBTCD-26SEP2917-T83499.99,1790714162572,1790714691255,8.745,0.25,0.07,-19.7682,26.3125,-25.354499999999998,25.354499999999998,-20.872100000000003,0
2026-09-29,1790714700000,4,UP,83616.78,83499.99,-116.7899999999936,KXBTCD-26SEP2917-T83499.99,1790715248158,1790715593465,6.535,0.98,0.99,0.19830000000000023,24.5343,-25.399,25.399,-0.3017000000000002,0
2026-09-29,1790718300000,4,DOWN,83486.71,83499.99,13.279999999998836,KXBTCD-26SEP2918-T83499.99,1790718579697,1790719145857,54.143,0.94,0.99,1.1792000000000011,24.542699999999996,5.3767999999999985,24.6232,0.6578000000000007,1
2026-09-29,1790720100000,2,DOWN,83643.89,83599.99,-43.89999999999418,KXBTCD-26SEP2919-T83599.99,1790720381176,1790720932229,67.771,0.64,0.59,-3.2394000000000016,25.589000000000002,3.4183000000000003,24.581699999999998,-3.9132000000000025,1
2026-09-29,1790721000000,3,DOWN,83566.62,83599.99,33.370000000009895,KXBTCD-26SEP2919-T83599.99,1790721282327,1790721893741,6.259,0.68,0.68,-1.0968,25.0284,-25.362700000000004,25.362700000000004,-1.8163000000000005,0
2026-09-29,1790721900000,4,UP,83572.15,83599.99,27.84000000001106,KXBTCD-26SEP2919-T83599.99,1790722386248,1790722793728,6.272,0.37,0.0,-25.8833,25.8833,9.985500000000002,25.014499999999998,-25.772,1
2026-09-29,1790725500000,4,UP,83623.33,83599.99,-23.339999999996508,KXBTCD-26SEP2920-T83599.99,1790725764669,1790726366559,33.441,0.88,0.99,2.8535,24.847,12.694799999999999,25.3052,2.289599999999999,1
2026-09-29,1790726400000,1,UP,83629.68,83599.99,-29.689999999987776,KXBTCD-26SEP2921-T83599.99,1790726656905,1790727224497,75.503,0.65,0.35,-12.610400000000002,25.3052,-24.9599,24.9599,-13.002400000000003,0
2026-09-29,1790727300000,2,DOWN,83513.23,83499.99,-13.239999999990687,KXBTCD-26SEP2921-T83499.99,1790727562981,1790728140044,59.956,0.6,0.41,-9.1731,25.2888,-24.7286,24.7286,-9.7382,0
2026-09-29,1790728200000,3,UP,83545.85,83499.99,-45.86000000000058,KXBTCD-26SEP2921-T83499.99,1790728540216,1790729026409,73.591,0.74,0.43,-11.2407,24.8645,-25.379099999999998,25.379099999999998,-11.886,0
2026-09-29,1790729100000,4,DOWN,83450.91,83499.99,49.080000000001746,KXBTCD-26SEP2921-T83499.99,1790729346244,1790729959004,40.996,0.88,0.99,2.8535,24.847,8.7109,25.2891,2.289599999999999,1
2026-09-29,1790730000000,1,DOWN,83408.05,83399.99,-8.059999999997672,KXBTCD-26SEP2922-T83399.99,1790730516949,1790730859935,40.065,0.53,0.54,-1.1668999999999996,25.7296,10.971599999999999,25.0284,-2.0621000000000005,1
2026-09-29,1790731800000,3,DOWN,83420.05,83399.99,-20.05999999999767,KXBTCD-26SEP2922-T83399.99,1790732076620,1790732637039,62.961,0.65,0.52,-6.2092,25.3052,6.9632,25.0368,-6.778500000000001,1
2026-09-29,1790732700000,4,UP,83399.79,83399.99,0.20000000001164153,KXBTCD-26SEP2922-T83399.99,1790733119647,1790733544612,55.388,0.78,0.66,-4.7271,25.3444,10.971599999999999,25.0284,-5.193800000000001,1
2026-09-29,1790734500000,2,DOWN,83456.46,83499.99,43.529999999998836,KXBTCD-26SEP2923-T83499.99,1790734767862,1790735337168,62.832,0.75,0.74,-1.2077000000000004,25.1832,8.1355,24.8645,-1.810200000000001,1
2026-09-29,1790735400000,3,DOWN,83380.97,83399.99,19.020000000004075,KXBTCD-26SEP2923-T83399.99,1790735689679,1790736249779,50.221,0.71,0.75,0.4361000000000013,25.354499999999998,9.0401,24.9599,-0.2578999999999994,1
2026-09-29,1790736300000,4,UP,83342.68,83299.99,-42.689999999987776,KXBTCD-26SEP2923-T83299.99,1790736590161,1790737154898,45.102,0.89,0.96,1.6927999999999988,25.111900000000002,-25.2891,25.2891,1.0900999999999983,0
2026-09-29,1790737200000,1,UP,83334.16,83299.99,-34.169999999998254,KXBTCD-26SEP3000-T83299.99,1790737512477,1790738072997,27.003,0.67,0.5,-7.510200000000002,25.362700000000004,-25.379099999999998,25.379099999999998,-8.018200000000002,0
2026-09-29,1790738100000,2,DOWN,83296.48,83299.99,3.5100000000093132,KXBTCD-26SEP3000-T83299.99,1790738343890,1790738976428,23.572,0.77,0.52,-8.956000000000001,25.0368,7.8168,25.1832,-9.5842,1
2026-09-29,1790739900000,4,DOWN,83349.14,83299.99,-49.14999999999418,KXBTCD-26SEP3000-T83299.99,1790740161296,1790740752324,47.676,0.57,0.98,16.8332,25.247799999999998,8.1355,24.8645,15.9491,1
2026-09-30,1790740800000,1,UP,83269.85,83299.99,30.139999999999418,KXBTCD-26SEP3001-T83299.99,1790741098501,1790741621564,78.436,0.64,0.58,-3.634100000000002,25.589000000000002,4.367100000000001,24.6329,-4.297200000000003,1
2026-09-30,1790741700000,2,UP,83335.03,83299.99,-35.0399999999936,KXBTCD-26SEP3001-T83299.99,1790741985392,1790742536509,63.491,0.63,0.68,0.7195000000000019,25.2064,-25.014499999999998,25.014499999999998,-0.06269999999999898,0
2026-09-30,1790742600000,3,DOWN,83331.58,83299.99,-31.589999999996508,KXBTCD-26SEP3001-T83299.99,1790742897029,1790743447098,52.902,0.55,0.52,-2.9160000000000013,25.529700000000002,11.998799999999997,25.0012,-3.7287000000000017,1
2026-09-30,1790744400000,1,UP,83180.06,83199.99,19.930000000007567,KXBTCD-26SEP3002-T83199.99,1790744683133,1790745279426,20.574,0.6,0.51,-5.096099999999998,25.2888,5.8527999999999984,25.1472,-5.7661999999999995,1
2026-09-30,1790747100000,4,DOWN,83445.81,83399.99,-45.81999999999243,KXBTCD-26SEP3002-T83399.99,1790747356702,1790747964294,35.706,0.58,0.94,14.576899999999998,25.673299999999998,6.655599999999999,25.3444,13.3774,1
2026-09-30,1790748900000,2,DOWN,83130.38,83099.99,-30.389999999999418,KXBTCD-26SEP3003-T83099.99,1790749371920,1790749790969,9.031,0.49,0.35,-8.844400000000002,25.882199999999997,12.694799999999999,25.3052,-9.660400000000001,1
2026-09-30,1790750700000,4,DOWN,83075.87,83099.99,24.120000000009895,KXBTCD-26SEP3003-T83099.99,1790751002280,1790751588690,11.31,0.92,0.99,1.7319999999999989,24.9792,6.655599999999999,25.3444,1.1457999999999982,1
2026-09-30,1790751600000,1,DOWN,83060.44,83099.99,39.55000000000291,KXBTCD-26SEP3004-T83099.99,1790751917151,1790752496399,3.601,0.65,0.71,1.1270999999999978,25.3052,10.971599999999999,25.0284,0.3548999999999972,1
2026-09-30,1790752500000,2,UP,82987.04,82999.99,12.950000000011642,KXBTCD-26SEP3004-T82999.99,1790752767780,1790753311063,88.937,0.75,0.92,5.006700000000001,25.1832,2.300599999999999,24.6994,4.2079,1
2026-09-30,1790754300000,4,UP,83383.77,83399.99,16.220000000001164,KXBTCD-26SEP3004-T83399.99,1790754726128,1790755145147,54.853,0.49,0.0,-25.882199999999997,25.882199999999997,-25.1832,25.1832,-25.875,0
2026-09-30,1790755200000,1,DOWN,83280.55,83299.99,19.44000000000233,KXBTCD-26SEP3005-T83299.99,1790755554772,1790756032917,67.083,0.65,0.78,3.8783000000000003,25.3052,12.694799999999999,25.3052,3.0300999999999996,1
2026-09-30,1790756100000,2,UP,83098.03,83099.99,1.9600000000064028,KXBTCD-26SEP3005-T83099.99,1790756371306,1790756915686,84.314,0.71,0.61,-4.587399999999999,25.354499999999998,2.0207999999999986,24.9792,-5.1311,1
2026-09-30,1790757000000,3,DOWN,83118.58,83099.99,-18.589999999996508,KXBTCD-26SEP3005-T83099.99,1790757278180,1790757824546,75.454,0.65,0.73,1.9104999999999983,25.3052,4.091100000000001,24.9089,1.116599999999998,1
2026-09-30,1790757900000,4,UP,83036.4,82999.99,-36.40999999998894,KXBTCD-26SEP3005-T82999.99,1790758174584,1790758789459,10.541,0.95,0.99,0.9354000000000009,24.7865,5.3767999999999985,24.6232,0.41440000000000043,1
2026-09-30,1790758800000,1,UP,83040.58,82999.99,-40.58999999999651,KXBTCD-26SEP3006-T82999.99,1790759067166,1790759619041,80.959,0.75,0.87,3.2655000000000003,25.1832,4.803600000000001,25.196399999999997,2.5216999999999996,1
2026-09-30,1790760600000,3,UP,83375.98,83399.99,24.010000000009313,KXBTCD-26SEP3006-T83399.99,1790760874130,1790761427371,72.629,0.88,0.79,-3.052199999999999,24.847,1.043100000000001,24.956899999999997,-3.6082999999999994,1
2026-09-30,1790761500000,4,UP,83520.76,83499.99,-20.769999999989523,KXBTCD-26SEP3006-T83499.99,1790761781581,1790762334767,65.233,0.68,0.99,10.586599999999999,25.0284,11.998799999999997,25.0012,9.851499999999998,1
2026-09-30,1790763300000,2,UP,83715.52,83699.99,-15.529999999998836,KXBTCD-26SEP3007-T83699.99,1790763717508,1790764132509,67.491,0.65,0.65,-1.2104,25.3052,10.971599999999999,25.0284,-1.9180000000000006,1
2026-09-30,1790764200000,3,UP,83766.86,83799.99,33.13000000000466,KXBTCD-26SEP3007-T83799.99,1790764477425,1790765034097,65.903,0.54,0.71,6.357099999999996,25.639900000000004,6.655599999999999,25.3444,5.308799999999996,1
2026-09-30,1790765100000,4,UP,83874.16,83899.99,25.830000000001746,KXBTCD-26SEP3007-T83899.99,1790765575183,1790765988081,11.919,0.53,0.04,-23.976000000000003,25.7296,12.694799999999999,25.3052,-24.353700000000003,1
2026-09-30,1790766000000,1,DOWN,83889.75,83899.99,10.240000000005239,KXBTCD-26SEP3008-T83899.99,1790766258052,1790766880228,19.772,0.73,0.68,-2.6869999999999976,25.2891,2.071699999999999,24.9283,-3.2652999999999985,1
2026-09-30,1790766900000,2,DOWN,83806.52,83799.99,-6.529999999998836,KXBTCD-26SEP3008-T83799.99,1790767222176,1790767777586,22.414,0.67,0.43,-10.087600000000002,25.362700000000004,-24.7286,24.7286,-10.522300000000003,0
2026-09-30,1790768700000,4,DOWN,83914.02,83899.99,-14.029999999998836,KXBTCD-26SEP3008-T83899.99,1790768979250,1790769531040,68.96,0.73,0.99,8.3473,25.2891,10.620900000000002,25.379099999999998,7.4302,1
2026-09-30,1790769600000,1,DOWN,83861.86,83899.99,38.13000000000466,KXBTCD-26SEP3009-T83899.99,1790769873823,1790770421610,78.39,0.61,0.63,-0.5188999999999993,25.0662,12.694799999999999,25.3052,-1.3194,1
2026-09-30,1790770500000,2,DOWN,83825.81,83799.99,-25.819999999992433,KXBTCD-26SEP3009-T83799.99,1790770778742,1790771326808,73.192,0.54,0.38,-8.9186,25.639900000000004,-25.0284,25.0284,-9.614,0
2026-09-30,1790773200000,1,DOWN,85281.14,85299.99,18.85000000000582,KXBTCD-26SEP3010-T85299.99,1790773473360,1790774017304,82.696,0.57,0.38,-9.616999999999997,25.247799999999998,-25.362700000000004,25.362700000000004,-10.464999999999998,0
2026-09-30,1790774100000,2,DOWN,85369.62,85399.99,30.370000000009895,KXBTCD-26SEP3010-T85399.99,1790774448017,1790774926775,73.225,0.57,0.66,2.4567000000000037,25.247799999999998,11.6373,25.362700000000004,1.5919000000000025,1
2026-09-30,1790775000000,3,UP,85154.03,85199.99,45.9600000000064,KXBTCD-26SEP3010-T85199.99,1790775300135,1790775859097,40.903,0.6,0.08,-22.220100000000002,25.2888,-25.0012,25.0012,-22.448500000000003,0
2026-09-30,1790775900000,4,UP,84435.58,84399.99,-35.58999999999651,KXBTCD-26SEP3010-T84399.99,1790776204166,1790776761251,38.749,0.78,0.99,6.313399999999999,25.3444,6.655599999999999,25.3444,5.4872999999999985,1
2026-09-30,1790776800000,1,DOWN,84541.46,84499.99,-41.470000000001164,KXBTCD-26SEP3011-T84499.99,1790777106057,1790777653916,46.084,0.52,0.63,3.657999999999999,25.7987,9.985500000000002,25.014499999999998,2.635199999999999,1
2026-09-30,1790777700000,2,DOWN,84331.93,84299.99,-31.939999999987776,KXBTCD-26SEP3011-T84299.99,1790777998658,1790778558887,41.113,0.71,0.91,6.294800000000002,25.354499999999998,5.3767999999999985,24.6232,5.425900000000002,1
2026-09-30,1790778600000,3,DOWN,83669.21,83699.99,30.779999999998836,KXBTCD-26SEP3011-T83699.99,1790778902849,1790779462092,37.908,0.67,0.66,-1.5239000000000003,25.362700000000004,8.1355,24.8645,-2.201700000000001,1
2026-09-30,1790779500000,4,UP,83547.76,83499.99,-47.76999999998952,KXBTCD-26SEP3011-T83499.99,1790779806375,1790780362242,37.758,0.86,0.99,3.5054000000000003,25.1845,8.1355,24.8645,2.8198,1
2026-09-30,1790780400000,1,UP,83780.25,83799.99,19.74000000000524,KXBTCD-26SEP3012-T83799.99,1790780701702,1790781259419,40.581,0.56,0.66,2.949799999999999,25.399,11.998799999999997,25.0012,2.017399999999998,1
2026-09-30,1790781300000,2,DOWN,83924.6,83899.99,-24.610000000000582,KXBTCD-26SEP3012-T83899.99,1790781605325,1790782150115,49.885,0.65,0.7,0.7361999999999975,25.3052,5.090000000000002,24.909999999999997,-0.02530000000000332,1
2026-09-30,1790782200000,3,UP,83818.67,83799.99,-18.679999999993015,KXBTCD-26SEP3012-T83799.99,1790782490137,1790783043477,56.523,0.86,0.92,1.3460000000000016,25.1845,2.4788999999999994,24.5211,0.737700000000001,1
2026-09-30,1790783100000,4,UP,84078.68,84099.99,21.310000000012224,KXBTCD-26SEP3012-T84099.99,1790783389354,1790783947472,52.528,0.74,0.39,-12.544099999999998,24.8645,4.803600000000001,25.196399999999997,-13.187499999999998,1
2026-09-30,1790784000000,1,UP,84088.21,84099.99,11.779999999998836,KXBTCD-26SEP3013-T84099.99,1790784294920,1790784851615,48.385,0.64,0.75,3.149099999999999,25.589000000000002,5.090000000000002,24.909999999999997,2.302999999999999,1
2026-09-30,1790784900000,2,UP,84303.25,84299.99,-3.2599999999947613,KXBTCD-26SEP3013-T84299.99,1790785203450,1790785760251,39.749,0.58,0.43,-7.921099999999998,25.673299999999998,-25.362700000000004,25.362700000000004,-8.5674,0
2026-09-30,1790785800000,3,UP,84260.24,84299.99,39.75,KXBTCD-26SEP3013-T84299.99,1790786100034,1790786653480,46.52,0.5,0.53,-0.24689999999999868,25.875,10.971599999999999,25.0284,-1.2233999999999994,1
2026-09-30,1790786700000,4,UP,84308.23,84299.99,-8.239999999990687,KXBTCD-26SEP3013-T84299.99,1790787092480,1790787582407,17.593,0.66,0.0,-25.0012,25.0012,-25.014499999999998,25.014499999999998,-25.362700000000004,0
2026-09-30,1790787600000,1,DOWN,84285.68,84299.99,14.310000000012224,KXBTCD-26SEP3014-T84299.99,1790787910314,1790788468407,31.593,0.61,0.55,-3.7591999999999977,25.0662,11.998799999999997,25.0012,-4.555299999999998,1
2026-09-30,1790788500000,2,DOWN,84272.96,84299.99,27.029999999998836,KXBTCD-26SEP3014-T84299.99,1790788747016,1790789348317,51.683,0.7,0.8,2.5935000000000032,25.014499999999998,5.8527999999999984,25.1472,1.8890000000000025,1
2026-09-30,1790789400000,3,DOWN,84153.44,84199.99,46.55000000000291,KXBTCD-26SEP3014-T84199.99,1790789660567,1790790272073,27.927,0.82,0.92,2.5354000000000028,24.909999999999997,5.8527999999999984,25.1472,1.931600000000002,1
2026-09-30,1790790300000,4,UP,83975.81,83999.99,24.180000000007567,KXBTCD-26SEP3014-T83999.99,1790790546822,1790791160376,39.624,0.73,0.51,-8.543899999999999,25.2891,9.645500000000002,25.354499999999998,-8.942,1
2026-09-30,1790791200000,1,DOWN,84009.31,83999.99,-9.319999999992433,KXBTCD-26SEP3015-T83999.99,1790791501229,1790792055598,44.402,0.51,0.47,-3.6717000000000013,25.8472,7.2714,24.7286,-4.553400000000003,1
2026-09-30,1790792100000,2,DOWN,84008.6,83999.99,-8.610000000000582,KXBTCD-26SEP3015-T83999.99,1790792392794,1790792939483,60.517,0.53,0.74,8.417399999999997,25.7296,11.6373,25.362700000000004,7.305399999999999,1
2026-09-30,1790793000000,3,DOWN,83877.59,83899.99,22.40000000000873,KXBTCD-26SEP3015-T83899.99,1790793279155,1790793835261,64.739,0.67,0.71,0.37399999999999733,25.362700000000004,10.620900000000002,25.379099999999998,-0.35760000000000336,1
2026-09-30,1790793900000,4,DOWN,83837.45,83799.99,-37.45999999999185,KXBTCD-26SEP3015-T83799.99,1790794176113,1790794796706,3.294,0.57,0.0,-25.247799999999998,25.247799999999998,-25.1832,25.1832,-25.673299999999998,0
2026-09-30,1790794800000,1,DOWN,83935.01,83899.99,-35.01999999998952,KXBTCD-26SEP3016-T83899.99,1790795068335,1790795686454,13.546,0.52,0.79,11.563800000000002,25.7987,9.985500000000002,25.014499999999998,10.3658,1
2026-09-30,1790795700000,2,DOWN,83728.93,83699.99,-28.939999999987776,KXBTCD-26SEP3016-T83699.99,1790795959644,1790796575384,24.616,0.56,0.42,-7.669300000000003,25.399,4.367100000000001,24.6329,-8.346000000000004,1
2026-09-30,1790796600000,3,UP,83725.04,83699.99,-25.04999999998836,KXBTCD-26SEP3016-T83699.99,1790796906050,1790797453837,46.163,0.76,0.74,-1.4796000000000007,24.7286,5.3767999999999985,24.6232,-2.118400000000001,1
2026-09-30,1790797500000,4,DOWN,83779.03,83799.99,20.960000000006403,KXBTCD-26SEP3016-T83799.99,1790797793917,1790798342374,57.626,0.9,0.99,2.241099999999999,24.470100000000002,4.803600000000001,25.196399999999997,1.6980999999999988,1
2026-09-30,1790798400000,1,DOWN,83567.11,83499.99,-67.11999999999534,KXBTCD-26SEP3017-T83499.99,1790798819540,1790799237131,62.869,0.45,0.37,-6.250400000000001,25.7029,-25.3052,25.3052,-7.210000000000003,0
2026-09-30,1790799300000,2,UP,83597.88,83499.99,-97.88999999999942,KXBTCD-26SEP3017-T83499.99,1790799706410,1790800183413,16.587,0.75,0.89,3.9606,25.1832,11.6373,25.362700000000004,3.1948,1
2026-09-30,1790800200000,3,DOWN,83703.31,83749.99,46.68000000000757,KXBTCD-26SEP3017-T83749.99,1790800461805,1790801096838,3.162,0.82,0.86,0.637100000000001,24.909999999999997,5.3767999999999985,24.6232,0.035800000000000554,1
2026-09-30,1790801100000,4,UP,83645.5,83749.99,104.49000000000524,KXBTCD-26SEP3017-T83749.99,1790801566357,1790801984522,15.478,0.15,0.0,-26.3816,26.3816,-25.354499999999998,25.354499999999998,-26.4277,0
2026-09-30,1790802000000,1,UP,83620.46,83599.99,-20.470000000001164,KXBTCD-26SEP3018-T83599.99,1790802258629,1790802881901,18.099,0.63,0.69,1.1195999999999975,25.2064,5.8527999999999984,25.1472,0.336899999999997,1
2026-09-30,1790802900000,2,UP,83712.16,83699.99,-12.169999999998254,KXBTCD-26SEP3018-T83699.99,1790803157640,1790803781946,18.054,0.62,0.51,-5.759499999999999,25.4597,-25.354499999999998,25.354499999999998,-6.3889000000000005,0
2026-09-30,1790803800000,3,UP,83705.29,83699.99,-5.2999999999883585,KXBTCD-26SEP3018-T83699.99,1790804117771,1790804671861,28.139,0.6,0.39,-9.9816,25.2888,-25.0284,25.0284,-10.5259,0
2026-09-30,1790804700000,4,UP,83680.23,83699.99,19.760000000009313,KXBTCD-26SEP3018-T83699.99,1790805063844,1790805596868,3.132,0.57,0.99,17.2924,25.247799999999998,11.998799999999997,25.0012,16.4077,1
2026-09-30,1790805600000,1,DOWN,83708.91,83699.99,-8.919999999998254,KXBTCD-26SEP3019-T83699.99,1790805865598,1790806490675,9.325,0.57,0.54,-2.7754999999999965,25.247799999999998,9.0401,24.9599,-3.633099999999997,1
2026-09-30,1790806500000,2,UP,83663.4,83699.99,36.59000000001106,KXBTCD-26SEP3019-T83699.99,1790806764831,1790807379393,20.607,0.49,0.7,9.068099999999996,25.882199999999997,7.2714,24.7286,7.876299999999996,1
2026-09-30,1790807400000,3,UP,83769.42,83799.99,30.570000000006985,KXBTCD-26SEP3019-T83799.99,1790807959613,1790808234115,65.885,0.35,0.26,-8.476999999999999,25.9807,-25.2064,25.2064,-9.6086,0
2026-09-30,1790808300000,4,DOWN,83762.43,83799.99,37.560000000012224,KXBTCD-26SEP3019-T83799.99,1790808568075,1790809175389,24.611,0.91,0.99,1.986399999999999,24.724800000000002,10.620900000000002,25.379099999999998,1.4436999999999984,1
2026-09-30,1790809200000,1,UP,83642.7,83599.99,-42.70999999999185,KXBTCD-26SEP3020-T83599.99,1790809449358,1790810067072,32.928,0.7,0.66,-2.464299999999997,25.014499999999998,8.7109,25.2891,-3.161899999999998,1
2026-09-30,1790810100000,2,UP,83662.71,83699.99,37.279999999998836,KXBTCD-26SEP3020-T83699.99,1790810533291,1790810945358,54.642,0.67,0.33,-13.725399999999999,25.362700000000004,-25.0284,25.0284,-14.056800000000003,0
2026-09-30,1790811000000,3,DOWN,83622.59,83599.99,-22.59999999999127,KXBTCD-26SEP3020-T83599.99,1790811279710,1790811832778,67.222,0.59,0.59,-1.4224,25.4912,5.8527999999999984,25.1472,-2.208000000000001,1
2026-09-30,1790811900000,4,DOWN,83574.27,83599.99,25.720000000001164,KXBTCD-26SEP3020-T83599.99,1790812167974,1790812785295,14.705,0.82,0.99,4.769200000000001,24.909999999999997,7.8168,25.1832,4.162400000000001,1
2026-09-30,1790812800000,1,DOWN,83569.02,83599.99,30.970000000001164,KXBTCD-26SEP3021-T83599.99,1790813055580,1790813657767,42.233,0.64,0.69,0.7369999999999975,25.589000000000002,9.985500000000002,25.014499999999998,-0.04410000000000314,1
2026-09-30,1790813700000,2,DOWN,83482.25,83499.99,17.74000000000524,KXBTCD-26SEP3021-T83499.99,1790813998599,1790814536994,63.006,0.67,0.66,-1.5239000000000003,25.362700000000004,10.971599999999999,25.0284,-2.201700000000001,1
2026-09-30,1790814600000,3,DOWN,83440.51,83399.99,-40.51999999998952,KXBTCD-26SEP3021-T83399.99,1790814909969,1790815461656,38.344,0.44,0.2,-15.0331,25.605900000000002,-25.362700000000004,25.362700000000004,-15.845500000000001,0
2026-09-30,1790815500000,4,DOWN,83504.04,83499.99,-4.0499999999883585,KXBTCD-26SEP3021-T83499.99,1790815862252,1790816341741,58.259,0.76,0.81,0.8466000000000014,24.7286,11.998799999999997,25.0012,0.20480000000000081,1
2026-09-30,1790816400000,1,UP,83472.82,83499.99,27.169999999998254,KXBTCD-26SEP3022-T83499.99,1790816802336,1790817273686,26.314,0.58,0.61,-0.15939999999999876,25.673299999999998,6.9632,25.0368,-0.9967999999999997,1
2026-09-30,1790817300000,2,UP,83554.46,83599.99,45.529999999998836,KXBTCD-26SEP3022-T83599.99,1790817613691,1790818148988,51.012,0.5,0.44,-4.7374,25.875,11.6373,25.362700000000004,-5.617900000000001,1
2026-09-30,1790818200000,3,DOWN,83587.92,83599.99,12.070000000006985,KXBTCD-26SEP3022-T83599.99,1790818490446,1790819037836,62.164,0.75,0.67,-3.5839999999999987,25.1832,6.149899999999999,24.8501,-4.111299999999999,1
2026-09-30,1790819100000,4,DOWN,83546.42,83499.99,-46.429999999993015,KXBTCD-26SEP3022-T83499.99,1790819371135,1790819971413,28.587,0.46,0.99,27.6435,25.779,9.0401,24.9599,26.033,1
2026-09-30,1790820000000,1,UP,83463.29,83499.99,36.70000000001164,KXBTCD-26SEP3023-T83499.99,1790820380257,1790820845706,54.294,0.51,0.66,5.723100000000001,25.8472,12.694799999999999,25.3052,4.6369,1
2026-09-30,1790820900000,2,DOWN,83560.25,83599.99,39.74000000000524,KXBTCD-26SEP3023-T83599.99,1790821190803,1790821733066,66.934,0.8,0.89,2.2302999999999993,25.1472,5.3767999999999985,24.6232,1.5549999999999988,1
2026-09-30,1790821800000,3,UP,83460.64,83499.99,39.35000000000582,KXBTCD-26SEP3023-T83499.99,1790822076127,1790822631604,68.396,0.48,0.19,-16.5488,25.8686,-25.379099999999998,25.379099999999998,-17.229200000000002,0
2026-09-30,1790822700000,4,UP,83391.88,83399.99,8.110000000000582,KXBTCD-26SEP3023-T83399.99,1790823238624,1790823576355,23.645,0.8,0.99,5.521299999999999,25.1472,10.620900000000002,25.379099999999998,4.735599999999998,1
2026-09-30,1790823600000,1,DOWN,83447.47,83399.99,-47.479999999995925,KXBTCD-26OCT0100-T83399.99,1790823850058,1790824461968,38.032,0.42,0.43,-1.4283999999999994,25.786099999999998,10.620900000000002,25.379099999999998,-2.5643000000000007,1
2026-09-30,1790824500000,2,DOWN,83430.79,83399.99,-30.79999999998836,KXBTCD-26OCT0100-T83399.99,1790824868325,1790825353286,46.714,0.5,0.34,-9.6604,25.875,-24.9599,24.9599,-10.4356,0
2026-09-30,1790825400000,3,UP,83466.97,83499.99,33.020000000004075,KXBTCD-26OCT0100-T83499.99,1790825837549,1790826242207,57.793,0.47,0.86,19.299100000000003,25.8342,9.985500000000002,25.014499999999998,17.8673,1
2026-09-30,1790826300000,4,DOWN,83663.77,83699.99,36.220000000001164,KXBTCD-26OCT0100-T83699.99,1790826586185,1790827136555,63.445,0.93,0.57,-9.924600000000002,24.2985,-25.1472,25.1472,-10.431200000000002,0
2026-10-01,1790827200000,1,UP,83701.88,83699.99,-1.889999999999418,KXBTCD-26OCT0101-T83699.99,1790827602368,1790828086645,13.355,0.56,0.78,8.392399999999999,25.399,9.0401,24.9599,7.329099999999998,1
2026-10-01,1790828100000,2,DOWN,83860.66,83899.99,39.330000000001746,KXBTCD-26OCT0101-T83899.99,1790828355222,1790828964382,35.618,0.79,0.73,-2.6479000000000017,24.8501,4.367100000000001,24.6329,-3.264700000000002,1
2026-10-01,1790829000000,3,DOWN,83805.54,83799.99,-5.5499999999883585,KXBTCD-26OCT0101-T83799.99,1790829242308,1790829869835,30.165,0.69,0.27,-16.155799999999996,25.379099999999998,-25.1832,25.1832,-16.3859,0
2026-10-01,1790829900000,4,UP,83864.14,83899.99,35.85000000000582,KXBTCD-26OCT0101-T83899.99,1790830196793,1790830744531,55.469,0.93,0.98,1.1457999999999982,24.2985,2.8880999999999997,25.111900000000002,0.6242999999999977,1
2026-10-01,1790845200000,1,UP,83516.36,83499.99,-16.369999999995343,KXBTCD-26OCT0106-T83499.99,1790845548025,1790846094826,5.174,0.61,0.77,5.2379000000000016,25.0662,10.620900000000002,25.379099999999998,4.429500000000001,1
2026-10-01,1790846100000,2,UP,83637.96,83599.99,-37.970000000001164,KXBTCD-26OCT0106-T83599.99,1790846371094,1790846994084,5.916,0.67,0.76,2.284799999999999,25.362700000000004,7.8168,25.1832,1.4990999999999983,1
2026-10-01,1790847000000,3,UP,83716.99,83699.99,-17.0,KXBTCD-26OCT0106-T83699.99,1790847272267,1790847887731,12.269,0.74,0.9,4.627600000000001,24.8645,6.655599999999999,25.3444,3.9606,1
2026-10-01,1790847900000,4,DOWN,83846.0,83799.99,-46.00999999999476,KXBTCD-26OCT0106-T83799.99,1790848211049,1790848754564,45.436,0.44,0.99,29.7952,25.605900000000002,11.6373,25.362700000000004,28.1216,1
2026-10-01,1790848800000,1,DOWN,83744.96,83699.99,-44.970000000001164,KXBTCD-26OCT0107-T83699.99,1790849100411,1790849652939,47.061,0.79,0.61,-6.456400000000002,24.8501,1.5792999999999986,24.420700000000004,-7.068000000000002,1
2026-10-01,1790849700000,2,UP,83658.6,83699.99,41.38999999999942,KXBTCD-26OCT0107-T83699.99,1790850129780,1790850546243,53.757,0.55,0.28,-13.5648,25.529700000000002,-25.014499999999998,25.014499999999998,-14.126100000000001,0
2026-10-01,1790850600000,3,UP,83644.36,83599.99,-44.36999999999534,KXBTCD-26OCT0107-T83599.99,1790850895561,1790851452344,47.656,0.81,0.96,4.096099999999997,24.6232,4.803600000000001,25.196399999999997,3.4901999999999966,1
2026-10-01,1790851500000,4,UP,83826.63,83799.99,-26.639999999999418,KXBTCD-26OCT0107-T83799.99,1790851797424,1790852356742,43.258,0.9,0.99,2.241099999999999,24.470100000000002,3.8155000000000006,25.1845,1.6980999999999988,1
2026-10-01,1790852400000,1,DOWN,83936.72,83899.99,-36.729999999995925,KXBTCD-26OCT0108-T83899.99,1790852703047,1790853250936,49.064,0.56,0.59,-0.1841000000000037,25.399,5.3767999999999985,24.6232,-1.0411000000000044,1
2026-10-01,1790853300000,2,DOWN,83842.28,83799.99,-42.2899999999936,KXBTCD-26OCT0108-T83799.99,1790853593982,1790854142033,57.967,0.51,0.51,-1.7144,25.8472,9.0401,24.9599,-2.638700000000001,1
2026-10-01,1790854200000,3,UP,83815.5,83799.99,-15.509999999994761,KXBTCD-26OCT0108-T83799.99,1790854618429,1790855037260,62.74,0.67,0.88,6.923699999999998,25.362700000000004,10.620900000000002,25.379099999999998,6.006499999999998,1
2026-10-01,1790855100000,4,UP,83928.49,83899.99,-28.5,KXBTCD-26OCT0108-T83899.99,1790855383463,1790855939060,60.94,0.74,0.99,7.7826,24.8645,-25.0284,25.0284,7.1114999999999995,0
2026-10-01,1790856000000,1,UP,83893.39,83899.99,6.600000000005821,KXBTCD-26OCT0109-T83899.99,1790856279479,1790856898857,1.143,0.51,0.61,3.226799999999999,25.8472,9.985500000000002,25.014499999999998,2.194899999999998,1
2026-10-01,1790856900000,2,DOWN,83969.94,83999.99,30.05000000000291,KXBTCD-26OCT0109-T83999.99,1790857242140,1790857799785,0.215,0.7,0.64,-3.1789999999999976,25.014499999999998,10.971599999999999,25.0284,-3.875599999999998,1
2026-10-01,1790857800000,3,DOWN,83902.4,83899.99,-2.4099999999889405,KXBTCD-26OCT0109-T83899.99,1790858070136,1790858676587,23.413,0.59,0.53,-3.963599999999998,25.4912,12.694799999999999,25.3052,-4.685199999999998,1
2026-10-01,1790858700000,4,DOWN,83892.25,83899.99,7.740000000005239,KXBTCD-26OCT0109-T83899.99,1790858945946,1790859560368,39.632,0.81,0.99,5.055999999999998,24.6232,6.655599999999999,25.3444,4.448799999999998,1
2026-10-01,1790859600000,1,DOWN,83729.78,83699.99,-29.789999999993597,KXBTCD-26OCT0110-T83699.99,1790859895075,1790860499856,0.144,0.59,0.7,3.2913999999999994,25.4912,5.3767999999999985,24.6232,2.3872999999999984,1
2026-10-01,1790860500000,2,UP,83495.41,83499.99,4.580000000001746,KXBTCD-26OCT0110-T83499.99,1790860836025,1790861381006,18.994,0.58,0.47,-6.213099999999999,25.673299999999998,-25.0012,25.0012,-6.9014999999999995,0
2026-10-01,1790861400000,3,UP,83473.44,83499.99,26.55000000000291,KXBTCD-26OCT0110-T83499.99,1790861645950,1790862242046,57.954,0.7,0.89,5.895600000000002,25.014499999999998,5.3767999999999985,24.6232,5.186700000000001,1
2026-10-01,1790862300000,4,DOWN,83888.12,83899.99,11.870000000009895,KXBTCD-26OCT0110-T83899.99,1790862647040,1790863198463,1.537,0.74,0.99,7.7826,24.8645,-25.0368,25.0368,7.1114999999999995,0
2026-10-01,1790863200000,1,DOWN,83888.9,83899.99,11.09000000001106,KXBTCD-26OCT0111-T83899.99,1790863464584,1790864086013,13.987,0.64,0.66,-0.46169999999999933,25.589000000000002,5.3767999999999985,24.6232,-1.2104,1
2026-10-01,1790864100000,2,UP,83725.7,83699.99,-25.70999999999185,KXBTCD-26OCT0111-T83699.99,1790864353530,1790864960407,39.593,0.76,0.88,3.1948,24.7286,3.8155000000000006,25.1845,2.5497999999999994,1
2026-10-01,1790865000000,3,UP,84108.68,84099.99,-8.689999999987776,KXBTCD-26OCT0111-T84099.99,1790865429785,1790865837770,62.23,0.71,0.37,-12.975599999999998,25.354499999999998,-25.3052,25.3052,-13.2683,0
2026-10-01,1790865900000,4,DOWN,83987.78,83999.99,12.210000000006403,KXBTCD-26OCT0111-T83999.99,1790866172050,1790866785833,14.167,0.87,0.99,3.1188000000000002,24.581699999999998,8.1355,24.8645,2.5544999999999995,1
2026-10-01,1790866800000,1,UP,83980.21,83999.99,19.779999999998836,KXBTCD-26OCT0112-T83999.99,1790867106470,1790867658038,41.962,0.63,0.47,-7.5565000000000015,25.2064,7.2714,24.7286,-8.327200000000003,1
2026-10-01,1790867700000,2,UP,84017.51,83999.99,-17.519999999989523,KXBTCD-26OCT0112-T83999.99,1790867997088,1790868537684,62.316,0.73,0.67,-3.0353999999999983,25.2891,4.367100000000001,24.6329,-3.602899999999999,1
2026-10-01,1790868600000,3,DOWN,84089.5,84099.99,10.490000000005239,KXBTCD-26OCT0112-T84099.99,1790868893715,1790869440334,59.666,0.83,0.9,1.6146000000000018,25.196399999999997,4.803600000000001,25.196399999999997,0.9783000000000014,1
2026-10-01,1790869500000,4,UP,83816.31,83799.99,-16.319999999992433,KXBTCD-26OCT0112-T83799.99,1790869782648,1790870394134,5.866,0.97,0.99,0.4316000000000004,24.301,1.4573000000000014,24.542699999999996,-0.0686,1
2026-10-01,1790870400000,1,UP,84085.18,84099.99,14.810000000012224,KXBTCD-26OCT0113-T84099.99,1790870661836,1790871282048,17.952,0.64,0.68,0.3369000000000014,25.589000000000002,6.149899999999999,24.8501,-0.43339999999999923,1
2026-10-01,1790871300000,2,UP,84227.21,84199.99,-27.220000000001164,KXBTCD-26OCT0113-T84199.99,1790871556888,1790872170415,29.585,0.58,0.56,-2.334999999999996,25.673299999999998,10.620900000000002,25.379099999999998,-3.118899999999997,1
2026-10-01,1790872200000,3,UP,84249.36,84199.99,-49.36999999999534,KXBTCD-26OCT0113-T84199.99,1790872443547,1790873061689,38.311,0.83,0.68,-5.253399999999997,25.196399999999997,3.8155000000000006,25.1845,-5.651799999999998,1
2026-10-01,1790873100000,4,DOWN,84287.16,84299.99,12.830000000001746,KXBTCD-26OCT0113-T84299.99,1790873406875,1790873948470,51.53,0.69,0.99,10.2359,25.379099999999998,12.694799999999999,25.3052,9.237400000000001,1
2026-10-01,1790874000000,1,UP,84142.82,84099.99,-42.830000000001746,KXBTCD-26OCT0114-T84099.99,1790874296555,1790874848000,52.0,0.82,0.85,0.32220000000000076,24.909999999999997,2.529899999999999,24.470100000000002,-0.2786999999999997,1
2026-10-01,1790874900000,2,UP,84406.27,84399.99,-6.279999999998836,KXBTCD-26OCT0114-T84399.99,1790875196193,1790875742165,57.835,0.78,0.92,3.9307000000000003,25.3444,4.091100000000001,24.9089,3.1820999999999997,1
2026-10-01,1790875800000,3,DOWN,84868.05,84899.99,31.94000000000233,KXBTCD-26OCT0114-T84899.99,1790876069330,1790876676181,23.819,0.67,0.27,-15.8832,25.362700000000004,-25.014499999999998,25.014499999999998,-16.1533,0
2026-10-01,1790876700000,4,UP,85003.43,84999.99,-3.4399999999877764,KXBTCD-26OCT0114-T84999.99,1790877280436,1790877551878,48.122,0.15,0.0,-26.3816,26.3816,-25.639900000000004,25.639900000000004,-26.4277,0
2026-10-01,1790877600000,1,DOWN,84838.39,84799.99,-38.39999999999418,KXBTCD-26OCT0115-T84799.99,1790877900195,1790878460972,39.028,0.64,0.34,-12.941699999999999,25.589000000000002,-25.3444,25.3444,-13.3534,0
2026-10-01,1790878500000,2,DOWN,84881.89,84899.99,18.10000000000582,KXBTCD-26OCT0115-T84899.99,1790878799509,1790879390861,9.139,0.7,0.74,0.4141000000000013,25.014499999999998,12.694799999999999,25.3052,-0.2873999999999993,1
2026-10-01,1790879400000,3,UP,84777.35,84799.99,22.639999999999418,KXBTCD-26OCT0115-T84799.99,1790879665051,1790880277068,22.932,0.58,0.73,5.123400000000001,25.673299999999998,11.998799999999997,25.0012,4.156000000000001,1
2026-10-01,1790880300000,4,DOWN,84913.74,84899.99,-13.75,KXBTCD-26OCT0115-T84899.99,1790880544069,1790881154164,45.836,0.81,0.99,5.055999999999998,24.6232,3.8155000000000006,25.1845,4.448799999999998,1
2026-10-01,1790881200000,1,DOWN,84778.66,84799.99,21.330000000001746,KXBTCD-26OCT0116-T84799.99,1790881505055,1790882056361,43.639,0.59,0.52,-4.385099999999998,25.4912,10.971599999999999,25.0284,-5.096099999999998,1
2026-10-01,1790882100000,2,DOWN,84776.11,84799.99,23.880000000004657,KXBTCD-26OCT0116-T84799.99,1790882398974,1790882943528,56.472,0.57,0.84,10.467600000000001,25.247799999999998,10.971599999999999,25.0284,9.5919,1
2026-10-01,1790883000000,3,UP,84589.89,84599.99,10.10000000000582,KXBTCD-26OCT0116-T84599.99,1790883285016,1790883833532,66.468,0.72,0.59,-5.4757,24.9599,2.4278999999999993,24.572100000000002,-6.1489,1
2026-10-01,1790883900000,4,DOWN,84618.66,84599.99,-18.669999999998254,KXBTCD-26OCT0116-T84599.99,1790884192633,1790884737730,62.27,0.59,0.04,-23.9241,25.4912,-25.0012,25.0012,-24.1424,0
2026-10-01,1790884800000,1,UP,84636.71,84749.99,113.27999999999884,KXBTCD-26OCT0117-T84749.99,1790885069741,1790885670711,29.289,0.57,0.5,-4.5002999999999975,25.247799999999998,5.090000000000002,24.909999999999997,-5.355499999999999,1
2026-10-01,1790885700000,2,UP,84762.29,84749.99,-12.299999999988358,KXBTCD-26OCT0117-T84749.99,1790886083649,1790886562071,37.929,0.62,0.51,-5.759499999999999,25.4597,-25.379099999999998,25.379099999999998,-6.3889000000000005,0
2026-10-01,1790886600000,3,DOWN,84751.56,84749.99,-1.569999999992433,KXBTCD-26OCT0117-T84749.99,1790886957005,1790887488337,11.663,0.6,0.94,13.0893,25.2888,10.971599999999999,25.0284,11.951499999999998,1
2026-10-01,1790887500000,4,UP,84586.89,84499.99,-86.89999999999418,KXBTCD-26OCT0117-T84499.99,1790887892088,1790888367058,32.942,0.97,0.99,0.4316000000000004,24.301,10.620900000000002,25.379099999999998,-0.0686,1
2026-10-01,1790888400000,1,UP,84609.34,84599.99,-9.349999999991269,KXBTCD-26OCT0118-T84599.99,1790888837131,1790889252695,47.305,0.6,0.57,-2.622300000000001,25.2888,11.6373,25.362700000000004,-3.3562000000000016,1
2026-10-01,1790889300000,2,DOWN,84615.87,84599.99,-15.879999999990105,KXBTCD-26OCT0118-T84599.99,1790889603815,1790890145163,54.837,0.46,0.52,1.3574999999999997,25.779,11.998799999999997,25.0012,0.26859999999999884,1
2026-10-01,1790890200000,3,DOWN,84577.43,84599.99,22.560000000012224,KXBTCD-26OCT0118-T84599.99,1790890489498,1790891037773,62.227,0.67,0.85,5.756999999999997,25.362700000000004,11.998799999999997,25.0012,4.872899999999997,1
2026-10-01,1790891100000,4,UP,84483.47,84499.99,16.520000000004075,KXBTCD-26OCT0118-T84499.99,1790891383836,1790891932555,67.445,0.68,0.98,10.202199999999996,25.0284,9.645500000000002,25.354499999999998,9.467499999999998,1
2026-10-01,1790892000000,1,UP,84535.71,84499.99,-35.720000000001164,KXBTCD-26OCT0119-T84499.99,1790892282719,1790892834144,65.856,0.84,0.89,0.9783000000000014,24.6329,2.3769999999999993,24.623,0.3967000000000007,1
2026-10-01,1790892900000,2,DOWN,84734.36,84699.99,-34.36999999999534,KXBTCD-26OCT0119-T84699.99,1790893182729,1790893795345,4.655,0.51,0.53,-0.7316999999999991,25.8472,11.998799999999997,25.0012,-1.6774,1
2026-10-01,1790893800000,3,DOWN,84686.18,84699.99,13.810000000012224,KXBTCD-26OCT0119-T84699.99,1790894069465,1790894688855,11.145,0.72,0.63,-4.094699999999999,24.9599,6.149899999999999,24.8501,-4.7699,1
2026-10-01,1790894700000,4,DOWN,84668.34,84699.99,31.65000000000873,KXBTCD-26OCT0119-T84699.99,1790894954968,1790895570343,29.657,0.84,0.01,-24.363,24.6329,-25.362700000000004,25.362700000000004,-24.9089,0
2026-10-01,1790895600000,1,DOWN,84721.46,84699.99,-21.470000000001164,KXBTCD-26OCT0120-T84699.99,1790895974592,1790896464784,35.216,0.57,0.64,1.5786000000000024,25.247799999999998,11.998799999999997,25.0012,0.7150000000000023,1
2026-10-01,1790896500000,2,UP,84643.16,84599.99,-43.169999999998254,KXBTCD-26OCT0120-T84599.99,1790896805566,1790897361524,38.476,0.86,0.88,0.12110000000000051,25.1845,4.803600000000001,25.196399999999997,-0.4434,1
2026-10-01,1790897400000,3,UP,84722.37,84699.99,-22.379999999990105,KXBTCD-26OCT0120-T84699.99,1790897705308,1790898247183,52.817,0.75,0.9,4.3089,25.1832,6.9632,25.0368,3.5321000000000002,1
2026-10-01,1790898300000,4,DOWN,84819.52,84799.99,-19.529999999998836,KXBTCD-26OCT0120-T84799.99,1790898585675,1790899192571,7.429,0.68,0.0,-25.0284,25.0284,-25.3444,25.3444,-25.379100000000005,0
2026-10-01,1790899200000,1,DOWN,84860.17,84899.99,39.820000000006985,KXBTCD-26OCT0121-T84899.99,1790899464748,1790900086864,13.136,0.77,0.56,-7.668799999999999,25.0368,-24.909999999999997,24.909999999999997,-8.2988,0
2026-10-01,1790900100000,2,DOWN,84874.21,84899.99,25.779999999998836,KXBTCD-26OCT0121-T84899.99,1790900558429,1790900963406,36.594,0.66,0.76,2.646299999999999,25.0012,6.149899999999999,24.8501,1.9015999999999988,1
2026-10-01,1790901000000,3,DOWN,84786.81,84799.99,13.180000000007567,KXBTCD-26OCT0121-T84799.99,1790901304533,1790901857307,42.693,0.67,0.33,-13.725399999999999,25.362700000000004,-25.354499999999998,25.354499999999998,-14.056800000000003,0
2026-10-01,1790901900000,4,DOWN,84832.88,84799.99,-32.88999999999942,KXBTCD-26OCT0121-T84799.99,1790902206722,1790902761717,38.283,0.7,0.98,9.237400000000001,25.014499999999998,11.6373,25.362700000000004,8.524199999999999,1
2026-10-01,1790902800000,1,DOWN,84760.87,84799.99,39.120000000009895,KXBTCD-26OCT0122-T84799.99,1790903108553,1790903680602,19.398,0.68,0.79,2.9934999999999996,25.0284,10.620900000000002,25.379099999999998,2.268399999999999,1
2026-10-01,1790903700000,2,DOWN,84648.28,84599.99,-48.2899999999936,KXBTCD-26OCT0122-T84599.99,1790904023065,1790904564119,35.881,0.46,0.56,3.529600000000002,25.779,12.694799999999999,25.3052,2.3975000000000013,1
2026-10-01,1790904600000,3,UP,84580.64,84599.99,19.35000000000582,KXBTCD-26OCT0122-T84599.99,1790904899408,1790905436661,63.339,0.47,0.32,-9.681499999999998,25.8342,-24.9599,24.9599,-10.5272,0
2026-10-01,1790905500000,4,UP,84553.06,84599.99,46.93000000000757,KXBTCD-26OCT0122-T84599.99,1790905780434,1790906333098,66.902,0.74,0.99,7.7826,24.8645,3.153,24.847,7.1114999999999995,1
2026-10-01,1790906400000,1,UP,84893.21,84899.99,6.779999999998836,KXBTCD-26OCT0123-T84899.99,1790906740699,1790907290844,9.156,0.65,0.77,3.4837,25.3052,11.998799999999997,25.0012,2.646299999999999,1
2026-10-01,1790907300000,2,DOWN,85065.02,85099.99,34.970000000001164,KXBTCD-26OCT0123-T85099.99,1790907564915,1790908174736,25.264,0.76,0.87,2.8579999999999997,24.7286,2.529899999999999,24.470100000000002,2.2134999999999994,1
2026-10-01,1790908200000,3,DOWN,84901.83,84899.99,-1.8399999999965075,KXBTCD-26OCT0123-T84899.99,1790908782040,1790909050052,49.948,0.59,0.34,-11.870999999999999,25.4912,-25.882199999999997,25.882199999999997,-12.3934,0
2026-10-01,1790909100000,4,UP,84948.97,84899.99,-48.979999999995925,KXBTCD-26OCT0123-T84899.99,1790909388794,1790909998223,1.777,0.93,0.99,1.4233999999999984,24.2985,8.1355,24.8645,0.9015999999999981,1
2026-10-01,1790910000000,1,UP,85154.23,85199.99,45.76000000000931,KXBTCD-26OCT0200-T85199.99,1790910274243,1790910884383,15.617,0.69,0.66,-2.184599999999997,25.379099999999998,2.8880999999999997,25.111900000000002,-2.8218999999999976,1
2026-10-01,1790910900000,2,DOWN,85308.27,85299.99,-8.279999999998836,KXBTCD-26OCT0200-T85299.99,1790911157264,1790911768104,31.896,0.68,0.7,-0.35760000000000336,25.0284,6.655599999999999,25.3444,-1.078200000000004,1
2026-10-01,1790911800000,3,UP,85229.01,85199.99,-29.019999999989523,KXBTCD-26OCT0200-T85199.99,1790912042551,1790912655341,44.659,0.84,0.93,2.204900000000002,24.6329,2.529899999999999,24.470100000000002,1.621600000000002,1
2026-10-01,1790912700000,4,DOWN,85397.89,85399.99,2.1000000000058208,KXBTCD-26OCT0200-T85399.99,1790913134126,1790913539792,60.208,0.67,0.01,-25.018400000000003,25.362700000000004,-25.362700000000004,25.362700000000004,-25.0284,0
2026-10-02,1790913600000,1,UP,85497.31,85499.99,2.680000000007567,KXBTCD-26OCT0201-T85499.99,1790913883048,1790914497990,2.01,0.64,0.39,-11.0285,25.589000000000002,-25.1832,25.1832,-11.491900000000001,0
2026-10-02,1790914500000,2,UP,85450.85,85499.99,49.13999999999942,KXBTCD-26OCT0201-T85499.99,1790914772217,1790915378088,21.912,0.65,0.97,11.477299999999998,25.3052,5.090000000000002,24.909999999999997,10.419299999999996,1
2026-10-02,1790915400000,3,DOWN,86728.02,86699.99,-28.029999999998836,KXBTCD-26OCT0201-T86699.99,1790915650977,1790916261587,38.413,0.7,0.82,3.3238000000000003,25.014499999999998,5.8527999999999984,25.1472,2.618399999999999,1
2026-10-02,1790916300000,4,UP,86513.45,86499.99,-13.459999999991851,KXBTCD-26OCT0201-T86499.99,1790916605399,1790917150501,49.499,0.86,0.99,3.5054000000000003,25.1845,9.645500000000002,25.354499999999998,2.8198,1
2026-10-02,1790917200000,1,DOWN,86599.03,86599.99,0.9600000000064028,KXBTCD-26OCT0202-T86599.99,1790917491007,1790918041054,58.946,0.6,0.57,-2.622300000000001,25.2888,11.998799999999997,25.0012,-3.3562000000000016,1
2026-10-02,1790918100000,2,DOWN,86551.05,86599.99,48.94000000000233,KXBTCD-26OCT0202-T86599.99,1790918374418,1790918977540,22.46,0.69,0.89,6.414100000000002,25.379099999999998,10.620900000000002,25.379099999999998,5.526700000000002,1
2026-10-02,1790919000000,3,DOWN,86306.67,86299.99,-6.679999999993015,KXBTCD-26OCT0202-T86299.99,1790919313888,1790919841594,58.406,0.6,0.85,9.1952,25.2888,12.694799999999999,25.3052,8.157399999999999,1
2026-10-02,1790919900000,4,DOWN,86109.54,86099.99,-9.549999999988358,KXBTCD-26OCT0202-T86099.99,1790920316953,1790920791837,8.163,0.57,0.99,17.2924,25.247799999999998,11.6373,25.362700000000004,16.4077,1
2026-10-02,1790920800000,1,UP,85976.62,85999.99,23.370000000009895,KXBTCD-26OCT0203-T85999.99,1790921075395,1790921696876,3.124,0.53,0.36,-9.567700000000002,25.7296,-25.0012,25.0012,-10.272500000000003,0
2026-10-02,1790921700000,2,UP,85908.54,85899.99,-8.549999999988358,KXBTCD-26OCT0203-T85899.99,1790921954876,1790922562192,37.808,0.6,0.7,2.8084999999999987,25.2888,9.0401,24.9599,1.9347999999999985,1
2026-10-02,1790922600000,3,UP,86003.92,85999.99,-3.929999999993015,KXBTCD-26OCT0203-T85999.99,1790922902942,1790923450842,49.158,0.58,0.31,-12.987199999999998,25.673299999999998,-25.3052,25.3052,-13.5086,0
2026-10-02,1790923500000,4,UP,85967.2,85999.99,32.79000000000815,KXBTCD-26OCT0203-T85999.99,1790923929112,1790924339741,60.259,0.51,0.18,-17.5335,25.8472,6.149899999999999,24.8501,-18.1128,1
2026-10-02,1790924400000,1,DOWN,85969.7,85999.99,30.29000000000815,KXBTCD-26OCT0204-T85999.99,1790924746075,1790925296365,3.635,0.59,0.58,-1.8474000000000004,25.4912,9.645500000000002,25.354499999999998,-2.622300000000001,1
2026-10-02,1790925300000,2,DOWN,85946.41,85899.99,-46.419999999998254,KXBTCD-26OCT0204-T85899.99,1790925629200,1790926178605,21.395,0.49,0.42,-5.3319,25.882199999999997,11.998799999999997,25.0012,-6.221700000000001,1
2026-10-02,1790926200000,3,DOWN,85931.72,85899.99,-31.729999999995925,KXBTCD-26OCT0204-T85899.99,1790926455207,1790927067123,32.877,0.58,0.78,7.350100000000003,25.673299999999998,9.985500000000002,25.014499999999998,6.328100000000003,1
2026-10-02,1790927100000,4,UP,85771.02,85799.99,28.970000000001164,KXBTCD-26OCT0204-T85799.99,1790927403670,1790927940018,59.982,0.69,0.99,10.2359,25.379099999999998,9.0401,24.9599,9.237400000000001,1
2026-10-02,1790928000000,1,UP,86044.66,85999.99,-44.669999999998254,KXBTCD-26OCT0205-T85999.99,1790928281526,1790928891227,8.773,0.83,0.88,0.9818000000000013,25.196399999999997,1.7014999999999987,24.2985,0.3675000000000008,1
2026-10-02,1790928900000,2,UP,86299.65,86299.99,0.34000000001105946,KXBTCD-26OCT0205-T86299.99,1790929166565,1790929770409,29.591,0.71,0.63,-3.875599999999998,25.354499999999998,1.9699999999999989,25.03,-4.4407,1
2026-10-02,1790929800000,3,DOWN,86367.08,86399.99,32.91000000000349,KXBTCD-26OCT0205-T86399.99,1790930043885,1790930659202,40.798,0.76,0.75,-1.1486000000000003,24.7286,9.985500000000002,25.014499999999998,-1.787800000000001,1
2026-10-02,1790930700000,4,DOWN,86317.98,86299.99,-17.989999999990687,KXBTCD-26OCT0205-T86299.99,1790931057713,1790931599813,0.187,0.49,0.99,24.572400000000002,25.882199999999997,11.998799999999997,25.0012,23.0564,1
2026-10-02,1790931600000,1,DOWN,86218.51,86199.99,-18.519999999989523,KXBTCD-26OCT0206-T86199.99,1790931865359,1790932480931,19.069,0.6,0.51,-5.096099999999998,25.2888,7.2714,24.7286,-5.7661999999999995,1
2026-10-02,1790932500000,2,DOWN,86207.79,86199.99,-7.7999999999883585,KXBTCD-26OCT0206-T86199.99,1790933011305,1790933346195,53.805,0.58,0.71,4.2369,25.673299999999998,10.971599999999999,25.0284,3.2913999999999994,1
2026-10-02,1790933400000,3,UP,86138.46,86099.99,-38.470000000001164,KXBTCD-26OCT0206-T86099.99,1790933686037,1790934291890,8.11,0.93,0.94,0.03879999999999735,24.2985,1.4085000000000014,24.591499999999996,-0.4812000000000031,1
2026-10-02,1790934300000,4,DOWN,86337.29,86299.99,-37.29999999998836,KXBTCD-26OCT0206-T86299.99,1790934564033,1790935174275,25.725,0.38,0.0,-25.772,25.772,-25.379099999999998,25.379099999999998,-26.0258,0
2026-10-02,1790935200000,1,UP,86349.51,86299.99,-49.51999999998952,KXBTCD-26OCT0207-T86299.99,1790935502793,1790936044812,55.188,0.69,0.58,-5.1129999999999995,25.379099999999998,-25.379099999999998,25.379099999999998,-5.665,0
2026-10-02,1790936100000,2,DOWN,86328.52,86299.99,-28.529999999998836,KXBTCD-26OCT0207-T86299.99,1790936632969,1790936966600,33.4,0.64,0.27,-15.5971,25.589000000000002,-25.3444,25.3444,-15.937000000000001,0
2026-10-02,1790937000000,3,UP,86390.54,86399.99,9.450000000011642,KXBTCD-26OCT0207-T86399.99,1790937301392,1790937836328,63.672,0.58,0.72,4.6798,25.673299999999998,12.694799999999999,25.3052,3.7234000000000003,1
2026-10-02,1790937900000,4,DOWN,86415.39,86399.99,-15.39999999999418,KXBTCD-26OCT0207-T86399.99,1790938174110,1790938781217,18.783,0.8,0.99,5.521299999999999,25.1472,4.803600000000001,25.196399999999997,4.735599999999998,1
2026-10-02,1790938800000,1,UP,86289.8,86299.99,10.190000000002328,KXBTCD-26OCT0208-T86299.99,1790939055727,1790939663358,36.642,0.58,0.74,5.567500000000002,25.673299999999998,8.7109,25.2891,4.589300000000001,1
2026-10-02,1790939700000,2,UP,86432.59,86399.99,-32.59999999999127,KXBTCD-26OCT0208-T86399.99,1790940068113,1790940549011,50.989,0.68,0.56,-5.4894,25.0284,-24.9599,24.9599,-6.202800000000002,0
2026-10-02,1790940600000,3,UP,86420.77,86399.99,-20.779999999998836,KXBTCD-26OCT0208-T86399.99,1790940895215,1790941440797,59.203,0.73,0.75,-0.2353999999999994,25.2891,8.7109,25.2891,-0.889,1
2026-10-02,1790941500000,4,UP,86451.4,86499.99,48.59000000001106,KXBTCD-26OCT0208-T86499.99,1790941846563,1790942395340,4.66,0.4,0.0,-25.8416,25.8416,-25.014499999999998,25.014499999999998,-25.616,0
2026-10-02,1790942400000,1,DOWN,86427.0,86399.99,-27.00999999999476,KXBTCD-26OCT0209-T86399.99,1790942661460,1790943277511,22.489,0.57,0.48,-5.359099999999999,25.247799999999998,5.3767999999999985,24.6232,-6.213099999999999,1
2026-10-02,1790943300000,2,UP,86397.36,86399.99,2.6300000000046566,KXBTCD-26OCT0209-T86399.99,1790943544072,1790944155314,44.686,0.67,0.71,0.37399999999999733,25.362700000000004,4.367100000000001,24.6329,-0.35760000000000336,1
2026-10-02,1790944200000,3,UP,86612.97,86599.99,-12.979999999995925,KXBTCD-26OCT0209-T86599.99,1790944499150,1790945048899,51.101,0.74,0.34,-14.162899999999999,24.8645,-25.1832,25.1832,-14.803999999999998,0
2026-10-02,1790945100000,4,UP,86490.32,86499.99,9.669999999998254,KXBTCD-26OCT0209-T86499.99,1790945398923,1790945941619,58.381,0.81,0.99,5.055999999999998,24.6232,4.367100000000001,24.6329,4.448799999999998,1
2026-10-02,1790946000000,1,UP,86822.4,86799.99,-22.40999999998894,KXBTCD-26OCT0210-T86799.99,1790946275584,1790946885919,14.081,0.61,0.4,-9.738199999999999,25.0662,-25.0284,25.0284,-10.5259,0
2026-10-02,1790946900000,2,DOWN,86699.19,86699.99,0.8000000000029104,KXBTCD-26OCT0210-T86699.99,1790947479811,1790947748132,51.868,0.52,0.56,0.25330000000000175,25.7987,19.470299999999998,25.529700000000002,-0.6938999999999992,1
2026-10-02,1790947800000,3,UP,86615.1,86599.99,-15.110000000000582,KXBTCD-26OCT0210-T86599.99,1790948088905,1790948690998,9.002,0.77,0.86,2.2134999999999994,25.0368,3.153,24.847,1.5699999999999983,1
2026-10-02,1790948700000,4,DOWN,86888.85,86899.99,11.139999999999418,KXBTCD-26OCT0210-T86899.99,1790948970524,1790949594467,5.533,0.52,0.99,21.688,25.7987,9.0401,24.9599,20.2659,1
2026-10-02,1790949600000,1,UP,86611.96,86599.99,-11.970000000001164,KXBTCD-26OCT0211-T86599.99,1790949868655,1790950492414,7.586,0.65,0.3,-14.4638,25.3052,-25.0284,25.0284,-14.804500000000003,0
2026-10-02,1790950500000,2,UP,86381.45,86399.99,18.54000000000815,KXBTCD-26OCT0211-T86399.99,1790950740428,1790951361791,38.209,0.66,0.31,-14.085300000000002,25.0012,-25.1832,25.1832,-14.806600000000001,0
2026-10-02,1790951400000,3,DOWN,86140.06,86099.99,-40.06999999999243,KXBTCD-26OCT0211-T86099.99,1790951698729,1790952241463,58.537,0.78,0.68,-4.071899999999999,25.3444,10.971599999999999,25.0284,-4.5599,1
2026-10-02,1790952300000,4,UP,85929.07,85899.99,-29.080000000001746,KXBTCD-26OCT0211-T85899.99,1790952582489,1790953133735,66.265,0.72,0.0,-24.9599,24.9599,-24.8645,24.8645,-25.2891,0
2026-10-02,1790953200000,1,DOWN,85666.06,85699.99,33.93000000000757,KXBTCD-26OCT0212-T85699.99,1790953473761,1790954083223,16.777,0.6,0.59,-1.7931000000000004,25.2888,11.998799999999997,25.0012,-2.548300000000001,1
2026-10-02,1790954100000,2,DOWN,85602.81,85599.99,-2.819999999992433,KXBTCD-26OCT0212-T85599.99,1790954423195,1790954964503,35.497,0.61,0.65,0.2968000000000014,25.0662,11.998799999999997,25.0012,-0.5048999999999992,1
2026-10-02,1790955000000,3,DOWN,85456.87,85499.99,43.120000000009895,KXBTCD-26OCT0212-T85499.99,1790955496656,1790955838059,61.941,0.65,0.82,5.462099999999998,25.3052,9.0401,24.9599,4.570099999999997,1
2026-10-02,1790955900000,4,UP,85322.87,85299.99,-22.879999999990105,KXBTCD-26OCT0212-T85299.99,1790956245462,1790956792482,7.518,0.63,0.0,-25.2064,25.2064,-25.362700000000004,25.362700000000004,-25.589000000000002,0
2026-10-02,1790956800000,1,UP,85274.11,85299.99,25.880000000004657,KXBTCD-26OCT0213-T85299.99,1790957060431,1790957671093,28.907,0.61,0.38,-10.5259,25.0662,-25.3444,25.3444,-11.3124,0
2026-10-02,1790957700000,2,UP,85192.21,85199.99,7.779999999998836,KXBTCD-26OCT0213-T85199.99,1790957997773,1790958545889,54.111,0.63,0.51,-5.9986999999999995,25.2064,-25.0284,25.0284,-6.7715000000000005,0
2026-10-02,1790958600000,3,DOWN,85181.71,85199.99,18.279999999998836,KXBTCD-26OCT0213-T85199.99,1790959151254,1790959484364,15.636,0.64,0.58,-3.634100000000002,25.589000000000002,11.998799999999997,25.0012,-4.297200000000003,1
2026-10-02,1790959500000,4,UP,85156.37,85199.99,43.620000000009895,KXBTCD-26OCT0213-T85199.99,1790959754008,1790960373502,26.498,0.65,0.03,-24.2427,25.3052,-25.362700000000004,25.362700000000004,-24.311999999999998,0
2026-10-02,1790960400000,1,UP,85128.18,85099.99,-28.189999999987776,KXBTCD-26OCT0214-T85099.99,1790960640077,1790961261730,38.27,0.64,0.4,-10.6442,25.589000000000002,-24.7286,24.7286,-11.1181,0
2026-10-02,1790961300000,2,DOWN,84953.3,84999.99,46.69000000000233,KXBTCD-26OCT0214-T84999.99,1790961598684,1790962147032,52.968,0.58,0.84,10.0421,25.673299999999998,9.985500000000002,25.014499999999998,8.9539,1
2026-10-02,1790962200000,3,UP,84634.79,84599.99,-34.79999999998836,KXBTCD-26OCT0214-T84599.99,1790962490969,1790963041814,58.186,0.74,0.42,-11.5673,24.8645,-25.014499999999998,25.014499999999998,-12.212,0
2026-10-02,1790963100000,4,UP,84596.14,84599.99,3.8500000000058208,KXBTCD-26OCT0214-T84599.99,1790963376313,1790963990962,9.038,0.71,0.99,9.2712,25.354499999999998,11.998799999999997,25.0012,8.3134,1
2026-10-02,1790964000000,1,UP,84787.33,84799.99,12.660000000003492,KXBTCD-26OCT0215-T84799.99,1790964326848,1790964872821,27.179,0.6,0.61,-0.9615999999999996,25.2888,10.620900000000002,25.379099999999998,-1.7382000000000004,1
2026-10-02,1790964900000,2,DOWN,84862.65,84899.99,37.34000000001106,KXBTCD-26OCT0215-T84899.99,1790965150523,1790965757013,42.987,0.79,0.9,2.8545999999999996,24.8501,5.090000000000002,24.909999999999997,2.2302999999999993,1
2026-10-02,1790965800000,3,DOWN,84596.57,84599.99,3.4199999999982538,KXBTCD-26OCT0215-T84599.99,1790966106795,1790966661796,38.204,0.64,0.95,11.331299999999999,25.589000000000002,7.8168,25.1832,10.264699999999998,1
2026-10-02,1790966700000,4,UP,83957.42,83999.99,42.570000000006985,KXBTCD-26OCT0215-T83999.99,1790967066069,1790967539930,60.07,0.6,0.99,15.2727,25.2888,12.694799999999999,25.3052,14.0789,1
2026-10-02,1790967600000,1,DOWN,84250.56,84299.99,49.43000000000757,KXBTCD-26OCT0216-T84299.99,1790968026838,1790968431041,68.959,0.65,0.79,4.2735,25.3052,9.645500000000002,25.354499999999998,3.4142999999999994,1
2026-10-02,1790968500000,2,DOWN,84118.74,84099.99,-18.75,KXBTCD-26OCT0216-T84099.99,1790968775038,1790969395889,4.111,0.56,0.43,-7.234000000000003,25.399,-25.0012,25.0012,-7.921100000000004,0
2026-10-02,1790969400000,3,UP,84124.9,84099.99,-24.90999999998894,KXBTCD-26OCT0216-T84099.99,1790969792633,1790970268564,31.436,0.65,0.66,-0.8221999999999996,25.3052,11.998799999999997,25.0012,-1.5405000000000004,1
2026-10-02,1790970300000,4,UP,84153.27,84199.99,46.720000000001164,KXBTCD-26OCT0216-T84199.99,1790970676879,1790971157174,42.826,0.48,0.99,25.5753,25.8686,11.6373,25.362700000000004,24.0278,1
2026-10-02,1790971200000,1,UP,84282.63,84499.99,217.36000000000058,KXBTCD-26OCT0217-T84499.99,1790971502467,1790972046913,53.087,0.3,0.25,-6.4594999999999985,26.120099999999997,10.971599999999999,25.0284,-7.8194,1
2026-10-02,1790972100000,2,UP,84364.16,84499.99,135.83000000000175,KXBTCD-26OCT0217-T84499.99,1790972654520,1790972988129,11.871,0.45,0.19,-15.845500000000001,25.7029,-25.1832,25.1832,-16.617,0
2026-10-02,1790973000000,3,UP,84340.96,84499.99,159.02999999999884,KXBTCD-26OCT0217-T84499.99,1790973259676,1790973881380,18.62,0.37,0.03,-24.0098,25.8833,-24.909999999999997,24.909999999999997,-24.5612,0
2026-10-02,1790974800000,1,UP,84445.85,84399.99,-45.86000000000058,KXBTCD-26OCT0218-T84399.99,1790975115184,1790975670053,29.947,0.68,0.66,-1.8339000000000008,25.0284,10.971599999999999,25.0284,-2.5524000000000013,1
2026-10-02,1790975700000,2,DOWN,84484.76,84499.99,15.230000000010477,KXBTCD-26OCT0218-T84499.99,1790976270104,1790976537732,62.268,0.55,0.69,4.846499999999995,25.529700000000002,14.933800000000002,25.0662,3.8506999999999945,1
2026-10-02,1790976600000,3,UP,84426.38,84399.99,-26.389999999999418,KXBTCD-26OCT0218-T84399.99,1790977013196,1790977488344,11.656,0.75,0.87,3.2655000000000003,25.1832,10.620900000000002,25.379099999999998,2.5216999999999996,1
2026-10-02,1790977500000,4,UP,84503.88,84499.99,-3.889999999999418,KXBTCD-26OCT0218-T84499.99,1790977957692,1790978371281,28.719,0.59,0.98,15.611099999999999,25.4912,11.6373,25.362700000000004,14.397599999999999,1
2026-10-02,1790978400000,1,DOWN,84509.61,84499.99,-9.619999999995343,KXBTCD-26OCT0219-T84499.99,1790978705532,1790979246755,53.245,0.58,0.44,-7.494999999999997,25.673299999999998,-25.014499999999998,25.014499999999998,-8.151799999999998,0
2026-10-02,1790979300000,2,UP,84515.14,84499.99,-15.14999999999418,KXBTCD-26OCT0219-T84499.99,1790979843293,1790980177686,22.314,0.67,0.56,-5.2809,25.362700000000004,-25.639900000000004,25.639900000000004,-5.8521,0
2026-10-02,1790980200000,3,UP,84503.14,84499.99,-3.1499999999941792,KXBTCD-26OCT0219-T84499.99,1790980582349,1790981043574,56.426,0.7,0.49,-8.476799999999999,25.014499999999998,-25.362700000000004,25.362700000000004,-9.166099999999998,0
2026-10-02,1790981100000,4,UP,84498.49,84499.99,1.5,KXBTCD-26OCT0219-T84499.99,1790981384840,1790981979223,20.777,0.73,0.99,8.3473,25.2891,12.694799999999999,25.3052,7.4302,1
2026-10-02,1790982000000,1,DOWN,84542.53,84499.99,-42.5399999999936,KXBTCD-26OCT0220-T84499.99,1790982385885,1790982854795,45.205,0.46,0.58,4.620099999999997,25.779,8.1355,24.8645,3.4663999999999966,1
2026-10-02,1790982900000,2,UP,84479.01,84499.99,20.980000000010477,KXBTCD-26OCT0220-T84499.99,1790983464126,1790983732619,67.381,0.47,0.66,8.313200000000004,25.8342,15.711200000000002,25.2888,7.103300000000002,1
2026-10-02,1790983800000,3,DOWN,84545.77,84499.99,-45.779999999998836,KXBTCD-26OCT0220-T84499.99,1790984078544,1790984691760,8.24,0.43,0.14,-18.304100000000002,25.935200000000002,6.9632,25.0368,-18.7693,1
2026-10-02,1790984700000,4,DOWN,84543.92,84499.99,-43.929999999993015,KXBTCD-26OCT0220-T84499.99,1790985290831,1790985559210,40.79,0.15,0.03,-21.7398,26.3816,9.0401,24.9599,-23.521800000000002,1
2026-10-02,1790985600000,1,DOWN,84503.96,84499.99,-3.970000000001164,KXBTCD-26OCT0221-T84499.99,1790985896892,1790986447539,52.461,0.63,0.44,-8.719100000000001,25.2064,10.971599999999999,25.0284,-9.4882,1
2026-10-02,1790986500000,2,UP,84497.77,84499.99,2.220000000001164,KXBTCD-26OCT0221-T84499.99,1790986786366,1790987331671,68.329,0.62,0.65,-0.0966999999999989,25.4597,10.620900000000002,25.379099999999998,-0.8753999999999996,1
2026-10-02,1790987400000,3,UP,84544.05,84499.99,-44.05999999999767,KXBTCD-26OCT0221-T84499.99,1790987672108,1790988282941,17.059,0.87,0.97,2.5211999999999994,24.581699999999998,6.149899999999999,24.8501,1.957699999999999,1
2026-10-02,1790988300000,4,UP,84610.46,84599.99,-10.470000000001164,KXBTCD-26OCT0221-T84599.99,1790988558280,1790989179184,20.816,0.71,0.99,9.2712,25.354499999999998,10.620900000000002,25.379099999999998,8.3134,1
2026-10-02,1790989200000,1,DOWN,84643.39,84599.99,-43.39999999999418,KXBTCD-26OCT0222-T84599.99,1790989445950,1790990066070,33.93,0.47,0.41,-5.0017,25.8342,7.8168,25.1832,-5.942200000000001,1
2026-10-02,1790990100000,2,DOWN,84634.23,84599.99,-34.23999999999069,KXBTCD-26OCT0222-T84599.99,1790990468316,1790990952721,47.279,0.44,0.46,-0.819699999999999,25.605900000000002,12.694799999999999,25.3052,-1.9058,1
2026-10-02,1790991000000,3,UP,84604.32,84599.99,-4.330000000001746,KXBTCD-26OCT0222-T84599.99,1790991300946,1790991853506,46.494,0.69,0.64,-2.9197999999999977,25.379099999999998,10.971599999999999,25.0284,-3.5355999999999983,1
2026-10-02,1790991900000,4,DOWN,84621.6,84599.99,-21.610000000000582,KXBTCD-26OCT0222-T84599.99,1790992393831,1790992740932,59.068,0.4,0.0,-25.8416,25.8416,-24.8645,24.8645,-25.616,0
2026-10-02,1790992800000,1,DOWN,84631.56,84599.99,-31.569999999992433,KXBTCD-26OCT0223-T84599.99,1790993207661,1790993673413,26.587,0.49,0.45,-3.815799999999999,25.882199999999997,6.149899999999999,24.8501,-4.7374,1
2026-10-02,1790993700000,2,UP,84608.95,84599.99,-8.959999999991851,KXBTCD-26OCT0223-T84599.99,1790993948323,1790994564610,35.39,0.73,0.75,-0.2353999999999994,25.2891,5.3767999999999985,24.6232,-0.889,1
2026-10-02,1790994600000,3,UP,84642.18,84599.99,-42.189999999987776,KXBTCD-26OCT0223-T84599.99,1790995163516,1790995439415,60.585,0.85,0.9,1.0084000000000013,24.9089,14.933800000000002,25.0662,0.42670000000000086,1
2026-10-02,1790995500000,4,DOWN,84665.22,84699.99,34.770000000004075,KXBTCD-26OCT0223-T84699.99,1790995779671,1790996391731,8.269,0.95,0.99,0.9354000000000009,24.7865,7.8168,25.1832,0.41440000000000043,1
2026-10-02,1790996400000,1,UP,84588.68,84599.99,11.310000000012224,KXBTCD-26OCT0300-T84599.99,1790996668169,1790997286437,13.563,0.48,0.19,-16.5488,25.8686,-25.014499999999998,25.014499999999998,-17.229200000000002,0
2026-10-02,1790997300000,2,UP,84517.64,84499.99,-17.64999999999418,KXBTCD-26OCT0300-T84499.99,1790997552436,1790998161063,38.937,0.81,0.86,0.9238999999999981,24.6232,3.153,24.847,0.32219999999999743,1
2026-10-02,1790998200000,3,UP,84578.63,84599.99,21.360000000000582,KXBTCD-26OCT0300-T84599.99,1790998507572,1790999053439,46.561,0.53,0.77,9.8777,25.7296,8.7109,25.2891,8.7327,1
2026-10-02,1790999100000,4,UP,84634.81,84599.99,-34.81999999999243,KXBTCD-26OCT0300-T84599.99,1790999524289,1790999989233,10.767,0.95,0.99,0.9354000000000009,24.7865,11.998799999999997,25.0012,0.41440000000000043,1
2026-10-03,1791000000000,1,UP,84681.46,84699.99,18.529999999998836,KXBTCD-26OCT0301-T84699.99,1791000265770,1791000884471,15.529,0.52,0.24,-14.8916,25.7987,-24.8645,24.8645,-15.502300000000002,0
2026-10-03,1791000900000,2,DOWN,84646.65,84599.99,-46.65999999998894,KXBTCD-26OCT0301-T84599.99,1791001151439,1791001770903,29.097,0.46,0.76,14.571499999999999,25.779,4.367100000000001,24.6329,13.220099999999997,1
2026-10-03,1791001800000,3,UP,84520.59,84499.99,-20.59999999999127,KXBTCD-26OCT0301-T84499.99,1791002043914,1791002668114,31.886,0.81,0.86,0.9238999999999981,24.6232,8.1355,24.8645,0.32219999999999743,1
2026-10-03,1791002700000,4,UP,84539.71,84499.99,-39.720000000001164,KXBTCD-26OCT0301-T84499.99,1791003003440,1791003558195,41.805,0.99,0.99,-0.0348,24.7674,4.091100000000001,24.9089,-0.5320000000000007,1
2026-10-03,1791003600000,1,DOWN,84571.37,84599.99,28.620000000009895,KXBTCD-26OCT0302-T84599.99,1791003839727,1791004466344,33.656,0.73,0.69,-2.3382000000000014,25.2891,6.9632,25.0368,-2.927200000000002,1
2026-10-03,1791004500000,2,UP,84554.53,84599.99,45.4600000000064,KXBTCD-26OCT0302-T84599.99,1791004805735,1791005345973,54.027,0.44,0.59,6.485799999999999,25.605900000000002,7.8168,25.1832,5.259199999999997,1
2026-10-03,1791005400000,3,UP,84612.03,84599.99,-12.039999999993597,KXBTCD-26OCT0302-T84599.99,1791005688872,1791006240132,59.868,0.74,0.78,0.4791000000000012,24.8645,10.620900000000002,25.379099999999998,-0.1823999999999994,1
2026-10-03,1791006300000,4,UP,84625.51,84599.99,-25.519999999989523,KXBTCD-26OCT0302-T84599.99,1791006586381,1791007137867,62.133,0.9,0.98,1.952799999999999,24.470100000000002,-25.014499999999998,25.014499999999998,1.4101999999999983,0
2026-10-03,1791007200000,1,UP,84621.88,84599.99,-21.889999999999418,KXBTCD-26OCT0303-T84599.99,1791007496655,1791008031259,68.741,0.66,0.62,-2.6715000000000013,25.0012,-24.7286,24.7286,-3.408900000000002,0
2026-10-03,1791008100000,2,UP,84619.88,84599.99,-19.889999999999418,KXBTCD-26OCT0303-T84599.99,1791008366528,1791008951545,48.455,0.71,0.72,-0.6484999999999996,25.354499999999998,12.694799999999999,25.3052,-1.3100000000000003,1
2026-10-03,1791009000000,3,DOWN,84634.87,84599.99,-34.879999999990105,KXBTCD-26OCT0303-T84599.99,1791009422091,1791009886519,13.481,0.4,0.23,-12.350300000000002,25.8416,-25.379099999999998,25.379099999999998,-13.136800000000003,0
2026-10-03,1791009900000,4,DOWN,84639.29,84599.99,-39.29999999998836,KXBTCD-26OCT0303-T84599.99,1791010161390,1791010785428,14.572,0.18,0.99,110.25840000000001,26.2659,11.6373,25.362700000000004,101.89890000000001,1
2026-10-03,1791010800000,1,UP,84559.59,84599.99,40.40000000000873,KXBTCD-26OCT0304-T84599.99,1791011184060,1791011664905,35.095,0.45,0.52,1.9361000000000006,25.7029,9.0401,24.9599,0.8162999999999992,1
2026-10-03,1791011700000,2,DOWN,84598.41,84599.99,1.5800000000017462,KXBTCD-26OCT0304-T84599.99,1791012015162,1791012568188,31.812,0.49,0.45,-3.815799999999999,25.882199999999997,-25.3052,25.3052,-4.7374,0
2026-10-03,1791012600000,3,UP,84608.85,84599.99,-8.860000000000582,KXBTCD-26OCT0304-T84599.99,1791012893536,1791013490483,9.517,0.67,0.27,-15.8832,25.362700000000004,-25.3052,25.3052,-16.1533,0
2026-10-03,1791013500000,4,UP,84570.13,84599.99,29.860000000000582,KXBTCD-26OCT0304-T84599.99,1791013757501,1791014349846,50.154,0.5,0.02,-24.9436,25.875,9.0401,24.9599,-25.391199999999998,1
2026-10-03,1791014400000,1,UP,84571.61,84599.99,28.380000000004657,KXBTCD-26OCT0305-T84599.99,1791014692012,1791015290551,9.449,0.47,0.63,6.690900000000003,25.8342,11.998799999999997,25.0012,5.513800000000002,1
2026-10-03,1791015300000,2,DOWN,84630.53,84599.99,-30.539999999993597,KXBTCD-26OCT0305-T84599.99,1791015563686,1791016173218,26.782,0.43,0.47,0.3133999999999988,25.935200000000002,11.998799999999997,25.0012,-0.8197000000000021,1
2026-10-03,1791016200000,3,DOWN,84599.07,84599.99,0.9199999999982538,KXBTCD-26OCT0305-T84599.99,1791016447568,1791017069193,30.807,0.65,0.33,-13.3534,25.3052,-24.8645,24.8645,-13.7248,0
2026-10-03,1791017100000,4,UP,84615.35,84599.99,-15.360000000000582,KXBTCD-26OCT0305-T84599.99,1791017466749,1791017999418,0.582,0.84,0.99,4.057,24.6329,-25.3052,25.3052,3.4713,0
2026-10-03,1791018000000,1,UP,84614.3,84599.99,-14.309999999997672,KXBTCD-26OCT0306-T84599.99,1791018266906,1791018860318,39.682,0.64,0.72,1.9405999999999983,25.589000000000002,9.0401,24.9599,1.1270999999999978,1
2026-10-03,1791018900000,2,DOWN,84629.41,84599.99,-29.419999999998254,KXBTCD-26OCT0306-T84599.99,1791019200967,1791019731345,68.655,0.49,0.49,-1.7844,25.882199999999997,12.694799999999999,25.3052,-2.748600000000001,1
2026-10-03,1791019800000,3,DOWN,84585.68,84599.99,14.310000000012224,KXBTCD-26OCT0306-T84599.99,1791020202427,1791020667999,32.001,0.66,0.71,0.7354999999999975,25.0012,9.985500000000002,25.014499999999998,-0.00660000000000327,1
2026-10-03,1791020700000,4,UP,84578.45,84599.99,21.54000000000815,KXBTCD-26OCT0306-T84599.99,1791021275413,1791021541098,58.902,0.06,0.01,-22.730699999999995,26.6024,19.470299999999998,25.529700000000002,-26.616899999999998,1
2026-10-03,1791021600000,1,UP,84584.03,84599.99,15.960000000006403,KXBTCD-26OCT0307-T84599.99,1791021949487,1791022479374,20.626,0.45,0.36,-6.790000000000001,25.7029,-24.9599,24.9599,-7.7390000000000025,0
2026-10-03,1791022500000,2,DOWN,84575.05,84599.99,24.94000000000233,KXBTCD-26OCT0307-T84599.99,1791022817020,1791023344421,55.579,0.71,0.5,-8.466999999999999,25.354499999999998,-25.0012,25.0012,-8.894699999999998,0
2026-10-03,1791023400000,3,DOWN,84597.34,84599.99,2.650000000008731,KXBTCD-26OCT0307-T84599.99,1791023950029,1791024281454,18.546,0.52,0.53,-1.1956999999999995,25.7987,22.2013,25.7987,-2.1108000000000007,1
2026-10-03,1791024300000,4,UP,84596.4,84599.99,3.5900000000110595,KXBTCD-26OCT0307-T84599.99,1791024557643,1791025152346,47.654,0.6,0.99,15.2727,25.2888,8.7109,25.2891,14.0789,1
2026-10-03,1791025200000,1,DOWN,84626.79,84599.99,-26.79999999998836,KXBTCD-26OCT0308-T84599.99,1791025496444,1791026093817,6.183,0.47,0.36,-7.608999999999999,25.8342,5.3767999999999985,24.6232,-8.496699999999999,1
2026-10-03,1791026100000,2,UP,84621.61,84599.99,-21.619999999995343,KXBTCD-26OCT0308-T84599.99,1791026365577,1791026957556,42.444,0.77,0.82,0.8724999999999978,25.0368,9.985500000000002,25.014499999999998,0.23079999999999723,1
2026-10-03,1791027000000,3,UP,84634.39,84599.99,-34.39999999999418,KXBTCD-26OCT0308-T84599.99,1791027363923,1791027898126,1.874,0.9,0.95,1.0900999999999983,24.470100000000002,9.0401,24.9599,0.5485999999999978,1
2026-10-03,1791027900000,4,UP,84646.45,84599.99,-46.45999999999185,KXBTCD-26OCT0308-T84599.99,1791028170508,1791028764828,35.172,0.99,0.99,-0.0348,24.7674,3.4183000000000003,24.581699999999998,-0.5320000000000007,1
2026-10-03,1791028800000,1,UP,84656.19,84699.99,43.80000000000291,KXBTCD-26OCT0309-T84699.99,1791029042171,1791029632481,67.519,0.39,0.38,-2.7613000000000008,26.0258,6.149899999999999,24.8501,-3.913300000000002,1
2026-10-03,1791029700000,2,UP,84678.67,84699.99,21.320000000006985,KXBTCD-26OCT0309-T84699.99,1791029975112,1791030586587,13.413,0.74,0.9,4.627600000000001,24.8645,2.1987999999999994,24.8012,3.9606,1
2026-10-03,1791030600000,3,UP,84847.04,84799.99,-47.04999999998836,KXBTCD-26OCT0309-T84799.99,1791030993743,1791031475015,24.985,0.72,0.52,-7.873999999999999,24.9599,-25.0012,25.0012,-8.543899999999999,0
2026-10-03,1791031500000,4,UP,84802.16,84799.99,-2.1699999999982538,KXBTCD-26OCT0309-T84799.99,1791031741371,1791032332541,67.459,0.76,0.99,6.9292,24.7286,9.645500000000002,25.354499999999998,6.2791999999999994,1
2026-10-03,1791032400000,1,DOWN,84872.72,84899.99,27.270000000004075,KXBTCD-26OCT0310-T84899.99,1791032667456,1791033282756,17.244,0.69,0.68,-1.4474999999999962,25.379099999999998,11.998799999999997,25.0012,-2.106199999999997,1
2026-10-03,1791033300000,2,DOWN,84846.15,84799.99,-46.15999999998894,KXBTCD-26OCT0310-T84799.99,1791033557764,1791034170382,29.618,0.44,0.43,-2.4867000000000004,25.605900000000002,6.655599999999999,25.3444,-3.5408000000000013,1
2026-10-03,1791034200000,3,UP,84803.91,84799.99,-3.9199999999982538,KXBTCD-26OCT0310-T84799.99,1791034511305,1791035054201,45.799,0.83,0.86,0.3507000000000008,25.196399999999997,3.153,24.847,-0.24179999999999974,1
2026-10-03,1791035100000,4,UP,84838.01,84799.99,-38.01999999998952,KXBTCD-26OCT0310-T84799.99,1791035396849,1791035949381,50.619,0.91,0.99,1.986399999999999,24.724800000000002,11.998799999999997,25.0012,1.4436999999999984,1
2026-10-03,1791036000000,1,DOWN,84856.02,84899.99,43.970000000001164,KXBTCD-26OCT0311-T84899.99,1791036292492,1791036836426,63.574,0.83,0.85,0.035800000000000554,25.196399999999997,3.4183000000000003,24.581699999999998,-0.5458,1
2026-10-03,1791036900000,2,UP,84792.09,84799.99,7.900000000008731,KXBTCD-26OCT0311-T84799.99,1791037177947,1791037788149,11.851,0.52,0.6,2.194899999999998,25.7987,11.998799999999997,25.0012,1.2044999999999972,1
2026-10-03,1791037800000,3,DOWN,84814.79,84799.99,-14.799999999988358,KXBTCD-26OCT0311-T84799.99,1791038065436,1791038678201,21.799,0.58,0.83,9.5919,25.673299999999998,6.149899999999999,24.8501,8.514800000000001,1
2026-10-03,1791038700000,4,UP,84753.89,84799.99,46.10000000000582,KXBTCD-26OCT0311-T84799.99,1791038950944,1791039555254,44.746,0.81,0.99,5.055999999999998,24.6232,1.5304999999999986,24.469500000000004,4.448799999999998,1
2026-10-03,1791039600000,1,DOWN,84832.02,84799.99,-32.029999999998836,KXBTCD-26OCT0312-T84799.99,1791039901065,1791040450669,49.331,0.53,0.35,-10.028100000000002,25.7296,3.8155000000000006,25.1845,-10.722500000000004,1
2026-10-03,1791040500000,2,UP,84829.17,84799.99,-29.179999999993015,KXBTCD-26OCT0312-T84799.99,1791040861236,1791041345850,54.15,0.69,0.76,1.5212000000000023,25.379099999999998,9.645500000000002,25.354499999999998,0.7761000000000016,1
2026-10-03,1791041400000,3,DOWN,84833.49,84799.99,-33.5,KXBTCD-26OCT0312-T84799.99,1791041690481,1791042235774,64.226,0.46,0.23,-14.0285,25.779,-24.909999999999997,24.909999999999997,-14.8109,0
2026-10-03,1791042300000,4,UP,84834.47,84799.99,-34.479999999995925,KXBTCD-26OCT0312-T84799.99,1791042634950,1791043160749,39.251,0.93,0.99,1.4233999999999984,24.2985,11.6373,25.362700000000004,0.9015999999999981,1
2026-10-03,1791043200000,1,DOWN,84856.47,84899.99,43.520000000004075,KXBTCD-26OCT0313-T84899.99,1791043569621,1791044099967,0.033,0.75,0.8,0.8472000000000015,25.1832,8.1355,24.8645,0.1797000000000008,1
2026-10-03,1791044100000,2,DOWN,84824.26,84799.99,-24.269999999989523,KXBTCD-26OCT0313-T84799.99,1791044374616,1791044975944,24.056,0.41,0.48,2.1356,25.616,11.998799999999997,25.0012,0.9150999999999994,1
2026-10-03,1791045000000,3,UP,84799.78,84799.99,0.21000000000640284,KXBTCD-26OCT0313-T84799.99,1791045251814,1791045871536,28.464,0.61,0.76,4.823000000000001,25.0662,9.0401,24.9599,4.0153,1
2026-10-03,1791045900000,4,UP,84824.82,84799.99,-24.830000000001746,KXBTCD-26OCT0313-T84799.99,1791046206790,1791046753852,46.148,0.93,0.99,1.4233999999999984,24.2985,9.985500000000002,25.014499999999998,0.9015999999999981,1
2026-10-03,1791046800000,1,UP,84856.61,84899.99,43.38000000000466,KXBTCD-26OCT0314-T84899.99,1791047293854,1791047692287,7.713,0.32,0.36,0.6738999999999984,26.1481,9.0401,24.9599,-0.8552000000000028,1
2026-10-03,1791047700000,2,UP,84873.43,84899.99,26.560000000012224,KXBTCD-26OCT0314-T84899.99,1791047964955,1791048583525,16.475,0.52,0.45,-5.0303,25.7987,4.803600000000001,25.196399999999997,-5.860300000000001,1
2026-10-03,1791048600000,3,DOWN,84893.66,84899.99,6.330000000001746,KXBTCD-26OCT0314-T84899.99,1791048848985,1791049466086,33.914,0.81,0.23,-18.095200000000002,24.6232,-24.9089,24.9089,-18.6704,0
2026-10-03,1791049500000,4,DOWN,84950.17,84999.99,49.820000000006985,KXBTCD-26OCT0314-T84999.99,1791049799261,1791050395516,4.484,0.94,0.99,1.1792000000000011,24.542699999999996,-25.2891,25.2891,0.6578000000000007,0
2026-10-03,1791050400000,1,UP,84996.59,84999.99,3.400000000008731,KXBTCD-26OCT0315-T84999.99,1791050800827,1791051263202,36.798,0.53,0.41,-7.255500000000003,25.7296,-25.3052,25.3052,-8.012700000000002,0
2026-10-03,1791051300000,2,DOWN,84981.12,84999.99,18.870000000009895,KXBTCD-26OCT0315-T84999.99,1791051541268,1791052134351,65.649,0.67,0.56,-5.2809,25.362700000000004,12.694799999999999,25.3052,-5.8521,1
2026-10-03,1791052200000,3,DOWN,84978.53,84999.99,21.460000000006403,KXBTCD-26OCT0315-T84999.99,1791052477099,1791053079707,20.293,0.78,0.91,3.5921000000000003,25.3444,9.0401,24.9599,2.8545999999999996,1
2026-10-03,1791053100000,4,DOWN,84931.72,84899.99,-31.729999999995925,KXBTCD-26OCT0315-T84899.99,1791053555986,1791053970230,29.77,0.16,0.0,-26.4277,26.4277,-25.0284,25.0284,-26.442,0
2026-10-03,1791054000000,1,DOWN,84934.77,84899.99,-34.779999999998836,KXBTCD-26OCT0316-T84899.99,1791054241398,1791054856616,43.384,0.65,0.64,-1.5981000000000003,25.3052,1.9953999999999992,25.0046,-2.2950000000000013,1
2026-10-03,1791054900000,2,DOWN,84856.01,84899.99,43.98000000001048,KXBTCD-26OCT0316-T84899.99,1791055197786,1791055747170,52.83,0.7,0.79,2.229000000000003,25.014499999999998,11.6373,25.362700000000004,1.5250000000000021,1
2026-10-03,1791055800000,3,DOWN,84830.61,84799.99,-30.619999999995343,KXBTCD-26OCT0316-T84799.99,1791056090860,1791056638600,61.4,0.35,0.37,-0.8692999999999989,25.9807,7.2714,24.7286,-2.2258,1
2026-10-03,1791056700000,4,DOWN,84798.53,84799.99,1.4600000000064028,KXBTCD-26OCT0316-T84799.99,1791056983700,1791057534740,65.26,0.84,0.0,-24.6329,24.6329,-25.3444,25.3444,-24.9089,0
2026-10-03,1791057600000,1,UP,84834.38,84749.99,-84.38999999999942,KXBTCD-26OCT0317-T84749.99,1791057885150,1791058434338,65.662,0.92,0.91,-0.5640000000000003,24.9792,4.091100000000001,24.9089,-1.0623000000000007,1
2026-10-03,1791058500000,2,UP,84873.32,84749.99,-123.33000000000175,KXBTCD-26OCT0317-T84749.99,1791058848208,1791059332957,67.043,0.95,0.96,0.10360000000000023,24.7865,10.620900000000002,25.379099999999998,-0.4164000000000002,1
2026-10-03,1791059400000,3,DOWN,84883.92,84999.99,116.07000000000698,KXBTCD-26OCT0317-T84999.99,1791059735577,1791060280310,19.69,0.95,0.98,0.6578000000000007,24.7865,10.971599999999999,25.0284,0.13710000000000022,1
2026-10-03,1791060300000,4,DOWN,84847.22,84749.99,-97.22999999999593,KXBTCD-26OCT0317-T84749.99,1791060624015,1791061151647,48.353,0.46,0.97,26.491,25.779,5.3767999999999985,24.6232,24.903299999999998,1
2026-10-03,1791061200000,1,DOWN,84739.29,84699.99,-39.29999999998836,KXBTCD-26OCT0318-T84699.99,1791061502823,1791062063900,36.1,0.46,0.48,-0.8025000000000021,25.779,10.620900000000002,25.379099999999998,-1.848400000000003,1
2026-10-03,1791062100000,2,UP,84670.39,84699.99,29.60000000000582,KXBTCD-26OCT0318-T84699.99,1791062400351,1791062952853,47.147,0.53,0.45,-5.393900000000001,25.7296,6.149899999999999,24.8501,-6.193400000000001,1
2026-10-03,1791063000000,3,UP,84694.41,84699.99,5.580000000001746,KXBTCD-26OCT0318-T84699.99,1791063302153,1791063847554,52.446,0.58,0.49,-5.355499999999999,25.673299999999998,-25.3052,25.3052,-6.065099999999999,0
2026-10-03,1791063900000,4,UP,84689.46,84699.99,10.529999999998836,KXBTCD-26OCT0318-T84699.99,1791064180365,1791064773998,26.002,0.69,0.25,-16.851599999999998,25.379099999999998,9.985500000000002,25.014499999999998,-17.0614,1
2026-10-03,1791064800000,1,UP,84706.65,84699.99,-6.6599999999889405,KXBTCD-26OCT0319-T84699.99,1791065051372,1791065644079,55.921,0.59,0.81,8.076300000000003,25.4912,11.6373,25.362700000000004,7.052000000000003,1
2026-10-03,1791065700000,2,DOWN,84776.27,84799.99,23.720000000001164,KXBTCD-26OCT0319-T84799.99,1791066051577,1791066581345,18.655,0.7,0.66,-2.464299999999997,25.014499999999998,12.694799999999999,25.3052,-3.161899999999998,1
2026-10-03,1791066600000,3,UP,84761.62,84799.99,38.370000000009895,KXBTCD-26OCT0319-T84799.99,1791066918512,1791067446411,53.589,0.36,0.3,-6.267199999999999,25.9529,12.694799999999999,25.3052,-7.419000000000001,1
2026-10-03,1791067500000,4,UP,84780.82,84799.99,19.169999999998254,KXBTCD-26OCT0319-T84799.99,1791067851761,1791068372452,27.548,0.34,0.0,-25.9667,25.9667,-25.3052,25.3052,-25.980700000000002,0
2026-10-03,1791068400000,1,DOWN,84767.33,84799.99,32.66000000000349,KXBTCD-26OCT0320-T84799.99,1791068842805,1791069237789,62.211,0.75,0.74,-1.2077000000000004,25.1832,8.1355,24.8645,-1.810200000000001,1
2026-10-03,1791069300000,2,UP,84755.73,84799.99,44.26000000000931,KXBTCD-26OCT0320-T84799.99,1791069777622,1791070176427,23.573,0.44,0.21,-14.4963,25.605900000000002,-24.909999999999997,24.909999999999997,-15.3189,0
2026-10-03,1791070200000,3,UP,84733.88,84699.99,-33.88999999999942,KXBTCD-26OCT0320-T84699.99,1791070513494,1791071050039,49.961,0.9,0.96,1.3772999999999984,24.470100000000002,6.9632,25.0368,0.8353999999999978,1
2026-10-03,1791071100000,4,DOWN,84773.99,84799.99,26.0,KXBTCD-26OCT0320-T84799.99,1791071451532,1791071999493,0.507,0.92,0.99,1.7319999999999989,24.9792,12.694799999999999,25.3052,1.1457999999999982,1
2026-10-03,1791072000000,1,UP,84746.01,84699.99,-46.01999999998952,KXBTCD-26OCT0321-T84699.99,1791072268612,1791072879245,20.755,0.81,0.88,1.5549999999999988,24.6232,9.645500000000002,25.354499999999998,0.9523999999999979,1
2026-10-03,1791072900000,2,UP,84805.54,84799.99,-5.5499999999883585,KXBTCD-26OCT0321-T84799.99,1791073218170,1791073766181,33.819,0.67,0.5,-7.510200000000002,25.362700000000004,-25.0284,25.0284,-8.018200000000002,0
2026-10-03,1791073800000,3,UP,84797.08,84799.99,2.9100000000034925,KXBTCD-26OCT0321-T84799.99,1791074102743,1791074630577,69.423,0.64,0.45,-8.7147,25.589000000000002,-25.014499999999998,25.014499999999998,-9.2407,0
2026-10-03,1791074700000,4,UP,84790.67,84799.99,9.320000000006985,KXBTCD-26OCT0321-T84799.99,1791075035626,1791075564052,35.948,0.62,0.0,-25.4597,25.4597,-25.362700000000004,25.362700000000004,-25.2064,0
2026-10-03,1791075600000,1,DOWN,84776.72,84799.99,23.270000000004075,KXBTCD-26OCT0322-T84799.99,1791076165907,1791076487369,12.631,0.58,0.6,-0.5956999999999992,25.673299999999998,21.2704,25.7296,-1.4224,1
2026-10-03,1791076500000,2,DOWN,84768.08,84799.99,31.910000000003492,KXBTCD-26OCT0322-T84799.99,1791076758757,1791077368550,31.45,0.78,0.83,0.8994999999999977,25.3444,9.0401,24.9599,0.24959999999999744,1
2026-10-03,1791077400000,3,UP,84739.37,84699.99,-39.379999999990105,KXBTCD-26OCT0322-T84699.99,1791077707530,1791078252235,47.765,0.87,0.93,1.3307000000000015,24.581699999999998,5.3767999999999985,24.6232,0.768700000000001,1
2026-10-03,1791078300000,4,UP,84771.37,84799.99,28.620000000009895,KXBTCD-26OCT0322-T84799.99,1791078792392,1791079198157,1.843,0.22,0.0,-26.217399999999998,26.217399999999998,9.645500000000002,25.354499999999998,-26.1789,1
2026-10-03,1791079200000,1,UP,84793.43,84799.99,6.560000000012224,KXBTCD-26OCT0323-T84799.99,1791079473150,1791080094096,5.904,0.63,0.57,-3.645600000000002,25.2064,6.149899999999999,24.8501,-4.421700000000003,1
2026-10-03,1791080100000,2,UP,84817.37,84799.99,-17.379999999990105,KXBTCD-26OCT0323-T84799.99,1791080635586,1791080980368,19.632,0.76,0.61,-5.7415,24.7286,7.2714,24.7286,-6.374400000000001,1
2026-10-03,1791081000000,3,UP,84822.76,84799.99,-22.769999999989523,KXBTCD-26OCT0323-T84799.99,1791081249182,1791081864998,35.002,0.8,0.44,-12.041900000000002,25.1472,-25.362700000000004,25.362700000000004,-12.238000000000001,0
2026-10-03,1791081900000,4,DOWN,84792.27,84799.99,7.720000000001164,KXBTCD-26OCT0323-T84799.99,1791082333546,1791082799678,0.322,0.77,0.99,6.6209999999999996,25.0368,-25.379099999999998,25.379099999999998,5.971599999999999,0
2026-10-03,1791082800000,1,UP,84793.71,84799.99,6.279999999998836,KXBTCD-26OCT0400-T84799.99,1791083341695,1791083674908,25.092,0.49,0.47,-2.8015000000000008,25.882199999999997,24.125,25.875,-3.7444000000000015,1
2026-10-03,1791083700000,2,UP,84796.66,84799.99,3.3300000000017462,KXBTCD-26OCT0400-T84799.99,1791084212552,1791084545726,54.274,0.61,0.4,-9.738199999999999,25.0662,-24.8645,24.8645,-10.5259,0
2026-10-03,1791084600000,3,UP,84787.45,84799.99,12.540000000008149,KXBTCD-26OCT0400-T84799.99,1791084888114,1791085434428,65.572,0.7,0.86,4.7905000000000015,25.014499999999998,5.3767999999999985,24.6232,4.0831,1
2026-10-03,1791085500000,4,DOWN,84862.28,84899.99,37.7100000000064,KXBTCD-26OCT0400-T84899.99,1791085776222,1791086399023,0.977,0.94,0.99,1.1792000000000011,24.542699999999996,11.998799999999997,25.0012,0.6578000000000007,1
2026-10-04,1791086400000,1,UP,84826.77,84799.99,-26.779999999998836,KXBTCD-26OCT0401-T84799.99,1791086681502,1791087233652,66.348,0.71,0.54,-7.063099999999998,25.354499999999998,-25.379099999999998,25.379099999999998,-7.532799999999998,0
2026-10-04,1791087300000,2,UP,84804.99,84799.99,-5.0,KXBTCD-26OCT0401-T84799.99,1791087846154,1791088180974,19.026,0.64,0.63,-1.6554000000000002,25.589000000000002,12.694799999999999,25.3052,-2.371900000000001,1
2026-10-04,1791088200000,3,DOWN,84811.96,84799.99,-11.970000000001164,KXBTCD-26OCT0401-T84799.99,1791088753899,1791089086129,13.871,0.32,0.25,-7.671900000000001,26.1481,15.711200000000002,25.2888,-8.868400000000001,1
2026-10-04,1791089100000,4,DOWN,84810.05,84799.99,-10.059999999997672,KXBTCD-26OCT0401-T84799.99,1791089685762,1791089951445,48.555,0.21,0.01,-25.264499999999998,26.372,19.470299999999998,25.529700000000002,-26.217399999999998,1
2026-10-04,1791090000000,1,UP,84809.33,84799.99,-9.339999999996508,KXBTCD-26OCT0402-T84799.99,1791090293239,1791090890768,9.232,0.7,0.72,-0.30849999999999933,25.014499999999998,6.9632,25.0368,-1.009,1
2026-10-04,1791090900000,2,UP,84823.05,84799.99,-23.05999999999767,KXBTCD-26OCT0402-T84799.99,1791091230757,1791091758122,41.878,0.73,0.87,4.021700000000001,25.2891,2.8880999999999997,25.111900000000002,3.2373,1
2026-10-04,1791091800000,3,UP,84847.51,84799.99,-47.51999999998952,KXBTCD-26OCT0402-T84799.99,1791092099808,1791092699879,0.121,0.93,0.97,0.8684999999999979,24.2985,7.8168,25.1832,0.34739999999999754,1
2026-10-04,1791092700000,4,DOWN,84904.15,84899.99,-4.1599999999889405,KXBTCD-26OCT0402-T84899.99,1791092972195,1791093567521,32.479,0.65,0.29,-14.832900000000002,25.3052,9.645500000000002,25.354499999999998,-15.163400000000003,1
2026-10-04,1791093600000,1,UP,84899.44,84899.99,0.5500000000029104,KXBTCD-26OCT0403-T84899.99,1791093933809,1791094462820,37.18,0.56,0.52,-3.2878000000000016,25.399,11.998799999999997,25.0012,-4.070000000000002,1
2026-10-04,1791094500000,2,UP,84903.57,84899.99,-3.5800000000017462,KXBTCD-26OCT0403-T84899.99,1791094739259,1791095358533,41.467,0.62,0.37,-11.3124,25.4597,-25.0284,25.0284,-11.7954,0
2026-10-04,1791095400000,3,UP,84900.41,84899.99,-0.41999999999825377,KXBTCD-26OCT0403-T84899.99,1791095706905,1791096261847,38.153,0.88,0.81,-2.4686999999999983,24.847,2.8880999999999997,25.111900000000002,-3.025499999999999,1
2026-10-04,1791096300000,4,UP,84952.51,84999.99,47.48000000001048,KXBTCD-26OCT0403-T84999.99,1791096598345,1791097143279,56.721,0.38,0.9,32.3185,25.772,6.149899999999999,24.8501,30.4956,1
2026-10-04,1791097200000,1,DOWN,85019.96,84999.99,-19.970000000001164,KXBTCD-26OCT0404-T84999.99,1791097687859,1791098039149,60.851,0.47,0.57,3.4663999999999993,25.8342,10.971599999999999,25.0284,2.3544999999999985,1
2026-10-04,1791098100000,2,DOWN,84983.89,84999.99,16.10000000000582,KXBTCD-26OCT0404-T84999.99,1791098382513,1791098934832,65.168,0.81,0.67,-4.9876000000000005,24.6232,2.4788999999999994,24.5211,-5.581300000000001,1
2026-10-04,1791099000000,3,DOWN,84967.14,84999.99,32.85000000000582,KXBTCD-26OCT0404-T84999.99,1791099271574,1791099893488,6.512,0.86,0.77,-3.214099999999999,25.1845,4.091100000000001,24.9089,-3.6592999999999996,1
2026-10-04,1791099900000,4,UP,84959.41,84999.99,40.580000000001746,KXBTCD-26OCT0404-T84999.99,1791100171426,1791100786391,13.609,0.58,0.99,16.8669,25.673299999999998,3.4183000000000003,24.581699999999998,15.611099999999999,1
2026-10-04,1791100800000,1,UP,85086.47,85099.99,13.520000000004075,KXBTCD-26OCT0405-T85099.99,1791101131699,1791101691202,8.798,0.57,0.6,-0.1701999999999989,25.247799999999998,10.971599999999999,25.0284,-1.0314999999999994,1
2026-10-04,1791101700000,2,DOWN,85142.88,85099.99,-42.88999999999942,KXBTCD-26OCT0405-T85099.99,1791102033685,1791102585120,14.88,0.46,0.2,-15.5838,25.779,-25.2891,25.2891,-16.335200000000004,0
2026-10-04,1791102600000,3,DOWN,85156.97,85199.99,43.020000000004075,KXBTCD-26OCT0405-T85199.99,1791102852484,1791103461553,38.447,0.9,0.96,1.3772999999999984,24.470100000000002,2.1987999999999994,24.8012,0.8353999999999978,1
2026-10-04,1791103500000,4,UP,85066.29,85099.99,33.70000000001164,KXBTCD-26OCT0405-T85099.99,1791103803895,1791104356991,43.009,0.6,0.01,-24.9073,25.2888,7.2714,24.7286,-25.0662,1
2026-10-04,1791104400000,1,DOWN,85094.19,85099.99,5.80000000000291,KXBTCD-26OCT0406-T85099.99,1791104639418,1791105260440,39.56,0.66,0.38,-11.551500000000003,25.0012,-24.909999999999997,24.909999999999997,-12.2765,0
2026-10-04,1791105300000,2,UP,85121.78,85099.99,-21.789999999993597,KXBTCD-26OCT0406-T85099.99,1791105603670,1791106141489,58.511,0.75,0.92,5.006700000000001,25.1832,8.7109,25.2891,4.2079,1
2026-10-04,1791106200000,3,DOWN,85260.53,85299.99,39.4600000000064,KXBTCD-26OCT0406-T85299.99,1791106485390,1791107089036,10.964,0.92,0.79,-3.9628000000000005,24.9792,-25.2891,25.2891,-4.330900000000001,0
2026-10-04,1791107100000,4,UP,85267.49,85299.99,32.5,KXBTCD-26OCT0406-T85299.99,1791107356027,1791107977703,22.297,0.52,0.0,-25.7987,25.7987,-25.2891,25.2891,-25.7296,0
2026-10-04,1791108000000,1,UP,85224.2,85199.99,-24.20999999999185,KXBTCD-26OCT0407-T85199.99,1791108245203,1791108840219,59.781,0.73,0.57,-6.4925000000000015,25.2891,6.149899999999999,24.8501,-6.953700000000001,1
2026-10-04,1791108900000,2,UP,85232.28,85199.99,-32.2899999999936,KXBTCD-26OCT0407-T85199.99,1791109184955,1791109732246,67.754,0.93,0.93,-0.237,24.2985,2.529899999999999,24.470100000000002,-0.7567000000000005,1
2026-10-04,1791109800000,3,DOWN,85398.04,85399.99,1.9500000000116415,KXBTCD-26OCT0407-T85399.99,1791110079920,1791110688780,11.22,0.75,0.89,3.9606,25.1832,9.645500000000002,25.354499999999998,3.1948,1
2026-10-04,1791110700000,4,DOWN,85330.13,85299.99,-30.139999999999418,KXBTCD-26OCT0407-T85299.99,1791111296709,1791111577635,22.365,0.19,0.99,103.29790000000001,26.3013,14.933800000000002,25.0662,95.9285,1
2026-10-04,1791111600000,1,DOWN,85265.68,85299.99,34.310000000012224,KXBTCD-26OCT0408-T85299.99,1791111841715,1791112465687,34.313,0.72,0.65,-3.401399999999998,24.9599,5.090000000000002,24.909999999999997,-4.077499999999999,1
2026-10-04,1791112500000,2,UP,85251.91,85299.99,48.080000000001746,KXBTCD-26OCT0408-T85299.99,1791112800848,1791113351195,48.805,0.33,0.53,12.5314,25.910800000000002,10.971599999999999,25.0284,10.717799999999997,1
2026-10-04,1791113400000,3,DOWN,85305.87,85299.99,-5.879999999990105,KXBTCD-26OCT0408-T85299.99,1791113759388,1791114244040,55.96,0.54,0.78,9.687499999999998,25.639900000000004,12.694799999999999,25.3052,8.562399999999998,1
2026-10-04,1791114300000,4,UP,85263.95,85299.99,36.04000000000815,KXBTCD-26OCT0408-T85299.99,1791114645423,1791115192503,7.497,0.27,0.39,8.238499999999998,26.109400000000004,9.985500000000002,25.014499999999998,6.176199999999998,1
2026-10-04,1791115200000,1,UP,85300.7,85299.99,-0.7099999999918509,KXBTCD-26OCT0409-T85299.99,1791115466761,1791116081599,18.401,0.57,0.37,-10.039499999999999,25.247799999999998,-25.354499999999998,25.354499999999998,-10.886899999999999,0
2026-10-04,1791116100000,2,DOWN,85248.8,85199.99,-48.80999999999767,KXBTCD-26OCT0409-T85199.99,1791116426400,1791116978405,21.595,0.3,0.22,-8.857099999999999,26.120099999999997,-25.3052,25.3052,-10.127,0
2026-10-04,1791117000000,3,DOWN,85265.05,85299.99,34.94000000000233,KXBTCD-26OCT0409-T85299.99,1791117438716,1791117834795,65.205,0.76,0.91,4.2079,24.7286,10.971599999999999,25.0284,3.5616000000000003,1
2026-10-04,1791117900000,4,DOWN,85203.41,85199.99,-3.4199999999982538,KXBTCD-26OCT0409-T85199.99,1791118178264,1791118793182,6.818,0.82,0.99,4.769200000000001,24.909999999999997,5.8527999999999984,25.1472,4.162400000000001,1
2026-10-04,1791118800000,1,UP,85125.56,85099.99,-25.569999999992433,KXBTCD-26OCT0410-T85099.99,1791119261794,1791119674608,25.392,0.7,0.74,0.4141000000000013,25.014499999999998,9.645500000000002,25.354499999999998,-0.2873999999999993,1
2026-10-04,1791119700000,2,UP,85153.13,85199.99,46.86000000000058,KXBTCD-26OCT0410-T85199.99,1791119950165,1791120556143,43.857,0.41,0.57,7.554499999999997,25.616,9.985500000000002,25.014499999999998,6.236199999999998,1
2026-10-04,1791120600000,3,UP,85211.39,85199.99,-11.39999999999418,KXBTCD-26OCT0410-T85199.99,1791120899654,1791121445317,54.683,0.7,0.58,-5.3114,25.014499999999998,7.8168,25.1832,-6.005000000000001,1
2026-10-04,1791121500000,4,UP,85221.14,85199.99,-21.14999999999418,KXBTCD-26OCT0410-T85199.99,1791121787098,1791122332112,67.888,0.94,0.99,1.1792000000000011,24.542699999999996,5.090000000000002,24.909999999999997,0.6578000000000007,1
2026-10-04,1791122400000,1,DOWN,85235.33,85199.99,-35.33999999999651,KXBTCD-26OCT0411-T85199.99,1791122860299,1791123255686,44.314,0.42,0.47,0.9150999999999994,25.786099999999998,11.6373,25.362700000000004,-0.2638000000000015,1
2026-10-04,1791123300000,2,DOWN,85199.51,85199.99,0.4800000000104774,KXBTCD-26OCT0411-T85199.99,1791123593061,1791124138145,61.855,0.62,0.57,-3.346000000000002,25.4597,9.0401,24.9599,-4.039100000000002,1
2026-10-04,1791124200000,3,DOWN,85169.62,85199.99,30.370000000009895,KXBTCD-26OCT0411-T85199.99,1791124665199,1791125068027,31.973,0.73,0.88,4.3795,25.2891,5.090000000000002,24.909999999999997,3.5842,1
2026-10-04,1791125100000,4,DOWN,85125.9,85099.99,-25.90999999998894,KXBTCD-26OCT0411-T85099.99,1791125340060,1791125958871,41.129,0.43,0.0,-25.935200000000002,25.935200000000002,-24.8645,24.8645,-25.605900000000002,0
2026-10-04,1791126000000,1,UP,85266.07,85299.99,33.919999999998254,KXBTCD-26OCT0412-T85299.99,1791126303836,1791126850618,49.382,0.54,0.57,-0.20920000000000394,25.639900000000004,8.7109,25.2891,-1.1059000000000045,1
2026-10-04,1791126900000,2,UP,85320.6,85299.99,-20.610000000000582,KXBTCD-26OCT0412-T85299.99,1791127192988,1791127740684,59.316,0.75,0.6,-5.9376000000000015,25.1832,-25.014499999999998,25.014499999999998,-6.390500000000001,0
2026-10-04,1791127800000,3,DOWN,85315.71,85299.99,-15.720000000001164,KXBTCD-26OCT0412-T85299.99,1791128087958,1791128679139,20.861,0.56,0.29,-13.273200000000003,25.399,-25.3052,25.3052,-13.814700000000004,0
2026-10-04,1791128700000,4,UP,85329.37,85299.99,-29.379999999990105,KXBTCD-26OCT0412-T85299.99,1791129011103,1791129534099,65.901,0.86,0.54,-10.0288,25.1845,-25.379099999999998,25.379099999999998,-10.23,0
2026-10-04,1791129600000,1,DOWN,85275.02,85299.99,24.970000000001164,KXBTCD-26OCT0413-T85299.99,1791129873243,1791130484845,15.155,0.74,0.59,-5.9533000000000005,24.8645,3.4183000000000003,24.581699999999998,-6.606000000000002,1
2026-10-04,1791130500000,2,DOWN,85269.54,85299.99,30.45000000001164,KXBTCD-26OCT0413-T85299.99,1791130945094,1791131337717,62.283,0.72,0.75,0.09380000000000094,24.9599,10.971599999999999,25.0284,-0.5870999999999997,1
2026-10-04,1791131400000,3,UP,85233.37,85199.99,-33.379999999990105,KXBTCD-26OCT0413-T85199.99,1791131676733,1791132267079,32.921,0.9,0.97,1.664899999999999,24.470100000000002,7.2714,24.7286,1.1225999999999983,1
2026-10-04,1791132300000,4,UP,85331.76,85299.99,-31.769999999989523,KXBTCD-26OCT0413-T85299.99,1791132604842,1791133146649,53.351,0.95,0.99,0.9354000000000009,24.7865,4.091100000000001,24.9089,0.41440000000000043,1
2026-10-04,1791133200000,1,UP,85358.37,85399.99,41.620000000009895,KXBTCD-26OCT0414-T85399.99,1791133482714,1791134098171,1.829,0.4,0.2,-14.136000000000001,25.8416,-25.379099999999998,25.379099999999998,-14.862400000000001,0
2026-10-04,1791134100000,2,UP,85308.62,85299.99,-8.629999999990105,KXBTCD-26OCT0414-T85299.99,1791134429147,1791134952220,47.78,0.65,0.78,3.8783000000000003,25.3052,12.694799999999999,25.3052,3.0300999999999996,1
2026-10-04,1791135000000,3,DOWN,85370.31,85399.99,29.680000000007567,KXBTCD-26OCT0414-T85399.99,1791135291282,1791135894048,5.952,0.75,0.63,-4.9317,25.1832,-25.3052,25.3052,-5.4164,0
2026-10-04,1791135900000,4,DOWN,85385.92,85399.99,14.070000000006985,KXBTCD-26OCT0414-T85399.99,1791136367390,1791136779240,20.76,0.83,0.99,4.4828,25.196399999999997,8.1355,24.8645,3.7473000000000005,1
2026-10-04,1791136800000,1,UP,85307.54,85299.99,-7.5499999999883585,KXBTCD-26OCT0415-T85299.99,1791137125632,1791137677075,22.925,0.62,0.55,-4.152699999999998,25.4597,-25.379099999999998,25.379099999999998,-4.824599999999999,0
2026-10-04,1791137700000,2,UP,85305.92,85299.99,-5.929999999993015,KXBTCD-26OCT0415-T85299.99,1791138013949,1791138544138,55.862,0.64,0.6,-2.8442000000000016,25.589000000000002,11.6373,25.362700000000004,-3.528700000000002,1
2026-10-04,1791138600000,3,UP,85312.09,85299.99,-12.099999999991269,KXBTCD-26OCT0415-T85299.99,1791139011140,1791139480053,19.947,0.62,0.78,5.259800000000001,25.4597,11.6373,25.362700000000004,4.3401000000000005,1
2026-10-04,1791139500000,4,DOWN,85335.57,85299.99,-35.580000000001746,KXBTCD-26OCT0415-T85299.99,1791139755941,1791140350090,49.91,0.11,0.0,-26.5257,26.5257,10.971599999999999,25.0284,-26.497600000000002,1
2026-10-04,1791140400000,1,UP,85327.74,85299.99,-27.75,KXBTCD-26OCT0416-T85299.99,1791140692927,1791141241668,58.332,0.79,0.82,0.24959999999999744,24.8501,8.1355,24.8645,-0.3712000000000032,1
2026-10-04,1791141300000,2,UP,85371.53,85399.99,28.460000000006403,KXBTCD-26OCT0416-T85399.99,1791141716958,1791142193765,6.235,0.41,0.64,11.816300000000002,25.616,12.694799999999999,25.3052,10.421100000000001,1
2026-10-04,1791142200000,3,UP,85447.0,85399.99,-47.00999999999476,KXBTCD-26OCT0416-T85399.99,1791142470289,1791143096907,3.093,0.87,0.69,-5.681000000000001,24.581699999999998,-24.909999999999997,24.909999999999997,-6.233500000000001,0
2026-10-04,1791143100000,4,UP,85417.94,85399.99,-17.94999999999709,KXBTCD-26OCT0416-T85399.99,1791143431388,1791143962508,37.492,0.86,0.98,3.1957,25.1845,-25.379099999999998,25.379099999999998,2.5211999999999994,0
2026-10-04,1791144000000,1,DOWN,85414.8,85499.99,85.19000000000233,KXBTCD-26OCT0417-T85499.99,1791144306867,1791144835069,64.931,0.71,0.75,0.4361000000000013,25.354499999999998,-25.3052,25.3052,-0.2578999999999994,0
2026-10-04,1791144900000,2,UP,85415.86,85499.99,84.13000000000466,KXBTCD-26OCT0417-T85499.99,1791145178508,1791145799404,0.596,0.36,0.3,-6.267199999999999,25.9529,6.149899999999999,24.8501,-7.419000000000001,1
2026-10-04,1791145800000,3,UP,85452.46,85499.99,47.529999999998836,KXBTCD-26OCT0417-T85499.99,1791146066575,1791146679647,20.353,0.48,0.91,21.153200000000002,25.8686,6.149899999999999,24.8501,19.6965,1
2026-10-04,1791146700000,4,UP,85742.33,85749.99,7.6600000000034925,KXBTCD-26OCT0417-T85749.99,1791146955715,1791147568956,31.044,0.67,0.99,11.241599999999998,25.362700000000004,8.7109,25.2891,10.202199999999996,1
2026-10-04,1791147600000,1,UP,85817.53,85799.99,-17.539999999993597,KXBTCD-26OCT0418-T85799.99,1791147973048,1791148449591,50.409,0.58,0.72,4.6798,25.673299999999998,11.998799999999997,25.0012,3.7234000000000003,1
2026-10-04,1791148500000,2,DOWN,86008.37,85999.99,-8.379999999990105,KXBTCD-26OCT0418-T85999.99,1791148856509,1791149399052,0.948,0.76,0.83,1.5152999999999983,24.7286,6.149899999999999,24.8501,0.8724999999999978,1
2026-10-04,1791149400000,3,UP,85812.33,85799.99,-12.339999999996508,KXBTCD-26OCT0418-T85799.99,1791149672683,1791150278105,21.895,0.64,0.91,9.677400000000002,25.589000000000002,12.694799999999999,25.3052,8.6554,1
2026-10-04,1791150300000,4,DOWN,85964.27,85999.99,35.720000000001164,KXBTCD-26OCT0418-T85999.99,1791150621318,1791151168657,31.343,0.74,0.99,7.7826,24.8645,9.985500000000002,25.014499999999998,7.1114999999999995,1
2026-10-04,1791151200000,1,UP,85831.75,85799.99,-31.75999999999476,KXBTCD-26OCT0419-T85799.99,1791151443921,1791152062895,37.105,0.74,0.93,5.675100000000002,24.8645,3.4183000000000003,24.581699999999998,5.006700000000001,1
2026-10-04,1791152100000,2,UP,86315.92,86299.99,-15.929999999993015,KXBTCD-26OCT0419-T86299.99,1791152399610,1791152954240,45.76,0.8,0.47,-11.117800000000003,25.1472,-25.111900000000002,25.111900000000002,-11.344900000000003,0
2026-10-04,1791153000000,3,UP,86266.78,86299.99,33.2100000000064,KXBTCD-26OCT0419-T86299.99,1791153302828,1791153854038,45.962,0.69,0.72,0.03280000000000094,25.379099999999998,10.620900000000002,25.379099999999998,-0.6689999999999996,1
2026-10-04,1791153900000,4,DOWN,86382.01,86399.99,17.980000000010477,KXBTCD-26OCT0419-T86399.99,1791154199606,1791154754583,45.417,0.79,0.66,-4.8771,24.8501,-25.3052,25.3052,-5.4909,0
2026-10-04,1791154800000,1,UP,86404.71,86399.99,-4.720000000001164,KXBTCD-26OCT0420-T86399.99,1791155096606,1791155642654,57.346,0.54,0.74,7.780499999999998,25.639900000000004,11.6373,25.362700000000004,6.699399999999998,1
2026-10-04,1791155700000,2,UP,86577.85,86599.99,22.139999999999418,KXBTCD-26OCT0420-T86599.99,1791156238983,1791156575961,24.039,0.48,0.6,4.457800000000001,25.8686,14.540299999999998,25.4597,3.344199999999999,1
2026-10-04,1791156600000,3,DOWN,86697.4,86699.99,2.5900000000110595,KXBTCD-26OCT0420-T86699.99,1791156849014,1791157445118,54.882,0.74,0.93,5.675100000000002,24.8645,9.0401,24.9599,5.006700000000001,1
2026-10-04,1791157500000,4,UP,86485.78,86499.99,14.210000000006403,KXBTCD-26OCT0420-T86499.99,1791157921117,1791158338213,61.787,0.57,0.03,-24.045399999999994,25.247799999999998,11.998799999999997,25.0012,-24.8723,1
2026-10-04,1791158400000,1,DOWN,86505.93,86499.99,-5.939999999987776,KXBTCD-26OCT0421-T86499.99,1791158682462,1791159236947,63.053,0.63,0.7,1.520299999999998,25.2064,6.655599999999999,25.3444,0.7369999999999975,1
2026-10-04,1791159300000,2,UP,86344.42,86299.99,-44.429999999993015,KXBTCD-26OCT0421-T86299.99,1791159576002,1791160191521,8.479,0.76,0.47,-10.2466,24.7286,-25.0284,25.0284,-10.873300000000002,0
2026-10-04,1791160200000,3,UP,86262.95,86299.99,37.04000000000815,KXBTCD-26OCT0421-T86299.99,1791160655073,1791161069750,30.25,0.53,0.95,18.764099999999992,25.7296,9.985500000000002,25.014499999999998,17.418399999999995,1
2026-10-04,1791161100000,4,UP,86587.36,86599.99,12.630000000004657,KXBTCD-26OCT0421-T86599.99,1791161543390,1791161951312,48.688,0.46,0.99,27.6435,25.779,8.7109,25.2891,26.033,1
2026-10-04,1791162000000,1,DOWN,86659.29,86699.99,40.70000000001164,KXBTCD-26OCT0422-T86699.99,1791162299870,1791162852427,47.573,0.69,0.65,-2.5523999999999973,25.379099999999998,-24.6329,24.6329,-3.1789999999999976,0
2026-10-04,1791162900000,2,UP,86664.33,86699.99,35.66000000000349,KXBTCD-26OCT0422-T86699.99,1791163198485,1791163737691,62.309,0.55,0.75,7.629599999999998,25.529700000000002,8.7109,25.2891,6.568399999999997,1
2026-10-04,1791163800000,3,DOWN,86947.11,86899.99,-47.11999999999534,KXBTCD-26OCT0422-T86899.99,1791164080912,1791164695079,4.921,0.86,0.92,1.3460000000000016,25.1845,4.803600000000001,25.196399999999997,0.737700000000001,1
2026-10-04,1791164700000,4,DOWN,86711.67,86699.99,-11.679999999993015,KXBTCD-26OCT0422-T86699.99,1791165103295,1791165580095,19.905,0.84,0.99,4.057,24.6329,6.9632,25.0368,3.4713,1
2026-10-04,1791165600000,1,UP,86601.75,86599.99,-1.7599999999947613,KXBTCD-26OCT0423-T86599.99,1791165923228,1791166467100,32.9,0.62,0.68,1.1310000000000022,25.4597,9.985500000000002,25.014499999999998,0.3199000000000014,1
2026-10-04,1791166500000,2,DOWN,86672.54,86699.99,27.45000000001164,KXBTCD-26OCT0423-T86699.99,1791166741717,1791167357956,42.044,0.7,0.81,2.9584000000000032,25.014499999999998,6.9632,25.0368,2.253500000000003,1
2026-10-04,1791167400000,3,DOWN,86516.66,86499.99,-16.669999999998254,KXBTCD-26OCT0423-T86499.99,1791167704697,1791168253114,46.886,0.61,0.13,-20.1829,25.0662,-25.379099999999998,25.379099999999998,-20.9554,0
2026-10-04,1791168300000,4,DOWN,86660.91,86699.99,39.080000000001746,KXBTCD-26OCT0423-T86699.99,1791168601906,1791169149208,50.792,0.96,0.99,0.6920000000000007,25.0299,7.2714,24.7286,0.16470000000000024,1
2026-10-04,1791169200000,1,DOWN,86505.49,86499.99,-5.5,KXBTCD-26OCT0500-T86499.99,1791169555669,1791170043639,56.361,0.57,0.54,-2.7754999999999965,25.247799999999998,10.971599999999999,25.0284,-3.633099999999997,1
2026-10-04,1791170100000,2,DOWN,86486.54,86499.99,13.450000000011642,KXBTCD-26OCT0500-T86499.99,1791170383376,1791170935217,64.783,0.68,0.61,-3.6680000000000024,25.0284,7.8168,25.1832,-4.383900000000002,1
2026-10-04,1791171000000,3,DOWN,86433.24,86399.99,-33.25,KXBTCD-26OCT0500-T86399.99,1791171273440,1791171832973,67.027,0.65,0.8,4.669200000000001,25.3052,6.655599999999999,25.3444,3.7991000000000006,1
2026-10-04,1791171900000,4,UP,86243.85,86199.99,-43.86000000000058,KXBTCD-26OCT0500-T86199.99,1791172177975,1791172789771,10.229,0.86,0.0,-25.1845,25.1845,-25.0284,25.0284,-24.581699999999998,0
2026-10-05,1791172800000,1,UP,86045.36,85999.99,-45.36999999999534,KXBTCD-26OCT0501-T85999.99,1791173199069,1791173685014,14.986,0.63,0.42,-9.491500000000002,25.2064,-25.014499999999998,25.014499999999998,-10.2594,0
2026-10-05,1791173700000,2,DOWN,85946.09,85899.99,-46.09999999999127,KXBTCD-26OCT0501-T85899.99,1791173954890,1791174571977,28.023,0.6,0.72,3.6526000000000005,25.2888,6.149899999999999,24.8501,2.757199999999999,1
2026-10-05,1791174600000,3,DOWN,85755.53,85799.99,44.4600000000064,KXBTCD-26OCT0501-T85799.99,1791174847883,1791175463731,36.269,0.81,0.9,2.1877999999999993,24.6232,4.803600000000001,25.196399999999997,1.5843999999999987,1
2026-10-05,1791175500000,4,UP,85573.46,85599.99,26.529999999998836,KXBTCD-26OCT0501-T85599.99,1791175808906,1791176367737,32.263,0.58,0.0,-25.673299999999998,25.673299999999998,-25.354499999999998,25.354499999999998,-25.4912,0
2026-10-05,1791176400000,1,DOWN,85503.02,85499.99,-3.029999999998836,KXBTCD-26OCT0502-T85499.99,1791176704100,1791177234884,65.116,0.53,0.43,-6.326000000000002,25.7296,11.998799999999997,25.0012,-7.104300000000002,1
2026-10-05,1791177300000,2,DOWN,85489.06,85499.99,10.930000000007567,KXBTCD-26OCT0502-T85499.99,1791177581926,1791178138340,61.66,0.57,0.51,-4.069999999999998,25.247799999999998,-24.7286,24.7286,-4.925799999999999,0
2026-10-05,1791178200000,3,UP,85501.39,85499.99,-1.3999999999941792,KXBTCD-26OCT0502-T85499.99,1791178475318,1791179076313,23.687,0.63,0.92,10.472600000000002,25.2064,12.694799999999999,25.3052,9.677400000000002,1
2026-10-05,1791179100000,4,DOWN,85720.37,85699.99,-20.379999999990105,KXBTCD-26OCT0502-T85699.99,1791179683801,1791179950543,49.457,0.42,0.06,-22.4791,25.786099999999998,-25.589000000000002,25.589000000000002,-23.2281,0
2026-10-05,1791180000000,1,UP,85724.84,85699.99,-24.84999999999127,KXBTCD-26OCT0503-T85699.99,1791180298986,1791180837180,62.82,0.75,0.84,2.2262999999999993,25.1832,2.529899999999999,24.470100000000002,1.5152999999999983,1
2026-10-05,1791180900000,2,UP,85884.15,85899.99,15.84000000001106,KXBTCD-26OCT0503-T85899.99,1791181182848,1791181737410,62.59,0.67,0.54,-6.0261000000000005,25.362700000000004,-24.909999999999997,24.909999999999997,-6.5762,0
2026-10-05,1791181800000,3,DOWN,85876.79,85899.99,23.20000000001164,KXBTCD-26OCT0503-T85899.99,1791182075346,1791182686572,13.428,0.7,0.83,3.6898,25.014499999999998,10.971599999999999,25.0284,2.9837999999999996,1
2026-10-05,1791182700000,4,UP,85797.86,85799.99,2.1300000000046566,KXBTCD-26OCT0503-T85799.99,1791182964210,1791183592998,7.002,0.95,0.99,0.9354000000000009,24.7865,1.1891000000000012,24.8109,0.41440000000000043,1
2026-10-05,1791183600000,1,UP,86207.8,86199.99,-7.809999999997672,KXBTCD-26OCT0504-T86199.99,1791184126766,1791184468749,31.251,0.64,0.58,-3.634100000000002,25.589000000000002,5.8527999999999984,25.1472,-4.297200000000003,1
2026-10-05,1791184500000,2,UP,86269.96,86299.99,30.029999999998836,KXBTCD-26OCT0504-T86299.99,1791184806350,1791185362114,37.886,0.46,0.28,-11.4211,25.779,-25.379099999999998,25.379099999999998,-12.255500000000001,0
2026-10-05,1791185400000,3,UP,86190.88,86199.99,9.110000000000582,KXBTCD-26OCT0504-T86199.99,1791185699386,1791186246742,53.258,0.52,0.81,12.564100000000002,25.7987,12.694799999999999,25.3052,11.344000000000001,1
2026-10-05,1791186300000,4,DOWN,86363.11,86399.99,36.88000000000466,KXBTCD-26OCT0504-T86399.99,1791186593178,1791187137763,62.237,0.93,0.99,1.4233999999999984,24.2985,8.7109,25.2891,0.9015999999999981,1
2026-10-05,1791187200000,1,UP,86188.6,86199.99,11.389999999999418,KXBTCD-26OCT0505-T86199.99,1791187488674,1791188039093,60.907,0.72,0.8,1.8593000000000026,24.9599,4.367100000000001,24.6329,1.1760000000000017,1
2026-10-05,1791188100000,2,DOWN,86395.4,86399.99,4.5900000000110595,KXBTCD-26OCT0505-T86399.99,1791188384335,1791188933035,66.965,0.73,0.48,-9.563199999999998,25.2891,-24.909999999999997,24.909999999999997,-9.93,0
2026-10-05,1791189000000,3,DOWN,86401.75,86399.99,-1.7599999999947613,KXBTCD-26OCT0505-T86399.99,1791189338998,1791189887386,12.614,0.59,0.8,7.638400000000004,25.4912,5.090000000000002,24.909999999999997,6.625000000000003,1
2026-10-05,1791189900000,4,DOWN,86268.15,86299.99,31.84000000001106,KXBTCD-26OCT0505-T86299.99,1791190163455,1791190787170,12.83,0.82,0.99,4.769200000000001,24.909999999999997,2.2751999999999994,24.724800000000002,4.162400000000001,1
2026-10-05,1791190800000,1,DOWN,86205.14,86199.99,-5.149999999994179,KXBTCD-26OCT0506-T86199.99,1791191054407,1791191648664,51.336,0.62,0.82,6.926999999999998,25.4597,10.620900000000002,25.379099999999998,5.963399999999997,1
2026-10-05,1791191700000,2,DOWN,85970.27,85999.99,29.720000000001164,KXBTCD-26OCT0506-T85999.99,1791191989999,1791192540920,59.08,0.79,0.74,-2.3277000000000014,24.8501,2.8880999999999997,25.111900000000002,-2.9450000000000016,1
2026-10-05,1791192600000,3,UP,85868.12,85899.99,31.870000000009895,KXBTCD-26OCT0506-T85899.99,1791193145269,1791193488381,11.619,0.65,0.62,-2.371900000000001,25.3052,5.8527999999999984,25.1472,-3.047400000000002,1
2026-10-05,1791193500000,4,UP,85939.7,85899.99,-39.70999999999185,KXBTCD-26OCT0506-T85899.99,1791193831215,1791194378125,21.875,0.83,0.99,4.4828,25.196399999999997,11.6373,25.362700000000004,3.7473000000000005,1
2026-10-05,1791194400000,1,UP,85950.36,85999.99,49.63000000000466,KXBTCD-26OCT0507-T85999.99,1791194648134,1791195277751,22.249,0.55,0.55,-1.5594,25.529700000000002,5.8527999999999984,25.1472,-2.4041000000000006,1
2026-10-05,1791195300000,2,UP,86006.62,85999.99,-6.629999999990105,KXBTCD-26OCT0507-T85999.99,1791195549046,1791196169258,30.742,0.64,0.78,4.362500000000002,25.589000000000002,9.985500000000002,25.014499999999998,3.4837,1
2026-10-05,1791196200000,3,DOWN,86085.0,86099.99,14.990000000005239,KXBTCD-26OCT0507-T86099.99,1791196448606,1791197068217,31.783,0.76,0.79,0.1797000000000008,24.7286,3.8155000000000006,25.1845,-0.4611999999999997,1
2026-10-05,1791197100000,4,UP,86016.03,85999.99,-16.039999999993597,KXBTCD-26OCT0507-T85999.99,1791197343594,1791197960846,39.154,0.92,0.99,1.7319999999999989,24.9792,3.4183000000000003,24.581699999999998,1.1457999999999982,1
2026-10-05,1791198000000,1,DOWN,86097.13,86099.99,2.860000000000582,KXBTCD-26OCT0508-T86099.99,1791198302997,1791198853658,46.342,0.77,0.8,0.20480000000000081,25.0368,3.8155000000000006,25.1845,-0.4360999999999997,1
2026-10-05,1791198900000,2,UP,85931.95,85899.99,-31.95999999999185,KXBTCD-26OCT0508-T85899.99,1791199200724,1791199746031,53.969,0.71,0.92,6.6651000000000025,25.354499999999998,6.9632,25.0368,5.785100000000002,1
2026-10-05,1791199800000,3,DOWN,86189.77,86199.99,10.220000000001164,KXBTCD-26OCT0508-T86199.99,1791200088125,1791200687562,12.438,0.73,0.88,4.3795,25.2891,11.6373,25.362700000000004,3.5842,1
2026-10-05,1791200700000,4,DOWN,86064.36,86099.99,35.63000000000466,KXBTCD-26OCT0508-T86099.99,1791201162061,1791201566941,33.059,0.91,0.0,-24.724800000000002,24.724800000000002,-24.8501,24.8501,-24.9792,0
2026-10-05,1791201600000,1,DOWN,86195.77,86199.99,4.220000000001164,KXBTCD-26OCT0509-T86199.99,1791201905801,1791202454770,45.23,0.61,0.65,0.2968000000000014,25.0662,9.0401,24.9599,-0.5048999999999992,1
2026-10-05,1791202500000,2,DOWN,86118.82,86099.99,-18.830000000001746,KXBTCD-26OCT0509-T86099.99,1791202866932,1791203343063,56.937,0.53,0.61,2.1576999999999984,25.7296,11.998799999999997,25.0012,1.187299999999997,1
2026-10-05,1791203400000,3,DOWN,86033.69,85999.99,-33.69999999999709,KXBTCD-26OCT0509-T85999.99,1791203686658,1791204246506,53.494,0.75,0.79,0.5035000000000012,25.1832,6.9632,25.0368,-0.15299999999999947,1
2026-10-05,1791204300000,4,DOWN,85909.59,85899.99,-9.599999999991269,KXBTCD-26OCT0509-T85899.99,1791204590835,1791205147527,52.473,0.67,0.61,-3.408900000000002,25.362700000000004,6.9632,25.0368,-4.033200000000003,1
2026-10-05,1791205200000,1,UP,85875.89,85899.99,24.10000000000582,KXBTCD-26OCT0510-T85899.99,1791205502021,1791206049947,50.053,0.7,0.76,1.1386000000000018,25.014499999999998,1.6525999999999987,24.347400000000004,0.4361000000000013,1
2026-10-05,1791206100000,2,UP,86120.91,86099.99,-20.919999999998254,KXBTCD-26OCT0510-T86099.99,1791206393499,1791206949030,50.97,0.57,0.48,-5.359099999999999,25.247799999999998,-25.2891,25.2891,-6.213099999999999,0
2026-10-05,1791207000000,3,DOWN,86093.08,86099.99,6.9100000000034925,KXBTCD-26OCT0510-T86099.99,1791207300820,1791207846219,53.781,0.68,0.75,1.4990999999999983,25.0284,5.090000000000002,24.909999999999997,0.7759999999999977,1
2026-10-05,1791207900000,4,UP,85967.08,85999.99,32.91000000000349,KXBTCD-26OCT0510-T85999.99,1791208191009,1791208731940,68.06,0.9,0.99,2.241099999999999,24.470100000000002,2.529899999999999,24.470100000000002,1.6980999999999988,1
2026-10-05,1791208800000,1,DOWN,86409.81,86399.99,-9.819999999992433,KXBTCD-26OCT0511-T86399.99,1791209079313,1791209695340,4.66,0.6,0.27,-14.784499999999998,25.2888,-25.2891,25.2891,-15.205,0
2026-10-05,1791209700000,2,DOWN,86650.13,86699.99,49.86000000000058,KXBTCD-26OCT0511-T86699.99,1791209950519,1791210557663,42.337,0.72,0.89,5.067000000000001,24.9599,8.1355,24.8645,4.3795,1
2026-10-05,1791210600000,3,DOWN,86279.12,86299.99,20.870000000009895,KXBTCD-26OCT0511-T86299.99,1791210903032,1791211437787,62.213,0.97,0.95,-0.6342000000000005,24.301,0.7925000000000008,24.2075,-1.133000000000001,1
2026-10-05,1791211500000,4,DOWN,85781.88,85799.99,18.110000000000582,KXBTCD-26OCT0511-T85799.99,1791211739250,1791212367493,32.507,0.77,0.99,6.6209999999999996,25.0368,6.655599999999999,25.3444,5.971599999999999,1
2026-10-05,1791212400000,1,DOWN,85605.89,85599.99,-5.899999999994179,KXBTCD-26OCT0512-T85599.99,1791212713873,1791213275125,24.875,0.54,0.58,0.2556999999999965,25.639900000000004,12.694799999999999,25.3052,-0.6518000000000042,1
2026-10-05,1791213300000,2,DOWN,85532.09,85499.99,-32.09999999999127,KXBTCD-26OCT0512-T85499.99,1791213878718,1791214152187,47.813,0.42,0.48,1.5030000000000001,25.786099999999998,18.601,25.399,0.3133999999999988,1
2026-10-05,1791214200000,3,DOWN,85524.5,85499.99,-24.50999999999476,KXBTCD-26OCT0512-T85499.99,1791214489004,1791215039317,60.683,0.85,0.81,-1.731399999999998,24.9089,1.7258999999999987,24.2741,-2.3092999999999986,1
2026-10-05,1791215100000,4,UP,85311.71,85299.99,-11.720000000001164,KXBTCD-26OCT0512-T85299.99,1791215381382,1791215996300,3.7,0.5,0.0,-25.875,25.875,-25.0012,25.0012,-25.8472,0
2026-10-05,1791216000000,1,DOWN,85246.9,85199.99,-46.90999999998894,KXBTCD-26OCT0513-T85199.99,1791216247976,1791216862977,37.023,0.51,0.42,-6.102800000000001,25.8472,9.985500000000002,25.014499999999998,-6.931500000000002,1
2026-10-05,1791216900000,2,DOWN,85238.81,85199.99,-38.81999999999243,KXBTCD-26OCT0513-T85199.99,1791217199739,1791217753202,46.798,0.63,0.61,-2.065900000000001,25.2064,9.0401,24.9599,-2.8442000000000016,1
2026-10-05,1791217800000,3,UP,85131.8,85099.99,-31.80999999999767,KXBTCD-26OCT0513-T85099.99,1791218102492,1791218656372,43.628,0.75,0.68,-3.245899999999998,25.1832,11.998799999999997,25.0012,-3.7838999999999987,1
2026-10-05,1791218700000,4,UP,85164.11,85199.99,35.88000000000466,KXBTCD-26OCT0513-T85199.99,1791219002942,1791219546527,53.473,0.53,0.99,20.767799999999998,25.7296,9.0401,24.9599,19.3769,1
2026-10-05,1791219600000,1,DOWN,85305.08,85299.99,-5.0899999999965075,KXBTCD-26OCT0514-T85299.99,1791219884632,1791220433719,66.281,0.62,0.64,-0.5048999999999992,25.4597,4.091100000000001,24.9089,-1.2728,1
2026-10-05,1791220500000,2,UP,85250.58,85299.99,49.41000000000349,KXBTCD-26OCT0514-T85299.99,1791220771227,1791221395757,4.243,0.57,0.68,3.3372000000000037,25.247799999999998,3.8155000000000006,25.1845,2.471100000000004,1
2026-10-05,1791221400000,3,DOWN,85366.38,85399.99,33.61000000000058,KXBTCD-26OCT0514-T85399.99,1791221668675,1791222235405,64.595,0.76,0.83,1.5152999999999983,24.7286,8.1355,24.8645,0.8724999999999978,1
2026-10-05,1791222300000,4,DOWN,85319.11,85299.99,-19.119999999995343,KXBTCD-26OCT0514-T85299.99,1791222573602,1791223198102,1.898,0.79,0.0,-24.8501,24.8501,-24.6232,24.6232,-25.1472,0
2026-10-05,1791223200000,1,DOWN,85423.41,85399.99,-23.419999999998254,KXBTCD-26OCT0515-T85399.99,1791223527961,1791224061512,38.488,0.55,0.46,-5.6122000000000005,25.529700000000002,-25.014499999999998,25.014499999999998,-6.361300000000002,0
2026-10-05,1791224100000,2,UP,85432.83,85399.99,-32.83999999999651,KXBTCD-26OCT0515-T85399.99,1791224392321,1791224943976,56.024,0.69,0.88,6.034700000000001,25.379099999999998,10.620900000000002,25.379099999999998,5.158400000000001,1
2026-10-05,1791225000000,3,UP,85579.27,85599.99,20.720000000001164,KXBTCD-26OCT0515-T85599.99,1791225310772,1791225857389,42.611,0.48,0.57,2.879199999999998,25.8686,10.971599999999999,25.0284,1.7980999999999976,1
2026-10-05,1791225900000,4,DOWN,85615.46,85599.99,-15.470000000001164,KXBTCD-26OCT0515-T85599.99,1791226401168,1791226749197,50.803,0.49,0.0,-25.882199999999997,25.882199999999997,-25.3052,25.3052,-25.875,0
2026-10-05,1791226800000,1,DOWN,85652.99,85699.99,47.0,KXBTCD-26OCT0516-T85699.99,1791227087267,1791227641292,58.708,0.76,0.55,-7.682999999999999,24.7286,-25.1472,25.1472,-8.3133,0
2026-10-05,1791227700000,2,UP,85684.11,85699.99,15.880000000004657,KXBTCD-26OCT0516-T85699.99,1791227981701,1791228535094,64.906,0.69,0.61,-4.018699999999998,25.379099999999998,5.3767999999999985,24.6232,-4.602499999999999,1
2026-10-05,1791228600000,3,UP,85731.12,85699.99,-31.129999999990105,KXBTCD-26OCT0516-T85699.99,1791228875032,1791229431794,68.206,0.67,0.66,-1.5239000000000003,25.362700000000004,-25.0284,25.0284,-2.201700000000001,0
2026-10-05,1791229500000,4,DOWN,85718.26,85699.99,-18.269999999989523,KXBTCD-26OCT0516-T85699.99,1791229896996,1791230369873,30.127,0.53,0.0,-25.7296,25.7296,-25.0284,25.0284,-25.639900000000004,0
2026-10-05,1791230400000,1,DOWN,85729.81,85749.99,20.180000000007567,KXBTCD-26OCT0517-T85749.99,1791230774520,1791231260289,39.711,0.72,0.69,-2.009000000000001,24.9599,9.985500000000002,25.014499999999998,-2.6870000000000016,1
2026-10-05,1791231300000,2,UP,85679.51,85749.99,70.48000000001048,KXBTCD-26OCT0517-T85749.99,1791231601479,1791232159326,40.674,0.47,0.56,2.931600000000004,25.8342,7.2714,24.7286,1.8305000000000033,1
2026-10-05,1791232200000,3,DOWN,85770.8,85749.99,-20.80999999999767,KXBTCD-26OCT0517-T85749.99,1791232560751,1791233040221,59.779,0.54,0.27,-13.854600000000003,25.639900000000004,-24.8501,24.8501,-14.4358,0
2026-10-05,1791233100000,4,UP,85787.94,85749.99,-37.94999999999709,KXBTCD-26OCT0517-T85749.99,1791233379173,1791233933715,66.285,0.78,0.99,6.313399999999999,25.3444,10.620900000000002,25.379099999999998,5.4872999999999985,1
2026-10-05,1791234000000,1,DOWN,85791.7,85799.99,8.290000000008149,KXBTCD-26OCT0518-T85799.99,1791234278320,1791234898627,1.373,0.7,0.65,-2.8218999999999976,25.014499999999998,5.090000000000002,24.909999999999997,-3.5189999999999984,1
2026-10-05,1791234900000,2,UP,85733.2,85699.99,-33.20999999999185,KXBTCD-26OCT0518-T85699.99,1791235167821,1791235782170,17.83,0.78,0.87,2.242199999999999,25.3444,4.803600000000001,25.196399999999997,1.5485999999999986,1
2026-10-05,1791235800000,3,UP,85805.68,85799.99,-5.689999999987776,KXBTCD-26OCT0518-T85799.99,1791236047320,1791236663719,36.281,0.62,0.88,9.444600000000001,25.4597,10.971599999999999,25.0284,8.4148,1
2026-10-05,1791236700000,4,UP,85912.96,85899.99,-12.970000000001164,KXBTCD-26OCT0518-T85899.99,1791237071498,1791237555764,44.236,0.73,0.99,8.3473,25.2891,11.6373,25.362700000000004,7.4302,1
2026-10-05,1791237600000,1,UP,85952.42,85999.99,47.570000000006985,KXBTCD-26OCT0519-T85999.99,1791237902298,1791238449726,50.274,0.46,0.43,-3.4855000000000014,25.779,10.620900000000002,25.379099999999998,-4.478000000000002,1
2026-10-05,1791238500000,2,UP,85962.14,85999.99,37.85000000000582,KXBTCD-26OCT0519-T85999.99,1791238787017,1791239333543,66.457,0.5,0.36,-8.6814,25.875,9.985500000000002,25.014499999999998,-9.477600000000002,1
2026-10-05,1791239400000,3,DOWN,85978.33,85999.99,21.660000000003492,KXBTCD-26OCT0519-T85999.99,1791239673383,1791240287485,12.515,0.59,0.61,-0.5706999999999993,25.4912,12.694799999999999,25.3052,-1.3776,1
2026-10-05,1791240300000,4,DOWN,85963.6,85999.99,36.38999999999942,KXBTCD-26OCT0519-T85999.99,1791240623718,1791241167650,32.35,0.87,0.99,3.1188000000000002,24.581699999999998,12.694799999999999,25.3052,2.5544999999999995,1
2026-10-05,1791241200000,1,UP,85925.79,85899.99,-25.79999999998836,KXBTCD-26OCT0520-T85899.99,1791241507449,1791242063560,36.44,0.81,0.47,-11.046400000000002,24.6232,-24.7286,24.7286,-11.631700000000002,0
