market,ticker,close_ms,result,settled_ms
GOLD,KXETH15M-26SEP242000-00,1790294400000,no,1790294408105
GOLD,KXBTC15M-26SEP241930-30,1790292600000,yes,1790292608132
GOLD,KXBTC15M-26SEP241915-15,1790291700000,yes,1790291708134
GOLD,KXETH15M-26SEP241900-00,1790290800000,yes,1790290808101
GOLD,KXETH15M-26SEP241830-30,1790289000000,no,1790289008156
GOLD,KXBTC15M-26SEP241800-00,1790287200000,no,1790287208137
GOLD,KXETH15M-26SEP241745-45,1790286300000,yes,1790286308138
GOLD,KXBTC15M-26SEP241730-30,1790285400000,yes,1790285408139
GOLD,KXETH15M-26SEP241645-45,1790282700000,yes,1790282708107
GOLD,KXETH15M-26SEP241600-00,1790280000000,no,1790280008136
GOLD,KXBTC15M-26SEP241600-00,1790280000000,no,1790280008134
GOLD,KXETH15M-26SEP241545-45,1790279100000,no,1790279108133
GOLD,KXBTC15M-26SEP241545-45,1790279100000,no,1790279108129
GOLD,KXETH15M-26SEP241530-30,1790278200000,yes,1790278208108
GOLD,KXBTC15M-26SEP241515-15,1790277300000,yes,1790277308136
GOLD,KXETH15M-26SEP241515-15,1790277300000,yes,1790277308104
GOLD,KXETH15M-26SEP241500-00,1790276400000,yes,1790276408133
GOLD,KXETH15M-26SEP241445-45,1790275500000,yes,1790275508137
GOLD,KXETH15M-26SEP241430-30,1790274600000,yes,1790274608130
GOLD,KXBTC15M-26SEP241430-30,1790274600000,yes,1790274608128
GOLD,KXBTC15M-26SEP241415-15,1790273700000,yes,1790273708137
GOLD,KXETH15M-26SEP241415-15,1790273700000,yes,1790273708107
GOLD,KXETH15M-26SEP241345-45,1790271900000,no,1790271908153
GOLD,KXBTC15M-26SEP241330-30,1790271000000,no,1790271008178
GOLD,KXETH15M-26SEP241330-30,1790271000000,no,1790271008149
GOLD,KXBTC15M-26SEP241245-45,1790268300000,no,1790268308132
GOLD,KXBTC15M-26SEP241215-15,1790266500000,no,1790266508126
GOLD,KXBTC15M-26SEP241145-45,1790264700000,yes,1790264708125
GOLD,KXBTC15M-26SEP241130-30,1790263800000,yes,1790263808125
GOLD,KXBTC15M-26SEP241115-15,1790262900000,yes,1790262908130
GOLD,KXBTC15M-26SEP241045-45,1790261100000,no,1790261108128
GOLD,KXBTC15M-26SEP241000-00,1790258400000,yes,1790258408124
GOLD,KXBTC15M-26SEP240930-30,1790256600000,yes,1790256608129
GOLD,KXBTC15M-26SEP240915-15,1790255700000,yes,1790255708181
GOLD,KXBTC15M-26SEP240845-45,1790253900000,no,1790253908121
GOLD,KXBTC15M-26SEP240830-30,1790253000000,yes,1790253008129
GOLD,KXBTC15M-26SEP240815-15,1790252100000,yes,1790252108123
GOLD,KXBTC15M-26SEP240800-00,1790251200000,yes,1790251208117
GOLD,KXBTC15M-26SEP240745-45,1790250300000,no,1790250308116
GOLD,KXBTC15M-26SEP240715-15,1790248500000,yes,1790248508164
GOLD,KXBTC15M-26SEP240700-00,1790247600000,yes,1790247608117
GOLD,KXBTC15M-26SEP240615-15,1790244900000,no,1790244908166
GOLD,KXBTC15M-26SEP240545-45,1790243100000,no,1790243108112
GOLD,KXBTC15M-26SEP240530-30,1790242200000,no,1790242208111
GOLD,KXBTC15M-26SEP240145-45,1790228700000,yes,1790228708236
GOLD,KXBTC15M-26SEP240130-30,1790227800000,no,1790227808286
GOLD,KXBTC15M-26SEP240115-15,1790226900000,yes,1790226908232
GOLD,KXBTC15M-26SEP240100-00,1790226000000,yes,1790226008237
GOLD,KXBTC15M-26SEP240000-00,1790222400000,no,1790222408240
GOLD,KXBTC15M-26SEP232345-45,1790221500000,no,1790221508246
GOLD,KXBTC15M-26SEP232330-30,1790220600000,no,1790220608242
GOLD,KXBTC15M-26SEP232315-15,1790219700000,no,1790219708245
GOLD,KXBTC15M-26SEP232230-30,1790217000000,yes,1790217008243
GOLD,KXBTC15M-26SEP232215-15,1790216100000,no,1790216108242
GOLD,KXBTC15M-26SEP232200-00,1790215200000,no,1790215208248
GOLD,KXBTC15M-26SEP232145-45,1790214300000,no,1790214308246
GOLD,KXBTC15M-26SEP232100-00,1790211600000,no,1790211608251
GOLD,KXBTC15M-26SEP232030-30,1790209800000,no,1790209808242
GOLD,KXBTC15M-26SEP232015-15,1790208900000,no,1790208908248
GOLD,KXBTC15M-26SEP232000-00,1790208000000,no,1790208008245
GOLD,KXBTC15M-26SEP231930-30,1790206200000,no,1790206208241
GOLD,KXBTC15M-26SEP231900-00,1790204400000,yes,1790204408241
GOLD,KXBTC15M-26SEP231845-45,1790203500000,yes,1790203508244
GOLD,KXBTC15M-26SEP231830-30,1790202600000,no,1790202608241
GOLD,KXBTC15M-26SEP231800-00,1790200800000,no,1790200808236
GOLD,KXBTC15M-26SEP231745-45,1790199900000,yes,1790199908232
GOLD,KXBTC15M-26SEP231700-00,1790197200000,no,1790197208232
GOLD,KXBTC15M-26SEP231615-15,1790194500000,no,1790194508244
GOLD,KXBTC15M-26SEP231600-00,1790193600000,yes,1790193608243
GOLD,KXBTC15M-26SEP231545-45,1790192700000,yes,1790192708248
GOLD,KXBTC15M-26SEP242030-30,1790296200000,yes,1790296208139
GOLD,KXETH15M-26SEP242030-30,1790296200000,no,1790296208105
GOLD,KXBTC15M-26SEP242045-45,1790297100000,no,1790297108187
GOLD,KXBTC15M-26SEP242115-15,1790298900000,yes,1790298908187
GOLD,KXBTC15M-26SEP242200-00,1790301600000,yes,1790301608142
GOLD,KXETH15M-26SEP242200-00,1790301600000,yes,1790301608108
GOLD,KXGOLD15M-26SEP242215-15,1790302500000,yes,1790302518104
GOLD,KXETH15M-26SEP242345-45,1790307900000,yes,1790307908103
GOLD,KXETH15M-26SEP250015-15,1790309700000,no,1790309708139
GOLD,KXBTC15M-26SEP250015-15,1790309700000,no,1790309708137
GOLD,KXBTC15M-26SEP250045-45,1790311500000,yes,1790311508184
GOLD,KXETH15M-26SEP250045-45,1790311500000,yes,1790311508155
GOLD,KXETH15M-26SEP250215-15,1790316900000,no,1790316908201
GOLD,KXETH15M-26SEP250230-30,1790317800000,yes,1790317808201
GOLD,KXBTC15M-26SEP250330-30,1790321400000,yes,1790321408114
GOLD,KXETH15M-26SEP250400-00,1790323200000,yes,1790323208116
GOLD,KXBTC15M-26SEP250445-45,1790325900000,no,1790325908117
GOLD,KXBTC15M-26SEP250515-15,1790327700000,yes,1790327708114
GOLD,KXETH15M-26SEP250600-00,1790330400000,no,1790330408109
GOLD,KXBTC15M-26SEP250600-00,1790330400000,no,1790330408107
GOLD,KXETH15M-26SEP250715-15,1790334900000,yes,1790334908115
GOLD,KXETH15M-26SEP250845-45,1790340300000,yes,1790340308100
GOLD,KXETH15M-26SEP251045-45,1790347500000,no,1790347508124
GOLD,KXBTC15M-26SEP251045-45,1790347500000,yes,1790347508119
GOLD,KXBTC15M-26SEP251130-30,1790350200000,no,1790350208136
GOLD,KXBTC15M-26SEP251215-15,1790352900000,yes,1790352908127
GOLD,KXBTC15M-26SEP251300-00,1790355600000,no,1790355608134
GOLD,KXETH15M-26SEP251300-00,1790355600000,no,1790355608104
GOLD,KXBTC15M-26SEP251315-15,1790356500000,yes,1790356508176
GOLD,KXETH15M-26SEP251315-15,1790356500000,yes,1790356508150
GOLD,KXBTC15M-26SEP251400-00,1790359200000,no,1790359208133
GOLD,KXETH15M-26SEP251400-00,1790359200000,no,1790359208102
GOLD,KXBTC15M-26SEP251415-15,1790360100000,yes,1790360108132
GOLD,KXETH15M-26SEP251415-15,1790360100000,yes,1790360108106
GOLD,KXETH15M-26SEP251530-30,1790364600000,no,1790364608105
GOLD,KXMVECROSSCATEGORY-S202602D280ACED3-6F4128B433F,1790367108361,no,1790366208361
GOLD,KXETH15M-26SEP251600-00,1790366400000,yes,1790366748188
GOLD,KXBTC15M-26SEP251615-15,1790367300000,no,1790367308136
GOLD,KXETH15M-26SEP251630-30,1790368200000,yes,1790368208103
GOLD,KXETH15M-26SEP251700-00,1790370000000,no,1790370008109
GOLD,KXETH15M-26SEP251730-30,1790371800000,yes,1790371808102
GOLD,KXBTC15M-26SEP251815-15,1790374500000,yes,1790374508136
GOLD,KXETH15M-26SEP251815-15,1790374500000,yes,1790374508106
GOLD,KXBTC15M-26SEP251845-45,1790376300000,yes,1790376306484
GOLD,KXMVECROSSCATEGORY-S20265118F3268EC-1A67A1C97E5,1790378006681,no,1790377106681
GOLD,KXETH15M-26SEP252015-15,1790381700000,yes,1790381706498
GOLD,KXBTC15M-26SEP252015-15,1790381700000,no,1790381706495
GOLD,KXSOL15M-26SEP252015-15,1790381700000,no,1790381706455
GOLD,KXBTC15M-26SEP252030-30,1790382600000,no,1790382606497
GOLD,KXETH15M-26SEP252030-30,1790382600000,no,1790382606452
GOLD,KXETH15M-26SEP252100-00,1790384400000,yes,1790384406455
GOLD,KXBTC15M-26SEP252115-15,1790385300000,yes,1790385306493
GOLD,KXETH15M-26SEP252130-30,1790386200000,no,1790386206456
GOLD,KXBTC15M-26SEP252145-45,1790387100000,yes,1790387106488
GOLD,KXETH15M-26SEP252145-45,1790387100000,yes,1790387106451
GOLD,KXMVECROSSCATEGORY-S202661F81A5531C-A1CD930CB6A,1790390716822,no,1790389816822
GOLD,KXETH15M-26SEP252300-00,1790391600000,no,1790391606449
GOLD,KXETH15M-26SEP252330-30,1790393400000,yes,1790393406452
GOLD,KXSOL15M-26SEP252345-45,1790394300000,no,1790394306453
GOLD,KXETH15M-26SEP260015-15,1790396100000,yes,1790396106486
GOLD,KXBTC15M-26SEP260015-15,1790396100000,yes,1790396106483
GOLD,KXETH15M-26SEP260030-30,1790397000000,no,1790397006483
GOLD,KXSOL15M-26SEP260030-30,1790397000000,no,1790397006480
GOLD,KXBTC15M-26SEP260030-30,1790397000000,no,1790397006478
GOLD,KXETH15M-26SEP260100-00,1790398800000,yes,1790398806487
GOLD,KXBTC15M-26SEP260130-30,1790400600000,no,1790400606482
GOLD,KXSOL15M-26SEP260130-30,1790400600000,no,1790400606453
GOLD,KXETH15M-26SEP260145-45,1790401500000,yes,1790401506480
GOLD,KXSOL15M-26SEP260200-00,1790402400000,no,1790402406530
GOLD,KXETH15M-26SEP260215-15,1790403300000,no,1790403306455
GOLD,KXSOL15M-26SEP260215-15,1790403300000,no,1790403306452
GOLD,KXSOL15M-26SEP260230-30,1790404200000,no,1790404206454
GOLD,KXBTC15M-26SEP260315-15,1790406900000,yes,1790406906481
GOLD,KXETH15M-26SEP260315-15,1790406900000,yes,1790406906455
GOLD,KXBTC15M-26SEP260400-00,1790409600000,yes,1790409606469
GOLD,KXSOL15M-26SEP260400-00,1790409600000,yes,1790409606446
GOLD,KXETH15M-26SEP260415-15,1790410500000,no,1790410506465
GOLD,KXETH15M-26SEP260430-30,1790411400000,yes,1790411406470
GOLD,KXBTC15M-26SEP260430-30,1790411400000,yes,1790411406467
GOLD,KXBTC15M-26SEP260500-00,1790413200000,no,1790413206467
GOLD,KXETH15M-26SEP260500-00,1790413200000,no,1790413206452
GOLD,KXBTC15M-26SEP260615-15,1790417700000,yes,1790417706465
GOLD,KXETH15M-26SEP260615-15,1790417700000,yes,1790417706452
GOLD,KXETH15M-26SEP260630-30,1790418600000,yes,1790418606453
GOLD,KXETH15M-26SEP260645-45,1790419500000,no,1790419506416
GOLD,KXSOL15M-26SEP260645-45,1790419500000,yes,1790419506415
GOLD,KXETH15M-26SEP260700-00,1790420400000,no,1790420406467
GOLD,KXSOL15M-26SEP260700-00,1790420400000,yes,1790420406450
GOLD,KXETH15M-26SEP260715-15,1790421300000,yes,1790421306455
GOLD,KXSOL15M-26SEP260715-15,1790421300000,no,1790421306451
GOLD,KXETH15M-26SEP260730-30,1790422200000,yes,1790422206452
GOLD,KXBTC15M-26SEP260745-45,1790423100000,yes,1790423106473
GOLD,KXETH15M-26SEP260745-45,1790423100000,yes,1790423106451
GOLD,KXETH15M-26SEP260830-30,1790425800000,yes,1790425806469
GOLD,KXBTC15M-26SEP260830-30,1790425800000,no,1790425806466
GOLD,KXSOL15M-26SEP260845-45,1790426700000,no,1790426706458
GOLD,KXSOL15M-26SEP260900-00,1790427600000,yes,1790427606449
GOLD,KXETH15M-26SEP260915-15,1790428500000,no,1790428506476
GOLD,KXSOL15M-26SEP260915-15,1790428500000,no,1790428506475
GOLD,KXBTC15M-26SEP260915-15,1790428500000,no,1790428506472
GOLD,KXETH15M-26SEP261000-00,1790431200000,yes,1790431206450
GOLD,KXMVECROSSCATEGORY-S20261EFBE046F38-A58087C9981,1790434826454,yes,1790433926454
GOLD,KXETH15M-26SEP261115-15,1790435700000,yes,1790435706461
GOLD,KXMVECROSSCATEGORY-S2026B263DD7852D-04C2DD6F36E,1790436636497,no,1790435736497
GOLD,KXMVECROSSCATEGORY-S20267DB336106EB-9ED5A6971A8,1790437546518,no,1790436646518
GOLD,KXMVECROSSCATEGORY-S2026E3D1ACB9E5D-59922837983,1790437546504,yes,1790436646504
GOLD,KXMVECROSSCATEGORY-S2026D50CC6A44CC-FF7FD79C3C5,1790438456508,no,1790437556508
GOLD,KXMVECROSSCATEGORY-S2026A171B60E273-BBB06D0B6B7,1790438456507,yes,1790437556507
GOLD,KXBTC15M-26SEP261200-00,1790438400000,yes,1790438406492
GOLD,KXMVECROSSCATEGORY-S2026317D25D7A9A-01840F4A1DF,1790439326450,no,1790438426450
GOLD,KXETH15M-26SEP261215-15,1790439300000,no,1790439306458
GOLD,KXETH15M-26SEP261230-30,1790440200000,no,1790440206456
GOLD,KXBTC15M-26SEP261245-45,1790441100000,yes,1790441106487
GOLD,KXETH15M-26SEP261245-45,1790441100000,yes,1790441106457
GOLD,KXBTC15M-26SEP261315-15,1790442900000,no,1790442906492
GOLD,KXETH15M-26SEP261315-15,1790442900000,no,1790442906461
GOLD,KXETH15M-26SEP261330-30,1790443800000,no,1790443806493
GOLD,KXETH15M-26SEP261430-30,1790447400000,no,1790447406455
GOLD,KXETH15M-26SEP261530-30,1790451000000,no,1790451006451
GOLD,KXETH15M-26SEP261600-00,1790452800000,yes,1790452806451
GOLD,KXBTC15M-26SEP261615-15,1790453700000,no,1790453706498
GOLD,KXBTC15M-26SEP261630-30,1790454600000,yes,1790454606491
GOLD,KXETH15M-26SEP261630-30,1790454600000,yes,1790454606456
GOLD,KXETH15M-26SEP261800-00,1790460000000,no,1790460006453
GOLD,KXBTC15M-26SEP261815-15,1790460900000,yes,1790460906491
GOLD,KXETH15M-26SEP261830-30,1790461800000,yes,1790461806412
GOLD,KXBTC15M-26SEP261845-45,1790462700000,no,1790462706499
GOLD,KXETH15M-26SEP261845-45,1790462700000,no,1790462706459
GOLD,KXETH15M-26SEP261900-00,1790463600000,yes,1790463606496
GOLD,KXBTC15M-26SEP261900-00,1790463600000,no,1790463606493
GOLD,KXBTC15M-26SEP261915-15,1790464500000,yes,1790464506594
GOLD,KXETH15M-26SEP261915-15,1790464500000,yes,1790464506553
GOLD,KXETH15M-26SEP261930-30,1790465400000,yes,1790465406854
GOLD,KXBTC15M-26SEP262000-00,1790467200000,yes,1790467206444
GOLD,KXETH15M-26SEP262000-00,1790467200000,yes,1790467206404
GOLD,KXBTC15M-26SEP262015-15,1790468100000,no,1790468106489
GOLD,KXETH15M-26SEP262015-15,1790468100000,no,1790468106455
GOLD,KXBTC15M-26SEP262045-45,1790469900000,yes,1790469906490
GOLD,KXETH15M-26SEP262045-45,1790469900000,yes,1790469906456
GOLD,KXBTC15M-26SEP262100-00,1790470800000,no,1790470806490
GOLD,KXETH15M-26SEP262100-00,1790470800000,no,1790470806460
GOLD,KXETH15M-26SEP262130-30,1790472600000,no,1790472606453
GOLD,KXBTC15M-26SEP262315-15,1790478900000,yes,1790478906482
GOLD,KXBTC15M-26SEP262330-30,1790479800000,no,1790479806484
GOLD,KXETH15M-26SEP270045-45,1790484300000,no,1790484306432
GOLD,KXBTC15M-26SEP270045-45,1790484300000,no,1790484306431
GOLD,KXSOL15M-26SEP270100-00,1790485200000,yes,1790485206482
GOLD,KXETH15M-26SEP270115-15,1790486100000,yes,1790486106451
GOLD,KXBTC15M-26SEP270130-30,1790487000000,yes,1790487006631
GOLD,KXETH15M-26SEP270130-30,1790487000000,yes,1790487006599
GOLD,KXSOL15M-26SEP270200-00,1790488800000,yes,1790488806456
GOLD,KXBTC15M-26SEP270215-15,1790489700000,yes,1790489706478
GOLD,KXETH15M-26SEP270215-15,1790489700000,yes,1790489706454
GOLD,KXSOL15M-26SEP270230-30,1790490600000,no,1790490606477
GOLD,KXETH15M-26SEP270245-45,1790491500000,no,1790491506480
GOLD,KXSOL15M-26SEP270245-45,1790491500000,no,1790491506479
GOLD,KXBTC15M-26SEP270300-00,1790492400000,yes,1790492406475
GOLD,KXSOL15M-26SEP270315-15,1790493300000,yes,1790493306455
GOLD,KXETH15M-26SEP270345-45,1790495100000,yes,1790495106453
GOLD,KXBTC15M-26SEP270500-00,1790499600000,yes,1790499606469
GOLD,KXBTC15M-26SEP270515-15,1790500500000,no,1790500506470
GOLD,KXSOL15M-26SEP270545-45,1790502300000,yes,1790502306448
GOLD,KXETH15M-26SEP270545-45,1790502300000,yes,1790502306448
GOLD,KXETH15M-26SEP270630-30,1790505000000,no,1790505006446
GOLD,KXSOL15M-26SEP270715-15,1790507700000,no,1790507706462
GOLD,KXBTC15M-26SEP270730-30,1790508600000,no,1790508606473
GOLD,KXSOL15M-26SEP270730-30,1790508600000,yes,1790508606452
GOLD,KXETH15M-26SEP270730-30,1790508600000,no,1790508606451
GOLD,KXBTC15M-26SEP270745-45,1790509500000,no,1790509506467
GOLD,KXSOL15M-26SEP270745-45,1790509500000,no,1790509506446
GOLD,KXETH15M-26SEP270800-00,1790510400000,yes,1790510406472
GOLD,KXBTC15M-26SEP270815-15,1790511300000,yes,1790511306467
GOLD,KXETH15M-26SEP270815-15,1790511300000,yes,1790511306450
GOLD,KXBTC15M-26SEP270845-45,1790513100000,yes,1790513106471
GOLD,KXETH15M-26SEP270845-45,1790513100000,yes,1790513106456
GOLD,KXSOL15M-26SEP270845-45,1790513100000,yes,1790513106452
GOLD,KXBTC15M-26SEP270900-00,1790514000000,no,1790514006472
GOLD,KXETH15M-26SEP270900-00,1790514000000,no,1790514006455
GOLD,KXSOL15M-26SEP270900-00,1790514000000,no,1790514006451
GOLD,KXETH15M-26SEP270930-30,1790515800000,yes,1790515806477
GOLD,KXBTC15M-26SEP270930-30,1790515800000,yes,1790515806476
GOLD,KXBTC15M-26SEP271030-30,1790519400000,no,1790519406475
GOLD,KXETH15M-26SEP271030-30,1790519400000,no,1790519406453
GOLD,KXBTC15M-26SEP271130-30,1790523000000,yes,1790523006489
GOLD,KXSOL15M-26SEP271130-30,1790523000000,yes,1790523006461
GOLD,KXETH15M-26SEP271130-30,1790523000000,yes,1790523006457
GOLD,KXBTC15M-26SEP271145-45,1790523900000,no,1790523906475
GOLD,KXSOL15M-26SEP271200-00,1790524800000,yes,1790524806489
GOLD,KXETH15M-26SEP271200-00,1790524800000,yes,1790524806457
GOLD,KXBTC15M-26SEP271245-45,1790527500000,no,1790527506431
GOLD,KXETH15M-26SEP271300-00,1790528400000,yes,1790528406484
GOLD,KXBTC15M-26SEP271300-00,1790528400000,yes,1790528406478
GOLD,KXSOL15M-26SEP271315-15,1790529300000,yes,1790529306451
GOLD,KXBTC15M-26SEP271330-30,1790530200000,yes,1790530206429
GOLD,KXETH15M-26SEP271345-45,1790531100000,yes,1790531106481
GOLD,KXETH15M-26SEP271400-00,1790532000000,yes,1790532006477
GOLD,KXSOL15M-26SEP271400-00,1790532000000,yes,1790532006474
GOLD,KXBTC15M-26SEP271400-00,1790532000000,yes,1790532006473
GOLD,KXETH15M-26SEP271415-15,1790532900000,yes,1790532906484
GOLD,KXSOL15M-26SEP271415-15,1790532900000,yes,1790532906482
GOLD,KXETH15M-26SEP271515-15,1790536500000,no,1790536506453
GOLD,KXETH15M-26SEP271530-30,1790537400000,no,1790537406490
GOLD,KXSOL15M-26SEP271530-30,1790537400000,no,1790537406451
GOLD,KXSOL15M-26SEP271600-00,1790539200000,no,1790539206462
GOLD,KXBTC15M-26SEP271615-15,1790540100000,yes,1790540106484
GOLD,KXSOL15M-26SEP271615-15,1790540100000,yes,1790540106455
GOLD,KXETH15M-26SEP271615-15,1790540100000,yes,1790540106449
GOLD,KXBTC15M-26SEP271630-30,1790541000000,no,1790541007081
GOLD,KXETH15M-26SEP271645-45,1790541900000,yes,1790541906456
GOLD,KXETH15M-26SEP271700-00,1790542800000,no,1790542806487
GOLD,KXBTC15M-26SEP271700-00,1790542800000,no,1790542806484
GOLD,KXETH15M-26SEP271715-15,1790543700000,yes,1790543706451
GOLD,KXETH15M-26SEP271730-30,1790544600000,no,1790544606449
GOLD,KXETH15M-26SEP271830-30,1790548200000,yes,1790548206483
GOLD,KXETH15M-26SEP271900-00,1790550000000,yes,1790550006449
GOLD,KXETH15M-26SEP271930-30,1790551800000,yes,1790551806458
GOLD,KXBTC15M-26SEP272000-00,1790553600000,yes,1790553606941
GOLD,KXETH15M-26SEP272000-00,1790553600000,yes,1790553606906
GOLD,KXBTC15M-26SEP272030-30,1790555400000,yes,1790555406489
GOLD,KXETH15M-26SEP272030-30,1790555400000,yes,1790555406453
GOLD,KXBTC15M-26SEP272145-45,1790559900000,no,1790559906500
GOLD,KXETH15M-26SEP272145-45,1790559900000,no,1790559906457
GOLD,KXETH15M-26SEP272230-30,1790562600000,no,1790562606496
GOLD,KXBTC15M-26SEP272230-30,1790562600000,no,1790562606493
GOLD,KXBTC15M-26SEP272245-45,1790563500000,no,1790563506489
GOLD,KXETH15M-26SEP272245-45,1790563500000,no,1790563506458
GOLD,KXBTC15M-26SEP272315-15,1790565300000,yes,1790565306492
GOLD,KXETH15M-26SEP272315-15,1790565300000,yes,1790565306454
GOLD,KXETH15M-26SEP272345-45,1790567100000,yes,1790567106402
GOLD,KXETH15M-26SEP280015-15,1790568900000,yes,1790568907108
GOLD,KXMVECROSSCATEGORY-S2026D0384F51A94-BDAD12927B9,1790571646598,no,1790570746598
GOLD,KXSOL15M-26SEP280045-45,1790570700000,yes,1790570706452
GOLD,KXSOL15M-26SEP280100-00,1790571600000,no,1790571606485
GOLD,KXETH15M-26SEP280100-00,1790571600000,yes,1790571606483
GOLD,KXBTC15M-26SEP280100-00,1790571600000,yes,1790571606480
GOLD,KXETH15M-26SEP280115-15,1790572500000,no,1790572506453
GOLD,KXETH15M-26SEP280145-45,1790574300000,yes,1790574306484
GOLD,KXSOL15M-26SEP280215-15,1790576100000,yes,1790576106424
GOLD,KXBTC15M-26SEP280230-30,1790577000000,no,1790577006477
GOLD,KXETH15M-26SEP280230-30,1790577000000,no,1790577006451
GOLD,KXETH15M-26SEP280245-45,1790577900000,yes,1790577906454
GOLD,KXBTC15M-26SEP280300-00,1790578800000,no,1790578806473
GOLD,KXETH15M-26SEP280300-00,1790578800000,no,1790578806453
GOLD,KXSOL15M-26SEP280300-00,1790578800000,no,1790578806450
GOLD,KXETH15M-26SEP280315-15,1790579700000,no,1790579706470
GOLD,KXBTC15M-26SEP280315-15,1790579700000,no,1790579706467
GOLD,KXETH15M-26SEP280330-30,1790580600000,no,1790580606402
GOLD,KXETH15M-26SEP280400-00,1790582400000,yes,1790582406470
GOLD,KXBTC15M-26SEP280430-30,1790584200000,no,1790584206465
GOLD,KXBTC15M-26SEP280445-45,1790585100000,yes,1790585106471
GOLD,KXETH15M-26SEP280445-45,1790585100000,no,1790585106455
GOLD,KXMVECROSSCATEGORY-S20260C25136CC7B-0794DF74A73,1790587546575,yes,1790586646575
GOLD,KXBTC15M-26SEP280515-15,1790586900000,no,1790586906468
GOLD,KXETH15M-26SEP280515-15,1790586900000,no,1790586906450
GOLD,KXETH15M-26SEP280530-30,1790587800000,yes,1790587806463
GOLD,KXBTC15M-26SEP280545-45,1790588700000,no,1790588706465
GOLD,KXETH15M-26SEP280545-45,1790588700000,no,1790588706446
GOLD,KXBTC15M-26SEP280600-00,1790589600000,yes,1790589606465
GOLD,KXETH15M-26SEP280600-00,1790589600000,yes,1790589606450
GOLD,KXBTC15M-26SEP280615-15,1790590500000,yes,1790590506467
GOLD,KXSOL15M-26SEP280630-30,1790591400000,yes,1790591406468
GOLD,KXETH15M-26SEP280645-45,1790592300000,yes,1790592306460
GOLD,KXBTC15M-26SEP280645-45,1790592300000,yes,1790592306458
GOLD,KXSOL15M-26SEP280700-00,1790593200000,no,1790593206471
GOLD,KXSOL15M-26SEP280715-15,1790594100000,yes,1790594106453
GOLD,KXETH15M-26SEP280715-15,1790594100000,yes,1790594106450
GOLD,KXBTC15M-26SEP280800-00,1790596800000,yes,1790596806473
GOLD,KXETH15M-26SEP280800-00,1790596800000,yes,1790596806454
GOLD,KXBTC15M-26SEP280900-00,1790600400000,yes,1790600406475
GOLD,KXMVECROSSCATEGORY-S2026F5E3B6DD29D-50E256E2B3B,1790603746912,yes,1790602846912
GOLD,KXMVECROSSCATEGORY-S202686E27799B3F-9F20C4060A6,1790605836500,yes,1790604936500
GOLD,KXMVECROSSCATEGORY-S2026B81AEBF5D27-51607F58D9A,1790607346572,no,1790606446572
GOLD,KXGOLD15M-26SEP281145-45,1790610300000,no,1790610326458
GOLD,KXGOLD15M-26SEP281200-00,1790611200000,yes,1790611226459
GOLD,KXGOLD15M-26SEP281215-15,1790612100000,no,1790612126453
GOLD,KXGOLD15M-26SEP281300-00,1790614800000,no,1790614826458
GOLD,KXGOLD15M-26SEP281315-15,1790615700000,yes,1790615726458
GOLD,KXGOLD15M-26SEP281345-45,1790617500000,yes,1790617526459
GOLD,KXBTC15M-26SEP281400-00,1790618400000,no,1790618406486
GOLD,KXBTC15M-26SEP281430-30,1790620200000,no,1790620206491
GOLD,KXGOLD15M-26SEP281430-30,1790620200000,no,1790620226458
GOLD,KXBTC15M-26SEP281445-45,1790621100000,no,1790621106485
GOLD,KXGOLD15M-26SEP281445-45,1790621100000,yes,1790621126455
GOLD,KXBTC15M-26SEP281500-00,1790622000000,yes,1790622006487
GOLD,KXGOLD15M-26SEP281500-00,1790622000000,yes,1790622026464
GOLD,KXBTC15M-26SEP281515-15,1790622900000,no,1790622906476
GOLD,KXGOLD15M-26SEP281515-15,1790622900000,no,1790622926457
GOLD,KXBTC15M-26SEP281530-30,1790623800000,no,1790623806487
GOLD,KXGOLD15M-26SEP281530-30,1790623800000,yes,1790623826460
GOLD,KXBTC15M-26SEP281545-45,1790624700000,no,1790624706486
GOLD,KXGOLD15M-26SEP281545-45,1790624700000,no,1790624726460
GOLD,KXBTC15M-26SEP281600-00,1790625600000,yes,1790625606484
GOLD,KXGOLD15M-26SEP281600-00,1790625600000,no,1790625626459
GOLD,KXBTC15M-26SEP281615-15,1790626500000,yes,1790626506483
GOLD,KXGOLD15M-26SEP281615-15,1790626500000,no,1790626526458
GOLD,KXBTC15M-26SEP281630-30,1790627400000,no,1790627406490
GOLD,KXGOLD15M-26SEP281630-30,1790627400000,no,1790627426453
GOLD,KXMVECROSSCATEGORY-S202670448D61B25-55B7791C18B,1790628976630,no,1790628076630
GOLD,KXBTC15M-26SEP281645-45,1790628300000,no,1790628306484
GOLD,KXGOLD15M-26SEP281645-45,1790628300000,no,1790628326454
GOLD,KXBTC15M-26SEP281700-00,1790629200000,yes,1790629206487
GOLD,KXGOLD15M-26SEP281700-00,1790629200000,yes,1790629226455
GOLD,KXBTC15M-26SEP281715-15,1790630100000,yes,1790630106492
GOLD,KXGOLD15M-26SEP281715-15,1790630100000,yes,1790630126458
GOLD,KXBTC15M-26SEP281730-30,1790631000000,no,1790631006488
GOLD,KXGOLD15M-26SEP281730-30,1790631000000,no,1790631026463
GOLD,KXBTC15M-26SEP281745-45,1790631900000,no,1790631906491
GOLD,KXGOLD15M-26SEP281745-45,1790631900000,yes,1790631926458
GOLD,KXBTC15M-26SEP281800-00,1790632800000,no,1790632806482
GOLD,KXGOLD15M-26SEP281800-00,1790632800000,yes,1790632826414
GOLD,KXBTC15M-26SEP281815-15,1790633700000,no,1790633706492
GOLD,KXGOLD15M-26SEP281815-15,1790633700000,yes,1790633726456
GOLD,KXBTC15M-26SEP281830-30,1790634600000,yes,1790634606496
GOLD,KXGOLD15M-26SEP281830-30,1790634600000,yes,1790634626463
GOLD,KXBTC15M-26SEP281845-45,1790635500000,yes,1790635506527
GOLD,KXGOLD15M-26SEP281845-45,1790635500000,no,1790635526462
GOLD,KXBTC15M-26SEP281900-00,1790636400000,yes,1790636406488
GOLD,KXGOLD15M-26SEP281915-15,1790637300000,yes,1790637326456
GOLD,KXBTC15M-26SEP281915-15,1790637300000,no,1790637306492
GOLD,KXGOLD15M-26SEP281930-30,1790638200000,yes,1790638226455
GOLD,KXBTC15M-26SEP281945-45,1790639100000,yes,1790639106488
GOLD,KXGOLD15M-26SEP281945-45,1790639100000,no,1790639126455
GOLD,KXBTC15M-26SEP282000-00,1790640000000,no,1790640006488
GOLD,KXGOLD15M-26SEP282000-00,1790640000000,yes,1790640026414
GOLD,KXBTC15M-26SEP282015-15,1790640900000,yes,1790640906489
GOLD,KXGOLD15M-26SEP282015-15,1790640900000,no,1790640926456
GOLD,KXBTC15M-26SEP282030-30,1790641800000,yes,1790641806486
GOLD,KXGOLD15M-26SEP282030-30,1790641800000,no,1790641826460
GOLD,KXBTC15M-26SEP282045-45,1790642700000,no,1790642706498
GOLD,KXBTC15M-26SEP282100-00,1790643600000,no,1790643606484
GOLD,KXGOLD15M-26SEP282100-00,1790643600000,no,1790643626464
GOLD,KXGOLD15M-26SEP282115-15,1790644500000,yes,1790644526515
GOLD,KXBTC15M-26SEP282130-30,1790645400000,no,1790645406499
GOLD,KXGOLD15M-26SEP282130-30,1790645400000,yes,1790645426462
GOLD,KXBTC15M-26SEP282145-45,1790646300000,yes,1790646307297
GOLD,KXGOLD15M-26SEP282145-45,1790646300000,yes,1790646326460
GOLD,KXGOLD15M-26SEP282200-00,1790647200000,yes,1790647226465
GOLD,KXBTC15M-26SEP282200-00,1790647200000,yes,1790647206497
GOLD,KXBTC15M-26SEP282215-15,1790648100000,no,1790648106496
GOLD,KXGOLD15M-26SEP282215-15,1790648100000,no,1790648126411
GOLD,KXGOLD15M-26SEP282230-30,1790649000000,yes,1790649026455
GOLD,KXBTC15M-26SEP282230-30,1790649000000,no,1790649006493
GOLD,KXBTC15M-26SEP282245-45,1790649900000,yes,1790649906497
GOLD,KXGOLD15M-26SEP282245-45,1790649900000,yes,1790649926464
GOLD,KXBTC15M-26SEP282300-00,1790650800000,no,1790650806540
GOLD,KXGOLD15M-26SEP282300-00,1790650800000,yes,1790650826461
GOLD,KXBTC15M-26SEP282315-15,1790651700000,no,1790651706485
GOLD,KXGOLD15M-26SEP282315-15,1790651700000,no,1790651726462
GOLD,KXBTC15M-26SEP282330-30,1790652600000,yes,1790652606494
GOLD,KXGOLD15M-26SEP282330-30,1790652600000,yes,1790652626659
GOLD,KXBTC15M-26SEP282345-45,1790653500000,no,1790653506690
GOLD,KXGOLD15M-26SEP282345-45,1790653500000,no,1790653526459
GOLD,KXBTC15M-26SEP290000-00,1790654400000,no,1790654406494
GOLD,KXGOLD15M-26SEP290000-00,1790654400000,no,1790654426464
GOLD,KXBTC15M-26SEP290015-15,1790655300000,yes,1790655306493
GOLD,KXGOLD15M-26SEP290015-15,1790655300000,no,1790655326459
GOLD,KXBTC15M-26SEP290030-30,1790656200000,yes,1790656206489
GOLD,KXGOLD15M-26SEP290030-30,1790656200000,no,1790656226413
GOLD,KXBTC15M-26SEP290045-45,1790657100000,no,1790657106481
GOLD,KXGOLD15M-26SEP290045-45,1790657100000,no,1790657126455
GOLD,KXBTC15M-26SEP290100-00,1790658000000,yes,1790658006485
GOLD,KXGOLD15M-26SEP290100-00,1790658000000,no,1790658026404
GOLD,KXBTC15M-26SEP290115-15,1790658900000,yes,1790658906482
GOLD,KXGOLD15M-26SEP290115-15,1790658900000,yes,1790658926454
GOLD,KXBTC15M-26SEP290130-30,1790659800000,yes,1790659806477
GOLD,KXGOLD15M-26SEP290130-30,1790659800000,yes,1790659826455
GOLD,KXGOLD15M-26SEP290145-45,1790660700000,yes,1790660726507
GOLD,KXBTC15M-26SEP290145-45,1790660700000,no,1790660706579
GOLD,KXBTC15M-26SEP290200-00,1790661600000,yes,1790661606480
GOLD,KXGOLD15M-26SEP290200-00,1790661600000,yes,1790661626461
GOLD,KXBTC15M-26SEP290230-30,1790663400000,yes,1790663406482
GOLD,KXGOLD15M-26SEP290230-30,1790663400000,no,1790663426454
GOLD,KXBTC15M-26SEP290245-45,1790664300000,yes,1790664306475
GOLD,KXGOLD15M-26SEP290245-45,1790664300000,yes,1790664326455
GOLD,KXGOLD15M-26SEP290300-00,1790665200000,no,1790665226457
GOLD,KXBTC15M-26SEP290300-00,1790665200000,yes,1790665206474
GOLD,KXBTC15M-26SEP290315-15,1790666100000,no,1790666106479
GOLD,KXGOLD15M-26SEP290315-15,1790666100000,yes,1790666126452
GOLD,KXBTC15M-26SEP290330-30,1790667000000,yes,1790667006469
GOLD,KXGOLD15M-26SEP290330-30,1790667000000,yes,1790667026454
GOLD,KXBTC15M-26SEP290345-45,1790667900000,yes,1790667906473
GOLD,KXGOLD15M-26SEP290345-45,1790667900000,no,1790667926450
GOLD,KXBTC15M-26SEP290400-00,1790668800000,no,1790668806472
GOLD,KXGOLD15M-26SEP290400-00,1790668800000,no,1790668826450
GOLD,KXGOLD15M-26SEP290415-15,1790669700000,no,1790669726454
GOLD,KXBTC15M-26SEP290415-15,1790669700000,yes,1790669706467
GOLD,KXBTC15M-26SEP290430-30,1790670600000,yes,1790670606464
GOLD,KXGOLD15M-26SEP290430-30,1790670600000,yes,1790670626449
GOLD,KXBTC15M-26SEP290445-45,1790671500000,no,1790671506465
GOLD,KXGOLD15M-26SEP290445-45,1790671500000,no,1790671526454
GOLD,KXBTC15M-26SEP290500-00,1790672400000,no,1790672406463
GOLD,KXGOLD15M-26SEP290500-00,1790672400000,no,1790672426451
GOLD,KXBTC15M-26SEP290515-15,1790673300000,no,1790673306467
GOLD,KXGOLD15M-26SEP290515-15,1790673300000,yes,1790673326453
GOLD,KXBTC15M-26SEP290530-30,1790674200000,yes,1790674206466
GOLD,KXGOLD15M-26SEP290530-30,1790674200000,yes,1790674226455
GOLD,KXBTC15M-26SEP290545-45,1790675100000,yes,1790675106459
GOLD,KXGOLD15M-26SEP290545-45,1790675100000,yes,1790675126405
GOLD,KXBTC15M-26SEP290600-00,1790676000000,yes,1790676006461
GOLD,KXGOLD15M-26SEP290600-00,1790676000000,yes,1790676026456
GOLD,KXBTC15M-26SEP290615-15,1790676900000,no,1790676906422
GOLD,KXGOLD15M-26SEP290615-15,1790676900000,yes,1790676926453
GOLD,KXBTC15M-26SEP290630-30,1790677800000,no,1790677806466
GOLD,KXGOLD15M-26SEP290630-30,1790677800000,yes,1790677826451
GOLD,KXBTC15M-26SEP290645-45,1790678700000,no,1790678706467
GOLD,KXGOLD15M-26SEP290645-45,1790678700000,yes,1790678726448
GOLD,KXGOLD15M-26SEP290700-00,1790679600000,yes,1790679626451
GOLD,KXBTC15M-26SEP290700-00,1790679600000,yes,1790679606519
GOLD,KXGOLD15M-26SEP290715-15,1790680500000,yes,1790680526452
GOLD,KXBTC15M-26SEP290715-15,1790680500000,no,1790680506515
GOLD,KXGOLD15M-26SEP290730-30,1790681400000,yes,1790681426451
GOLD,KXBTC15M-26SEP290745-45,1790682300000,yes,1790682306518
GOLD,KXGOLD15M-26SEP290745-45,1790682300000,no,1790682326457
GOLD,KXBTC15M-26SEP290800-00,1790683200000,yes,1790683206464
GOLD,KXGOLD15M-26SEP290800-00,1790683200000,yes,1790683226454
GOLD,KXGOLD15M-26SEP290815-15,1790684100000,no,1790684126451
GOLD,KXBTC15M-26SEP290815-15,1790684100000,no,1790684106472
GOLD,KXBTC15M-26SEP290830-30,1790685000000,no,1790685006421
GOLD,KXGOLD15M-26SEP290830-30,1790685000000,yes,1790685026457
GOLD,KXBTC15M-26SEP290845-45,1790685900000,yes,1790685906522
GOLD,KXGOLD15M-26SEP290845-45,1790685900000,yes,1790685926456
GOLD,KXBTC15M-26SEP290900-00,1790686800000,no,1790686806424
GOLD,KXGOLD15M-26SEP290900-00,1790686800000,no,1790686826456
GOLD,KXBTC15M-26SEP290915-15,1790687700000,yes,1790687706524
GOLD,KXGOLD15M-26SEP290915-15,1790687700000,yes,1790687726454
GOLD,KXBTC15M-26SEP290930-30,1790688600000,no,1790688606479
GOLD,KXGOLD15M-26SEP290930-30,1790688600000,no,1790688633055
GOLD,KXGOLD15M-26SEP290945-45,1790689500000,no,1790689526454
GOLD,KXBTC15M-26SEP290945-45,1790689500000,no,1790689506528
GOLD,KXBTC15M-26SEP291000-00,1790690400000,yes,1790690406475
GOLD,KXGOLD15M-26SEP291000-00,1790690400000,yes,1790690426453
GOLD,KXBTC15M-26SEP291015-15,1790691300000,no,1790691306472
GOLD,KXGOLD15M-26SEP291015-15,1790691300000,yes,1790691326453
GOLD,KXBTC15M-26SEP291030-30,1790692200000,yes,1790692206478
GOLD,KXGOLD15M-26SEP291030-30,1790692200000,yes,1790692226452
GOLD,KXBTC15M-26SEP291045-45,1790693100000,no,1790693106476
GOLD,KXBTC15M-26SEP291100-00,1790694000000,no,1790694006483
GOLD,KXGOLD15M-26SEP291100-00,1790694000000,yes,1790694026455
GOLD,KXBTC15M-26SEP291115-15,1790694900000,no,1790694906483
GOLD,KXGOLD15M-26SEP291115-15,1790694900000,no,1790694926455
GOLD,KXGOLD15M-26SEP291130-30,1790695800000,no,1790695826458
GOLD,KXBTC15M-26SEP291130-30,1790695800000,no,1790695806476
GOLD,KXBTC15M-26SEP291145-45,1790696700000,yes,1790696706484
GOLD,KXGOLD15M-26SEP291145-45,1790696700000,yes,1790696726459
GOLD,KXBTC15M-26SEP291200-00,1790697600000,no,1790697606485
GOLD,KXBTC15M-26SEP291215-15,1790698500000,no,1790698506479
GOLD,KXBTC15M-26SEP291230-30,1790699400000,yes,1790699406477
GOLD,KXBTC15M-26SEP291245-45,1790700300000,no,1790700306479
GOLD,KXGOLD15M-26SEP291245-45,1790700300000,no,1790700326457
GOLD,KXBTC15M-26SEP291300-00,1790701200000,yes,1790701206490
GOLD,KXGOLD15M-26SEP291300-00,1790701200000,no,1790701226462
GOLD,KXBTC15M-26SEP291315-15,1790702100000,yes,1790702106489
GOLD,KXGOLD15M-26SEP291315-15,1790702100000,yes,1790702126462
GOLD,KXGOLD15M-26SEP291330-30,1790703000000,yes,1790703026455
GOLD,KXBTC15M-26SEP291345-45,1790703900000,yes,1790703906482
GOLD,KXGOLD15M-26SEP291345-45,1790703900000,no,1790703926460
GOLD,KXGOLD15M-26SEP291400-00,1790704800000,no,1790704826456
GOLD,KXBTC15M-26SEP291400-00,1790704800000,no,1790704806483
GOLD,KXGOLD15M-26SEP291415-15,1790705700000,yes,1790705726453
GOLD,KXBTC15M-26SEP291415-15,1790705700000,yes,1790705706473
GOLD,KXBTC15M-26SEP291430-30,1790706600000,yes,1790706606486
GOLD,KXGOLD15M-26SEP291430-30,1790706600000,no,1790706626459
GOLD,KXGOLD15M-26SEP291445-45,1790707500000,yes,1790707526456
GOLD,KXBTC15M-26SEP291445-45,1790707500000,yes,1790707506474
GOLD,KXBTC15M-26SEP291500-00,1790708400000,no,1790708406485
GOLD,KXGOLD15M-26SEP291500-00,1790708400000,yes,1790708426456
GOLD,KXGOLD15M-26SEP291515-15,1790709300000,no,1790709326462
GOLD,KXBTC15M-26SEP291515-15,1790709300000,no,1790709306477
GOLD,KXBTC15M-26SEP291530-30,1790710200000,no,1790710206481
GOLD,KXGOLD15M-26SEP291530-30,1790710200000,yes,1790710226460
GOLD,KXBTC15M-26SEP291545-45,1790711100000,no,1790711106483
GOLD,KXGOLD15M-26SEP291545-45,1790711100000,yes,1790711126463
GOLD,KXBTC15M-26SEP291600-00,1790712000000,yes,1790712006484
GOLD,KXGOLD15M-26SEP291600-00,1790712000000,yes,1790712026455
GOLD,KXBTC15M-26SEP291615-15,1790712900000,no,1790712906479
GOLD,KXGOLD15M-26SEP291615-15,1790712900000,no,1790712926454
GOLD,KXBTC15M-26SEP291630-30,1790713800000,yes,1790713806436
GOLD,KXGOLD15M-26SEP291630-30,1790713800000,yes,1790713826456
GOLD,KXGOLD15M-26SEP291645-45,1790714700000,yes,1790714726456
GOLD,KXBTC15M-26SEP291645-45,1790714700000,yes,1790714706481
GOLD,KXBTC15M-26SEP291700-00,1790715600000,no,1790715606488
GOLD,KXGOLD15M-26SEP291700-00,1790715600000,no,1790715626458
GOLD,KXBTC15M-26SEP291715-15,1790716500000,no,1790716506481
GOLD,KXGOLD15M-26SEP291715-15,1790716500000,no,1790716526462
GOLD,KXBTC15M-26SEP291730-30,1790717400000,no,1790717406437
GOLD,KXGOLD15M-26SEP291730-30,1790717400000,no,1790717426464
GOLD,KXGOLD15M-26SEP291745-45,1790718300000,no,1790718326460
GOLD,KXGOLD15M-26SEP291800-00,1790719200000,yes,1790719226458
GOLD,KXBTC15M-26SEP291800-00,1790719200000,no,1790719206483
GOLD,KXBTC15M-26SEP291915-15,1790723700000,yes,1790723706488
GOLD,KXBTC15M-26SEP291930-30,1790724600000,no,1790724606484
GOLD,KXBTC15M-26SEP292030-30,1790728200000,yes,1790728206484
GOLD,KXBTC15M-26SEP292045-45,1790729100000,no,1790729106496
GOLD,KXBTC15M-26SEP292100-00,1790730000000,no,1790730006495
GOLD,KXBTC15M-26SEP292130-30,1790731800000,yes,1790732293981
GOLD,KXBTC15M-26SEP292115-15,1790730900000,no,1790732293941
GOLD,KXBTC15M-26SEP292145-45,1790732700000,no,1790732775144
GOLD,KXBTC15M-26SEP292200-00,1790733600000,yes,1790733606486
GOLD,KXBTC15M-26SEP292215-15,1790734500000,yes,1790734506483
GOLD,KXBTC15M-26SEP292230-30,1790735400000,no,1790735406486
GOLD,KXBTC15M-26SEP292245-45,1790736300000,no,1790736306490
GOLD,KXBTC15M-26SEP292300-00,1790737200000,no,1790737206497
GOLD,KXBTC15M-26SEP292315-15,1790738100000,no,1790738106496
GOLD,KXBTC15M-26SEP292330-30,1790739000000,no,1790739006498
GOLD,KXBTC15M-26SEP292345-45,1790739900000,yes,1790739906494
GOLD,KXBTC15M-26SEP300000-00,1790740800000,no,1790740807689
GOLD,KXBTC15M-26SEP300015-15,1790741700000,yes,1790741706434
GOLD,KXBTC15M-26SEP300030-30,1790742600000,no,1790742606480
GOLD,KXBTC15M-26SEP300045-45,1790743500000,no,1790743506438
GOLD,KXBTC15M-26SEP300115-15,1790745300000,yes,1790745306486
GOLD,KXBTC15M-26SEP300130-30,1790746200000,yes,1790746206487
GOLD,KXBTC15M-26SEP300145-45,1790747100000,yes,1790747106477
GOLD,KXBTC15M-26SEP300200-00,1790748000000,no,1790748006474
GOLD,KXBTC15M-26SEP300215-15,1790748900000,no,1790748906470
GOLD,KXBTC15M-26SEP300230-30,1790749800000,no,1790749806481
GOLD,KXBTC15M-26SEP300245-45,1790750700000,no,1790750706480
GOLD,KXBTC15M-26SEP300300-00,1790751600000,no,1790751606471
GOLD,KXBTC15M-26SEP301300-00,1790787600000,no,1790787606493
GOLD,KXBTC15M-26SEP301315-15,1790788500000,no,1790788506486
GOLD,KXBTC15M-26SEP301330-30,1790789400000,no,1790789406436
GOLD,KXBTC15M-26SEP301345-45,1790790300000,no,1790790306482
GOLD,KXBTC15M-26SEP301400-00,1790791200000,yes,1790791206481
GOLD,KXBTC15M-26SEP301415-15,1790792100000,no,1790792106492
GOLD,KXBTC15M-26SEP301430-30,1790793000000,no,1790793006484
GOLD,KXMVECROSSCATEGORY-S2026DC9C173BE1D-4371E31BE5E,1790794686866,no,1790793786866
GOLD,KXBTC15M-26SEP301445-45,1790793900000,no,1790793906482
GOLD,KXBTC15M-26SEP301500-00,1790794800000,yes,1790794806487
GOLD,KXBTC15M-26SEP301515-15,1790795700000,no,1790795706485
GOLD,KXBTC15M-26SEP301530-30,1790796600000,no,1790796606489
GOLD,KXBTC15M-26SEP301545-45,1790797500000,yes,1790797506485
GOLD,KXBTC15M-26SEP301600-00,1790798400000,no,1790798406484
GOLD,KXBTC15M-26SEP301615-15,1790799300000,yes,1790799306492
GOLD,KXBTC15M-26SEP301630-30,1790800200000,yes,1790800206478
GOLD,KXBTC15M-26SEP301645-45,1790801100000,no,1790801106482
GOLD,KXBTC15M-26SEP301700-00,1790802000000,no,1790802006488
GOLD,KXBTC15M-26SEP301715-15,1790802900000,yes,1790802906533
GOLD,KXBTC15M-26SEP301730-30,1790803800000,no,1790803806485
GOLD,KXBTC15M-26SEP301745-45,1790804700000,no,1790804706487
GOLD,KXBTC15M-26SEP301815-15,1790806500000,no,1790806506489
GOLD,KXBTC15M-26SEP301830-30,1790807400000,yes,1790807406487
GOLD,KXBTC15M-26SEP301845-45,1790808300000,no,1790808306489
GOLD,KXBTC15M-26SEP301900-00,1790809200000,no,1790809206486
GOLD,KXBTC15M-26SEP301915-15,1790810100000,yes,1790810106487
GOLD,KXBTC15M-26SEP301930-30,1790811000000,no,1790811006492
GOLD,KXBTC15M-26SEP301945-45,1790811900000,no,1790811906482
GOLD,KXBTC15M-26SEP302000-00,1790812800000,no,1790812806491
GOLD,KXBTC15M-26SEP302015-15,1790813700000,no,1790813706542
GOLD,KXBTC15M-26SEP302030-30,1790814600000,no,1790814606483
GOLD,KXBTC15M-26SEP302045-45,1790815500000,yes,1790815506493
GOLD,KXBTC15M-26SEP302100-00,1790816400000,no,1790816406447
GOLD,KXBTC15M-26SEP302115-15,1790817300000,yes,1790817306489
GOLD,KXBTC15M-26SEP302130-30,1790818200000,yes,1790818206490
GOLD,KXBTC15M-26SEP302145-45,1790819100000,no,1790819106486
GOLD,KXBTC15M-26SEP302200-00,1790820000000,no,1790820006486
GOLD,KXBTC15M-26SEP302230-30,1790821800000,no,1790821806488
GOLD,KXBTC15M-26SEP302245-45,1790822700000,no,1790822706539
GOLD,KXBTC15M-26SEP302300-00,1790823600000,yes,1790823606483
GOLD,KXBTC15M-26SEP302315-15,1790824500000,no,1790824506486
GOLD,KXBTC15M-26SEP302330-30,1790825400000,yes,1790825406486
GOLD,KXBTC15M-26SEP302345-45,1790826300000,yes,1790826306487
GOLD,KXBTC15M-26OCT010000-00,1790827200000,yes,1790827206492
GOLD,KXBTC15M-26OCT010015-15,1790828100000,yes,1790828106481
GOLD,KXBTC15M-26OCT010030-30,1790829000000,no,1790829006487
GOLD,KXBTC15M-26OCT010045-45,1790829900000,yes,1790829906481
GOLD,KXBTC15M-26OCT010100-00,1790830800000,yes,1790830806486
GOLD,KXBTC15M-26OCT010115-15,1790831700000,yes,1790831706485
GOLD,KXBTC15M-26OCT010515-15,1790846100000,yes,1790846103975
GOLD,KXBTC15M-26OCT010530-30,1790847000000,yes,1790847004030
GOLD,KXBTC15M-26OCT010545-45,1790847900000,yes,1790847903981
GOLD,KXBTC15M-26OCT010600-00,1790848800000,no,1790848803983
GOLD,KXBTC15M-26OCT010615-15,1790849700000,no,1790849703985
GOLD,KXBTC15M-26OCT010630-30,1790850600000,no,1790850603984
GOLD,KXBTC15M-26OCT010645-45,1790851500000,yes,1790851503986
GOLD,KXBTC15M-26OCT010700-00,1790852400000,yes,1790852404035
GOLD,KXBTC15M-26OCT010715-15,1790853300000,no,1790853303988
GOLD,KXBTC15M-26OCT010730-30,1790854200000,no,1790854203987
GOLD,KXBTC15M-26OCT010745-45,1790855100000,yes,1790855103987
GOLD,KXBTC15M-26OCT010800-00,1790856000000,no,1790856003990
GOLD,KXBTC15M-26OCT010815-15,1790856900000,yes,1790856903991
GOLD,KXBTC15M-26OCT010830-30,1790857800000,no,1790857803993
GOLD,KXBTC15M-26OCT010845-45,1790858700000,no,1790858703998
GOLD,KXBTC15M-26OCT010900-00,1790859600000,no,1790859603990
GOLD,KXBTC15M-26OCT010915-15,1790860500000,no,1790860503993
GOLD,KXBTC15M-26OCT010930-30,1790861400000,no,1790861404000
GOLD,KXBTC15M-26OCT011000-00,1790863200000,yes,1790863203999
GOLD,KXBTC15M-26OCT011015-15,1790864100000,no,1790864104001
GOLD,KXBTC15M-26OCT011030-30,1790865000000,yes,1790865003997
GOLD,KXBTC15M-26OCT011045-45,1790865900000,no,1790865904001
GOLD,KXBTC15M-26OCT011100-00,1790866800000,no,1790866804007
GOLD,KXBTC15M-26OCT011115-15,1790867700000,yes,1790867703999
GOLD,KXBTC15M-26OCT011130-30,1790868600000,yes,1790868604003
GOLD,KXBTC15M-26OCT011145-45,1790869500000,no,1790869503999
GOLD,KXBTC15M-26OCT011200-00,1790870400000,yes,1790870403997
GOLD,KXBTC15M-26OCT011215-15,1790871300000,yes,1790871303998
GOLD,KXBTC15M-26OCT011230-30,1790872200000,yes,1790872204008
GOLD,KXBTC15M-26OCT011245-45,1790873100000,yes,1790873444004
GOLD,KXBTC15M-26OCT011300-00,1790874000000,no,1790874004009
GOLD,KXBTC15M-26OCT011315-15,1790874900000,yes,1790874903998
GOLD,KXBTC15M-26OCT011330-30,1790875800000,yes,1790875803996
GOLD,KXBTC15M-26OCT011345-45,1790876700000,yes,1790876704002
GOLD,KXBTC15M-26OCT011415-15,1790878500000,yes,1790878504009
GOLD,KXBTC15M-26OCT011445-45,1790880300000,yes,1790880304004
GOLD,KXBTC15M-26OCT011500-00,1790881200000,no,1790881204004
GOLD,KXBTC15M-26OCT011515-15,1790882100000,no,1790882104011
GOLD,KXBTC15M-26OCT011530-30,1790883000000,no,1790883004000
GOLD,KXBTC15M-26OCT011545-45,1790883900000,yes,1790883904009
GOLD,KXBTC15M-26OCT011600-00,1790884800000,yes,1790884804012
GOLD,KXBTC15M-26OCT011615-15,1790885700000,yes,1790885704002
GOLD,KXBTC15M-26OCT011630-30,1790886600000,no,1790886604010
GOLD,KXBTC15M-26OCT011700-00,1790888400000,yes,1790888404013
GOLD,KXBTC15M-26OCT011715-15,1790889300000,yes,1790889304015
GOLD,KXBTC15M-26OCT011730-30,1790890200000,no,1790890204013
GOLD,KXBTC15M-26OCT011745-45,1790891100000,no,1790891104009
GOLD,KXBTC15M-26OCT011800-00,1790892000000,yes,1790892004015
GOLD,KXBTC15M-26OCT011815-15,1790892900000,yes,1790892903996
GOLD,KXBTC15M-26OCT011830-30,1790893800000,no,1790893804012
GOLD,KXBTC15M-26OCT011845-45,1790894700000,no,1790894704015
GOLD,KXBTC15M-26OCT011900-00,1790895600000,yes,1790895614053
GOLD,KXBTC15M-26OCT011915-15,1790896500000,no,1790896504007
GOLD,KXBTC15M-26OCT011930-30,1790897400000,yes,1790897413998
GOLD,KXBTC15M-26OCT011945-45,1790898300000,yes,1790898304008
GOLD,KXBTC15M-26OCT012000-00,1790899200000,yes,1790899204013
GOLD,KXBTC15M-26OCT012015-15,1790900100000,yes,1790900104009
GOLD,KXBTC15M-26OCT012030-30,1790901000000,no,1790901004005
GOLD,KXBTC15M-26OCT012045-45,1790901900000,yes,1790901904004
GOLD,KXBTC15M-26OCT012100-00,1790902800000,no,1790902804012
GOLD,KXBTC15M-26OCT012115-15,1790903700000,no,1790903704011
GOLD,KXBTC15M-26OCT012130-30,1790904600000,no,1790904604010
GOLD,KXBTC15M-26OCT012145-45,1790905500000,no,1790905504010
GOLD,KXBTC15M-26OCT012200-00,1790906400000,yes,1790906404009
GOLD,KXBTC15M-26OCT012215-15,1790907300000,yes,1790907304010
GOLD,KXBTC15M-26OCT012230-30,1790908200000,no,1790908204006
GOLD,KXBTC15M-26OCT012300-00,1790910000000,yes,1790910004051
GOLD,KXBTC15M-26OCT012315-15,1790910900000,yes,1790910904017
GOLD,KXBTC15M-26OCT012330-30,1790911800000,no,1790911804006
GOLD,KXBTC15M-26OCT012345-45,1790912700000,yes,1790912704003
GOLD,KXBTC15M-26OCT020000-00,1790913600000,yes,1790913604011
GOLD,KXBTC15M-26OCT020015-15,1790914500000,no,1790914504037
GOLD,KXBTC15M-26OCT020030-30,1790915400000,yes,1790915404000
GOLD,KXBTC15M-26OCT020045-45,1790916300000,no,1790916304004
GOLD,KXBTC15M-26OCT020100-00,1790917200000,yes,1790917204001
GOLD,KXBTC15M-26OCT020115-15,1790918100000,no,1790918104002
GOLD,KXBTC15M-26OCT020130-30,1790919000000,no,1790919004001
GOLD,KXBTC15M-26OCT020200-00,1790920800000,no,1790920804002
GOLD,KXBTC15M-26OCT020215-15,1790921700000,no,1790921704001
GOLD,KXBTC15M-26OCT020230-30,1790922600000,yes,1790922604000
GOLD,KXBTC15M-26OCT020245-45,1790923500000,no,1790923504000
GOLD,KXBTC15M-26OCT020300-00,1790924400000,yes,1790924403999
GOLD,KXBTC15M-26OCT020315-15,1790925300000,no,1790925303988
GOLD,KXBTC15M-26OCT020330-30,1790926200000,no,1790926203995
GOLD,KXBTC15M-26OCT020345-45,1790927100000,no,1790927103992
GOLD,KXBTC15M-26OCT020400-00,1790928000000,yes,1790928004044
GOLD,KXBTC15M-26OCT020415-15,1790928900000,yes,1790928903986
GOLD,KXBTC15M-26OCT020430-30,1790929800000,yes,1790929803993
GOLD,KXBTC15M-26OCT020445-45,1790930700000,no,1790930703982
GOLD,KXBTC15M-26OCT020500-00,1790931600000,no,1790931603992
GOLD,KXBTC15M-26OCT020515-15,1790932500000,no,1790932503992
GOLD,KXBTC15M-26OCT020530-30,1790933400000,no,1790933403985
GOLD,KXBTC15M-26OCT020545-45,1790934300000,yes,1790934303989
GOLD,KXBTC15M-26OCT020600-00,1790935200000,yes,1790935203992
GOLD,KXBTC15M-26OCT020615-15,1790936100000,no,1790936103987
GOLD,KXBTC15M-26OCT020645-45,1790937900000,yes,1790937903990
GOLD,KXBTC15M-26OCT020700-00,1790938800000,no,1790938803989
GOLD,KXBTC15M-26OCT020715-15,1790939700000,yes,1790939703992
GOLD,KXBTC15M-26OCT020730-30,1790940600000,no,1790940603990
GOLD,KXBTC15M-26OCT020745-45,1790941500000,yes,1790941503990
GOLD,KXBTC15M-26OCT020800-00,1790942400000,no,1790942404044
GOLD,KXBTC15M-26OCT020815-15,1790943300000,no,1790943304043
GOLD,KXBTC15M-26OCT020830-30,1790944200000,yes,1790944203996
GOLD,KXBTC15M-26OCT020845-45,1790945100000,no,1790945103991
GOLD,KXBTC15M-26OCT020900-00,1790946000000,yes,1790946003989
GOLD,KXBTC15M-26OCT020915-15,1790946900000,no,1790946904002
GOLD,KXBTC15M-26OCT020945-45,1790948700000,yes,1790948703995
GOLD,KXBTC15M-26OCT021000-00,1790949600000,no,1790949604003
GOLD,KXBTC15M-26OCT021015-15,1790950500000,no,1790950504003
GOLD,KXBTC15M-26OCT021030-30,1790951400000,no,1790951404001
GOLD,KXBTC15M-26OCT021045-45,1790952300000,no,1790952303999
GOLD,KXBTC15M-26OCT021100-00,1790953200000,no,1790953204000
GOLD,KXBTC15M-26OCT021115-15,1790954100000,no,1790954104005
GOLD,KXBTC15M-26OCT021130-30,1790955000000,no,1790955004013
GOLD,KXBTC15M-26OCT021145-45,1790955900000,no,1790955904013
GOLD,KXBTC15M-26OCT021200-00,1790956800000,no,1790956804009
GOLD,KXBTC15M-26OCT021215-15,1790957700000,no,1790957704013
GOLD,KXBTC15M-26OCT021230-30,1790958600000,no,1790958604018
GOLD,KXBTC15M-26OCT021300-00,1790960400000,no,1790960404013
GOLD,KXBTC15M-26OCT021315-15,1790961300000,no,1790961304010
GOLD,KXBTC15M-26OCT021330-30,1790962200000,no,1790962204008
GOLD,KXBTC15M-26OCT021345-45,1790963100000,no,1790963104020
GOLD,KXBTC15M-26OCT021400-00,1790964000000,yes,1790964004018
GOLD,KXBTC15M-26OCT021415-15,1790964900000,yes,1790964904011
GOLD,KXBTC15M-26OCT021430-30,1790965800000,no,1790965804007
GOLD,KXBTC15M-26OCT021445-45,1790966700000,no,1790966704009
GOLD,KXBTC15M-26OCT021500-00,1790967600000,yes,1790967604010
GOLD,KXBTC15M-26OCT021515-15,1790968500000,no,1790968504008
GOLD,KXBTC15M-26OCT021530-30,1790969400000,yes,1790969404017
GOLD,KXBTC15M-26OCT021545-45,1790970300000,yes,1790970304010
GOLD,KXBTC15M-26OCT021600-00,1790971200000,yes,1790971204010
GOLD,KXBTC15M-26OCT021615-15,1790972100000,yes,1790972104015
GOLD,KXBTC15M-26OCT021645-45,1790973900000,no,1790973904008
GOLD,KXBTC15M-26OCT021700-00,1790974800000,yes,1790974804014
GOLD,KXBTC15M-26OCT021715-15,1790975700000,yes,1790975704018
GOLD,KXBTC15M-26OCT021730-30,1790976600000,no,1790976604012
GOLD,KXBTC15M-26OCT021745-45,1790977500000,yes,1790977504014
GOLD,KXBTC15M-26OCT021800-00,1790978400000,yes,1790978404020
GOLD,KXBTC15M-26OCT021815-15,1790979300000,yes,1790979304020
GOLD,KXBTC15M-26OCT021915-15,1790982900000,no,1790982904000
GOLD,KXBTC15M-26OCT021930-30,1790983800000,yes,1790983804008
GOLD,KXBTC15M-26OCT021945-45,1790984700000,no,1790984704015
GOLD,KXBTC15M-26OCT022000-00,1790985600000,no,1790985604010
GOLD,KXBTC15M-26OCT022015-15,1790986500000,no,1790986504022
GOLD,KXBTC15M-26OCT022030-30,1790987400000,yes,1790987404017
GOLD,KXBTC15M-26OCT022045-45,1790988300000,yes,1790988304013
GOLD,KXBTC15M-26OCT022100-00,1790989200000,yes,1790989204061
GOLD,KXBTC15M-26OCT022115-15,1790990100000,no,1790990104011
GOLD,KXBTC15M-26OCT022130-30,1790991000000,no,1790991004016
GOLD,KXBTC15M-26OCT022145-45,1790991900000,yes,1790991904014
GOLD,KXBTC15M-26OCT022200-00,1790992800000,yes,1790992804018
GOLD,KXBTC15M-26OCT022230-30,1790994600000,yes,1790994604008
GOLD,KXBTC15M-26OCT022245-45,1790995500000,yes,1790995507307
GOLD,KXBTC15M-26OCT022300-00,1790996400000,no,1790996407157
GOLD,KXBTC15M-26OCT022315-15,1790997300000,no,1790997307211
GOLD,KXBTC15M-26OCT022330-30,1790998200000,yes,1790998207159
GOLD,KXBTC15M-26OCT022345-45,1790999100000,yes,1790999107154
GOLD,KXBTC15M-26OCT030000-00,1791000000000,yes,1791000007213
GOLD,KXBTC15M-26OCT030015-15,1791000900000,no,1791000907206
GOLD,KXBTC15M-26OCT030030-30,1791001800000,no,1791001807149
GOLD,KXBTC15M-26OCT030045-45,1791002700000,yes,1791002707160
GOLD,KXBTC15M-26OCT030100-00,1791003600000,yes,1791003607203
GOLD,KXBTC15M-26OCT030115-15,1791004500000,no,1791004507201
GOLD,KXBTC15M-26OCT030130-30,1791005400000,yes,1791005407207
GOLD,KXBTC15M-26OCT030145-45,1791006300000,yes,1791006307151
GOLD,KXBTC15M-26OCT030200-00,1791007200000,no,1791007207208
GOLD,KXBTC15M-26OCT030300-00,1791010800000,no,1791010807150
GOLD,KXBTC15M-26OCT030315-15,1791011700000,yes,1791011707142
GOLD,KXBTC15M-26OCT030330-30,1791012600000,yes,1791012607144
GOLD,KXBTC15M-26OCT030430-30,1791016200000,no,1791016207198
GOLD,KXBTC15M-26OCT030445-45,1791017100000,yes,1791017107192
GOLD,KXBTC15M-26OCT030830-30,1791030600000,yes,1791030607136
GOLD,KXBTC15M-26OCT030845-45,1791031500000,no,1791031507143
GOLD,KXBTC15M-26OCT030900-00,1791032400000,yes,1791032407197
GOLD,KXBTC15M-26OCT030915-15,1791033300000,no,1791033307197
GOLD,KXBTC15M-26OCT030930-30,1791034200000,no,1791034207199
GOLD,KXBTC15M-26OCT030945-45,1791035100000,yes,1791035107145
GOLD,KXBTC15M-26OCT031000-00,1791036000000,yes,1791036007189
GOLD,KXBTC15M-26OCT031015-15,1791036900000,no,1791036907194
GOLD,KXBTC15M-26OCT031030-30,1791037800000,yes,1791037807195
GOLD,KXBTC15M-26OCT031045-45,1791038700000,no,1791038707195
GOLD,KXBTC15M-26OCT031100-00,1791039600000,yes,1791039607193
GOLD,KXBTC15M-26OCT031115-15,1791040500000,no,1791040507246
GOLD,KXBTC15M-26OCT031130-30,1791041400000,yes,1791041407207
GOLD,KXBTC15M-26OCT031145-45,1791042300000,yes,1791042307158
GOLD,KXBTC15M-26OCT031230-30,1791045000000,no,1791045007160
GOLD,KXBTC15M-26OCT031245-45,1791045900000,yes,1791045907202
GOLD,KXBTC15M-26OCT031300-00,1791046800000,yes,1791046807214
GOLD,KXBTC15M-26OCT031315-15,1791047700000,yes,1791047707164
GOLD,KXBTC15M-26OCT031330-30,1791048600000,yes,1791048607208
GOLD,KXBTC15M-26OCT031345-45,1791049500000,yes,1791049507165
GOLD,KXBTC15M-26OCT031445-45,1791053100000,no,1791053107168
GOLD,KXBTC15M-26OCT031500-00,1791054000000,yes,1791054007213
GOLD,KXBTC15M-26OCT031515-15,1791054900000,no,1791054907206
GOLD,KXBTC15M-26OCT031530-30,1791055800000,no,1791055807867
GOLD,KXBTC15M-26OCT031545-45,1791056700000,no,1791056707160
GOLD,KXBTC15M-26OCT031600-00,1791057600000,yes,1791057607369
GOLD,KXBTC15M-26OCT031615-15,1791058500000,yes,1791058507216
GOLD,KXBTC15M-26OCT031630-30,1791059400000,yes,1791059407215
GOLD,KXBTC15M-26OCT031645-45,1791060300000,no,1791060307215
GOLD,KXBTC15M-26OCT031715-15,1791062100000,no,1791062107214
GOLD,KXBTC15M-26OCT031730-30,1791063000000,yes,1791063007216
GOLD,KXBTC15M-26OCT031745-45,1791063900000,no,1791063907218
GOLD,KXBTC15M-26OCT031945-45,1791071100000,yes,1791071107262
GOLD,KXBTC15M-26OCT032000-00,1791072000000,no,1791072007215
GOLD,KXBTC15M-26OCT032015-15,1791072900000,yes,1791072907218
GOLD,KXBTC15M-26OCT032030-30,1791073800000,no,1791073807222
GOLD,KXBTC15M-26OCT032130-30,1791077400000,no,1791077407221
GOLD,KXBTC15M-26OCT032145-45,1791078300000,yes,1791078307169
GOLD,KXBTC15M-26OCT032200-00,1791079200000,yes,1791079207212
GOLD,KXBTC15M-26OCT032215-15,1791080100000,yes,1791080107210
GOLD,KXBTC15M-26OCT032230-30,1791081000000,yes,1791081007213
GOLD,KXBTC15M-26OCT032245-45,1791081900000,no,1791081907164
GOLD,KXBTC15M-26OCT032345-45,1791085500000,yes,1791085507210
GOLD,KXBTC15M-26OCT040000-00,1791086400000,no,1791086407164
GOLD,KXBTC15M-26OCT040015-15,1791087300000,no,1791087307406
GOLD,KXBTC15M-26OCT040230-30,1791095400000,no,1791095407251
GOLD,KXBTC15M-26OCT040245-45,1791096300000,yes,1791096307202
GOLD,KXBTC15M-26OCT040300-00,1791097200000,yes,1791097207191
GOLD,KXBTC15M-26OCT040315-15,1791098100000,no,1791098107197
GOLD,KXBTC15M-26OCT040330-30,1791099000000,no,1791099007144
GOLD,KXBTC15M-26OCT040345-45,1791099900000,no,1791099907198
GOLD,KXBTC15M-26OCT040400-00,1791100800000,yes,1791100807197
GOLD,KXBTC15M-26OCT040415-15,1791101700000,yes,1791101707188
GOLD,KXBTC15M-26OCT040430-30,1791102600000,yes,1791102607184
GOLD,KXBTC15M-26OCT040445-45,1791103500000,no,1791103507189
GOLD,KXBTC15M-26OCT040500-00,1791104400000,yes,1791104407192
GOLD,KXBTC15M-26OCT040515-15,1791105300000,yes,1791105307135
GOLD,KXBTC15M-26OCT040530-30,1791106200000,yes,1791106207142
GOLD,KXBTC15M-26OCT040545-45,1791107100000,yes,1791107107184
GOLD,KXBTC15M-26OCT040600-00,1791108000000,no,1791108007141
GOLD,KXBTC15M-26OCT040630-30,1791109800000,yes,1791109807138
GOLD,KXBTC15M-26OCT040645-45,1791110700000,no,1791110707136
GOLD,KXBTC15M-26OCT040700-00,1791111600000,no,1791111607137
GOLD,KXBTC15M-26OCT040715-15,1791112500000,no,1791112507189
GOLD,KXBTC15M-26OCT040730-30,1791113400000,yes,1791113407134
GOLD,KXBTC15M-26OCT040745-45,1791114300000,no,1791114307130
GOLD,KXBTC15M-26OCT040800-00,1791115200000,yes,1791115207143
GOLD,KXBTC15M-26OCT040815-15,1791116100000,no,1791116107138
GOLD,KXBTC15M-26OCT040830-30,1791117000000,yes,1791117007136
GOLD,KXBTC15M-26OCT040900-00,1791118800000,no,1791118807144
GOLD,KXBTC15M-26OCT040915-15,1791119700000,yes,1791119707192
GOLD,KXBTC15M-26OCT040930-30,1791120600000,yes,1791120607190
GOLD,KXBTC15M-26OCT040945-45,1791121500000,yes,1791121507198
GOLD,KXBTC15M-26OCT041000-00,1791122400000,yes,1791122407145
GOLD,KXBTC15M-26OCT041030-30,1791124200000,no,1791124207149
GOLD,KXBTC15M-26OCT041045-45,1791125100000,no,1791125107200
GOLD,KXBTC15M-26OCT041100-00,1791126000000,yes,1791126007198
GOLD,KXBTC15M-26OCT041115-15,1791126900000,yes,1791126907196
GOLD,KXBTC15M-26OCT041130-30,1791127800000,no,1791127807150
GOLD,KXBTC15M-26OCT041215-15,1791130500000,no,1791130507154
GOLD,KXBTC15M-26OCT041300-00,1791133200000,yes,1791133207317
GOLD,KXBTC15M-26OCT041315-15,1791134100000,no,1791134107307
GOLD,KXBTC15M-26OCT041330-30,1791135000000,yes,1791135007793
GOLD,KXBTC15M-26OCT041345-45,1791135900000,yes,1791135907212
GOLD,KXBTC15M-26OCT041400-00,1791136800000,no,1791136807202
GOLD,KXBTC15M-26OCT041415-15,1791137700000,no,1791137707209
GOLD,KXBTC15M-26OCT041515-15,1791141300000,yes,1791141307210
GOLD,KXBTC15M-26OCT041530-30,1791142200000,yes,1791142207210
GOLD,KXBTC15M-26OCT041545-45,1791143100000,no,1791143107203
GOLD,KXBTC15M-26OCT041630-30,1791145800000,yes,1791145807912
GOLD,KXBTC15M-26OCT041645-45,1791146700000,yes,1791146707170
GOLD,KXBTC15M-26OCT041700-00,1791147600000,yes,1791147607171
GOLD,KXBTC15M-26OCT041715-15,1791148500000,yes,1791148507171
GOLD,KXBTC15M-26OCT041730-30,1791149400000,no,1791149407174
GOLD,KXBTC15M-26OCT041745-45,1791150300000,yes,1791150307213
GOLD,KXBTC15M-26OCT041800-00,1791151200000,no,1791151207220
GOLD,KXBTC15M-26OCT041815-15,1791152100000,yes,1791152107205
GOLD,KXBTC15M-26OCT041830-30,1791153000000,no,1791153007219
GOLD,KXBTC15M-26OCT041845-45,1791153900000,yes,1791153907216
GOLD,KXBTC15M-26OCT041900-00,1791154800000,yes,1791154807209
GOLD,KXBTC15M-26OCT041915-15,1791155700000,yes,1791155707162
GOLD,KXBTC15M-26OCT041930-30,1791156600000,yes,1791156607214
GOLD,KXBTC15M-26OCT042000-00,1791158400000,yes,1791158407919
GOLD,KXBTC15M-26OCT042015-15,1791159300000,no,1791159307222
GOLD,KXBTC15M-26OCT042030-30,1791160200000,no,1791160207217
GOLD,KXBTC15M-26OCT042045-45,1791161100000,yes,1791161107216
GOLD,KXBTC15M-26OCT042100-00,1791162000000,yes,1791162007213
GOLD,KXBTC15M-26OCT042115-15,1791162900000,yes,1791162907162
GOLD,KXBTC15M-26OCT042130-30,1791163800000,yes,1791163807214
GOLD,KXBTC15M-26OCT042145-45,1791164700000,no,1791164707169
GOLD,KXBTC15M-26OCT042200-00,1791165600000,no,1791165607215
GOLD,KXBTC15M-26OCT042215-15,1791166500000,yes,1791166507316
GOLD,KXBTC15M-26OCT042230-30,1791167400000,no,1791167409806
GOLD,KXBTC15M-26OCT042245-45,1791168300000,yes,1791168307211
GOLD,KXBTC15M-26OCT042300-00,1791169200000,no,1791169207261
GOLD,KXBTC15M-26OCT042315-15,1791170100000,no,1791170107219
GOLD,KXBTC15M-26OCT042330-30,1791171000000,no,1791171007570
GOLD,KXBTC15M-26OCT042345-45,1791171900000,no,1791171907156
GOLD,KXBTC15M-26OCT050000-00,1791172800000,no,1791172807169
GOLD,KXBTC15M-26OCT050015-15,1791173700000,no,1791173707170
GOLD,KXBTC15M-26OCT050030-30,1791174600000,no,1791174607202
GOLD,KXBTC15M-26OCT050045-45,1791175500000,no,1791175507199
GOLD,KXBTC15M-26OCT050100-00,1791176400000,no,1791176407154
GOLD,KXBTC15M-26OCT050130-30,1791178200000,yes,1791178207206
GOLD,KXBTC15M-26OCT050215-15,1791180900000,yes,1791180907305
GOLD,KXBTC15M-26OCT050230-30,1791181800000,no,1791181807198
GOLD,KXBTC15M-26OCT050245-45,1791182700000,no,1791182707197
GOLD,KXBTC15M-26OCT050300-00,1791183600000,yes,1791183607197
GOLD,KXBTC15M-26OCT050315-15,1791184500000,yes,1791184507187
GOLD,KXBTC15M-26OCT050330-30,1791185400000,no,1791185407142
GOLD,KXBTC15M-26OCT050345-45,1791186300000,yes,1791186307190
GOLD,KXBTC15M-26OCT050400-00,1791187200000,no,1791187207135
GOLD,KXBTC15M-26OCT050415-15,1791188100000,yes,1791188107132
GOLD,KXBTC15M-26OCT050430-30,1791189000000,yes,1791189007134
GOLD,KXBTC15M-26OCT050445-45,1791189900000,no,1791189907188
GOLD,KXBTC15M-26OCT050500-00,1791190800000,no,1791190807183
GOLD,KXBTC15M-26OCT050530-30,1791192600000,no,1791192607185
GOLD,KXBTC15M-26OCT050545-45,1791193500000,yes,1791193507180
GOLD,KXBTC15M-26OCT050600-00,1791194400000,yes,1791194407133
GOLD,KXBTC15M-26OCT050615-15,1791195300000,yes,1791195307187
GOLD,KXBTC15M-26OCT050630-30,1791196200000,yes,1791196207137
GOLD,KXBTC15M-26OCT050645-45,1791197100000,no,1791197107136
GOLD,KXBTC15M-26OCT050700-00,1791198000000,yes,1791198007136
GOLD,KXBTC15M-26OCT050715-15,1791198900000,no,1791198907184
GOLD,KXBTC15M-26OCT050730-30,1791199800000,yes,1791199807132
GOLD,KXBTC15M-26OCT050800-00,1791201600000,yes,1791201607186
GOLD,KXBTC15M-26OCT050815-15,1791202500000,no,1791202507185
GOLD,KXBTC15M-26OCT050830-30,1791203400000,no,1791203407140
GOLD,KXBTC15M-26OCT050845-45,1791204300000,no,1791204307185
GOLD,KXBTC15M-26OCT050900-00,1791205200000,no,1791205207144
GOLD,KXBTC15M-26OCT050915-15,1791206100000,yes,1791206107193
GOLD,KXBTC15M-26OCT050930-30,1791207000000,no,1791207007201
GOLD,KXBTC15M-26OCT050945-45,1791207900000,no,1791207907155
GOLD,KXBTC15M-26OCT051000-00,1791208800000,yes,1791208807143
GOLD,KXBTC15M-26OCT051015-15,1791209700000,yes,1791209707148
GOLD,KXBTC15M-26OCT051045-45,1791211500000,no,1791211507148
GOLD,KXBTC15M-26OCT051100-00,1791212400000,no,1791212407191
GOLD,KXBTC15M-26OCT051115-15,1791213300000,no,1791213307203
GOLD,KXBTC15M-26OCT051130-30,1791214200000,no,1791214207202
GOLD,KXBTC15M-26OCT051145-45,1791215100000,no,1791215107153
GOLD,KXBTC15M-26OCT051200-00,1791216000000,no,1791216007206
GOLD,KXBTC15M-26OCT051215-15,1791216900000,no,1791216907156
GOLD,KXBTC15M-26OCT051230-30,1791217800000,no,1791217807202
GOLD,KXBTC15M-26OCT051245-45,1791218700000,yes,1791218707154
GOLD,KXBTC15M-26OCT051300-00,1791219600000,yes,1791219607150
GOLD,KXBTC15M-26OCT051315-15,1791220500000,no,1791220507200
GOLD,KXBTC15M-26OCT051330-30,1791221400000,yes,1791221407205
GOLD,KXBTC15M-26OCT051345-45,1791222300000,no,1791222307157
GOLD,KXBTC15M-26OCT051400-00,1791223200000,yes,1791223207317
GOLD,KXBTC15M-26OCT051415-15,1791224100000,yes,1791224107213
GOLD,KXBTC15M-26OCT051430-30,1791225000000,yes,1791225007156
GOLD,KXBTC15M-26OCT051445-45,1791225900000,yes,1791225907161
GOLD,KXBTC15M-26OCT051500-00,1791226800000,yes,1791226807159
GOLD,KXBTC15M-26OCT051515-15,1791227700000,yes,1791227707208
GOLD,KXBTC15M-26OCT051530-30,1791228600000,yes,1791228607157
GOLD,KXBTC15M-26OCT051545-45,1791229500000,no,1791229507166
GOLD,KXBTC15M-26OCT051600-00,1791230400000,yes,1791230407210
GOLD,KXBTC15M-26OCT051615-15,1791231300000,no,1791231307163
GOLD,KXBTC15M-26OCT051630-30,1791232200000,yes,1791232207159
GOLD,KXBTC15M-26OCT051645-45,1791233100000,yes,1791233107958
GOLD,KXBTC15M-26OCT051700-00,1791234000000,yes,1791234007168
GOLD,KXBTC15M-26OCT051715-15,1791234900000,no,1791234907166
GOLD,KXBTC15M-26OCT051730-30,1791235800000,yes,1791235807163
GOLD,KXBTC15M-26OCT051745-45,1791236700000,yes,1791236707154
GOLD,KXBTC15M-26OCT051800-00,1791237600000,yes,1791237607154
GOLD,KXBTC15M-26OCT051815-15,1791238500000,yes,1791238507221
GOLD,KXBTC15M-26OCT051830-30,1791239400000,yes,1791239407160
GOLD,KXBTC15M-26OCT051845-45,1791240300000,no,1791240307214
GOLD,KXBTC15M-26OCT051900-00,1791241200000,no,1791241207212
GOLD,KXBTC15M-26OCT051915-15,1791242100000,no,1791242107209
GOLD,KXBTC15M-26OCT051930-30,1791243000000,yes,1791243007224
GOLD,KXBTC15M-26OCT051945-45,1791243900000,no,1791243907266
GOLD,KXBTC15M-26OCT052000-00,1791244800000,no,1791244807164
GOLD,KXBTC15M-26OCT052015-15,1791245700000,yes,1791245707255
GOLD,KXBTC15M-26OCT052030-30,1791246600000,no,1791246607213
GOLD,KXBTC15M-26OCT052045-45,1791247500000,no,1791247507267
GOLD,KXBTC15M-26OCT052100-00,1791248400000,yes,1791248407206
GOLD,KXBTC15M-26OCT052115-15,1791249300000,yes,1791249307212
GOLD,KXBTC15M-26OCT052130-30,1791250200000,no,1791250207214
GOLD,KXBTC15M-26OCT052145-45,1791251100000,no,1791251107202
GOLD,KXBTC15M-26OCT052200-00,1791252000000,no,1791252007910
GOLD,KXBTC15M-26OCT052215-15,1791252900000,no,1791252907366
GOLD,KXBTC15M-26OCT052230-30,1791253800000,yes,1791253807210
GOLD,KXBTC15M-26OCT052245-45,1791254700000,no,1791254707169
GOLD,KXBTC15M-26OCT052300-00,1791255600000,no,1791255607209
GOLD,KXBTC15M-26OCT052315-15,1791256500000,yes,1791256507166
GOLD,KXBTC15M-26OCT052330-30,1791257400000,no,1791257407164
GOLD,KXBTC15M-26OCT052345-45,1791258300000,no,1791258307220
GOLD,KXBTC15M-26OCT060000-00,1791259200000,yes,1791259207214
GOLD,KXBTC15M-26OCT060015-15,1791260100000,yes,1791260107159
GOLD,KXBTC15M-26OCT060030-30,1791261000000,no,1791261007213
GOLD,KXBTC15M-26OCT060045-45,1791261900000,yes,1791261907208
GOLD,KXBTC15M-26OCT060130-30,1791264600000,no,1791264607301
GOLD,KXBTC15M-26OCT060145-45,1791265500000,no,1791265507153
GOLD,KXBTC15M-26OCT060200-00,1791266400000,no,1791266407143
GOLD,KXBTC15M-26OCT060215-15,1791267300000,no,1791267307197
GOLD,KXBTC15M-26OCT060230-30,1791268200000,yes,1791268207148
GOLD,KXBTC15M-26OCT060245-45,1791269100000,yes,1791269107141
GOLD,KXBTC15M-26OCT060300-00,1791270000000,no,1791270007138
GOLD,KXBTC15M-26OCT060330-30,1791271800000,no,1791271807192
GOLD,KXBTC15M-26OCT060345-45,1791272700000,yes,1791272707192
GOLD,KXBTC15M-26OCT060400-00,1791273600000,yes,1791273607134
GOLD,KXBTC15M-26OCT060415-15,1791274500000,yes,1791274507137
GOLD,KXBTC15M-26OCT060430-30,1791275400000,yes,1791275407138
GOLD,KXBTC15M-26OCT060445-45,1791276300000,yes,1791276307137
GOLD,KXBTC15M-26OCT060500-00,1791277200000,yes,1791277207133
GOLD,KXBTC15M-26OCT060515-15,1791278100000,no,1791278107179
GOLD,KXBTC15M-26OCT060530-30,1791279000000,no,1791279007184
GOLD,KXBTC15M-26OCT060545-45,1791279900000,yes,1791279907131
GOLD,KXBTC15M-26OCT060600-00,1791280800000,yes,1791280807186
GOLD,KXBTC15M-26OCT060615-15,1791281700000,yes,1791281707184
GOLD,KXBTC15M-26OCT060630-30,1791282600000,no,1791282607190
GOLD,KXBTC15M-26OCT060645-45,1791283500000,yes,1791283507144
GOLD,KXBTC15M-26OCT060700-00,1791284400000,no,1791284407140
GOLD,KXBTC15M-26OCT060715-15,1791285300000,yes,1791285307187
GOLD,KXBTC15M-26OCT060730-30,1791286200000,yes,1791286207148
GOLD,KXBTC15M-26OCT060745-45,1791287100000,yes,1791287107187
GOLD,KXBTC15M-26OCT060800-00,1791288000000,no,1791288007137
GOLD,KXBTC15M-26OCT060815-15,1791288900000,yes,1791288907191
GOLD,KXBTC15M-26OCT060830-30,1791289800000,no,1791289807142
GOLD,KXBTC15M-26OCT060845-45,1791290700000,yes,1791290707194
GOLD,KXBTC15M-26OCT060900-00,1791291600000,no,1791291607146
GOLD,KXBTC15M-26OCT060915-15,1791292500000,no,1791292507196
GOLD,KXBTC15M-26OCT060930-30,1791293400000,no,1791293407152
GOLD,KXBTC15M-26OCT060945-45,1791294300000,yes,1791294307142
GOLD,KXBTC15M-26OCT061000-00,1791295200000,no,1791295207197
GOLD,KXBTC15M-26OCT061015-15,1791296100000,yes,1791296107146
GOLD,KXBTC15M-26OCT061030-30,1791297000000,no,1791297007153
GOLD,KXBTC15M-26OCT061045-45,1791297900000,yes,1791297907202
GOLD,KXBTC15M-26OCT061100-00,1791298800000,yes,1791298807200
GOLD,KXBTC15M-26OCT061115-15,1791299700000,yes,1791299707209
GOLD,KXBTC15M-26OCT061130-30,1791300600000,no,1791300607195
GOLD,KXBTC15M-26OCT061145-45,1791301500000,no,1791301507208
GOLD,KXBTC15M-26OCT061200-00,1791302400000,no,1791302407201
GOLD,KXBTC15M-26OCT061215-15,1791303300000,yes,1791303307165
GOLD,KXBTC15M-26OCT061230-30,1791304200000,no,1791304207217
GOLD,KXBTC15M-26OCT061245-45,1791305100000,no,1791305107159
GOLD,KXBTC15M-26OCT061300-00,1791306000000,no,1791306007201
GOLD,KXBTC15M-26OCT061315-15,1791306900000,no,1791306907159
GOLD,KXBTC15M-26OCT061345-45,1791308700000,no,1791308707213
GOLD,KXBTC15M-26OCT061400-00,1791309600000,yes,1791309607207
GOLD,KXBTC15M-26OCT061415-15,1791310500000,yes,1791310507206
GOLD,KXBTC15M-26OCT061430-30,1791311400000,no,1791311407208
GOLD,KXBTC15M-26OCT061445-45,1791312300000,no,1791312307199
GOLD,KXBTC15M-26OCT061500-00,1791313200000,no,1791313207259
GOLD,KXBTC15M-26OCT061515-15,1791314100000,no,1791314107206
GOLD,KXBTC15M-26OCT061545-45,1791315900000,no,1791315907217
GOLD,KXBTC15M-26OCT061600-00,1791316800000,yes,1791316807151
GOLD,KXBTC15M-26OCT061615-15,1791317700000,no,1791317707203
GOLD,KXBTC15M-26OCT061630-30,1791318600000,no,1791318607160
GOLD,KXBTC15M-26OCT061715-15,1791321300000,no,1791321307168
GOLD,KXBTC15M-26OCT061730-30,1791322200000,yes,1791322207211
GOLD,KXBTC15M-26OCT061745-45,1791323100000,yes,1791323107215
GOLD,KXBTC15M-26OCT061800-00,1791324000000,yes,1791324007209
GOLD,KXBTC15M-26OCT061815-15,1791324900000,no,1791324907218
GOLD,KXBTC15M-26OCT061845-45,1791326700000,yes,1791326707212
GOLD,KXBTC15M-26OCT061900-00,1791327600000,no,1791327607214
GOLD,KXBTC15M-26OCT061945-45,1791330300000,yes,1791330307166
GOLD,KXBTC15M-26OCT062000-00,1791331200000,no,1791331207162
GOLD,KXBTC15M-26OCT062015-15,1791332100000,yes,1791332107215
GOLD,KXBTC15M-26OCT062030-30,1791333000000,no,1791333007214
GOLD,KXBTC15M-26OCT062045-45,1791333900000,yes,1791333907206
GOLD,KXBTC15M-26OCT062100-00,1791334800000,yes,1791334807216
GOLD,KXBTC15M-26OCT062115-15,1791335700000,no,1791335707164
GOLD,KXBTC15M-26OCT062130-30,1791336600000,no,1791336607214
GOLD,KXBTC15M-26OCT062145-45,1791337500000,yes,1791337507163
GOLD,KXBTC15M-26OCT062200-00,1791338400000,no,1791338407315
GOLD,KXBTC15M-26OCT062215-15,1791339300000,no,1791339307164
GOLD,KXBTC15M-26OCT062230-30,1791340200000,no,1791340307167
GOLD,KXBTC15M-26OCT062245-45,1791341100000,no,1791341107218
GOLD,KXBTC15M-26OCT062300-00,1791342000000,yes,1791342007166
GOLD,KXBTC15M-26OCT062315-15,1791342900000,yes,1791342907209
GOLD,KXBTC15M-26OCT062330-30,1791343800000,yes,1791343807211
GOLD,KXBTC15M-26OCT062345-45,1791344700000,yes,1791344707154
GOLD,KXBTC15M-26OCT070000-00,1791345600000,no,1791345607406
GOLD,KXBTC15M-26OCT070015-15,1791346500000,yes,1791346507213
GOLD,KXBTC15M-26OCT070030-30,1791347400000,yes,1791347407157
GOLD,KXBTC15M-26OCT070045-45,1791348300000,no,1791348307157
GOLD,KXBTC15M-26OCT070100-00,1791349200000,yes,1791349207156
GOLD,KXBTC15M-26OCT070115-15,1791350100000,yes,1791350108058
GOLD,KXBTC15M-26OCT070130-30,1791351000000,yes,1791351007254
GOLD,KXBTC15M-26OCT070145-45,1791351900000,yes,1791351907210
GOLD,KXBTC15M-26OCT070200-00,1791352800000,yes,1791352807149
GOLD,KXBTC15M-26OCT070215-15,1791353700000,no,1791353707156
GOLD,KXBTC15M-26OCT070800-00,1791374400000,yes,1791374407194
GOLD,KXETH15M-26OCT070800-00,1791374400000,yes,1791374407173
GOLD,KXBTC15M-26OCT071200-00,1791388800000,yes,1791388807153
GOLD,KXETH15M-26OCT071200-00,1791388800000,yes,1791388807123
GOLD,KXBTC15M-26OCT071215-15,1791389700000,yes,1791389707206
GOLD,KXETH15M-26OCT071215-15,1791389700000,yes,1791389707177
BTC,KXBTC15M-26SEP241745-45,1790286300000,yes,
BTC,KXBTC15M-26SEP241715-15,1790284500000,no,
BTC,KXBTC15M-26SEP241700-00,1790283600000,no,
BTC,KXBTC15M-26SEP241645-45,1790282700000,yes,
BTC,KXBTC15M-26SEP241630-30,1790281800000,no,
BTC,KXBTC15M-26SEP241615-15,1790280900000,no,
BTC,KXBTC15M-26SEP241530-30,1790278200000,yes,
BTC,KXBTC15M-26SEP241500-00,1790276400000,yes,
BTC,KXBTC15M-26SEP241445-45,1790275500000,no,
BTC,KXBTC15M-26SEP241400-00,1790272800000,no,
BTC,KXBTC15M-26SEP241345-45,1790271900000,no,
BTC,KXBTC15M-26SEP241315-15,1790270100000,no,
BTC,KXBTC15M-26SEP241300-00,1790269200000,no,
BTC,KXBTC15M-26SEP241230-30,1790267400000,yes,
BTC,KXBTC15M-26SEP241200-00,1790265600000,yes,
BTC,KXBTC15M-26SEP241100-00,1790262000000,no,
BTC,KXBTC15M-26SEP241030-30,1790260200000,yes,
BTC,KXBTC15M-26SEP241015-15,1790259300000,yes,
BTC,KXBTC15M-26SEP240945-45,1790257500000,yes,
BTC,KXBTC15M-26SEP240900-00,1790254800000,yes,
BTC,KXBTC15M-26SEP240730-30,1790249400000,no,
BTC,KXBTC15M-26SEP240645-45,1790246700000,yes,
BTC,KXBTC15M-26SEP240630-30,1790245800000,yes,
BTC,KXBTC15M-26SEP240600-00,1790244000000,yes,
BTC,KXBTC15M-26SEP240515-15,1790241300000,no,
BTC,KXBTC15M-26SEP240300-00,1790233200000,no,
BTC,KXBTC15M-26SEP240245-45,1790232300000,yes,
BTC,KXBTC15M-26SEP240230-30,1790231400000,yes,
BTC,KXBTC15M-26SEP240215-15,1790230500000,yes,
BTC,KXBTC15M-26SEP240200-00,1790229600000,no,
BTC,KXBTC15M-26SEP240045-45,1790225100000,no,
BTC,KXBTC15M-26SEP240030-30,1790224200000,yes,
BTC,KXBTC15M-26SEP240015-15,1790223300000,no,
BTC,KXBTC15M-26SEP232300-00,1790218800000,yes,
BTC,KXBTC15M-26SEP232245-45,1790217900000,yes,
BTC,KXBTC15M-26SEP232130-30,1790213400000,no,
BTC,KXBTC15M-26SEP232115-15,1790212500000,no,
BTC,KXBTC15M-26SEP232045-45,1790210700000,yes,
BTC,KXBTC15M-26SEP231945-45,1790207100000,no,
BTC,KXBTC15M-26SEP231915-15,1790205300000,no,
BTC,KXBTC15M-26SEP231815-15,1790201700000,yes,
BTC,KXBTC15M-26SEP231730-30,1790199000000,yes,
BTC,KXBTC15M-26SEP231715-15,1790198100000,yes,
BTC,KXBTC15M-26SEP231645-45,1790196300000,yes,
BTC,KXBTC15M-26SEP231630-30,1790195400000,no,
BTC,KXBTC15M-26SEP231530-30,1790191800000,yes,
GOLD,KXGOLD15M-26SEP242200-00,1790301600000,no,
GOLD,KXGOLD15M-26SEP242145-45,1790300700000,no,
GOLD,KXGOLD15M-26SEP242130-30,1790299800000,yes,
GOLD,KXGOLD15M-26SEP242115-15,1790298900000,yes,
GOLD,KXGOLD15M-26SEP242100-00,1790298000000,yes,
GOLD,KXGOLD15M-26SEP242045-45,1790297100000,yes,
GOLD,KXGOLD15M-26SEP242030-30,1790296200000,yes,
GOLD,KXGOLD15M-26SEP242015-15,1790295300000,yes,
GOLD,KXGOLD15M-26SEP242000-00,1790294400000,no,
GOLD,KXGOLD15M-26SEP241945-45,1790293500000,yes,
GOLD,KXGOLD15M-26SEP241930-30,1790292600000,no,
GOLD,KXGOLD15M-26SEP241915-15,1790291700000,yes,
GOLD,KXGOLD15M-26SEP241900-00,1790290800000,yes,
GOLD,KXGOLD15M-26SEP241845-45,1790289900000,no,
GOLD,KXGOLD15M-26SEP241830-30,1790289000000,yes,
GOLD,KXGOLD15M-26SEP241815-15,1790288100000,yes,
GOLD,KXGOLD15M-26SEP241800-00,1790287200000,no,
GOLD,KXGOLD15M-26SEP241745-45,1790286300000,no,
GOLD,KXGOLD15M-26SEP241730-30,1790285400000,yes,
GOLD,KXGOLD15M-26SEP241715-15,1790284500000,no,
GOLD,KXGOLD15M-26SEP241700-00,1790283600000,yes,
GOLD,KXGOLD15M-26SEP241645-45,1790282700000,yes,
GOLD,KXGOLD15M-26SEP241630-30,1790281800000,no,
GOLD,KXGOLD15M-26SEP241615-15,1790280900000,no,
GOLD,KXGOLD15M-26SEP241600-00,1790280000000,no,
GOLD,KXGOLD15M-26SEP241545-45,1790279100000,yes,
GOLD,KXGOLD15M-26SEP241530-30,1790278200000,yes,
GOLD,KXGOLD15M-26SEP241515-15,1790277300000,no,
GOLD,KXGOLD15M-26SEP241500-00,1790276400000,yes,
GOLD,KXGOLD15M-26SEP241445-45,1790275500000,no,
GOLD,KXGOLD15M-26SEP241430-30,1790274600000,yes,
GOLD,KXGOLD15M-26SEP241415-15,1790273700000,yes,
GOLD,KXGOLD15M-26SEP241400-00,1790272800000,yes,
GOLD,KXGOLD15M-26SEP241345-45,1790271900000,no,
GOLD,KXGOLD15M-26SEP241330-30,1790271000000,no,
GOLD,KXGOLD15M-26SEP241315-15,1790270100000,no,
GOLD,KXGOLD15M-26SEP241300-00,1790269200000,no,
GOLD,KXGOLD15M-26SEP241245-45,1790268300000,no,
GOLD,KXGOLD15M-26SEP241230-30,1790267400000,yes,
GOLD,KXGOLD15M-26SEP241215-15,1790266500000,no,
GOLD,KXGOLD15M-26SEP241200-00,1790265600000,yes,
GOLD,KXGOLD15M-26SEP241145-45,1790264700000,yes,
GOLD,KXGOLD15M-26SEP241130-30,1790263800000,yes,
GOLD,KXGOLD15M-26SEP241115-15,1790262900000,no,
GOLD,KXGOLD15M-26SEP241100-00,1790262000000,no,
GOLD,KXGOLD15M-26SEP241045-45,1790261100000,no,
GOLD,KXGOLD15M-26SEP241030-30,1790260200000,no,
GOLD,KXGOLD15M-26SEP241015-15,1790259300000,yes,
GOLD,KXGOLD15M-26SEP241000-00,1790258400000,no,
GOLD,KXGOLD15M-26SEP240945-45,1790257500000,no,
GOLD,KXGOLD15M-26SEP240930-30,1790256600000,no,
GOLD,KXGOLD15M-26SEP240915-15,1790255700000,no,
GOLD,KXGOLD15M-26SEP240900-00,1790254800000,yes,
GOLD,KXGOLD15M-26SEP240845-45,1790253900000,yes,
GOLD,KXGOLD15M-26SEP240830-30,1790253000000,yes,
GOLD,KXGOLD15M-26SEP240815-15,1790252100000,yes,
GOLD,KXGOLD15M-26SEP240800-00,1790251200000,yes,
GOLD,KXGOLD15M-26SEP240745-45,1790250300000,no,
GOLD,KXGOLD15M-26SEP240730-30,1790249400000,yes,
GOLD,KXGOLD15M-26SEP240715-15,1790248500000,yes,
GOLD,KXGOLD15M-26SEP240700-00,1790247600000,no,
GOLD,KXGOLD15M-26SEP240645-45,1790246700000,yes,
GOLD,KXGOLD15M-26SEP240630-30,1790245800000,no,
GOLD,KXGOLD15M-26SEP240615-15,1790244900000,no,
GOLD,KXGOLD15M-26SEP240600-00,1790244000000,yes,
GOLD,KXGOLD15M-26SEP240545-45,1790243100000,no,
GOLD,KXGOLD15M-26SEP240530-30,1790242200000,no,
GOLD,KXGOLD15M-26SEP240515-15,1790241300000,yes,
GOLD,KXGOLD15M-26SEP240300-00,1790233200000,no,
GOLD,KXGOLD15M-26SEP240245-45,1790232300000,no,
GOLD,KXGOLD15M-26SEP240230-30,1790231400000,no,
GOLD,KXGOLD15M-26SEP240215-15,1790230500000,yes,
GOLD,KXGOLD15M-26SEP240200-00,1790229600000,no,
GOLD,KXGOLD15M-26SEP240145-45,1790228700000,no,
GOLD,KXGOLD15M-26SEP240130-30,1790227800000,yes,
GOLD,KXGOLD15M-26SEP240115-15,1790226900000,yes,
GOLD,KXGOLD15M-26SEP240100-00,1790226000000,yes,
GOLD,KXGOLD15M-26SEP240045-45,1790225100000,yes,
GOLD,KXGOLD15M-26SEP240030-30,1790224200000,yes,
GOLD,KXGOLD15M-26SEP240015-15,1790223300000,no,
GOLD,KXGOLD15M-26SEP240000-00,1790222400000,yes,
GOLD,KXGOLD15M-26SEP232345-45,1790221500000,no,
GOLD,KXGOLD15M-26SEP232330-30,1790220600000,no,
GOLD,KXGOLD15M-26SEP232315-15,1790219700000,no,
GOLD,KXGOLD15M-26SEP232300-00,1790218800000,no,
GOLD,KXGOLD15M-26SEP232245-45,1790217900000,yes,
GOLD,KXGOLD15M-26SEP232230-30,1790217000000,yes,
GOLD,KXGOLD15M-26SEP232215-15,1790216100000,yes,
GOLD,KXGOLD15M-26SEP232200-00,1790215200000,no,
GOLD,KXGOLD15M-26SEP232145-45,1790214300000,no,
GOLD,KXGOLD15M-26SEP232130-30,1790213400000,no,
GOLD,KXGOLD15M-26SEP232115-15,1790212500000,yes,
GOLD,KXGOLD15M-26SEP232100-00,1790211600000,yes,
GOLD,KXGOLD15M-26SEP232045-45,1790210700000,yes,
GOLD,KXGOLD15M-26SEP232030-30,1790209800000,yes,
GOLD,KXGOLD15M-26SEP232015-15,1790208900000,yes,
GOLD,KXGOLD15M-26SEP232000-00,1790208000000,yes,
GOLD,KXGOLD15M-26SEP231945-45,1790207100000,no,
GOLD,KXGOLD15M-26SEP231930-30,1790206200000,no,
GOLD,KXGOLD15M-26SEP231915-15,1790205300000,yes,
GOLD,KXGOLD15M-26SEP231900-00,1790204400000,yes,
GOLD,KXGOLD15M-26SEP231845-45,1790203500000,yes,
GOLD,KXGOLD15M-26SEP231830-30,1790202600000,yes,
GOLD,KXGOLD15M-26SEP231815-15,1790201700000,no,
GOLD,KXGOLD15M-26SEP231800-00,1790200800000,yes,
GOLD,KXGOLD15M-26SEP231745-45,1790199900000,yes,
GOLD,KXGOLD15M-26SEP231730-30,1790199000000,yes,
GOLD,KXGOLD15M-26SEP231715-15,1790198100000,no,
GOLD,KXGOLD15M-26SEP231700-00,1790197200000,yes,
GOLD,KXGOLD15M-26SEP231645-45,1790196300000,yes,
GOLD,KXGOLD15M-26SEP231630-30,1790195400000,yes,
GOLD,KXGOLD15M-26SEP231615-15,1790194500000,yes,
GOLD,KXGOLD15M-26SEP231600-00,1790193600000,yes,
GOLD,KXGOLD15M-26SEP231545-45,1790192700000,no,
GOLD,KXGOLD15M-26SEP231530-30,1790191800000,yes,
BTC,KXBTC15M-26SEP241815-15,1790288100000,no,
BTC,KXBTC15M-26SEP241830-30,1790289000000,no,
BTC,KXBTC15M-26SEP241845-45,1790289900000,no,
BTC,KXBTC15M-26SEP241900-00,1790290800000,no,
BTC,KXBTC15M-26SEP241945-45,1790293500000,no,
BTC,KXBTC15M-26SEP242000-00,1790294400000,no,
BTC,KXBTC15M-26SEP242015-15,1790295300000,no,
BTC,KXBTC15M-26SEP242130-30,1790299800000,no,
BTC,KXBTC15M-26SEP242145-45,1790300700000,no,
BTC,KXBTC15M-26SEP242215-15,1790302500000,no,
BTC,KXBTC15M-26SEP242230-30,1790303400000,no,
BTC,KXBTC15M-26SEP242245-45,1790304300000,no,
BTC,KXBTC15M-26SEP242300-00,1790305200000,no,
BTC,KXBTC15M-26SEP242315-15,1790306100000,no,
BTC,KXBTC15M-26SEP242330-30,1790307000000,no,
BTC,KXBTC15M-26SEP242345-45,1790307900000,no,
BTC,KXBTC15M-26SEP250000-00,1790308800000,no,
BTC,KXBTC15M-26SEP250030-30,1790310600000,no,
BTC,KXBTC15M-26SEP250100-00,1790312400000,no,
BTC,KXBTC15M-26SEP250115-15,1790313300000,no,
BTC,KXBTC15M-26SEP250130-30,1790314200000,no,
BTC,KXBTC15M-26SEP250145-45,1790315100000,no,
BTC,KXBTC15M-26SEP250200-00,1790316000000,no,
BTC,KXBTC15M-26SEP250215-15,1790316900000,no,
BTC,KXBTC15M-26SEP250230-30,1790317800000,no,
BTC,KXBTC15M-26SEP250245-45,1790318700000,no,
BTC,KXBTC15M-26SEP250300-00,1790319600000,no,
BTC,KXBTC15M-26SEP250315-15,1790320500000,no,
BTC,KXBTC15M-26SEP250345-45,1790322300000,no,
BTC,KXBTC15M-26SEP250400-00,1790323200000,no,
BTC,KXBTC15M-26SEP250415-15,1790324100000,no,
BTC,KXBTC15M-26SEP250430-30,1790325000000,no,
BTC,KXBTC15M-26SEP250500-00,1790326800000,no,
BTC,KXBTC15M-26SEP250530-30,1790328600000,no,
BTC,KXBTC15M-26SEP250545-45,1790329500000,no,
BTC,KXBTC15M-26SEP250615-15,1790331300000,no,
BTC,KXBTC15M-26SEP250630-30,1790332200000,no,
BTC,KXBTC15M-26SEP250645-45,1790333100000,no,
BTC,KXBTC15M-26SEP250700-00,1790334000000,no,
BTC,KXBTC15M-26SEP250715-15,1790334900000,no,
BTC,KXBTC15M-26SEP250730-30,1790335800000,no,
BTC,KXBTC15M-26SEP250745-45,1790336700000,no,
BTC,KXBTC15M-26SEP250800-00,1790337600000,no,
BTC,KXBTC15M-26SEP250815-15,1790338500000,no,
BTC,KXBTC15M-26SEP250830-30,1790339400000,no,
BTC,KXBTC15M-26SEP250845-45,1790340300000,no,
BTC,KXBTC15M-26SEP250900-00,1790341200000,no,
BTC,KXBTC15M-26SEP250915-15,1790342100000,no,
BTC,KXBTC15M-26SEP250930-30,1790343000000,no,
BTC,KXBTC15M-26SEP250945-45,1790343900000,no,
BTC,KXBTC15M-26SEP251000-00,1790344800000,no,
BTC,KXBTC15M-26SEP251015-15,1790345700000,no,
BTC,KXBTC15M-26SEP251030-30,1790346600000,no,
BTC,KXBTC15M-26SEP251100-00,1790348400000,no,
BTC,KXBTC15M-26SEP251115-15,1790349300000,no,
BTC,KXBTC15M-26SEP251145-45,1790351100000,no,
BTC,KXBTC15M-26SEP251200-00,1790352000000,no,
BTC,KXBTC15M-26SEP251230-30,1790353800000,no,
BTC,KXBTC15M-26SEP251245-45,1790354700000,no,
BTC,KXBTC15M-26SEP251330-30,1790357400000,no,
BTC,KXBTC15M-26SEP251345-45,1790358300000,no,
BTC,KXBTC15M-26SEP251430-30,1790361000000,no,
BTC,KXBTC15M-26SEP251445-45,1790361900000,no,
BTC,KXBTC15M-26SEP251500-00,1790362800000,no,
BTC,KXBTC15M-26SEP251515-15,1790363700000,no,
BTC,KXBTC15M-26SEP251530-30,1790364600000,no,
BTC,KXBTC15M-26SEP251545-45,1790365500000,no,
BTC,KXBTC15M-26SEP251600-00,1790366400000,no,
BTC,KXBTC15M-26SEP251630-30,1790368200000,no,
BTC,KXBTC15M-26SEP251645-45,1790369100000,no,
BTC,KXBTC15M-26SEP251700-00,1790370000000,no,
BTC,KXBTC15M-26SEP251715-15,1790370900000,no,
BTC,KXBTC15M-26SEP251730-30,1790371800000,no,
BTC,KXBTC15M-26SEP251745-45,1790372700000,no,
BTC,KXBTC15M-26SEP251800-00,1790373600000,no,
BTC,KXBTC15M-26SEP251830-30,1790375400000,no,
BTC,KXBTC15M-26SEP251900-00,1790377200000,yes,
BTC,KXBTC15M-26SEP251915-15,1790378100000,no,
BTC,KXBTC15M-26SEP251930-30,1790379000000,no,
BTC,KXBTC15M-26SEP251945-45,1790379900000,no,
BTC,KXBTC15M-26SEP252045-45,1790383500000,no,
BTC,KXBTC15M-26SEP252100-00,1790384400000,no,
BTC,KXBTC15M-26SEP252130-30,1790386200000,no,
BTC,KXBTC15M-26SEP252200-00,1790388000000,no,
BTC,KXBTC15M-26SEP252215-15,1790388900000,no,
BTC,KXBTC15M-26SEP252230-30,1790389800000,no,
BTC,KXBTC15M-26SEP252245-45,1790390700000,no,
BTC,KXBTC15M-26SEP252300-00,1790391600000,no,
BTC,KXBTC15M-26SEP252315-15,1790392500000,no,
BTC,KXBTC15M-26SEP252330-30,1790393400000,no,
BTC,KXBTC15M-26SEP252345-45,1790394300000,no,
BTC,KXBTC15M-26SEP260000-00,1790395200000,no,
BTC,KXBTC15M-26SEP260045-45,1790397900000,no,
BTC,KXBTC15M-26SEP260100-00,1790398800000,no,
BTC,KXBTC15M-26SEP260115-15,1790399700000,no,
BTC,KXBTC15M-26SEP260145-45,1790401500000,no,
BTC,KXBTC15M-26SEP260200-00,1790402400000,no,
BTC,KXBTC15M-26SEP260215-15,1790403300000,no,
BTC,KXBTC15M-26SEP260230-30,1790404200000,no,
BTC,KXBTC15M-26SEP260245-45,1790405100000,no,
BTC,KXBTC15M-26SEP260300-00,1790406000000,no,
BTC,KXBTC15M-26SEP260330-30,1790407800000,no,
BTC,KXBTC15M-26SEP260345-45,1790408700000,no,
BTC,KXBTC15M-26SEP260415-15,1790410500000,no,
BTC,KXBTC15M-26SEP260445-45,1790412300000,no,
BTC,KXBTC15M-26SEP260515-15,1790414100000,no,
BTC,KXBTC15M-26SEP260530-30,1790415000000,no,
BTC,KXBTC15M-26SEP260545-45,1790415900000,no,
BTC,KXBTC15M-26SEP260600-00,1790416800000,no,
BTC,KXBTC15M-26SEP260630-30,1790418600000,no,
BTC,KXBTC15M-26SEP260645-45,1790419500000,no,
BTC,KXBTC15M-26SEP260700-00,1790420400000,no,
BTC,KXBTC15M-26SEP260715-15,1790421300000,no,
BTC,KXBTC15M-26SEP260730-30,1790422200000,no,
BTC,KXBTC15M-26SEP260800-00,1790424000000,no,
BTC,KXBTC15M-26SEP260815-15,1790424900000,no,
BTC,KXBTC15M-26SEP260845-45,1790426700000,no,
BTC,KXBTC15M-26SEP260900-00,1790427600000,no,
BTC,KXBTC15M-26SEP260930-30,1790429400000,no,
BTC,KXBTC15M-26SEP260945-45,1790430300000,no,
BTC,KXBTC15M-26SEP261000-00,1790431200000,no,
BTC,KXBTC15M-26SEP261015-15,1790432100000,no,
BTC,KXBTC15M-26SEP261030-30,1790433000000,no,
BTC,KXBTC15M-26SEP261045-45,1790433900000,no,
BTC,KXBTC15M-26SEP261100-00,1790434800000,no,
BTC,KXBTC15M-26SEP261115-15,1790435700000,no,
BTC,KXBTC15M-26SEP261130-30,1790436600000,no,
BTC,KXBTC15M-26SEP261145-45,1790437500000,no,
BTC,KXBTC15M-26SEP261215-15,1790439300000,no,
BTC,KXBTC15M-26SEP261230-30,1790440200000,no,
BTC,KXBTC15M-26SEP261300-00,1790442000000,no,
BTC,KXBTC15M-26SEP261330-30,1790443800000,no,
BTC,KXBTC15M-26SEP261345-45,1790444700000,no,
BTC,KXBTC15M-26SEP261400-00,1790445600000,no,
BTC,KXBTC15M-26SEP261415-15,1790446500000,no,
BTC,KXBTC15M-26SEP261430-30,1790447400000,no,
BTC,KXBTC15M-26SEP261445-45,1790448300000,no,
BTC,KXBTC15M-26SEP261500-00,1790449200000,no,
BTC,KXBTC15M-26SEP261515-15,1790450100000,no,
BTC,KXBTC15M-26SEP261530-30,1790451000000,no,
BTC,KXBTC15M-26SEP261545-45,1790451900000,no,
BTC,KXBTC15M-26SEP261600-00,1790452800000,no,
BTC,KXBTC15M-26SEP261645-45,1790455500000,no,
BTC,KXBTC15M-26SEP261700-00,1790456400000,no,
BTC,KXBTC15M-26SEP261715-15,1790457300000,no,
BTC,KXBTC15M-26SEP261730-30,1790458200000,no,
BTC,KXBTC15M-26SEP261745-45,1790459100000,no,
BTC,KXBTC15M-26SEP261800-00,1790460000000,no,
BTC,KXBTC15M-26SEP261830-30,1790461800000,no,
BTC,KXBTC15M-26SEP261930-30,1790465400000,no,
BTC,KXBTC15M-26SEP261945-45,1790466300000,no,
BTC,KXBTC15M-26SEP262030-30,1790469000000,no,
BTC,KXBTC15M-26SEP262115-15,1790471700000,no,
BTC,KXBTC15M-26SEP262130-30,1790472600000,no,
BTC,KXBTC15M-26SEP262145-45,1790473500000,no,
BTC,KXBTC15M-26SEP262200-00,1790474400000,no,
BTC,KXBTC15M-26SEP262215-15,1790475300000,no,
BTC,KXBTC15M-26SEP262230-30,1790476200000,no,
BTC,KXBTC15M-26SEP262245-45,1790477100000,no,
BTC,KXBTC15M-26SEP262300-00,1790478000000,no,
BTC,KXBTC15M-26SEP262345-45,1790480700000,no,
BTC,KXBTC15M-26SEP270000-00,1790481600000,no,
BTC,KXBTC15M-26SEP270015-15,1790482500000,no,
BTC,KXBTC15M-26SEP270030-30,1790483400000,no,
BTC,KXBTC15M-26SEP270100-00,1790485200000,no,
BTC,KXBTC15M-26SEP270115-15,1790486100000,no,
BTC,KXBTC15M-26SEP270145-45,1790487900000,no,
BTC,KXBTC15M-26SEP270200-00,1790488800000,no,
BTC,KXBTC15M-26SEP270230-30,1790490600000,no,
BTC,KXBTC15M-26SEP270245-45,1790491500000,no,
BTC,KXBTC15M-26SEP270315-15,1790493300000,no,
BTC,KXBTC15M-26SEP270330-30,1790494200000,no,
BTC,KXBTC15M-26SEP270345-45,1790495100000,no,
BTC,KXBTC15M-26SEP270400-00,1790496000000,no,
BTC,KXBTC15M-26SEP270415-15,1790496900000,no,
BTC,KXBTC15M-26SEP270430-30,1790497800000,yes,
BTC,KXBTC15M-26SEP270445-45,1790498700000,no,
BTC,KXBTC15M-26SEP270530-30,1790501400000,no,
BTC,KXBTC15M-26SEP270545-45,1790502300000,no,
BTC,KXBTC15M-26SEP270600-00,1790503200000,no,
BTC,KXBTC15M-26SEP270615-15,1790504100000,no,
BTC,KXBTC15M-26SEP270630-30,1790505000000,no,
BTC,KXBTC15M-26SEP270645-45,1790505900000,no,
BTC,KXBTC15M-26SEP270700-00,1790506800000,no,
BTC,KXBTC15M-26SEP270715-15,1790507700000,no,
BTC,KXBTC15M-26SEP270800-00,1790510400000,no,
BTC,KXBTC15M-26SEP270830-30,1790512200000,no,
BTC,KXBTC15M-26SEP270915-15,1790514900000,no,
BTC,KXBTC15M-26SEP270945-45,1790516700000,no,
BTC,KXBTC15M-26SEP271000-00,1790517600000,no,
BTC,KXBTC15M-26SEP271015-15,1790518500000,no,
BTC,KXBTC15M-26SEP271045-45,1790520300000,no,
BTC,KXBTC15M-26SEP271100-00,1790521200000,no,
BTC,KXBTC15M-26SEP271115-15,1790522100000,no,
BTC,KXBTC15M-26SEP271200-00,1790524800000,no,
BTC,KXBTC15M-26SEP271215-15,1790525700000,no,
BTC,KXBTC15M-26SEP271230-30,1790526600000,no,
BTC,KXBTC15M-26SEP271315-15,1790529300000,no,
BTC,KXBTC15M-26SEP271345-45,1790531100000,no,
BTC,KXBTC15M-26SEP271415-15,1790532900000,no,
BTC,KXBTC15M-26SEP271430-30,1790533800000,no,
BTC,KXBTC15M-26SEP271445-45,1790534700000,no,
BTC,KXBTC15M-26SEP271500-00,1790535600000,no,
BTC,KXBTC15M-26SEP271515-15,1790536500000,no,
BTC,KXBTC15M-26SEP271530-30,1790537400000,no,
BTC,KXBTC15M-26SEP271545-45,1790538300000,no,
BTC,KXBTC15M-26SEP271600-00,1790539200000,no,
BTC,KXBTC15M-26SEP271645-45,1790541900000,no,
BTC,KXBTC15M-26SEP271715-15,1790543700000,no,
BTC,KXBTC15M-26SEP271730-30,1790544600000,no,
BTC,KXBTC15M-26SEP271745-45,1790545500000,no,
BTC,KXBTC15M-26SEP271800-00,1790546400000,no,
BTC,KXBTC15M-26SEP271815-15,1790547300000,no,
BTC,KXBTC15M-26SEP271830-30,1790548200000,no,
BTC,KXBTC15M-26SEP271845-45,1790549100000,no,
BTC,KXBTC15M-26SEP271900-00,1790550000000,no,
BTC,KXBTC15M-26SEP271915-15,1790550900000,no,
BTC,KXBTC15M-26SEP271930-30,1790551800000,no,
BTC,KXBTC15M-26SEP271945-45,1790552700000,no,
BTC,KXBTC15M-26SEP272015-15,1790554500000,no,
BTC,KXBTC15M-26SEP272045-45,1790556300000,no,
BTC,KXBTC15M-26SEP272100-00,1790557200000,no,
BTC,KXBTC15M-26SEP272115-15,1790558100000,no,
BTC,KXBTC15M-26SEP272130-30,1790559000000,no,
BTC,KXBTC15M-26SEP272200-00,1790560800000,no,
BTC,KXBTC15M-26SEP272215-15,1790561700000,no,
BTC,KXBTC15M-26SEP272300-00,1790564400000,no,
BTC,KXBTC15M-26SEP272330-30,1790566200000,no,
BTC,KXBTC15M-26SEP272345-45,1790567100000,no,
BTC,KXBTC15M-26SEP280000-00,1790568000000,no,
BTC,KXBTC15M-26SEP280015-15,1790568900000,no,
BTC,KXBTC15M-26SEP280030-30,1790569800000,no,
BTC,KXBTC15M-26SEP280045-45,1790570700000,no,
BTC,KXBTC15M-26SEP280115-15,1790572500000,no,
BTC,KXBTC15M-26SEP280130-30,1790573400000,no,
BTC,KXBTC15M-26SEP280145-45,1790574300000,no,
BTC,KXBTC15M-26SEP280200-00,1790575200000,no,
BTC,KXBTC15M-26SEP280215-15,1790576100000,no,
BTC,KXBTC15M-26SEP280245-45,1790577900000,no,
BTC,KXBTC15M-26SEP280330-30,1790580600000,no,
BTC,KXBTC15M-26SEP280345-45,1790581500000,no,
BTC,KXBTC15M-26SEP280400-00,1790582400000,no,
BTC,KXBTC15M-26SEP280415-15,1790583300000,no,
BTC,KXBTC15M-26SEP280500-00,1790586000000,no,
BTC,KXBTC15M-26SEP280530-30,1790587800000,no,
BTC,KXBTC15M-26SEP280630-30,1790591400000,no,
BTC,KXBTC15M-26SEP280700-00,1790593200000,no,
BTC,KXBTC15M-26SEP280715-15,1790594100000,no,
BTC,KXBTC15M-26SEP280730-30,1790595000000,no,
BTC,KXBTC15M-26SEP280745-45,1790595900000,no,
BTC,KXBTC15M-26SEP280815-15,1790597700000,no,
BTC,KXBTC15M-26SEP280830-30,1790598600000,no,
BTC,KXBTC15M-26SEP280845-45,1790599500000,no,
BTC,KXBTC15M-26SEP280915-15,1790601300000,no,
BTC,KXBTC15M-26SEP280930-30,1790602200000,no,
BTC,KXBTC15M-26SEP280945-45,1790603100000,no,
BTC,KXBTC15M-26SEP281000-00,1790604000000,no,
BTC,KXBTC15M-26SEP281015-15,1790604900000,no,
BTC,KXBTC15M-26SEP281030-30,1790605800000,no,
BTC,KXBTC15M-26SEP281045-45,1790606700000,no,
BTC,KXBTC15M-26SEP281100-00,1790607600000,no,
BTC,KXBTC15M-26SEP281115-15,1790608500000,no,
BTC,KXBTC15M-26SEP281130-30,1790609400000,no,
BTC,KXBTC15M-26SEP281145-45,1790610300000,no,
BTC,KXBTC15M-26SEP281200-00,1790611200000,no,
BTC,KXBTC15M-26SEP281215-15,1790612100000,no,
BTC,KXBTC15M-26SEP281230-30,1790613000000,no,
BTC,KXBTC15M-26SEP281245-45,1790613900000,no,
BTC,KXBTC15M-26SEP281300-00,1790614800000,no,
BTC,KXBTC15M-26SEP281315-15,1790615700000,no,
BTC,KXBTC15M-26SEP281330-30,1790616600000,no,
BTC,KXBTC15M-26SEP281345-45,1790617500000,no,
BTC,KXBTC15M-26SEP281415-15,1790619300000,no,
BTC,KXBTC15M-26SEP281930-30,1790638200000,no,
BTC,KXBTC15M-26SEP282115-15,1790644500000,no,
BTC,KXBTC15M-26SEP290215-15,1790662500000,no,
BTC,KXBTC15M-26SEP290730-30,1790681400000,no,
BTC,KXBTC15M-26SEP291330-30,1790703000000,yes,
BTC,KXBTC15M-26SEP291745-45,1790718300000,no,
BTC,KXBTC15M-26SEP291815-15,1790720100000,no,
BTC,KXBTC15M-26SEP291830-30,1790721000000,no,
BTC,KXBTC15M-26SEP291845-45,1790721900000,no,
BTC,KXBTC15M-26SEP291900-00,1790722800000,no,
BTC,KXBTC15M-26SEP291945-45,1790725500000,no,
BTC,KXBTC15M-26SEP292000-00,1790726400000,no,
BTC,KXBTC15M-26SEP292015-15,1790727300000,no,
BTC,KXBTC15M-26SEP300100-00,1790744400000,no,
BTC,KXBTC15M-26SEP300315-15,1790752500000,no,
BTC,KXBTC15M-26SEP300330-30,1790753400000,no,
BTC,KXBTC15M-26SEP300345-45,1790754300000,no,
BTC,KXBTC15M-26SEP300400-00,1790755200000,no,
BTC,KXBTC15M-26SEP300415-15,1790756100000,no,
BTC,KXBTC15M-26SEP300430-30,1790757000000,no,
BTC,KXBTC15M-26SEP300445-45,1790757900000,no,
BTC,KXBTC15M-26SEP300500-00,1790758800000,no,
BTC,KXBTC15M-26SEP300515-15,1790759700000,no,
BTC,KXBTC15M-26SEP300530-30,1790760600000,no,
BTC,KXBTC15M-26SEP300545-45,1790761500000,no,
BTC,KXBTC15M-26SEP300600-00,1790762400000,no,
BTC,KXBTC15M-26SEP300615-15,1790763300000,no,
BTC,KXBTC15M-26SEP300630-30,1790764200000,no,
BTC,KXBTC15M-26SEP300645-45,1790765100000,no,
BTC,KXBTC15M-26SEP300700-00,1790766000000,no,
BTC,KXBTC15M-26SEP300715-15,1790766900000,no,
BTC,KXBTC15M-26SEP300730-30,1790767800000,no,
BTC,KXBTC15M-26SEP300745-45,1790768700000,no,
BTC,KXBTC15M-26SEP300800-00,1790769600000,no,
BTC,KXBTC15M-26SEP300815-15,1790770500000,no,
BTC,KXBTC15M-26SEP300830-30,1790771400000,no,
BTC,KXBTC15M-26SEP300845-45,1790772300000,no,
BTC,KXBTC15M-26SEP300900-00,1790773200000,no,
BTC,KXBTC15M-26SEP300915-15,1790774100000,no,
BTC,KXBTC15M-26SEP300930-30,1790775000000,no,
BTC,KXBTC15M-26SEP300945-45,1790775900000,no,
BTC,KXBTC15M-26SEP301000-00,1790776800000,no,
BTC,KXBTC15M-26SEP301015-15,1790777700000,no,
BTC,KXBTC15M-26SEP301030-30,1790778600000,no,
BTC,KXBTC15M-26SEP301045-45,1790779500000,no,
BTC,KXBTC15M-26SEP301100-00,1790780400000,no,
BTC,KXBTC15M-26SEP301115-15,1790781300000,no,
BTC,KXBTC15M-26SEP301130-30,1790782200000,no,
BTC,KXBTC15M-26SEP301145-45,1790783100000,no,
BTC,KXBTC15M-26SEP301200-00,1790784000000,no,
BTC,KXBTC15M-26SEP301215-15,1790784900000,no,
BTC,KXBTC15M-26SEP301230-30,1790785800000,no,
BTC,KXBTC15M-26SEP301245-45,1790786700000,no,
BTC,KXBTC15M-26SEP301800-00,1790805600000,no,
BTC,KXBTC15M-26SEP302215-15,1790820900000,no,
BTC,KXBTC15M-26OCT010945-45,1790862300000,no,
BTC,KXBTC15M-26OCT011400-00,1790877600000,no,
BTC,KXBTC15M-26OCT011430-30,1790879400000,no,
BTC,KXBTC15M-26OCT011645-45,1790887500000,no,
BTC,KXBTC15M-26OCT012245-45,1790909100000,no,
BTC,KXBTC15M-26OCT020145-45,1790919900000,no,
BTC,KXBTC15M-26OCT020630-30,1790937000000,no,
BTC,KXBTC15M-26OCT020930-30,1790947800000,no,
BTC,KXBTC15M-26OCT021245-45,1790959500000,no,
BTC,KXBTC15M-26OCT021630-30,1790973000000,no,
BTC,KXBTC15M-26OCT021830-30,1790980200000,no,
BTC,KXBTC15M-26OCT021845-45,1790981100000,no,
BTC,KXBTC15M-26OCT021900-00,1790982000000,no,
BTC,KXBTC15M-26OCT022215-15,1790993700000,no,
BTC,KXBTC15M-26OCT030215-15,1791008100000,no,
BTC,KXBTC15M-26OCT030230-30,1791009000000,no,
BTC,KXBTC15M-26OCT030245-45,1791009900000,no,
BTC,KXBTC15M-26OCT030345-45,1791013500000,no,
BTC,KXBTC15M-26OCT030400-00,1791014400000,no,
BTC,KXBTC15M-26OCT030415-15,1791015300000,no,
BTC,KXBTC15M-26OCT030500-00,1791018000000,no,
BTC,KXBTC15M-26OCT030515-15,1791018900000,no,
BTC,KXBTC15M-26OCT030530-30,1791019800000,no,
BTC,KXBTC15M-26OCT030545-45,1791020700000,no,
BTC,KXBTC15M-26OCT030600-00,1791021600000,no,
BTC,KXBTC15M-26OCT030615-15,1791022500000,no,
BTC,KXBTC15M-26OCT030630-30,1791023400000,no,
BTC,KXBTC15M-26OCT030645-45,1791024300000,no,
BTC,KXBTC15M-26OCT030700-00,1791025200000,no,
BTC,KXBTC15M-26OCT030715-15,1791026100000,no,
BTC,KXBTC15M-26OCT030730-30,1791027000000,no,
BTC,KXBTC15M-26OCT030745-45,1791027900000,no,
BTC,KXBTC15M-26OCT030800-00,1791028800000,no,
BTC,KXBTC15M-26OCT030815-15,1791029700000,no,
BTC,KXBTC15M-26OCT031200-00,1791043200000,no,
BTC,KXBTC15M-26OCT031215-15,1791044100000,no,
BTC,KXBTC15M-26OCT031400-00,1791050400000,no,
BTC,KXBTC15M-26OCT031415-15,1791051300000,no,
BTC,KXBTC15M-26OCT031430-30,1791052200000,no,
BTC,KXBTC15M-26OCT031700-00,1791061200000,no,
BTC,KXBTC15M-26OCT031800-00,1791064800000,no,
BTC,KXBTC15M-26OCT031815-15,1791065700000,no,
BTC,KXBTC15M-26OCT031830-30,1791066600000,no,
BTC,KXBTC15M-26OCT031845-45,1791067500000,no,
BTC,KXBTC15M-26OCT031900-00,1791068400000,no,
BTC,KXBTC15M-26OCT031915-15,1791069300000,no,
BTC,KXBTC15M-26OCT031930-30,1791070200000,no,
BTC,KXBTC15M-26OCT032045-45,1791074700000,no,
BTC,KXBTC15M-26OCT032100-00,1791075600000,no,
BTC,KXBTC15M-26OCT032115-15,1791076500000,yes,
BTC,KXBTC15M-26OCT032300-00,1791082800000,no,
BTC,KXBTC15M-26OCT032315-15,1791083700000,no,
BTC,KXBTC15M-26OCT032330-30,1791084600000,no,
BTC,KXBTC15M-26OCT040030-30,1791088200000,no,
BTC,KXBTC15M-26OCT040045-45,1791089100000,no,
BTC,KXBTC15M-26OCT040100-00,1791090000000,no,
BTC,KXBTC15M-26OCT040115-15,1791090900000,no,
BTC,KXBTC15M-26OCT040130-30,1791091800000,no,
BTC,KXBTC15M-26OCT040145-45,1791092700000,no,
BTC,KXBTC15M-26OCT040200-00,1791093600000,no,
BTC,KXBTC15M-26OCT040215-15,1791094500000,no,
BTC,KXBTC15M-26OCT040615-15,1791108900000,no,
BTC,KXBTC15M-26OCT040845-45,1791117900000,no,
BTC,KXBTC15M-26OCT041015-15,1791123300000,no,
BTC,KXBTC15M-26OCT041145-45,1791128700000,no,
BTC,KXBTC15M-26OCT041200-00,1791129600000,no,
BTC,KXBTC15M-26OCT041230-30,1791131400000,no,
BTC,KXBTC15M-26OCT041245-45,1791132300000,no,
BTC,KXBTC15M-26OCT041430-30,1791138600000,no,
BTC,KXBTC15M-26OCT041445-45,1791139500000,no,
BTC,KXBTC15M-26OCT041500-00,1791140400000,no,
BTC,KXBTC15M-26OCT041600-00,1791144000000,no,
BTC,KXBTC15M-26OCT041615-15,1791144900000,yes,
BTC,KXBTC15M-26OCT041945-45,1791157500000,no,
BTC,KXBTC15M-26OCT050115-15,1791177300000,no,
BTC,KXBTC15M-26OCT050145-45,1791179100000,no,
BTC,KXBTC15M-26OCT050200-00,1791180000000,no,
BTC,KXBTC15M-26OCT050515-15,1791191700000,no,
BTC,KXBTC15M-26OCT050745-45,1791200700000,no,
BTC,KXBTC15M-26OCT051030-30,1791210600000,no,
BTC,KXBTC15M-26OCT060100-00,1791262800000,no,
BTC,KXBTC15M-26OCT060115-15,1791263700000,no,
BTC,KXBTC15M-26OCT060315-15,1791270900000,no,
BTC,KXBTC15M-26OCT061330-30,1791307800000,no,
BTC,KXBTC15M-26OCT061530-30,1791315000000,no,
BTC,KXBTC15M-26OCT061645-45,1791319500000,no,
BTC,KXBTC15M-26OCT061700-00,1791320400000,no,
BTC,KXBTC15M-26OCT061830-30,1791325800000,no,
BTC,KXBTC15M-26OCT061915-15,1791328500000,no,
BTC,KXBTC15M-26OCT061930-30,1791329400000,no,
BTC,KXBTC15M-26OCT070230-30,1791354600000,no,
BTC,KXBTC15M-26OCT070245-45,1791355500000,no,
BTC,KXBTC15M-26OCT070300-00,1791356400000,no,
BTC,KXBTC15M-26OCT070315-15,1791357300000,no,
BTC,KXBTC15M-26OCT070330-30,1791358200000,no,
BTC,KXBTC15M-26OCT070345-45,1791359100000,no,
BTC,KXBTC15M-26OCT070400-00,1791360000000,no,
BTC,KXBTC15M-26OCT070415-15,1791360900000,no,
BTC,KXBTC15M-26OCT070430-30,1791361800000,no,
BTC,KXBTC15M-26OCT070445-45,1791362700000,no,
BTC,KXBTC15M-26OCT070500-00,1791363600000,no,
BTC,KXBTC15M-26OCT070515-15,1791364500000,no,
BTC,KXBTC15M-26OCT070530-30,1791365400000,no,
BTC,KXBTC15M-26OCT070545-45,1791366300000,no,
BTC,KXBTC15M-26OCT070600-00,1791367200000,yes,
BTC,KXBTC15M-26OCT070615-15,1791368100000,no,
BTC,KXBTC15M-26OCT070630-30,1791369000000,no,
BTC,KXBTC15M-26OCT070645-45,1791369900000,no,
BTC,KXBTC15M-26OCT070700-00,1791370800000,no,
BTC,KXBTC15M-26OCT070715-15,1791371700000,no,
BTC,KXBTC15M-26OCT070730-30,1791372600000,no,
BTC,KXBTC15M-26OCT070745-45,1791373500000,no,
BTC,KXBTC15M-26OCT070815-15,1791375300000,no,
BTC,KXBTC15M-26OCT070830-30,1791376200000,no,
BTC,KXBTC15M-26OCT070845-45,1791377100000,no,
BTC,KXBTC15M-26OCT070900-00,1791378000000,no,
BTC,KXBTC15M-26OCT070915-15,1791378900000,no,
BTC,KXBTC15M-26OCT070930-30,1791379800000,no,
BTC,KXBTC15M-26OCT070945-45,1791380700000,no,
BTC,KXBTC15M-26OCT071000-00,1791381600000,no,
BTC,KXBTC15M-26OCT071015-15,1791382500000,no,
BTC,KXBTC15M-26OCT071030-30,1791383400000,no,
BTC,KXBTC15M-26OCT071045-45,1791384300000,no,
BTC,KXBTC15M-26OCT071100-00,1791385200000,no,
BTC,KXBTC15M-26OCT071115-15,1791386100000,no,
BTC,KXBTC15M-26OCT071130-30,1791387000000,no,
BTC,KXBTC15M-26OCT071145-45,1791387900000,no,
BTC,KXBTC15M-26OCT071230-30,1791390600000,no,
BTC,KXBTC15M-26OCT071245-45,1791391500000,no,
BTC,KXBTC15M-26OCT071300-00,1791392400000,no,
BTC,KXBTC15M-26OCT071315-15,1791393300000,no,
BTC,KXBTC15M-26OCT071330-30,1791394200000,no,
BTC,KXBTC15M-26OCT071345-45,1791395100000,no,
BTC,KXBTC15M-26OCT071400-00,1791396000000,no,
BTC,KXBTC15M-26OCT071415-15,1791396900000,no,
BTC,KXBTC15M-26OCT071430-30,1791397800000,no,
BTC,KXBTC15M-26OCT071445-45,1791398700000,no,
BTC,KXBTC15M-26OCT071500-00,1791399600000,no,
BTC,KXBTC15M-26OCT071515-15,1791400500000,no,
GOLD,KXGOLD15M-26SEP242315-15,1790306100000,no,
GOLD,KXGOLD15M-26SEP242330-30,1790307000000,no,
GOLD,KXGOLD15M-26SEP242345-45,1790307900000,no,
GOLD,KXGOLD15M-26SEP250000-00,1790308800000,no,
GOLD,KXGOLD15M-26SEP250015-15,1790309700000,no,
GOLD,KXGOLD15M-26SEP250030-30,1790310600000,no,
GOLD,KXGOLD15M-26SEP250045-45,1790311500000,no,
GOLD,KXGOLD15M-26SEP250100-00,1790312400000,no,
GOLD,KXGOLD15M-26SEP250115-15,1790313300000,no,
GOLD,KXGOLD15M-26SEP250130-30,1790314200000,no,
GOLD,KXGOLD15M-26SEP250145-45,1790315100000,no,
GOLD,KXGOLD15M-26SEP250200-00,1790316000000,no,
GOLD,KXGOLD15M-26SEP250215-15,1790316900000,no,
GOLD,KXGOLD15M-26SEP250230-30,1790317800000,no,
GOLD,KXGOLD15M-26SEP250245-45,1790318700000,no,
GOLD,KXGOLD15M-26SEP250300-00,1790319600000,no,
GOLD,KXGOLD15M-26SEP250315-15,1790320500000,no,
GOLD,KXGOLD15M-26SEP250330-30,1790321400000,no,
GOLD,KXGOLD15M-26SEP250345-45,1790322300000,no,
GOLD,KXGOLD15M-26SEP250400-00,1790323200000,no,
GOLD,KXGOLD15M-26SEP250415-15,1790324100000,no,
GOLD,KXGOLD15M-26SEP250430-30,1790325000000,no,
GOLD,KXGOLD15M-26SEP250445-45,1790325900000,no,
GOLD,KXGOLD15M-26SEP250500-00,1790326800000,no,
GOLD,KXGOLD15M-26SEP250515-15,1790327700000,no,
GOLD,KXGOLD15M-26SEP250530-30,1790328600000,no,
GOLD,KXGOLD15M-26SEP250545-45,1790329500000,no,
GOLD,KXGOLD15M-26SEP250600-00,1790330400000,no,
GOLD,KXGOLD15M-26SEP250615-15,1790331300000,no,
GOLD,KXGOLD15M-26SEP250630-30,1790332200000,no,
GOLD,KXGOLD15M-26SEP250645-45,1790333100000,no,
GOLD,KXGOLD15M-26SEP250700-00,1790334000000,no,
GOLD,KXGOLD15M-26SEP250715-15,1790334900000,no,
GOLD,KXGOLD15M-26SEP250730-30,1790335800000,no,
GOLD,KXGOLD15M-26SEP250745-45,1790336700000,no,
GOLD,KXGOLD15M-26SEP250800-00,1790337600000,no,
GOLD,KXGOLD15M-26SEP250815-15,1790338500000,no,
GOLD,KXGOLD15M-26SEP250830-30,1790339400000,no,
GOLD,KXGOLD15M-26SEP250845-45,1790340300000,no,
GOLD,KXGOLD15M-26SEP250900-00,1790341200000,no,
GOLD,KXGOLD15M-26SEP250915-15,1790342100000,no,
GOLD,KXGOLD15M-26SEP250930-30,1790343000000,no,
GOLD,KXGOLD15M-26SEP250945-45,1790343900000,no,
GOLD,KXGOLD15M-26SEP251000-00,1790344800000,no,
GOLD,KXGOLD15M-26SEP251015-15,1790345700000,no,
GOLD,KXGOLD15M-26SEP251030-30,1790346600000,no,
GOLD,KXGOLD15M-26SEP251045-45,1790347500000,no,
GOLD,KXGOLD15M-26SEP251100-00,1790348400000,no,
GOLD,KXGOLD15M-26SEP251115-15,1790349300000,no,
GOLD,KXGOLD15M-26SEP251130-30,1790350200000,no,
GOLD,KXGOLD15M-26SEP251145-45,1790351100000,no,
GOLD,KXGOLD15M-26SEP251200-00,1790352000000,no,
GOLD,KXGOLD15M-26SEP251215-15,1790352900000,no,
GOLD,KXGOLD15M-26SEP251230-30,1790353800000,no,
GOLD,KXGOLD15M-26SEP251245-45,1790354700000,no,
GOLD,KXGOLD15M-26SEP251300-00,1790355600000,no,
GOLD,KXGOLD15M-26SEP251315-15,1790356500000,no,
GOLD,KXGOLD15M-26SEP251330-30,1790357400000,no,
GOLD,KXGOLD15M-26SEP251345-45,1790358300000,no,
GOLD,KXGOLD15M-26SEP251400-00,1790359200000,no,
GOLD,KXGOLD15M-26SEP251415-15,1790360100000,no,
GOLD,KXGOLD15M-26SEP251430-30,1790361000000,no,
GOLD,KXGOLD15M-26SEP251445-45,1790361900000,no,
GOLD,KXGOLD15M-26SEP251500-00,1790362800000,no,
GOLD,KXGOLD15M-26SEP251515-15,1790363700000,no,
GOLD,KXGOLD15M-26SEP251530-30,1790364600000,no,
GOLD,KXGOLD15M-26SEP251545-45,1790365500000,no,
GOLD,KXGOLD15M-26SEP251600-00,1790366400000,no,
GOLD,KXGOLD15M-26SEP251615-15,1790367300000,no,
GOLD,KXGOLD15M-26SEP251630-30,1790368200000,no,
GOLD,KXGOLD15M-26SEP251645-45,1790369100000,no,
GOLD,KXGOLD15M-26SEP251700-00,1790370000000,no,
GOLD,KXGOLD15M-26SEP271815-15,1790547300000,no,
GOLD,KXGOLD15M-26SEP271830-30,1790548200000,no,
GOLD,KXGOLD15M-26SEP271845-45,1790549100000,no,
GOLD,KXGOLD15M-26SEP271900-00,1790550000000,no,
GOLD,KXGOLD15M-26SEP271915-15,1790550900000,no,
GOLD,KXGOLD15M-26SEP271930-30,1790551800000,no,
GOLD,KXGOLD15M-26SEP271945-45,1790552700000,no,
GOLD,KXGOLD15M-26SEP272000-00,1790553600000,no,
GOLD,KXGOLD15M-26SEP272015-15,1790554500000,no,
GOLD,KXGOLD15M-26SEP272030-30,1790555400000,no,
GOLD,KXGOLD15M-26SEP272045-45,1790556300000,no,
GOLD,KXGOLD15M-26SEP272100-00,1790557200000,no,
GOLD,KXGOLD15M-26SEP272115-15,1790558100000,no,
GOLD,KXGOLD15M-26SEP272130-30,1790559000000,no,
GOLD,KXGOLD15M-26SEP272145-45,1790559900000,no,
GOLD,KXGOLD15M-26SEP272200-00,1790560800000,no,
GOLD,KXGOLD15M-26SEP272215-15,1790561700000,yes,
GOLD,KXGOLD15M-26SEP272230-30,1790562600000,no,
GOLD,KXGOLD15M-26SEP272245-45,1790563500000,no,
GOLD,KXGOLD15M-26SEP272300-00,1790564400000,no,
GOLD,KXGOLD15M-26SEP272315-15,1790565300000,no,
GOLD,KXGOLD15M-26SEP272330-30,1790566200000,no,
GOLD,KXGOLD15M-26SEP272345-45,1790567100000,no,
GOLD,KXGOLD15M-26SEP280000-00,1790568000000,no,
GOLD,KXGOLD15M-26SEP280015-15,1790568900000,no,
GOLD,KXGOLD15M-26SEP280030-30,1790569800000,no,
GOLD,KXGOLD15M-26SEP280045-45,1790570700000,no,
GOLD,KXGOLD15M-26SEP280100-00,1790571600000,no,
GOLD,KXGOLD15M-26SEP280115-15,1790572500000,no,
GOLD,KXGOLD15M-26SEP280130-30,1790573400000,no,
GOLD,KXGOLD15M-26SEP280145-45,1790574300000,no,
GOLD,KXGOLD15M-26SEP280200-00,1790575200000,no,
GOLD,KXGOLD15M-26SEP280215-15,1790576100000,no,
GOLD,KXGOLD15M-26SEP280230-30,1790577000000,no,
GOLD,KXGOLD15M-26SEP280245-45,1790577900000,no,
GOLD,KXGOLD15M-26SEP280300-00,1790578800000,no,
GOLD,KXGOLD15M-26SEP280315-15,1790579700000,no,
GOLD,KXGOLD15M-26SEP280330-30,1790580600000,no,
GOLD,KXGOLD15M-26SEP280345-45,1790581500000,no,
GOLD,KXGOLD15M-26SEP280400-00,1790582400000,no,
GOLD,KXGOLD15M-26SEP280415-15,1790583300000,no,
GOLD,KXGOLD15M-26SEP280430-30,1790584200000,no,
GOLD,KXGOLD15M-26SEP280445-45,1790585100000,no,
GOLD,KXGOLD15M-26SEP280500-00,1790586000000,no,
GOLD,KXGOLD15M-26SEP280515-15,1790586900000,yes,
GOLD,KXGOLD15M-26SEP280530-30,1790587800000,no,
GOLD,KXGOLD15M-26SEP280545-45,1790588700000,no,
GOLD,KXGOLD15M-26SEP280600-00,1790589600000,no,
GOLD,KXGOLD15M-26SEP280615-15,1790590500000,no,
GOLD,KXGOLD15M-26SEP280630-30,1790591400000,no,
GOLD,KXGOLD15M-26SEP280645-45,1790592300000,no,
GOLD,KXGOLD15M-26SEP280700-00,1790593200000,no,
GOLD,KXGOLD15M-26SEP280715-15,1790594100000,no,
GOLD,KXGOLD15M-26SEP280730-30,1790595000000,no,
GOLD,KXGOLD15M-26SEP280745-45,1790595900000,no,
GOLD,KXGOLD15M-26SEP280800-00,1790596800000,no,
GOLD,KXGOLD15M-26SEP280815-15,1790597700000,no,
GOLD,KXGOLD15M-26SEP280830-30,1790598600000,no,
GOLD,KXGOLD15M-26SEP280845-45,1790599500000,no,
GOLD,KXGOLD15M-26SEP280900-00,1790600400000,no,
GOLD,KXGOLD15M-26SEP280915-15,1790601300000,no,
GOLD,KXGOLD15M-26SEP280930-30,1790602200000,no,
GOLD,KXGOLD15M-26SEP280945-45,1790603100000,no,
GOLD,KXGOLD15M-26SEP281000-00,1790604000000,no,
GOLD,KXGOLD15M-26SEP281015-15,1790604900000,no,
GOLD,KXGOLD15M-26SEP281030-30,1790605800000,no,
GOLD,KXGOLD15M-26SEP281045-45,1790606700000,no,
GOLD,KXGOLD15M-26SEP281100-00,1790607600000,no,
GOLD,KXGOLD15M-26SEP281115-15,1790608500000,no,
GOLD,KXGOLD15M-26SEP281130-30,1790609400000,no,
GOLD,KXGOLD15M-26SEP281230-30,1790613000000,no,
GOLD,KXGOLD15M-26SEP281245-45,1790613900000,no,
GOLD,KXGOLD15M-26SEP281330-30,1790616600000,no,
GOLD,KXGOLD15M-26SEP281400-00,1790618400000,no,
GOLD,KXGOLD15M-26SEP281415-15,1790619300000,no,
GOLD,KXGOLD15M-26SEP281900-00,1790636400000,no,
GOLD,KXGOLD15M-26SEP282045-45,1790642700000,no,
GOLD,KXGOLD15M-26SEP290215-15,1790662500000,no,
GOLD,KXGOLD15M-26SEP291045-45,1790693100000,no,
GOLD,KXGOLD15M-26SEP291200-00,1790697600000,no,
GOLD,KXGOLD15M-26SEP291215-15,1790698500000,no,
GOLD,KXGOLD15M-26SEP291230-30,1790699400000,no,
GOLD,KXGOLD15M-26SEP291815-15,1790720100000,no,
GOLD,KXGOLD15M-26SEP291830-30,1790721000000,no,
GOLD,KXGOLD15M-26SEP291845-45,1790721900000,no,
GOLD,KXGOLD15M-26SEP291900-00,1790722800000,no,
GOLD,KXGOLD15M-26SEP291915-15,1790723700000,no,
GOLD,KXGOLD15M-26SEP291930-30,1790724600000,no,
GOLD,KXGOLD15M-26SEP291945-45,1790725500000,no,
GOLD,KXGOLD15M-26SEP292000-00,1790726400000,no,
GOLD,KXGOLD15M-26SEP292015-15,1790727300000,no,
GOLD,KXGOLD15M-26SEP292030-30,1790728200000,no,
GOLD,KXGOLD15M-26SEP292045-45,1790729100000,no,
GOLD,KXGOLD15M-26SEP292100-00,1790730000000,no,
GOLD,KXGOLD15M-26SEP292115-15,1790730900000,no,
GOLD,KXGOLD15M-26SEP292130-30,1790731800000,no,
GOLD,KXGOLD15M-26SEP292145-45,1790732700000,no,
GOLD,KXGOLD15M-26SEP292200-00,1790733600000,no,
GOLD,KXGOLD15M-26SEP292215-15,1790734500000,no,
GOLD,KXGOLD15M-26SEP292230-30,1790735400000,no,
GOLD,KXGOLD15M-26SEP292245-45,1790736300000,no,
GOLD,KXGOLD15M-26SEP292300-00,1790737200000,no,
GOLD,KXGOLD15M-26SEP292315-15,1790738100000,no,
GOLD,KXGOLD15M-26SEP292330-30,1790739000000,no,
GOLD,KXGOLD15M-26SEP292345-45,1790739900000,no,
GOLD,KXGOLD15M-26SEP300000-00,1790740800000,no,
GOLD,KXGOLD15M-26SEP300015-15,1790741700000,no,
GOLD,KXGOLD15M-26SEP300030-30,1790742600000,no,
GOLD,KXGOLD15M-26SEP300045-45,1790743500000,no,
GOLD,KXGOLD15M-26SEP300100-00,1790744400000,no,
GOLD,KXGOLD15M-26SEP300115-15,1790745300000,no,
GOLD,KXGOLD15M-26SEP300130-30,1790746200000,no,
GOLD,KXGOLD15M-26SEP300145-45,1790747100000,no,
GOLD,KXGOLD15M-26SEP300200-00,1790748000000,no,
GOLD,KXGOLD15M-26SEP300215-15,1790748900000,no,
GOLD,KXGOLD15M-26SEP300230-30,1790749800000,no,
GOLD,KXGOLD15M-26SEP300245-45,1790750700000,no,
GOLD,KXGOLD15M-26SEP300300-00,1790751600000,no,
GOLD,KXGOLD15M-26SEP300315-15,1790752500000,no,
GOLD,KXGOLD15M-26SEP300330-30,1790753400000,no,
GOLD,KXGOLD15M-26SEP300345-45,1790754300000,no,
GOLD,KXGOLD15M-26SEP300400-00,1790755200000,no,
GOLD,KXGOLD15M-26SEP300415-15,1790756100000,no,
GOLD,KXGOLD15M-26SEP300430-30,1790757000000,no,
GOLD,KXGOLD15M-26SEP300445-45,1790757900000,no,
GOLD,KXGOLD15M-26SEP300500-00,1790758800000,no,
GOLD,KXGOLD15M-26SEP300515-15,1790759700000,no,
GOLD,KXGOLD15M-26SEP300530-30,1790760600000,no,
GOLD,KXGOLD15M-26SEP300545-45,1790761500000,no,
GOLD,KXGOLD15M-26SEP300600-00,1790762400000,no,
GOLD,KXGOLD15M-26SEP300615-15,1790763300000,no,
GOLD,KXGOLD15M-26SEP300630-30,1790764200000,no,
GOLD,KXGOLD15M-26SEP300645-45,1790765100000,no,
GOLD,KXGOLD15M-26SEP300700-00,1790766000000,no,
GOLD,KXGOLD15M-26SEP300715-15,1790766900000,no,
GOLD,KXGOLD15M-26SEP300730-30,1790767800000,no,
GOLD,KXGOLD15M-26SEP300745-45,1790768700000,no,
GOLD,KXGOLD15M-26SEP300800-00,1790769600000,no,
GOLD,KXGOLD15M-26SEP300815-15,1790770500000,no,
GOLD,KXGOLD15M-26SEP300830-30,1790771400000,no,
GOLD,KXGOLD15M-26SEP300845-45,1790772300000,no,
GOLD,KXGOLD15M-26SEP300900-00,1790773200000,no,
GOLD,KXGOLD15M-26SEP300915-15,1790774100000,no,
GOLD,KXGOLD15M-26SEP300930-30,1790775000000,no,
GOLD,KXGOLD15M-26SEP300945-45,1790775900000,no,
GOLD,KXGOLD15M-26SEP301000-00,1790776800000,no,
GOLD,KXGOLD15M-26SEP301015-15,1790777700000,no,
GOLD,KXGOLD15M-26SEP301030-30,1790778600000,no,
GOLD,KXGOLD15M-26SEP301045-45,1790779500000,no,
GOLD,KXGOLD15M-26SEP301100-00,1790780400000,no,
GOLD,KXGOLD15M-26SEP301115-15,1790781300000,no,
GOLD,KXGOLD15M-26SEP301130-30,1790782200000,no,
GOLD,KXGOLD15M-26SEP301145-45,1790783100000,no,
GOLD,KXGOLD15M-26SEP301200-00,1790784000000,no,
GOLD,KXGOLD15M-26SEP301215-15,1790784900000,no,
GOLD,KXGOLD15M-26SEP301230-30,1790785800000,no,
GOLD,KXGOLD15M-26SEP301245-45,1790786700000,no,
GOLD,KXGOLD15M-26SEP301300-00,1790787600000,no,
GOLD,KXGOLD15M-26SEP301315-15,1790788500000,no,
GOLD,KXGOLD15M-26SEP301330-30,1790789400000,no,
GOLD,KXGOLD15M-26SEP301345-45,1790790300000,no,
GOLD,KXGOLD15M-26SEP301400-00,1790791200000,no,
GOLD,KXGOLD15M-26SEP301415-15,1790792100000,no,
GOLD,KXGOLD15M-26SEP301430-30,1790793000000,no,
GOLD,KXGOLD15M-26SEP301445-45,1790793900000,no,
GOLD,KXGOLD15M-26SEP301500-00,1790794800000,no,
GOLD,KXGOLD15M-26SEP301515-15,1790795700000,no,
GOLD,KXGOLD15M-26SEP301530-30,1790796600000,no,
GOLD,KXGOLD15M-26SEP301545-45,1790797500000,no,
GOLD,KXGOLD15M-26SEP301600-00,1790798400000,no,
GOLD,KXGOLD15M-26SEP301615-15,1790799300000,no,
GOLD,KXGOLD15M-26SEP301630-30,1790800200000,no,
GOLD,KXGOLD15M-26SEP301645-45,1790801100000,no,
GOLD,KXGOLD15M-26SEP301700-00,1790802000000,no,
GOLD,KXGOLD15M-26SEP301715-15,1790802900000,no,
GOLD,KXGOLD15M-26SEP301730-30,1790803800000,no,
GOLD,KXGOLD15M-26SEP301745-45,1790804700000,no,
GOLD,KXGOLD15M-26SEP301800-00,1790805600000,no,
GOLD,KXGOLD15M-26SEP301815-15,1790806500000,no,
GOLD,KXGOLD15M-26SEP301830-30,1790807400000,no,
GOLD,KXGOLD15M-26SEP301845-45,1790808300000,no,
GOLD,KXGOLD15M-26SEP301900-00,1790809200000,no,
GOLD,KXGOLD15M-26SEP301915-15,1790810100000,no,
GOLD,KXGOLD15M-26SEP301930-30,1790811000000,no,
GOLD,KXGOLD15M-26SEP301945-45,1790811900000,no,
GOLD,KXGOLD15M-26SEP302000-00,1790812800000,no,
GOLD,KXGOLD15M-26SEP302015-15,1790813700000,no,
GOLD,KXGOLD15M-26SEP302030-30,1790814600000,no,
GOLD,KXGOLD15M-26SEP302045-45,1790815500000,no,
GOLD,KXGOLD15M-26SEP302100-00,1790816400000,no,
GOLD,KXGOLD15M-26SEP302115-15,1790817300000,no,
GOLD,KXGOLD15M-26SEP302130-30,1790818200000,yes,
GOLD,KXGOLD15M-26SEP302145-45,1790819100000,no,
GOLD,KXGOLD15M-26SEP302200-00,1790820000000,no,
GOLD,KXGOLD15M-26SEP302215-15,1790820900000,no,
GOLD,KXGOLD15M-26SEP302230-30,1790821800000,no,
GOLD,KXGOLD15M-26SEP302245-45,1790822700000,no,
GOLD,KXGOLD15M-26SEP302300-00,1790823600000,no,
GOLD,KXGOLD15M-26SEP302315-15,1790824500000,no,
GOLD,KXGOLD15M-26SEP302330-30,1790825400000,no,
GOLD,KXGOLD15M-26SEP302345-45,1790826300000,no,
GOLD,KXGOLD15M-26OCT010000-00,1790827200000,no,
GOLD,KXGOLD15M-26OCT010015-15,1790828100000,no,
GOLD,KXGOLD15M-26OCT010030-30,1790829000000,no,
GOLD,KXGOLD15M-26OCT010045-45,1790829900000,no,
GOLD,KXGOLD15M-26OCT010100-00,1790830800000,no,
GOLD,KXGOLD15M-26OCT010115-15,1790831700000,no,
GOLD,KXGOLD15M-26OCT010515-15,1790846100000,no,
GOLD,KXGOLD15M-26OCT010530-30,1790847000000,no,
GOLD,KXGOLD15M-26OCT010545-45,1790847900000,no,
GOLD,KXGOLD15M-26OCT010600-00,1790848800000,no,
GOLD,KXGOLD15M-26OCT010615-15,1790849700000,no,
GOLD,KXGOLD15M-26OCT010630-30,1790850600000,no,
GOLD,KXGOLD15M-26OCT010645-45,1790851500000,no,
GOLD,KXGOLD15M-26OCT010700-00,1790852400000,no,
GOLD,KXGOLD15M-26OCT010715-15,1790853300000,no,
GOLD,KXGOLD15M-26OCT010730-30,1790854200000,no,
GOLD,KXGOLD15M-26OCT010745-45,1790855100000,no,
GOLD,KXGOLD15M-26OCT010800-00,1790856000000,no,
GOLD,KXGOLD15M-26OCT010815-15,1790856900000,no,
GOLD,KXGOLD15M-26OCT010830-30,1790857800000,no,
GOLD,KXGOLD15M-26OCT010845-45,1790858700000,no,
GOLD,KXGOLD15M-26OCT010900-00,1790859600000,no,
GOLD,KXGOLD15M-26OCT010915-15,1790860500000,no,
GOLD,KXGOLD15M-26OCT010930-30,1790861400000,no,
GOLD,KXGOLD15M-26OCT010945-45,1790862300000,no,
GOLD,KXGOLD15M-26OCT011000-00,1790863200000,no,
GOLD,KXGOLD15M-26OCT011015-15,1790864100000,no,
GOLD,KXGOLD15M-26OCT011030-30,1790865000000,no,
GOLD,KXGOLD15M-26OCT011045-45,1790865900000,no,
GOLD,KXGOLD15M-26OCT011100-00,1790866800000,no,
GOLD,KXGOLD15M-26OCT011115-15,1790867700000,no,
GOLD,KXGOLD15M-26OCT011130-30,1790868600000,no,
GOLD,KXGOLD15M-26OCT011145-45,1790869500000,no,
GOLD,KXGOLD15M-26OCT011200-00,1790870400000,yes,
GOLD,KXGOLD15M-26OCT011215-15,1790871300000,no,
GOLD,KXGOLD15M-26OCT011230-30,1790872200000,no,
GOLD,KXGOLD15M-26OCT011245-45,1790873100000,no,
GOLD,KXGOLD15M-26OCT011300-00,1790874000000,no,
GOLD,KXGOLD15M-26OCT011315-15,1790874900000,no,
GOLD,KXGOLD15M-26OCT011330-30,1790875800000,no,
GOLD,KXGOLD15M-26OCT011345-45,1790876700000,no,
GOLD,KXGOLD15M-26OCT011400-00,1790877600000,no,
GOLD,KXGOLD15M-26OCT011415-15,1790878500000,yes,
GOLD,KXGOLD15M-26OCT011430-30,1790879400000,no,
GOLD,KXGOLD15M-26OCT011445-45,1790880300000,no,
GOLD,KXGOLD15M-26OCT011500-00,1790881200000,no,
GOLD,KXGOLD15M-26OCT011515-15,1790882100000,no,
GOLD,KXGOLD15M-26OCT011530-30,1790883000000,no,
GOLD,KXGOLD15M-26OCT011545-45,1790883900000,yes,
GOLD,KXGOLD15M-26OCT011600-00,1790884800000,yes,
GOLD,KXGOLD15M-26OCT011615-15,1790885700000,no,
GOLD,KXGOLD15M-26OCT011630-30,1790886600000,no,
GOLD,KXGOLD15M-26OCT011645-45,1790887500000,no,
GOLD,KXGOLD15M-26OCT011700-00,1790888400000,no,
GOLD,KXGOLD15M-26OCT011830-30,1790893800000,no,
GOLD,KXGOLD15M-26OCT011845-45,1790894700000,no,
GOLD,KXGOLD15M-26OCT011900-00,1790895600000,no,
GOLD,KXGOLD15M-26OCT011915-15,1790896500000,no,
GOLD,KXGOLD15M-26OCT011930-30,1790897400000,no,
GOLD,KXGOLD15M-26OCT011945-45,1790898300000,no,
GOLD,KXGOLD15M-26OCT012000-00,1790899200000,no,
GOLD,KXGOLD15M-26OCT012015-15,1790900100000,no,
GOLD,KXGOLD15M-26OCT012030-30,1790901000000,no,
GOLD,KXGOLD15M-26OCT012045-45,1790901900000,no,
GOLD,KXGOLD15M-26OCT012100-00,1790902800000,no,
GOLD,KXGOLD15M-26OCT012115-15,1790903700000,no,
GOLD,KXGOLD15M-26OCT012130-30,1790904600000,no,
GOLD,KXGOLD15M-26OCT012145-45,1790905500000,no,
GOLD,KXGOLD15M-26OCT012200-00,1790906400000,no,
GOLD,KXGOLD15M-26OCT012215-15,1790907300000,no,
GOLD,KXGOLD15M-26OCT012230-30,1790908200000,no,
GOLD,KXGOLD15M-26OCT012245-45,1790909100000,no,
GOLD,KXGOLD15M-26OCT012300-00,1790910000000,no,
GOLD,KXGOLD15M-26OCT012315-15,1790910900000,no,
GOLD,KXGOLD15M-26OCT012330-30,1790911800000,no,
GOLD,KXGOLD15M-26OCT012345-45,1790912700000,no,
GOLD,KXGOLD15M-26OCT020000-00,1790913600000,no,
GOLD,KXGOLD15M-26OCT020015-15,1790914500000,no,
GOLD,KXGOLD15M-26OCT020030-30,1790915400000,no,
GOLD,KXGOLD15M-26OCT020045-45,1790916300000,no,
GOLD,KXGOLD15M-26OCT020100-00,1790917200000,no,
GOLD,KXGOLD15M-26OCT020115-15,1790918100000,no,
GOLD,KXGOLD15M-26OCT020130-30,1790919000000,no,
GOLD,KXGOLD15M-26OCT020145-45,1790919900000,no,
GOLD,KXGOLD15M-26OCT020200-00,1790920800000,no,
GOLD,KXGOLD15M-26OCT020215-15,1790921700000,no,
GOLD,KXGOLD15M-26OCT020230-30,1790922600000,no,
GOLD,KXGOLD15M-26OCT020245-45,1790923500000,no,
GOLD,KXGOLD15M-26OCT020300-00,1790924400000,no,
GOLD,KXGOLD15M-26OCT020315-15,1790925300000,no,
GOLD,KXGOLD15M-26OCT020330-30,1790926200000,no,
GOLD,KXGOLD15M-26OCT020345-45,1790927100000,no,
GOLD,KXGOLD15M-26OCT020400-00,1790928000000,no,
GOLD,KXGOLD15M-26OCT020415-15,1790928900000,no,
GOLD,KXGOLD15M-26OCT020430-30,1790929800000,no,
GOLD,KXGOLD15M-26OCT020445-45,1790930700000,no,
GOLD,KXGOLD15M-26OCT020500-00,1790931600000,no,
GOLD,KXGOLD15M-26OCT020515-15,1790932500000,no,
GOLD,KXGOLD15M-26OCT020530-30,1790933400000,no,
GOLD,KXGOLD15M-26OCT020545-45,1790934300000,no,
GOLD,KXGOLD15M-26OCT020600-00,1790935200000,no,
GOLD,KXGOLD15M-26OCT020615-15,1790936100000,no,
GOLD,KXGOLD15M-26OCT020630-30,1790937000000,no,
GOLD,KXGOLD15M-26OCT020645-45,1790937900000,no,
GOLD,KXGOLD15M-26OCT020700-00,1790938800000,no,
GOLD,KXGOLD15M-26OCT020715-15,1790939700000,no,
GOLD,KXGOLD15M-26OCT020730-30,1790940600000,no,
GOLD,KXGOLD15M-26OCT020745-45,1790941500000,no,
GOLD,KXGOLD15M-26OCT020800-00,1790942400000,no,
GOLD,KXGOLD15M-26OCT020815-15,1790943300000,no,
GOLD,KXGOLD15M-26OCT020830-30,1790944200000,no,
GOLD,KXGOLD15M-26OCT020845-45,1790945100000,no,
GOLD,KXGOLD15M-26OCT020900-00,1790946000000,no,
GOLD,KXGOLD15M-26OCT020915-15,1790946900000,no,
GOLD,KXGOLD15M-26OCT020930-30,1790947800000,no,
GOLD,KXGOLD15M-26OCT020945-45,1790948700000,no,
GOLD,KXGOLD15M-26OCT021000-00,1790949600000,no,
GOLD,KXGOLD15M-26OCT021015-15,1790950500000,no,
GOLD,KXGOLD15M-26OCT021030-30,1790951400000,no,
GOLD,KXGOLD15M-26OCT021045-45,1790952300000,no,
GOLD,KXGOLD15M-26OCT021100-00,1790953200000,no,
GOLD,KXGOLD15M-26OCT021115-15,1790954100000,no,
GOLD,KXGOLD15M-26OCT021130-30,1790955000000,no,
GOLD,KXGOLD15M-26OCT021145-45,1790955900000,no,
GOLD,KXGOLD15M-26OCT021200-00,1790956800000,no,
GOLD,KXGOLD15M-26OCT021215-15,1790957700000,no,
GOLD,KXGOLD15M-26OCT021230-30,1790958600000,no,
GOLD,KXGOLD15M-26OCT021245-45,1790959500000,no,
GOLD,KXGOLD15M-26OCT021300-00,1790960400000,no,
GOLD,KXGOLD15M-26OCT021315-15,1790961300000,no,
GOLD,KXGOLD15M-26OCT021330-30,1790962200000,no,
GOLD,KXGOLD15M-26OCT021345-45,1790963100000,no,
GOLD,KXGOLD15M-26OCT021400-00,1790964000000,no,
GOLD,KXGOLD15M-26OCT021415-15,1790964900000,no,
GOLD,KXGOLD15M-26OCT021430-30,1790965800000,no,
GOLD,KXGOLD15M-26OCT021445-45,1790966700000,no,
GOLD,KXGOLD15M-26OCT021500-00,1790967600000,no,
GOLD,KXGOLD15M-26OCT021515-15,1790968500000,no,
GOLD,KXGOLD15M-26OCT021530-30,1790969400000,no,
GOLD,KXGOLD15M-26OCT021545-45,1790970300000,no,
GOLD,KXGOLD15M-26OCT021600-00,1790971200000,no,
GOLD,KXGOLD15M-26OCT021615-15,1790972100000,no,
GOLD,KXGOLD15M-26OCT021630-30,1790973000000,no,
GOLD,KXGOLD15M-26OCT021645-45,1790973900000,no,
GOLD,KXGOLD15M-26OCT021700-00,1790974800000,no,
GOLD,KXGOLD15M-26OCT041830-30,1791153000000,no,
GOLD,KXGOLD15M-26OCT041845-45,1791153900000,no,
GOLD,KXGOLD15M-26OCT041900-00,1791154800000,no,
GOLD,KXGOLD15M-26OCT041915-15,1791155700000,no,
GOLD,KXGOLD15M-26OCT041930-30,1791156600000,no,
GOLD,KXGOLD15M-26OCT041945-45,1791157500000,no,
GOLD,KXGOLD15M-26OCT042000-00,1791158400000,no,
GOLD,KXGOLD15M-26OCT042015-15,1791159300000,no,
GOLD,KXGOLD15M-26OCT042030-30,1791160200000,no,
GOLD,KXGOLD15M-26OCT042045-45,1791161100000,no,
GOLD,KXGOLD15M-26OCT042100-00,1791162000000,no,
GOLD,KXGOLD15M-26OCT042115-15,1791162900000,no,
GOLD,KXGOLD15M-26OCT042130-30,1791163800000,no,
GOLD,KXGOLD15M-26OCT042145-45,1791164700000,no,
GOLD,KXGOLD15M-26OCT042200-00,1791165600000,no,
GOLD,KXGOLD15M-26OCT042215-15,1791166500000,no,
GOLD,KXGOLD15M-26OCT042230-30,1791167400000,no,
GOLD,KXGOLD15M-26OCT042245-45,1791168300000,no,
GOLD,KXGOLD15M-26OCT042300-00,1791169200000,no,
GOLD,KXGOLD15M-26OCT042315-15,1791170100000,no,
GOLD,KXGOLD15M-26OCT042330-30,1791171000000,no,
GOLD,KXGOLD15M-26OCT042345-45,1791171900000,no,
GOLD,KXGOLD15M-26OCT050000-00,1791172800000,no,
GOLD,KXGOLD15M-26OCT050015-15,1791173700000,no,
GOLD,KXGOLD15M-26OCT050030-30,1791174600000,no,
GOLD,KXGOLD15M-26OCT050045-45,1791175500000,no,
GOLD,KXGOLD15M-26OCT050100-00,1791176400000,no,
GOLD,KXGOLD15M-26OCT050115-15,1791177300000,no,
GOLD,KXGOLD15M-26OCT050130-30,1791178200000,no,
GOLD,KXGOLD15M-26OCT050145-45,1791179100000,no,
GOLD,KXGOLD15M-26OCT050200-00,1791180000000,no,
GOLD,KXGOLD15M-26OCT050215-15,1791180900000,no,
GOLD,KXGOLD15M-26OCT050230-30,1791181800000,no,
GOLD,KXGOLD15M-26OCT050245-45,1791182700000,no,
GOLD,KXGOLD15M-26OCT050300-00,1791183600000,no,
GOLD,KXGOLD15M-26OCT050315-15,1791184500000,no,
GOLD,KXGOLD15M-26OCT050330-30,1791185400000,no,
GOLD,KXGOLD15M-26OCT050345-45,1791186300000,no,
GOLD,KXGOLD15M-26OCT050400-00,1791187200000,no,
GOLD,KXGOLD15M-26OCT050415-15,1791188100000,no,
GOLD,KXGOLD15M-26OCT050430-30,1791189000000,no,
GOLD,KXGOLD15M-26OCT050445-45,1791189900000,no,
GOLD,KXGOLD15M-26OCT050500-00,1791190800000,no,
GOLD,KXGOLD15M-26OCT050515-15,1791191700000,no,
GOLD,KXGOLD15M-26OCT050530-30,1791192600000,no,
GOLD,KXGOLD15M-26OCT050545-45,1791193500000,no,
GOLD,KXGOLD15M-26OCT050600-00,1791194400000,no,
GOLD,KXGOLD15M-26OCT050615-15,1791195300000,no,
GOLD,KXGOLD15M-26OCT050630-30,1791196200000,no,
GOLD,KXGOLD15M-26OCT050645-45,1791197100000,no,
GOLD,KXGOLD15M-26OCT050700-00,1791198000000,no,
GOLD,KXGOLD15M-26OCT050715-15,1791198900000,no,
GOLD,KXGOLD15M-26OCT050730-30,1791199800000,no,
GOLD,KXGOLD15M-26OCT050745-45,1791200700000,no,
GOLD,KXGOLD15M-26OCT050800-00,1791201600000,no,
GOLD,KXGOLD15M-26OCT050815-15,1791202500000,no,
GOLD,KXGOLD15M-26OCT050830-30,1791203400000,no,
GOLD,KXGOLD15M-26OCT050845-45,1791204300000,no,
GOLD,KXGOLD15M-26OCT050900-00,1791205200000,no,
GOLD,KXGOLD15M-26OCT050915-15,1791206100000,no,
GOLD,KXGOLD15M-26OCT050930-30,1791207000000,no,
GOLD,KXGOLD15M-26OCT050945-45,1791207900000,no,
GOLD,KXGOLD15M-26OCT051000-00,1791208800000,no,
GOLD,KXGOLD15M-26OCT051015-15,1791209700000,no,
GOLD,KXGOLD15M-26OCT051030-30,1791210600000,no,
GOLD,KXGOLD15M-26OCT051045-45,1791211500000,no,
GOLD,KXGOLD15M-26OCT051100-00,1791212400000,no,
GOLD,KXGOLD15M-26OCT051115-15,1791213300000,no,
GOLD,KXGOLD15M-26OCT051130-30,1791214200000,no,
GOLD,KXGOLD15M-26OCT051145-45,1791215100000,no,
GOLD,KXGOLD15M-26OCT051200-00,1791216000000,no,
GOLD,KXGOLD15M-26OCT051215-15,1791216900000,no,
GOLD,KXGOLD15M-26OCT051230-30,1791217800000,no,
GOLD,KXGOLD15M-26OCT051245-45,1791218700000,no,
GOLD,KXGOLD15M-26OCT051300-00,1791219600000,no,
GOLD,KXGOLD15M-26OCT051315-15,1791220500000,no,
GOLD,KXGOLD15M-26OCT051330-30,1791221400000,no,
GOLD,KXGOLD15M-26OCT051345-45,1791222300000,no,
GOLD,KXGOLD15M-26OCT051400-00,1791223200000,no,
GOLD,KXGOLD15M-26OCT051415-15,1791224100000,no,
GOLD,KXGOLD15M-26OCT051430-30,1791225000000,no,
GOLD,KXGOLD15M-26OCT051445-45,1791225900000,no,
GOLD,KXGOLD15M-26OCT051500-00,1791226800000,no,
GOLD,KXGOLD15M-26OCT051515-15,1791227700000,no,
GOLD,KXGOLD15M-26OCT051530-30,1791228600000,no,
GOLD,KXGOLD15M-26OCT051545-45,1791229500000,yes,
GOLD,KXGOLD15M-26OCT051600-00,1791230400000,no,
GOLD,KXGOLD15M-26OCT051615-15,1791231300000,no,
GOLD,KXGOLD15M-26OCT051630-30,1791232200000,no,
GOLD,KXGOLD15M-26OCT051645-45,1791233100000,no,
GOLD,KXGOLD15M-26OCT051700-00,1791234000000,no,
GOLD,KXGOLD15M-26OCT051830-30,1791239400000,no,
GOLD,KXGOLD15M-26OCT051845-45,1791240300000,no,
GOLD,KXGOLD15M-26OCT051900-00,1791241200000,no,
GOLD,KXGOLD15M-26OCT051915-15,1791242100000,no,
GOLD,KXGOLD15M-26OCT051930-30,1791243000000,no,
GOLD,KXGOLD15M-26OCT051945-45,1791243900000,no,
GOLD,KXGOLD15M-26OCT052000-00,1791244800000,no,
GOLD,KXGOLD15M-26OCT052015-15,1791245700000,no,
GOLD,KXGOLD15M-26OCT052030-30,1791246600000,no,
GOLD,KXGOLD15M-26OCT052045-45,1791247500000,no,
GOLD,KXGOLD15M-26OCT052100-00,1791248400000,no,
GOLD,KXGOLD15M-26OCT052115-15,1791249300000,no,
GOLD,KXGOLD15M-26OCT052130-30,1791250200000,no,
GOLD,KXGOLD15M-26OCT052145-45,1791251100000,no,
GOLD,KXGOLD15M-26OCT052200-00,1791252000000,no,
GOLD,KXGOLD15M-26OCT052215-15,1791252900000,no,
GOLD,KXGOLD15M-26OCT052230-30,1791253800000,no,
GOLD,KXGOLD15M-26OCT052245-45,1791254700000,no,
GOLD,KXGOLD15M-26OCT052300-00,1791255600000,no,
GOLD,KXGOLD15M-26OCT052315-15,1791256500000,no,
GOLD,KXGOLD15M-26OCT052330-30,1791257400000,no,
GOLD,KXGOLD15M-26OCT052345-45,1791258300000,no,
GOLD,KXGOLD15M-26OCT060000-00,1791259200000,no,
GOLD,KXGOLD15M-26OCT060015-15,1791260100000,no,
GOLD,KXGOLD15M-26OCT060030-30,1791261000000,no,
GOLD,KXGOLD15M-26OCT060045-45,1791261900000,no,
GOLD,KXGOLD15M-26OCT060100-00,1791262800000,no,
GOLD,KXGOLD15M-26OCT060115-15,1791263700000,no,
GOLD,KXGOLD15M-26OCT060130-30,1791264600000,no,
GOLD,KXGOLD15M-26OCT060145-45,1791265500000,no,
GOLD,KXGOLD15M-26OCT060200-00,1791266400000,no,
GOLD,KXGOLD15M-26OCT060215-15,1791267300000,no,
GOLD,KXGOLD15M-26OCT060230-30,1791268200000,no,
GOLD,KXGOLD15M-26OCT060245-45,1791269100000,no,
GOLD,KXGOLD15M-26OCT060300-00,1791270000000,no,
GOLD,KXGOLD15M-26OCT060315-15,1791270900000,no,
GOLD,KXGOLD15M-26OCT060330-30,1791271800000,no,
GOLD,KXGOLD15M-26OCT060345-45,1791272700000,no,
GOLD,KXGOLD15M-26OCT060400-00,1791273600000,no,
GOLD,KXGOLD15M-26OCT060415-15,1791274500000,no,
GOLD,KXGOLD15M-26OCT060430-30,1791275400000,no,
GOLD,KXGOLD15M-26OCT060445-45,1791276300000,no,
GOLD,KXGOLD15M-26OCT060500-00,1791277200000,no,
GOLD,KXGOLD15M-26OCT060515-15,1791278100000,no,
GOLD,KXGOLD15M-26OCT060530-30,1791279000000,no,
GOLD,KXGOLD15M-26OCT060545-45,1791279900000,no,
GOLD,KXGOLD15M-26OCT060600-00,1791280800000,no,
GOLD,KXGOLD15M-26OCT060615-15,1791281700000,no,
GOLD,KXGOLD15M-26OCT060630-30,1791282600000,no,
GOLD,KXGOLD15M-26OCT060645-45,1791283500000,no,
GOLD,KXGOLD15M-26OCT060700-00,1791284400000,no,
GOLD,KXGOLD15M-26OCT060715-15,1791285300000,no,
GOLD,KXGOLD15M-26OCT060730-30,1791286200000,no,
GOLD,KXGOLD15M-26OCT060745-45,1791287100000,no,
GOLD,KXGOLD15M-26OCT060800-00,1791288000000,no,
GOLD,KXGOLD15M-26OCT060815-15,1791288900000,no,
GOLD,KXGOLD15M-26OCT060830-30,1791289800000,no,
GOLD,KXGOLD15M-26OCT060845-45,1791290700000,no,
GOLD,KXGOLD15M-26OCT060900-00,1791291600000,no,
GOLD,KXGOLD15M-26OCT060915-15,1791292500000,no,
GOLD,KXGOLD15M-26OCT060930-30,1791293400000,no,
GOLD,KXGOLD15M-26OCT060945-45,1791294300000,no,
GOLD,KXGOLD15M-26OCT061000-00,1791295200000,no,
GOLD,KXGOLD15M-26OCT061015-15,1791296100000,no,
GOLD,KXGOLD15M-26OCT061030-30,1791297000000,no,
GOLD,KXGOLD15M-26OCT061045-45,1791297900000,no,
GOLD,KXGOLD15M-26OCT061100-00,1791298800000,no,
GOLD,KXGOLD15M-26OCT061115-15,1791299700000,no,
GOLD,KXGOLD15M-26OCT061130-30,1791300600000,no,
GOLD,KXGOLD15M-26OCT061145-45,1791301500000,no,
GOLD,KXGOLD15M-26OCT061200-00,1791302400000,no,
GOLD,KXGOLD15M-26OCT061215-15,1791303300000,no,
GOLD,KXGOLD15M-26OCT061230-30,1791304200000,no,
GOLD,KXGOLD15M-26OCT061245-45,1791305100000,yes,
GOLD,KXGOLD15M-26OCT061300-00,1791306000000,no,
GOLD,KXGOLD15M-26OCT061315-15,1791306900000,no,
GOLD,KXGOLD15M-26OCT061330-30,1791307800000,no,
GOLD,KXGOLD15M-26OCT061345-45,1791308700000,no,
GOLD,KXGOLD15M-26OCT061400-00,1791309600000,no,
GOLD,KXGOLD15M-26OCT061415-15,1791310500000,no,
GOLD,KXGOLD15M-26OCT061430-30,1791311400000,no,
GOLD,KXGOLD15M-26OCT061445-45,1791312300000,no,
GOLD,KXGOLD15M-26OCT061500-00,1791313200000,no,
GOLD,KXGOLD15M-26OCT061515-15,1791314100000,no,
GOLD,KXGOLD15M-26OCT061530-30,1791315000000,no,
GOLD,KXGOLD15M-26OCT061545-45,1791315900000,no,
GOLD,KXGOLD15M-26OCT061600-00,1791316800000,no,
GOLD,KXGOLD15M-26OCT061615-15,1791317700000,no,
GOLD,KXGOLD15M-26OCT061630-30,1791318600000,no,
GOLD,KXGOLD15M-26OCT061645-45,1791319500000,no,
GOLD,KXGOLD15M-26OCT061700-00,1791320400000,no,
GOLD,KXGOLD15M-26OCT061830-30,1791325800000,no,
GOLD,KXGOLD15M-26OCT061845-45,1791326700000,no,
GOLD,KXGOLD15M-26OCT061900-00,1791327600000,yes,
GOLD,KXGOLD15M-26OCT061915-15,1791328500000,no,
GOLD,KXGOLD15M-26OCT061930-30,1791329400000,no,
GOLD,KXGOLD15M-26OCT061945-45,1791330300000,no,
GOLD,KXGOLD15M-26OCT062000-00,1791331200000,no,
GOLD,KXGOLD15M-26OCT062015-15,1791332100000,no,
GOLD,KXGOLD15M-26OCT062030-30,1791333000000,no,
GOLD,KXGOLD15M-26OCT062045-45,1791333900000,no,
GOLD,KXGOLD15M-26OCT062100-00,1791334800000,no,
GOLD,KXGOLD15M-26OCT062115-15,1791335700000,no,
GOLD,KXGOLD15M-26OCT062130-30,1791336600000,yes,
GOLD,KXGOLD15M-26OCT062145-45,1791337500000,no,
GOLD,KXGOLD15M-26OCT062200-00,1791338400000,no,
GOLD,KXGOLD15M-26OCT062215-15,1791339300000,no,
GOLD,KXGOLD15M-26OCT062230-30,1791340200000,no,
GOLD,KXGOLD15M-26OCT062245-45,1791341100000,no,
GOLD,KXGOLD15M-26OCT062300-00,1791342000000,no,
GOLD,KXGOLD15M-26OCT062315-15,1791342900000,no,
GOLD,KXGOLD15M-26OCT062330-30,1791343800000,no,
GOLD,KXGOLD15M-26OCT062345-45,1791344700000,no,
GOLD,KXGOLD15M-26OCT070000-00,1791345600000,no,
GOLD,KXGOLD15M-26OCT070015-15,1791346500000,no,
GOLD,KXGOLD15M-26OCT070030-30,1791347400000,no,
GOLD,KXGOLD15M-26OCT070045-45,1791348300000,no,
GOLD,KXGOLD15M-26OCT070100-00,1791349200000,no,
GOLD,KXGOLD15M-26OCT070115-15,1791350100000,no,
GOLD,KXGOLD15M-26OCT070130-30,1791351000000,no,
GOLD,KXGOLD15M-26OCT070145-45,1791351900000,no,
GOLD,KXGOLD15M-26OCT070200-00,1791352800000,no,
GOLD,KXGOLD15M-26OCT070215-15,1791353700000,no,
GOLD,KXGOLD15M-26OCT070230-30,1791354600000,no,
GOLD,KXGOLD15M-26OCT070245-45,1791355500000,no,
GOLD,KXGOLD15M-26OCT070300-00,1791356400000,no,
GOLD,KXGOLD15M-26OCT070315-15,1791357300000,no,
GOLD,KXGOLD15M-26OCT070330-30,1791358200000,no,
GOLD,KXGOLD15M-26OCT070345-45,1791359100000,no,
GOLD,KXGOLD15M-26OCT070400-00,1791360000000,no,
GOLD,KXGOLD15M-26OCT070415-15,1791360900000,no,
GOLD,KXGOLD15M-26OCT070430-30,1791361800000,no,
GOLD,KXGOLD15M-26OCT070445-45,1791362700000,no,
GOLD,KXGOLD15M-26OCT070500-00,1791363600000,no,
GOLD,KXGOLD15M-26OCT070515-15,1791364500000,yes,
GOLD,KXGOLD15M-26OCT070530-30,1791365400000,no,
GOLD,KXGOLD15M-26OCT070545-45,1791366300000,no,
GOLD,KXGOLD15M-26OCT070600-00,1791367200000,no,
GOLD,KXGOLD15M-26OCT070615-15,1791368100000,no,
GOLD,KXGOLD15M-26OCT070630-30,1791369000000,no,
GOLD,KXGOLD15M-26OCT070645-45,1791369900000,no,
GOLD,KXGOLD15M-26OCT070700-00,1791370800000,no,
GOLD,KXGOLD15M-26OCT070715-15,1791371700000,no,
GOLD,KXGOLD15M-26OCT070730-30,1791372600000,no,
GOLD,KXGOLD15M-26OCT070745-45,1791373500000,no,
GOLD,KXGOLD15M-26OCT070800-00,1791374400000,no,
GOLD,KXGOLD15M-26OCT070815-15,1791375300000,no,
GOLD,KXGOLD15M-26OCT070830-30,1791376200000,no,
GOLD,KXGOLD15M-26OCT070845-45,1791377100000,no,
GOLD,KXGOLD15M-26OCT070900-00,1791378000000,no,
GOLD,KXGOLD15M-26OCT070915-15,1791378900000,no,
GOLD,KXGOLD15M-26OCT070930-30,1791379800000,no,
GOLD,KXGOLD15M-26OCT070945-45,1791380700000,no,
GOLD,KXGOLD15M-26OCT071000-00,1791381600000,no,
GOLD,KXGOLD15M-26OCT071015-15,1791382500000,yes,
GOLD,KXGOLD15M-26OCT071030-30,1791383400000,no,
GOLD,KXGOLD15M-26OCT071045-45,1791384300000,no,
GOLD,KXGOLD15M-26OCT071100-00,1791385200000,no,
GOLD,KXGOLD15M-26OCT071115-15,1791386100000,no,
GOLD,KXGOLD15M-26OCT071130-30,1791387000000,no,
GOLD,KXGOLD15M-26OCT071145-45,1791387900000,no,
GOLD,KXGOLD15M-26OCT071200-00,1791388800000,no,
GOLD,KXGOLD15M-26OCT071215-15,1791389700000,no,
GOLD,KXGOLD15M-26OCT071230-30,1791390600000,no,
GOLD,KXGOLD15M-26OCT071245-45,1791391500000,no,
GOLD,KXGOLD15M-26OCT071300-00,1791392400000,no,
GOLD,KXGOLD15M-26OCT071315-15,1791393300000,no,
GOLD,KXGOLD15M-26OCT071330-30,1791394200000,no,
GOLD,KXGOLD15M-26OCT071345-45,1791395100000,no,
GOLD,KXGOLD15M-26OCT071400-00,1791396000000,no,
GOLD,KXGOLD15M-26OCT071415-15,1791396900000,no,
GOLD,KXGOLD15M-26OCT071430-30,1791397800000,no,
GOLD,KXGOLD15M-26OCT071445-45,1791398700000,no,
GOLD,KXGOLD15M-26OCT071500-00,1791399600000,no,
GOLD,KXGOLD15M-26OCT071515-15,1791400500000,no,
