day,window_open,signal_ms,side,won,signal_ask,trend_15m_bps,recorded_status,decision,entry_ms,entry_ask,stake,contracts,fee,net,cumulative_day
09-23,1790136000000,1790136239731,DOWN,0,0.76,-15.346180599895565,no dedicated lifecycle row,taken,1790136239731,0.76,25.0,32,0.4086,-24.7286,-24.7286
09-23,1790136900000,1790137266446,UP,1,0.79,27.83517995893714,no dedicated lifecycle row,taken,1790137266446,0.79,30.0,37,0.4297,7.340299999999998,-17.3883
09-23,1790137800000,1790138039348,UP,1,0.84,49.405544509280034,no dedicated lifecycle row,taken,1790138039348,0.84,30.0,35,0.3293,5.2707000000000015,-12.1176
09-23,1790138700000,1790138949164,UP,1,0.65,-3.81152751454672,no dedicated lifecycle row,taken,1790138949164,0.65,25.0,38,0.6052,12.694799999999999,0.5771999999999995
09-23,1790139600000,1790139841819,DOWN,1,0.926,-26.694223093820526,no dedicated lifecycle row,taken,1790139841819,0.926,25.0,26,0.1248,1.7991999999999988,2.3763999999999985
09-23,1790140500000,1790140743621,DOWN,1,0.66,-3.8826970476235623,no dedicated lifecycle row,taken,1790140743621,0.66,25.0,37,0.5812,11.998799999999997,14.375199999999996
09-23,1790141400000,1790141721449,DOWN,1,0.65,-16.352557306941186,no dedicated lifecycle row,taken,1790141721449,0.65,25.0,38,0.6052,12.694799999999999,27.069999999999993
09-23,1790142300000,1790142605903,DOWN,1,0.8,-5.1447368321544396,no dedicated lifecycle row,taken,1790142605903,0.8,25.0,31,0.3472,5.8527999999999984,32.922799999999995
09-23,1790143200000,1790143446339,UP,1,0.68,-25.218967147035976,no dedicated lifecycle row,taken,1790143446339,0.68,25.0,36,0.5484,10.971599999999999,43.89439999999999
09-23,1790144100000,1790144343379,DOWN,1,0.69,4.143465816917047,no dedicated lifecycle row,taken,1790144343379,0.69,25.0,36,0.5391,10.620900000000002,54.515299999999996
09-23,1790145000000,1790145344395,UP,1,0.67,-7.818701171378173,no dedicated lifecycle row,taken,1790145344395,0.67,25.0,37,0.5727,11.6373,66.15259999999999
09-23,1790145900000,1790146145333,DOWN,1,0.8,6.058119866210188,no dedicated lifecycle row,taken,1790146145333,0.8,25.0,31,0.3472,5.8527999999999984,72.0054
09-23,1790146800000,1790147084913,DOWN,1,0.68,-5.058553727788073,no dedicated lifecycle row,taken,1790147084913,0.68,25.0,36,0.5484,10.971599999999999,82.97699999999999
09-23,1790147700000,1790147940074,UP,1,0.7,1.9796495605683972,no dedicated lifecycle row,daily_target,,,,,,,
09-23,1790148600000,1790148846393,DOWN,1,0.78,-13.068111793682613,no dedicated lifecycle row,daily_target,,,,,,,
09-23,1790149500000,1790149791006,UP,1,0.65,-18.872946244171686,no dedicated lifecycle row,daily_target,,,,,,,
09-23,1790150400000,1790150641836,UP,1,0.68,14.131778317776345,no dedicated lifecycle row,daily_target,,,,,,,
09-23,1790151300000,1790151541410,UP,0,0.79,3.599779834204675,no dedicated lifecycle row,daily_target,,,,,,,
09-23,1790152200000,1790152450107,UP,0,0.65,-7.199288027285311,no dedicated lifecycle row,daily_target,,,,,,,
09-23,1790153100000,1790153347942,DOWN,1,0.82,-24.827986461467553,no dedicated lifecycle row,daily_target,,,,,,,
09-23,1790154000000,1790154244115,UP,1,0.65,-2.595919990089346,no dedicated lifecycle row,daily_target,,,,,,,
09-23,1790154900000,1790155263666,DOWN,1,0.66,2.195305587777696,no dedicated lifecycle row,daily_target,,,,,,,
09-23,1790155800000,1790156080758,DOWN,1,0.71,-8.016466791325172,no dedicated lifecycle row,daily_target,,,,,,,
09-23,1790156700000,1790156974198,UP,1,0.65,-4.8106213263299225,no dedicated lifecycle row,daily_target,,,,,,,
09-23,1790157600000,1790157893516,UP,0,0.67,6.878217069881121,no dedicated lifecycle row,daily_target,,,,,,,
09-23,1790158500000,1790158745146,DOWN,1,0.66,-6.751521565108165,no dedicated lifecycle row,daily_target,,,,,,,
09-23,1790159400000,1790159676352,UP,1,0.66,-5.1610431412973945,no dedicated lifecycle row,daily_target,,,,,,,
09-23,1790160300000,1790160701491,DOWN,0,0.68,6.9083742235998,no dedicated lifecycle row,daily_target,,,,,,,
09-23,1790161200000,1790161441910,DOWN,1,0.77,-3.67145192783469,no dedicated lifecycle row,daily_target,,,,,,,
09-23,1790162100000,1790162346582,DOWN,1,0.68,-15.019340953668081,no dedicated lifecycle row,daily_target,,,,,,,
09-23,1790163000000,1790163242504,UP,0,0.65,-18.16876815307955,no dedicated lifecycle row,daily_target,,,,,,,
09-23,1790163900000,1790164145773,UP,1,0.9,8.434661962850587,no dedicated lifecycle row,daily_target,,,,,,,
09-23,1790164800000,1790165048618,DOWN,1,0.74,-12.536289180041793,no dedicated lifecycle row,daily_target,,,,,,,
09-23,1790165700000,1790165944266,DOWN,1,0.83,-21.653009699141855,no dedicated lifecycle row,daily_target,,,,,,,
09-23,1790166600000,1790166871108,UP,0,0.67,22.340078798825935,no dedicated lifecycle row,daily_target,,,,,,,
09-23,1790167500000,1790167742504,UP,1,0.79,-1.9279767561675154,no dedicated lifecycle row,daily_target,,,,,,,
09-23,1790168400000,1790168647042,DOWN,1,0.77,-13.34190809338831,no dedicated lifecycle row,daily_target,,,,,,,
09-23,1790169300000,1790169548054,UP,1,0.67,-0.14151944815243844,no dedicated lifecycle row,daily_target,,,,,,,
09-23,1790170200000,1790170443579,UP,1,0.67,25.318641747007486,no dedicated lifecycle row,daily_target,,,,,,,
09-23,1790171100000,1790171347988,DOWN,1,0.87,6.517604161691004,no dedicated lifecycle row,daily_target,,,,,,,
09-23,1790172000000,1790172377838,DOWN,1,0.68,10.141214168317703,no dedicated lifecycle row,daily_target,,,,,,,
09-23,1790172900000,1790173144649,DOWN,1,0.88,-149.2674651456616,no dedicated lifecycle row,daily_target,,,,,,,
09-23,1790173800000,1790174040628,UP,1,0.75,-32.29405399254759,no dedicated lifecycle row,daily_target,,,,,,,
09-23,1790174700000,1790175071487,DOWN,0,0.75,-17.733774294342865,no dedicated lifecycle row,daily_target,,,,,,,
09-23,1790175600000,1790175933923,UP,1,0.66,25.77800141229325,no dedicated lifecycle row,daily_target,,,,,,,
09-23,1790176500000,1790176885749,DOWN,1,0.75,4.717522604500424,no dedicated lifecycle row,daily_target,,,,,,,
09-23,1790177400000,1790177639196,DOWN,1,0.74,-29.410849822307796,no dedicated lifecycle row,daily_target,,,,,,,
09-23,1790178300000,1790178547917,DOWN,1,0.69,-20.20079558351151,no dedicated lifecycle row,daily_target,,,,,,,
09-23,1790179200000,1790179440797,DOWN,0,0.83,-68.47906382417834,no dedicated lifecycle row,daily_target,,,,,,,
09-23,1790180100000,1790180473429,DOWN,1,0.74,24.766302796608297,no dedicated lifecycle row,daily_target,,,,,,,
09-23,1790181000000,1790181247123,UP,0,0.68,-6.17838679385363,no dedicated lifecycle row,daily_target,,,,,,,
09-23,1790181900000,1790182145240,DOWN,1,0.8,-35.47721027399086,no dedicated lifecycle row,daily_target,,,,,,,
09-23,1790182800000,1790183041230,DOWN,1,0.74,-5.351164588603963,no dedicated lifecycle row,daily_target,,,,,,,
09-23,1790183700000,1790183948897,UP,1,0.907,11.588858991087303,no dedicated lifecycle row,daily_target,,,,,,,
09-23,1790184600000,1790184924692,DOWN,0,0.69,1.1200753755402637,no dedicated lifecycle row,daily_target,,,,,,,
09-23,1790185500000,1790185784051,UP,1,0.7,30.45911234137222,no dedicated lifecycle row,daily_target,,,,,,,
09-23,1790186400000,1790186644476,DOWN,1,0.74,-11.545218871134022,no dedicated lifecycle row,daily_target,,,,,,,
09-23,1790187300000,1790187716097,DOWN,1,0.7,-12.413522615940531,no dedicated lifecycle row,daily_target,,,,,,,
09-23,1790188200000,1790188739319,DOWN,0,0.64,-4.223171969439665,no dedicated lifecycle row,daily_target,,,,,,,
09-23,1790189100000,1790189341355,UP,1,0.69,6.352940471028301,no dedicated lifecycle row,daily_target,,,,,,,
09-23,1790190000000,1790190246488,DOWN,0,0.71,7.1949714973151835,no dedicated lifecycle row,daily_target,,,,,,,
09-23,1790190900000,1790191142586,DOWN,0,0.74,3.929099657422608,no dedicated lifecycle row,daily_target,,,,,,,
09-23,1790191800000,1790192046814,UP,1,0.72,15.771740703227621,no dedicated lifecycle row,daily_target,,,,,,,
09-23,1790192700000,1790192945876,UP,1,0.67,6.685524640035467,no dedicated lifecycle row,daily_target,,,,,,,
09-23,1790193600000,1790193842550,DOWN,1,0.86,-15.50067424353374,no dedicated lifecycle row,daily_target,,,,,,,
09-23,1790194500000,1790194998668,DOWN,1,0.73,-3.349901460628635,no dedicated lifecycle row,daily_target,,,,,,,
09-23,1790195400000,1790195643757,UP,1,0.71,-5.2872289836625175,no dedicated lifecycle row,daily_target,,,,,,,
09-23,1790196300000,1790196540641,DOWN,1,0.82,0.007885534833995678,no dedicated lifecycle row,daily_target,,,,,,,
09-23,1790197200000,1790197447565,UP,1,0.7,-8.367889768545744,no dedicated lifecycle row,daily_target,,,,,,,
09-23,1790198100000,1790198364792,DOWN,0,0.72,7.910275092131158,no dedicated lifecycle row,daily_target,,,,,,,
09-23,1790199000000,1790199344103,UP,1,0.73,13.821434723875203,no dedicated lifecycle row,daily_target,,,,,,,
09-23,1790199900000,1790200146846,DOWN,1,0.7,3.9447374209089503,no dedicated lifecycle row,daily_target,,,,,,,
09-23,1790200800000,1790201050078,DOWN,0,0.69,-9.20367860200444,no dedicated lifecycle row,daily_target,,,,,,,
09-23,1790201700000,1790201948060,DOWN,1,0.67,19.89272047687285,no dedicated lifecycle row,daily_target,,,,,,,
09-23,1790202600000,1790202843381,DOWN,0,0.71,-14.961065232950155,no dedicated lifecycle row,daily_target,,,,,,,
09-23,1790203500000,1790203748122,UP,1,0.85,18.786042603899933,no dedicated lifecycle row,daily_target,,,,,,,
09-23,1790204400000,1790204644802,DOWN,1,0.71,-8.5508793944844,no dedicated lifecycle row,daily_target,,,,,,,
09-23,1790205300000,1790205580969,DOWN,1,0.68,-7.787110536571218,no dedicated lifecycle row,daily_target,,,,,,,
09-23,1790206200000,1790206569617,UP,0,0.69,3.6441894822680787,no dedicated lifecycle row,daily_target,,,,,,,
09-23,1790207100000,1790207347400,DOWN,1,0.69,-5.327794255948204,no dedicated lifecycle row,daily_target,,,,,,,
09-23,1790208000000,1790208248759,UP,0,0.83,4.188749001334813,no dedicated lifecycle row,daily_target,,,,,,,
09-23,1790208900000,1790209149241,UP,0,0.78,-4.491066494342055,no dedicated lifecycle row,daily_target,,,,,,,
09-23,1790209800000,1790210040494,UP,1,0.66,0.009754219756352711,no dedicated lifecycle row,daily_target,,,,,,,
09-23,1790210700000,1790210942944,DOWN,1,0.65,-11.43981281457429,no dedicated lifecycle row,daily_target,,,,,,,
09-23,1790211600000,1790211903544,DOWN,1,0.65,-1.7822465110295393,no dedicated lifecycle row,daily_target,,,,,,,
09-23,1790212500000,1790212818227,UP,0,0.68,2.2902907731059408,no dedicated lifecycle row,daily_target,,,,,,,
09-23,1790213400000,1790213664642,UP,0,0.73,8.531307623778073,no dedicated lifecycle row,daily_target,,,,,,,
09-23,1790214300000,1790214545156,DOWN,1,0.66,-21.76721735349996,no dedicated lifecycle row,daily_target,,,,,,,
09-23,1790215200000,1790215441209,DOWN,1,0.66,-7.217601231168658,no dedicated lifecycle row,daily_target,,,,,,,
09-23,1790216100000,1790216348379,UP,1,0.916,17.419692616189586,no dedicated lifecycle row,daily_target,,,,,,,
09-23,1790217000000,1790217241539,UP,1,0.81,8.902200496492263,no dedicated lifecycle row,daily_target,,,,,,,
09-23,1790217900000,1790218142471,UP,1,0.65,10.979720424839634,no dedicated lifecycle row,daily_target,,,,,,,
09-23,1790218800000,1790219040804,UP,0,0.82,10.676415718378074,no dedicated lifecycle row,daily_target,,,,,,,
09-23,1790219700000,1790220000310,DOWN,1,0.67,-21.19618051735994,no dedicated lifecycle row,daily_target,,,,,,,
09-23,1790220600000,1790220841863,DOWN,1,0.72,-34.6815912450682,no dedicated lifecycle row,daily_target,,,,,,,
09-23,1790221500000,1790221745001,DOWN,1,0.69,-1.402045297164145,no dedicated lifecycle row,daily_target,,,,,,,
09-24,1790222400000,1790222648717,DOWN,1,0.68,-12.607351091816765,no dedicated lifecycle row,taken,1790222648717,0.68,25.0,36,0.5484,10.971599999999999,10.971599999999999
09-24,1790223300000,1790223748556,UP,1,0.68,-1.0482308809967034,no dedicated lifecycle row,taken,1790223748556,0.68,25.0,36,0.5484,10.971599999999999,21.943199999999997
09-24,1790224200000,1790224674157,DOWN,1,0.77,2.3159680738693567,no dedicated lifecycle row,taken,1790224674157,0.77,25.0,32,0.3968,6.9632,28.906399999999998
09-24,1790225100000,1790225340238,DOWN,0,0.81,-10.356167835998686,no dedicated lifecycle row,taken,1790225340238,0.81,25.0,30,0.3232,-24.6232,4.283199999999997
09-24,1790226000000,1790226240838,UP,1,0.9,46.40083392360994,no dedicated lifecycle row,taken,1790226240838,0.9,30.0,33,0.2079,3.0920999999999994,7.375299999999997
09-24,1790226900000,1790227267220,DOWN,1,0.65,-10.742759490980358,no dedicated lifecycle row,taken,1790227267220,0.65,30.0,46,0.7326,15.367399999999998,22.742699999999996
09-24,1790227800000,1790228046829,DOWN,0,0.72,-5.7395984166663805,no dedicated lifecycle row,taken,1790228046829,0.72,25.0,34,0.4799,-24.9599,-2.2172000000000054
09-24,1790228700000,1790229005945,DOWN,1,0.72,6.066550033649865,no dedicated lifecycle row,taken,1790229145676,0.68,30.0,44,0.6703,13.409699999999999,11.192499999999994
09-24,1790229600000,1790229841364,DOWN,0,0.66,-26.749679061178753,no dedicated lifecycle row,taken,1790229841364,0.66,30.0,45,0.7069,-30.406900000000004,-19.214400000000012
09-24,1790230500000,1790230796862,UP,1,0.74,20.207444467095215,no dedicated lifecycle row,taken,1790230796862,0.74,30.0,40,0.5388,9.8612,-9.353200000000012
09-24,1790231400000,1790231935733,UP,1,0.52,10.487290329188603,no dedicated lifecycle row,taken,1790231935733,0.52,30.0,57,0.996,26.364,17.01079999999999
09-24,1790232300000,1790232549550,DOWN,1,0.78,-7.560480093112831,no dedicated lifecycle row,taken,1790232549550,0.78,25.0,32,0.3844,6.655599999999999,23.66639999999999
09-24,1790240400000,1790240938025,DOWN,1,0.49,,no dedicated lifecycle row,taken,1790240938025,0.49,25.0,51,0.8922,25.117800000000003,48.78419999999999
09-24,1790241300000,1790241544510,DOWN,1,0.7,-22.948540689611274,no dedicated lifecycle row,taken,1790241544510,0.7,25.0,35,0.5145,9.985500000000002,58.76969999999999
09-24,1790242200000,1790242439784,DOWN,1,0.915,-41.41923182034546,no dedicated lifecycle row,taken,1790242439784,0.915,25.0,27,0.147,2.1479999999999992,60.91769999999999
09-24,1790243100000,1790243376842,DOWN,0,0.69,8.960515168852101,no dedicated lifecycle row,taken,1790243376842,0.69,25.0,36,0.5391,-25.379099999999998,35.53859999999999
09-24,1790244000000,1790244247314,UP,0,0.79,34.178157873712145,no dedicated lifecycle row,taken,1790244247314,0.79,30.0,37,0.4297,-29.6597,5.878899999999987
09-24,1790244900000,1790245167941,UP,1,0.72,-8.22718122110655,no dedicated lifecycle row,taken,1790245167941,0.72,30.0,41,0.5786,10.9014,16.78029999999999
09-24,1790245800000,1790246295287,UP,1,0.72,4.439416282622233,no dedicated lifecycle row,taken,1790246295287,0.72,30.0,41,0.5786,10.9014,27.681699999999992
09-24,1790246700000,1790246989336,UP,1,0.74,21.512445882891917,no dedicated lifecycle row,taken,1790246989336,0.74,25.0,33,0.4445,8.1355,35.81719999999999
09-24,1790247600000,1790247850101,UP,1,0.72,22.040805112566453,no dedicated lifecycle row,taken,1790247850101,0.72,25.0,34,0.4799,9.0401,44.857299999999995
09-24,1790248500000,1790248871763,DOWN,1,0.66,-2.405025324315746,no dedicated lifecycle row,taken,1790248871763,0.66,25.0,37,0.5812,11.998799999999997,56.85609999999999
09-24,1790249400000,1790249649817,DOWN,1,0.71,-5.7862402369934784,no dedicated lifecycle row,taken,1790249649817,0.71,25.0,35,0.5045,9.645500000000002,66.5016
09-24,1790250300000,1790250724453,UP,1,0.69,-1.8073065987012082,no dedicated lifecycle row,taken,1790250724453,0.69,25.0,36,0.5391,10.620900000000002,77.1225
09-24,1790251200000,1790251444621,DOWN,0,0.74,-1.282706903470432,no dedicated lifecycle row,taken,1790251444621,0.74,25.0,33,0.4445,-24.8645,52.258
09-24,1790252100000,1790252486988,UP,1,0.67,18.020627273822587,no dedicated lifecycle row,taken,1790252486988,0.67,30.0,44,0.681,13.838999999999999,66.09700000000001
09-24,1790253000000,1790253250225,DOWN,1,0.88,-21.63773814208514,no dedicated lifecycle row,taken,1790253250225,0.88,30.0,34,0.2514,3.8286000000000002,69.9256
09-24,1790253900000,1790254232947,DOWN,0,0.67,5.822211781503217,no dedicated lifecycle row,taken,1790254232947,0.67,25.0,37,0.5727,-25.362700000000004,44.5629
09-24,1790254800000,1790255045490,UP,1,0.71,25.896936810214655,no dedicated lifecycle row,taken,1790255045490,0.71,30.0,42,0.6054,11.574600000000002,56.1375
09-24,1790255700000,1790255940244,UP,1,0.72,15.033547275435932,no dedicated lifecycle row,taken,1790255940244,0.72,30.0,41,0.5786,10.9014,67.0389
09-24,1790256600000,1790256841235,UP,1,0.88,37.99177908493378,no dedicated lifecycle row,taken,1790256841235,0.88,25.0,28,0.207,3.153,70.1919
09-24,1790257500000,1790257831801,DOWN,0,0.68,-26.41058584756495,no dedicated lifecycle row,taken,1790257831801,0.68,25.0,36,0.5484,-25.0284,45.1635
09-24,1790258400000,1790258767495,DOWN,0,0.65,32.50244079374687,no dedicated lifecycle row,taken,1790258767495,0.65,30.0,46,0.7326,-30.632600000000004,14.530899999999995
09-24,1790259300000,1790259596105,UP,1,0.69,12.142566827055834,no dedicated lifecycle row,taken,1790259596105,0.69,30.0,43,0.6439,12.686100000000001,27.217
09-24,1790260200000,1790260444677,DOWN,1,0.75,60.04762775586592,no dedicated lifecycle row,taken,1790260444677,0.75,30.0,40,0.525,9.475,36.692
09-24,1790261100000,1790261341343,DOWN,1,0.955,-85.06624323610824,no dedicated lifecycle row,taken,1790261341343,0.955,25.0,26,0.0783,1.091700000000001,37.7837
09-24,1790262000000,1790262281809,UP,1,0.71,-37.10327220900589,no dedicated lifecycle row,taken,1790262281809,0.71,25.0,35,0.5045,9.645500000000002,47.42920000000001
09-24,1790262900000,1790263149506,UP,1,0.66,44.25470425569955,no dedicated lifecycle row,taken,1790263149506,0.66,25.0,37,0.5812,11.998799999999997,59.428000000000004
09-24,1790263800000,1790264049830,UP,1,0.71,30.136396159781143,no dedicated lifecycle row,taken,1790264049830,0.71,25.0,35,0.5045,9.645500000000002,69.07350000000001
09-24,1790264700000,1790264953665,DOWN,0,0.74,16.93590202488826,no dedicated lifecycle row,taken,1790264953665,0.74,25.0,33,0.4445,-24.8645,44.20900000000001
09-24,1790265600000,1790265840419,DOWN,1,0.86,-12.310313402749129,no dedicated lifecycle row,taken,1790265840419,0.86,30.0,34,0.2866,4.473400000000001,48.68240000000001
09-24,1790266500000,1790266742254,UP,1,0.95,56.534407335187,no dedicated lifecycle row,taken,1790266742254,0.95,30.0,31,0.1031,1.4469000000000014,50.12930000000001
09-24,1790267400000,1790267646539,DOWN,1,0.86,-24.619180117455564,no dedicated lifecycle row,taken,1790267646539,0.86,25.0,29,0.2445,3.8155000000000006,53.94480000000001
09-24,1790268300000,1790268650787,DOWN,1,0.67,16.578423622535254,no dedicated lifecycle row,taken,1790268650787,0.67,25.0,37,0.5727,11.6373,65.58210000000001
09-24,1790269200000,1790269491993,DOWN,1,0.68,-22.72117778119864,no dedicated lifecycle row,taken,1790269491993,0.68,25.0,36,0.5484,10.971599999999999,76.5537
09-24,1790270100000,1790270414989,DOWN,1,0.78,-6.738207799791285,no dedicated lifecycle row,taken,1790270414989,0.78,25.0,32,0.3844,6.655599999999999,83.2093
09-24,1790271000000,1790271241528,UP,0,0.65,-5.9346289786166295,no dedicated lifecycle row,daily_target,,,,,,,
09-24,1790271900000,1790272144292,UP,0,0.69,-20.09205222937016,no dedicated lifecycle row,daily_target,,,,,,,
09-24,1790272800000,1790273039837,DOWN,0,0.87,-31.772416384601154,no dedicated lifecycle row,daily_target,,,,,,,
09-24,1790273700000,1790273940209,UP,1,0.82,51.43417270798256,no dedicated lifecycle row,daily_target,,,,,,,
09-24,1790274600000,1790274845555,DOWN,1,0.73,1.0006323282607532,no dedicated lifecycle row,daily_target,,,,,,,
09-24,1790275500000,1790275878503,UP,1,0.73,22.175416911969226,no dedicated lifecycle row,daily_target,,,,,,,
09-24,1790276400000,1790276646187,DOWN,0,0.88,-5.352807131963067,no dedicated lifecycle row,daily_target,,,,,,,
09-24,1790277300000,1790277575850,DOWN,0,0.68,29.726497271995722,no dedicated lifecycle row,daily_target,,,,,,,
09-24,1790278200000,1790278440934,DOWN,1,0.7,-0.1366830141436015,no dedicated lifecycle row,daily_target,,,,,,,
09-24,1790279100000,1790279370499,UP,0,0.67,-14.919618445563554,no dedicated lifecycle row,daily_target,,,,,,,
09-24,1790280000000,1790280362737,DOWN,1,0.66,-19.11354467563409,no dedicated lifecycle row,daily_target,,,,,,,
09-24,1790280900000,1790281255541,DOWN,1,0.65,-10.299677713803135,no dedicated lifecycle row,daily_target,,,,,,,
09-24,1790281800000,1790282228784,UP,1,0.66,2.824534169143522,no dedicated lifecycle row,daily_target,,,,,,,
09-24,1790282700000,1790282990791,UP,0,0.77,21.415770703656634,no dedicated lifecycle row,daily_target,,,,,,,
09-24,1790283600000,1790284018607,DOWN,1,0.75,-16.033591966412295,no dedicated lifecycle row,daily_target,,,,,,,
09-24,1790284500000,1790284745667,UP,1,0.77,5.834978397207813,no dedicated lifecycle row,daily_target,,,,,,,
09-24,1790285400000,1790285639454,UP,1,0.78,9.63220798757547,no dedicated lifecycle row,daily_target,,,,,,,
09-24,1790286300000,1790286552872,DOWN,1,0.7,-5.150040078336637,no dedicated lifecycle row,daily_target,,,,,,,
09-24,1790287200000,1790287576764,DOWN,1,0.81,-13.015755339972346,no dedicated lifecycle row,daily_target,,,,,,,
09-24,1790288100000,1790288346361,DOWN,1,0.87,-20.012032522813694,no dedicated lifecycle row,daily_target,,,,,,,
09-24,1790289000000,1790289243340,UP,0,0.71,-0.13629927446245915,no dedicated lifecycle row,daily_target,,,,,,,
09-24,1790289900000,1790290140290,UP,1,0.82,5.261288796452046,no dedicated lifecycle row,daily_target,,,,,,,
09-24,1790290800000,1790291049335,UP,1,0.73,10.670248926654136,no dedicated lifecycle row,daily_target,,,,,,,
09-24,1790291700000,1790291940238,UP,1,0.73,3.5515945025599294,no dedicated lifecycle row,daily_target,,,,,,,
09-24,1790292600000,1790293004104,UP,0,0.65,9.89623231261838,no dedicated lifecycle row,daily_target,,,,,,,
09-24,1790293500000,1790293761726,DOWN,1,0.65,-4.003307348338092,no dedicated lifecycle row,daily_target,,,,,,,
09-24,1790294400000,1790294644384,UP,1,0.82,7.558601291854927,no dedicated lifecycle row,daily_target,,,,,,,
09-24,1790295300000,1790295546338,DOWN,0,0.77,12.62806181828724,no dedicated lifecycle row,daily_target,,,,,,,
09-24,1790296200000,1790296442325,DOWN,1,0.75,0.1734726037261325,no dedicated lifecycle row,daily_target,,,,,,,
09-24,1790298000000,1790298246580,UP,1,0.81,10.869190822360153,no dedicated lifecycle row,daily_target,,,,,,,
09-24,1790298900000,1790299195867,DOWN,1,0.66,0.9027000980399436,no dedicated lifecycle row,daily_target,,,,,,,
09-24,1790299800000,1790300043680,DOWN,1,0.82,-32.20217152767546,no dedicated lifecycle row,daily_target,,,,,,,
09-24,1790300700000,1790300942082,UP,1,0.71,10.13752033920401,no dedicated lifecycle row,daily_target,,,,,,,
09-24,1790301600000,1790301848425,UP,1,0.89,25.031065384810702,no dedicated lifecycle row,daily_target,,,,,,,
09-24,1790302500000,1790302992366,DOWN,1,0.67,-1.635329599926072,no dedicated lifecycle row,daily_target,,,,,,,
09-24,1790303400000,1790303709849,DOWN,1,0.68,-22.29320049161654,no dedicated lifecycle row,daily_target,,,,,,,
09-24,1790304300000,1790304542558,DOWN,1,0.9,-48.6990328902992,no dedicated lifecycle row,daily_target,,,,,,,
09-24,1790305200000,1790305499980,UP,1,0.65,-12.9375446365243,no dedicated lifecycle row,daily_target,,,,,,,
09-24,1790306100000,1790306632601,UP,0,0.44,-6.247156975339729,no dedicated lifecycle row,daily_target,,,,,,,
09-24,1790307000000,1790307245886,UP,1,0.69,-5.13528238637595,no dedicated lifecycle row,daily_target,,,,,,,
09-24,1790307900000,1790308165278,DOWN,1,0.69,-0.4727956401540112,no dedicated lifecycle row,daily_target,,,,,,,
09-25,1790308800000,1790309040781,DOWN,1,0.71,-3.444052693736266,no dedicated lifecycle row,taken,1790309040781,0.71,25.0,35,0.5045,9.645500000000002,9.645500000000002
09-25,1790309700000,1790310120752,UP,1,0.67,-7.235307717086137,no dedicated lifecycle row,taken,1790310120752,0.67,25.0,37,0.5727,11.6373,21.2828
09-25,1790310600000,1790310879148,UP,1,0.71,2.824675064787563,no dedicated lifecycle row,taken,1790310879148,0.71,25.0,35,0.5045,9.645500000000002,30.928300000000004
09-25,1790311500000,1790311741370,DOWN,1,0.77,8.33916542661406,no dedicated lifecycle row,taken,1790311741370,0.77,25.0,32,0.3968,6.9632,37.8915
09-25,1790312400000,1790312656626,UP,0,0.67,3.521835889246372,no dedicated lifecycle row,taken,1790312656626,0.67,25.0,37,0.5727,-25.362700000000004,12.528799999999997
09-25,1790313300000,1790313737686,DOWN,1,0.72,-3.389795690612596,no dedicated lifecycle row,taken,1790313784495,0.83,30.0,36,0.3556,5.764400000000001,18.2932
09-25,1790314200000,1790314590928,UP,1,0.67,1.7680485797400003,no dedicated lifecycle row,taken,1790314590928,0.67,30.0,44,0.681,13.838999999999999,32.1322
09-25,1790315100000,1790315597995,DOWN,1,0.7,1.0012621474819738,no dedicated lifecycle row,taken,1790315597995,0.7,25.0,35,0.5145,9.985500000000002,42.1177
09-25,1790316000000,1790316355488,UP,0,0.65,-6.048251188980336,no dedicated lifecycle row,taken,1790316355488,0.65,25.0,38,0.6052,-25.3052,16.8125
09-25,1790316900000,1790317148359,UP,1,0.73,-9.38520165635337,no dedicated lifecycle row,taken,1790317148359,0.73,30.0,41,0.5657,10.5043,27.3168
09-25,1790317800000,1790318043673,DOWN,1,0.78,-8.410992509736426,no dedicated lifecycle row,taken,1790318043673,0.78,30.0,38,0.4565,7.903499999999999,35.2203
09-25,1790318700000,1790319096062,UP,1,0.65,-0.881492327401423,no dedicated lifecycle row,taken,1790319096062,0.65,25.0,38,0.6052,12.694799999999999,47.9151
09-25,1790319600000,1790319888594,DOWN,1,0.65,-0.71285849119751,no dedicated lifecycle row,taken,1790319888594,0.65,25.0,38,0.6052,12.694799999999999,60.6099
09-25,1790320500000,1790320739109,UP,1,0.88,-11.482733689507363,no dedicated lifecycle row,taken,1790320739109,0.88,25.0,28,0.207,3.153,63.7629
09-25,1790321400000,1790321644316,DOWN,1,0.89,-1.8229727177709876,no dedicated lifecycle row,taken,1790321644316,0.89,25.0,28,0.1919,2.8880999999999997,66.651
09-25,1790322300000,1790322549278,UP,1,0.72,5.353286064475604,no dedicated lifecycle row,taken,1790322549278,0.72,25.0,34,0.4799,9.0401,75.69109999999999
09-25,1790323200000,1790323440080,UP,1,0.84,21.339246566187686,no dedicated lifecycle row,taken,1790323440080,0.84,25.0,29,0.2729,4.367100000000001,80.0582
09-25,1790324100000,1790324346311,UP,1,0.84,8.33388025270887,no dedicated lifecycle row,daily_target,,,,,,,
09-25,1790325000000,1790325249332,DOWN,1,0.65,23.017609162914177,no dedicated lifecycle row,daily_target,,,,,,,
09-25,1790325900000,1790326141183,DOWN,0,0.65,-11.878309813455612,no dedicated lifecycle row,daily_target,,,,,,,
09-25,1790326800000,1790327046916,UP,1,0.86,22.3071889294002,no dedicated lifecycle row,daily_target,,,,,,,
09-25,1790327700000,1790328042913,DOWN,0,0.65,0.8389938602548774,no dedicated lifecycle row,daily_target,,,,,,,
09-25,1790328600000,1790328845200,DOWN,1,0.8,16.7368522297906,no dedicated lifecycle row,daily_target,,,,,,,
09-25,1790329500000,1790329890309,DOWN,1,0.69,-12.73007280991445,no dedicated lifecycle row,daily_target,,,,,,,
09-25,1790330400000,1790330647838,DOWN,1,0.94,-22.1840366995496,no dedicated lifecycle row,daily_target,,,,,,,
09-25,1790331300000,1790331548741,DOWN,0,0.7,3.97207517224496,no dedicated lifecycle row,daily_target,,,,,,,
09-25,1790332200000,1790332645572,UP,1,0.69,30.870949421692995,no dedicated lifecycle row,daily_target,,,,,,,
09-25,1790333100000,1790333540262,UP,0,0.68,9.350675961068422,no dedicated lifecycle row,daily_target,,,,,,,
09-25,1790334000000,1790334241219,UP,1,0.73,-1.5419586348053294,no dedicated lifecycle row,daily_target,,,,,,,
09-25,1790334900000,1790335142438,DOWN,1,0.7,40.903801470637546,no dedicated lifecycle row,daily_target,,,,,,,
09-25,1790335800000,1790336042470,DOWN,1,0.8,-30.62002300969202,no dedicated lifecycle row,daily_target,,,,,,,
09-25,1790336700000,1790336943802,DOWN,1,0.84,-22.86636931022712,no dedicated lifecycle row,daily_target,,,,,,,
09-25,1790337600000,1790337847158,UP,0,0.69,0.2923264580334539,no dedicated lifecycle row,daily_target,,,,,,,
09-25,1790338500000,1790338746000,DOWN,0,0.901,-77.660814760514,no dedicated lifecycle row,daily_target,,,,,,,
09-25,1790339400000,1790339640425,UP,1,0.65,53.86085335322033,no dedicated lifecycle row,daily_target,,,,,,,
09-25,1790340300000,1790340834554,DOWN,0,0.63,-12.518170556340413,no dedicated lifecycle row,daily_target,,,,,,,
09-25,1790341200000,1790341533215,UP,0,0.65,8.250876190210032,no dedicated lifecycle row,daily_target,,,,,,,
09-25,1790342100000,1790342346657,DOWN,1,0.68,-3.085103412390211,no dedicated lifecycle row,daily_target,,,,,,,
09-25,1790343000000,1790343248821,DOWN,1,0.7,-56.191187981643466,no dedicated lifecycle row,daily_target,,,,,,,
09-25,1790343900000,1790344140016,DOWN,0,0.74,-23.214168649732247,no dedicated lifecycle row,daily_target,,,,,,,
09-25,1790344800000,1790345049147,DOWN,1,0.903,-23.72276243393201,no dedicated lifecycle row,daily_target,,,,,,,
09-25,1790345700000,1790346003966,UP,1,0.66,25.41402774306256,no dedicated lifecycle row,daily_target,,,,,,,
09-25,1790346600000,1790346847120,UP,1,0.78,34.16572317342714,no dedicated lifecycle row,daily_target,,,,,,,
09-25,1790347500000,1790347740475,UP,1,0.67,-4.378451219374524,no dedicated lifecycle row,daily_target,,,,,,,
09-25,1790348400000,1790348648889,DOWN,1,0.74,11.271627388800276,no dedicated lifecycle row,daily_target,,,,,,,
09-25,1790349300000,1790349539480,DOWN,1,0.65,0.9132443062243034,no dedicated lifecycle row,daily_target,,,,,,,
09-25,1790350200000,1790350668577,DOWN,1,0.69,-22.250094464152383,no dedicated lifecycle row,daily_target,,,,,,,
09-25,1790351100000,1790351395724,DOWN,0,0.65,-40.537711783377176,no dedicated lifecycle row,daily_target,,,,,,,
09-25,1790352000000,1790352248526,UP,1,0.86,60.93767717280541,no dedicated lifecycle row,daily_target,,,,,,,
09-25,1790352900000,1790353207016,UP,1,0.66,9.513375509622168,no dedicated lifecycle row,daily_target,,,,,,,
09-25,1790353800000,1790354050736,DOWN,1,0.71,-5.920047142174978,no dedicated lifecycle row,daily_target,,,,,,,
09-25,1790354700000,1790354946236,DOWN,1,0.911,-27.62093542652888,no dedicated lifecycle row,daily_target,,,,,,,
09-25,1790355600000,1790355840372,UP,1,0.89,14.29450231720919,no dedicated lifecycle row,daily_target,,,,,,,
09-25,1790356500000,1790356858046,DOWN,1,0.66,0.45522295888833497,no dedicated lifecycle row,daily_target,,,,,,,
09-25,1790357400000,1790357642844,UP,1,0.7,-19.419994663996132,no dedicated lifecycle row,daily_target,,,,,,,
09-25,1790358300000,1790358544394,DOWN,1,0.71,-2.2539892434958464,no dedicated lifecycle row,daily_target,,,,,,,
09-25,1790359200000,1790359453941,UP,1,0.77,8.526036046712093,no dedicated lifecycle row,daily_target,,,,,,,
09-25,1790360100000,1790360370876,UP,0,0.65,23.05037878720162,no dedicated lifecycle row,daily_target,,,,,,,
09-25,1790361000000,1790361241367,UP,1,0.66,-5.537115135694215,no dedicated lifecycle row,daily_target,,,,,,,
09-25,1790361900000,1790362149605,DOWN,1,0.68,-3.7221431548106754,no dedicated lifecycle row,daily_target,,,,,,,
09-25,1790362800000,1790363260558,UP,1,0.75,,no dedicated lifecycle row,daily_target,,,,,,,
09-25,1790363700000,1790363946058,DOWN,1,0.69,6.354035415172543,no dedicated lifecycle row,daily_target,,,,,,,
09-25,1790364600000,1790365034619,UP,0,0.68,-0.8931809224743681,no dedicated lifecycle row,daily_target,,,,,,,
09-25,1790365500000,1790365834054,UP,1,0.68,1.0883745187850735,no dedicated lifecycle row,daily_target,,,,,,,
09-25,1790366400000,1790366685788,DOWN,1,0.8,-3.892188215719461,no dedicated lifecycle row,daily_target,,,,,,,
09-25,1790367300000,1790367539631,UP,1,0.72,2.2344107931071555,no dedicated lifecycle row,daily_target,,,,,,,
09-25,1790368200000,1790368730008,UP,1,0.44,5.14389149176564,no dedicated lifecycle row,daily_target,,,,,,,
09-25,1790369100000,1790369355608,DOWN,1,0.65,0.5265497620920989,no dedicated lifecycle row,daily_target,,,,,,,
09-25,1790370000000,1790370248880,DOWN,1,0.65,-24.319382904439692,no dedicated lifecycle row,daily_target,,,,,,,
09-25,1790370900000,1790371148932,DOWN,0,0.67,-26.624002266381062,no dedicated lifecycle row,daily_target,,,,,,,
09-25,1790371800000,1790372097524,UP,1,0.66,16.93918356168611,no dedicated lifecycle row,daily_target,,,,,,,
09-25,1790372700000,1790372958444,UP,0,0.71,6.182531940872593,no dedicated lifecycle row,daily_target,,,,,,,
09-25,1790373600000,1790373848612,UP,1,0.78,-0.02449644758484304,no dedicated lifecycle row,daily_target,,,,,,,
09-25,1790374500000,1790374747433,UP,0,0.67,15.351125108384878,no dedicated lifecycle row,daily_target,,,,,,,
09-25,1790375400000,1790375649581,UP,1,0.87,5.492970636389316,no dedicated lifecycle row,daily_target,,,,,,,
09-25,1790376300000,1790376555412,DOWN,0,0.65,8.638075992004612,no dedicated lifecycle row,daily_target,,,,,,,
09-25,1790377200000,1790377530735,UP,0,0.66,3.903319099576308,no dedicated lifecycle row,daily_target,,,,,,,
09-25,1790378100000,1790378535052,UP,1,0.66,-2.5524565354717588,no dedicated lifecycle row,daily_target,,,,,,,
09-25,1790379000000,1790379532029,DOWN,1,0.5,1.3174390951564696,no dedicated lifecycle row,daily_target,,,,,,,
09-25,1790380800000,1790381039264,DOWN,1,0.68,-1.2866580579606879,no dedicated lifecycle row,daily_target,,,,,,,
09-25,1790381700000,1790381988899,DOWN,1,0.69,-1.1205555477866724,no dedicated lifecycle row,daily_target,,,,,,,
09-25,1790382600000,1790382843058,DOWN,1,0.76,-24.7283920132646,no dedicated lifecycle row,daily_target,,,,,,,
09-25,1790383500000,1790383835046,UP,0,0.69,9.821337200217606,no dedicated lifecycle row,daily_target,,,,,,,
09-25,1790384400000,1790384642441,UP,1,0.83,8.220334715642874,no dedicated lifecycle row,daily_target,,,,,,,
09-25,1790385300000,1790385541888,UP,1,0.65,-1.5768749308120444,no dedicated lifecycle row,daily_target,,,,,,,
09-25,1790386200000,1790386538214,UP,1,0.67,1.0892968748676957,no dedicated lifecycle row,daily_target,,,,,,,
09-25,1790387100000,1790387580787,UP,1,0.7,7.943960867944355,no dedicated lifecycle row,daily_target,,,,,,,
09-25,1790388000000,1790388241083,DOWN,0,0.67,-2.452390726144227,no dedicated lifecycle row,daily_target,,,,,,,
09-25,1790388900000,1790389295883,DOWN,1,0.72,7.0807638788417115,no dedicated lifecycle row,daily_target,,,,,,,
09-25,1790389800000,1790390252441,DOWN,1,0.73,-4.989675631996704,no dedicated lifecycle row,daily_target,,,,,,,
09-25,1790390700000,1790390951943,UP,0,0.67,1.2768890409819988,no dedicated lifecycle row,daily_target,,,,,,,
09-25,1790391600000,1790392137008,DOWN,1,0.61,-3.3127063350557595,no dedicated lifecycle row,daily_target,,,,,,,
09-25,1790392500000,1790392919086,UP,1,0.66,-8.31769220354106,no dedicated lifecycle row,daily_target,,,,,,,
09-25,1790393400000,1790393721749,DOWN,1,0.7,8.81353907484117,no dedicated lifecycle row,daily_target,,,,,,,
09-25,1790394300000,1790394743742,DOWN,1,0.66,-4.407674798686534,no dedicated lifecycle row,daily_target,,,,,,,
09-26,1790395200000,1790395439885,UP,1,0.82,4.761340979999584,no dedicated lifecycle row,taken,1790395439885,0.82,25.0,30,0.31,5.090000000000002,5.090000000000002
09-26,1790396100000,1790396345307,UP,0,0.84,2.748938959133973,no dedicated lifecycle row,taken,1790396345307,0.84,25.0,29,0.2729,-24.6329,-19.542899999999996
09-26,1790397000000,1790397404839,UP,1,0.66,-14.356968473225873,no dedicated lifecycle row,no_cushion,,,,,,,
09-26,1790397900000,1790398327505,UP,1,0.66,8.104485869597777,no dedicated lifecycle row,no_cushion,,,,,,,
09-26,1790398800000,1790399229218,UP,0,0.69,0.3612921569873251,no dedicated lifecycle row,no_cushion,,,,,,,
09-26,1790399700000,1790399943220,DOWN,1,0.79,-7.0160108195382875,no dedicated lifecycle row,taken,1790399955488,0.79,30.0,37,0.4297,7.340299999999998,-12.202599999999997
09-26,1790400600000,1790400847575,DOWN,0,0.68,-3.1390784935614313,no dedicated lifecycle row,taken,1790400847575,0.68,30.0,44,0.6703,-30.590300000000003,-42.7929
09-26,1790401500000,1790401746919,UP,0,0.67,8.64526771377161,no dedicated lifecycle row,no_cushion,,,,,,,
09-26,1790402400000,1790402676864,DOWN,1,0.65,-8.200762061535416,no dedicated lifecycle row,no_cushion,,,,,,,
09-26,1790403300000,1790403765307,UP,1,0.65,-2.7128047003099898,no dedicated lifecycle row,no_cushion,,,,,,,
09-26,1790404200000,1790404448659,UP,0,0.65,8.815531740218319,no dedicated lifecycle row,no_cushion,,,,,,,
09-26,1790405100000,1790405341173,UP,0,0.68,-3.3014732027392135,no dedicated lifecycle row,no_cushion,,,,,,,
09-26,1790406000000,1790406247130,UP,1,0.82,0.8486422380582503,no dedicated lifecycle row,taken,1790406247130,0.82,30.0,36,0.372,6.108000000000002,-36.6849
09-26,1790406900000,1790407436277,UP,1,0.62,1.3727905764349124,no dedicated lifecycle row,taken,1790407436277,0.62,30.0,48,0.7917,17.448300000000003,-19.236599999999996
09-26,1790407800000,1790408328040,UP,1,0.72,0.1805447192992915,no dedicated lifecycle row,taken,1790408328040,0.72,25.0,34,0.4799,9.0401,-10.196499999999995
09-26,1790408700000,1790408942330,UP,1,0.77,6.977670090622112,no dedicated lifecycle row,taken,1790408942330,0.77,25.0,32,0.3968,6.9632,-3.2332999999999954
09-26,1790409600000,1790409846834,DOWN,1,0.77,-0.24106440255744488,no dedicated lifecycle row,taken,1790409846834,0.77,25.0,32,0.3968,6.9632,3.729900000000004
09-26,1790410500000,1790410896940,DOWN,0,0.68,-1.4590200350383942,no dedicated lifecycle row,taken,1790410896940,0.68,25.0,36,0.5484,-25.0284,-21.298499999999997
09-26,1790411400000,1790411648376,UP,1,0.946,22.54499682954547,no dedicated lifecycle row,taken,1790411648376,0.946,30.0,31,0.1109,1.5631000000000015,-19.735399999999995
09-26,1790412300000,1790412547519,DOWN,1,0.77,1.2587811825737205,no dedicated lifecycle row,taken,1790412547519,0.77,30.0,38,0.4711,8.268899999999999,-11.466499999999996
09-26,1790413200000,1790413730954,DOWN,1,0.55,-1.6580573865476733,no dedicated lifecycle row,taken,1790413730954,0.55,25.0,45,0.7797,19.470299999999998,8.003800000000002
09-26,1790414100000,1790414345959,DOWN,0,0.69,-28.40657660096335,no dedicated lifecycle row,taken,1790414345959,0.69,25.0,36,0.5391,-25.379099999999998,-17.375299999999996
09-26,1790415000000,1790415380488,UP,0,0.68,3.639200894622885,no dedicated lifecycle row,no_cushion,,,,,,,
09-26,1790415900000,1790416435534,UP,0,0.51,-1.476417755517101,no dedicated lifecycle row,no_cushion,,,,,,,
09-26,1790416800000,1790417046282,UP,1,0.79,6.279586794153413,no dedicated lifecycle row,taken,1790417046282,0.79,30.0,37,0.4297,7.340299999999998,-10.034999999999997
09-26,1790417700000,1790417949453,UP,1,0.77,8.998292443249678,no dedicated lifecycle row,taken,1790417949453,0.77,30.0,38,0.4711,8.268899999999999,-1.766099999999998
09-26,1790418600000,1790418882669,DOWN,0,0.68,-1.9655718537903155,no dedicated lifecycle row,taken,1790418882669,0.68,25.0,36,0.5484,-25.0284,-26.7945
09-26,1790419500000,1790419880535,UP,1,0.7,3.5301704796952826,no dedicated lifecycle row,no_cushion,,,,,,,
09-26,1790420400000,1790420741237,DOWN,0,0.8,0.18431239353633444,no dedicated lifecycle row,no_cushion,,,,,,,
09-26,1790421300000,1790421548881,UP,0,0.67,2.9157372702437456,no dedicated lifecycle row,no_cushion,,,,,,,
09-26,1790422200000,1790422561048,UP,1,0.73,-1.2395070779935846,no dedicated lifecycle row,no_cushion,,,,,,,
09-26,1790423100000,1790423605013,UP,1,0.67,-0.6780677776485611,no dedicated lifecycle row,no_cushion,,,,,,,
09-26,1790424000000,1790424243868,DOWN,1,0.86,-2.667895792139996,no dedicated lifecycle row,taken,1790424269179,0.89,30.0,33,0.2262,3.4037999999999995,-23.3907
09-26,1790424900000,1790425142806,UP,0,0.79,4.7339947040270225,no dedicated lifecycle row,taken,1790425142806,0.79,30.0,37,0.4297,-29.6597,-53.050399999999996
09-26,1790425800000,1790426051334,UP,0,0.67,-8.97790220012018,no dedicated lifecycle row,no_cushion,,,,,,,
09-26,1790426700000,1790426943231,UP,1,0.68,-4.808821416240061,no dedicated lifecycle row,no_cushion,,,,,,,
09-26,1790427600000,1790427939647,UP,0,0.68,0.19719501099579873,no dedicated lifecycle row,taken,1790428034220,0.88,30.0,34,0.2514,-30.171400000000002,-83.2218
09-26,1790428500000,1790428986192,DOWN,1,0.76,-16.55079079383559,no dedicated lifecycle row,taken,1790429092299,0.81,30.0,37,0.3987,6.631299999999998,-76.5905
09-26,1790429400000,1790429936889,UP,1,0.71,,no dedicated lifecycle row,taken,1790429936889,0.71,30.0,42,0.6054,11.574600000000002,-65.0159
09-26,1790430300000,1790430550083,UP,1,0.71,5.242452303131362,no dedicated lifecycle row,taken,1790430550083,0.71,25.0,35,0.5045,9.645500000000002,-55.370400000000004
09-26,1790431200000,1790431494882,UP,1,0.72,-1.2447695230410893,no dedicated lifecycle row,taken,1790431494882,0.72,25.0,34,0.4799,9.0401,-46.3303
09-26,1790432100000,1790432490004,UP,1,0.72,4.309463885456832,no dedicated lifecycle row,taken,1790432490004,0.72,25.0,34,0.4799,9.0401,-37.2902
09-26,1790433000000,1790433244936,UP,1,0.83,7.026945027195364,no dedicated lifecycle row,taken,1790433244936,0.83,25.0,30,0.2964,4.803600000000001,-32.486599999999996
09-26,1790433900000,1790434219805,UP,1,0.65,2.3464037617171307,no dedicated lifecycle row,taken,1790434219805,0.65,25.0,38,0.6052,12.694799999999999,-19.791799999999995
09-26,1790434800000,1790435111769,UP,1,0.67,1.413906132006204,no dedicated lifecycle row,taken,1790435111769,0.67,25.0,37,0.5727,11.6373,-8.154499999999995
09-26,1790435700000,1790436041448,UP,1,0.68,-0.12904038670269458,no dedicated lifecycle row,taken,1790436041448,0.68,25.0,36,0.5484,10.971599999999999,2.8171000000000035
09-26,1790436600000,1790436848760,UP,1,0.86,12.887075376568635,no dedicated lifecycle row,taken,1790436848760,0.86,25.0,29,0.2445,3.8155000000000006,6.632600000000004
09-26,1790437500000,1790437749067,DOWN,0,0.66,-5.7247096471335635,no dedicated lifecycle row,taken,1790437749067,0.66,25.0,37,0.5812,-25.0012,-18.368599999999997
09-26,1790438400000,1790438869465,DOWN,1,0.66,5.322758596248978,no dedicated lifecycle row,no_cushion,,,,,,,
09-26,1790439300000,1790439668865,DOWN,1,0.69,-2.9484441162686004,no dedicated lifecycle row,no_cushion,,,,,,,
09-26,1790440200000,1790440442114,UP,1,0.77,2.638819750109267,no dedicated lifecycle row,taken,1790440442114,0.77,30.0,38,0.4711,8.268899999999999,-10.099699999999999
09-26,1790441100000,1790441347146,DOWN,1,0.67,-2.1781052881697516,no dedicated lifecycle row,taken,1790441347146,0.67,30.0,44,0.681,13.838999999999999,3.7393
09-26,1790442000000,1790442240541,DOWN,1,0.69,-4.59550148578125,no dedicated lifecycle row,taken,1790442240541,0.69,25.0,36,0.5391,10.620900000000002,14.360200000000003
09-26,1790442900000,1790443152988,DOWN,1,0.69,-3.032350174893006,no dedicated lifecycle row,taken,1790443152988,0.69,25.0,36,0.5391,10.620900000000002,24.981100000000005
09-26,1790443800000,1790444101901,DOWN,0,0.66,-1.0521887149272935,no dedicated lifecycle row,taken,1790444101901,0.66,25.0,37,0.5812,-25.0012,-0.020099999999995788
09-26,1790444700000,1790444941923,UP,1,0.75,7.1821917764358645,no dedicated lifecycle row,no_cushion,,,,,,,
09-26,1790445600000,1790445840264,UP,0,0.66,2.389828794495674,no dedicated lifecycle row,no_cushion,,,,,,,
09-26,1790446500000,1790446744706,DOWN,1,0.66,-6.513148308088246,no dedicated lifecycle row,no_cushion,,,,,,,
09-26,1790447400000,1790447804606,DOWN,1,0.65,-2.551306393741015,no dedicated lifecycle row,no_cushion,,,,,,,
09-26,1790448300000,1790448543819,DOWN,1,0.65,-7.5004250790000615,no dedicated lifecycle row,no_cushion,,,,,,,
09-26,1790449200000,1790449439905,UP,1,0.73,5.359163622431495,no dedicated lifecycle row,no_cushion,,,,,,,
09-26,1790450100000,1790450637093,UP,1,0.58,0.9249138895728315,no dedicated lifecycle row,no_cushion,,,,,,,
09-26,1790451000000,1790451241635,DOWN,1,0.67,-0.6149592909210355,no dedicated lifecycle row,taken,1790451502405,0.959,30.0,31,0.0854,1.1856000000000013,1.1655000000000055
09-26,1790451900000,1790452145732,UP,1,0.68,-0.14096878994229733,no dedicated lifecycle row,taken,1790452145732,0.68,30.0,44,0.6703,13.409699999999999,14.575200000000004
09-26,1790452800000,1790453042206,UP,0,0.79,2.2681487769982134,no dedicated lifecycle row,taken,1790453042206,0.79,25.0,31,0.3601,-24.8501,-10.274899999999997
09-26,1790453700000,1790453948699,UP,1,0.79,0.28017426727311445,no dedicated lifecycle row,taken,1790454323438,0.979,30.0,30,0.0432,0.5868000000000005,-9.688099999999997
09-26,1790454600000,1790454870798,UP,0,0.65,5.831364855495291,no dedicated lifecycle row,taken,1790454870798,0.65,30.0,46,0.7326,-30.632600000000004,-40.3207
09-26,1790455500000,1790455886147,UP,1,0.79,-20.750559523204927,no dedicated lifecycle row,taken,1790455912043,0.79,30.0,37,0.4297,7.340299999999998,-32.9804
09-26,1790456400000,1790456678815,UP,1,0.82,25.641317236761996,no dedicated lifecycle row,taken,1790456678815,0.82,30.0,36,0.372,6.108000000000002,-26.8724
09-26,1790457300000,1790457539910,UP,1,0.69,11.505137451646164,no dedicated lifecycle row,taken,1790457539910,0.69,25.0,36,0.5391,10.620900000000002,-16.251499999999997
09-26,1790458200000,1790458475474,UP,0,0.66,7.19230504664603,no dedicated lifecycle row,taken,1790458475474,0.66,25.0,37,0.5812,-25.0012,-41.2527
09-26,1790459100000,1790459465586,DOWN,1,0.74,-10.646663249943566,no dedicated lifecycle row,taken,1790459735974,0.932,30.0,32,0.142,2.0339999999999985,-39.2187
09-26,1790460000000,1790460244820,UP,1,0.77,4.581192570611847,no dedicated lifecycle row,taken,1790460244820,0.77,30.0,38,0.4711,8.268899999999999,-30.9498
09-26,1790460900000,1790461141742,DOWN,0,0.67,12.493352081492937,no dedicated lifecycle row,taken,1790461141742,0.67,25.0,37,0.5727,-25.362700000000004,-56.3125
09-26,1790461800000,1790462048834,DOWN,1,0.79,-0.6474787692845041,no dedicated lifecycle row,taken,1790462048834,0.79,30.0,37,0.4297,7.340299999999998,-48.9722
09-26,1790462700000,1790463100311,UP,0,0.8,3.5009146775166755,no dedicated lifecycle row,taken,1790463100311,0.8,30.0,37,0.4144,-30.014400000000002,-78.98660000000001
09-26,1790463600000,1790463842980,UP,1,0.87,8.94830549145853,no dedicated lifecycle row,taken,1790463842980,0.87,30.0,34,0.2692,4.1508,-74.8358
09-26,1790464500000,1790464818340,UP,1,0.75,3.301567843383424,no dedicated lifecycle row,taken,1790464818340,0.75,30.0,40,0.525,9.475,-65.36080000000001
09-26,1790465400000,1790465647964,UP,0,0.68,2.53777848370218,no dedicated lifecycle row,taken,1790465647964,0.68,25.0,36,0.5484,-25.0284,-90.38920000000002
09-26,1790466300000,1790466542233,UP,1,0.76,3.0410207300413106,no dedicated lifecycle row,taken,1790466542233,0.76,30.0,39,0.498,8.862,-81.52720000000002
09-26,1790467200000,1790467439565,DOWN,1,0.79,-6.091313619493999,no dedicated lifecycle row,taken,1790467439565,0.79,30.0,37,0.4297,7.340299999999998,-74.18690000000002
09-26,1790468100000,1790468349833,DOWN,1,0.7,-7.901486871629837,no dedicated lifecycle row,taken,1790468349833,0.7,25.0,35,0.5145,9.985500000000002,-64.20140000000002
09-26,1790469000000,1790469240315,UP,1,0.87,0.856269862694603,no dedicated lifecycle row,taken,1790469240315,0.87,25.0,28,0.2217,3.4183000000000003,-60.78310000000002
09-26,1790469900000,1790470227768,DOWN,1,0.73,-3.600791028728345,no dedicated lifecycle row,taken,1790470227768,0.73,25.0,34,0.4691,8.7109,-52.07220000000002
09-26,1790470800000,1790471120689,DOWN,0,0.65,-3.9957301339499374,no dedicated lifecycle row,taken,1790471120689,0.65,25.0,38,0.6052,-25.3052,-77.37740000000002
09-26,1790471700000,1790471944399,DOWN,1,0.66,8.702693573765519,no dedicated lifecycle row,no_cushion,,,,,,,
09-26,1790472600000,1790472854630,DOWN,0,0.7,-4.697862472667902,no dedicated lifecycle row,no_cushion,,,,,,,
09-26,1790473500000,1790473742858,UP,1,0.8,13.96039058237264,no dedicated lifecycle row,taken,1790473742858,0.8,30.0,37,0.4144,6.985599999999999,-70.39180000000002
09-26,1790474400000,1790474642045,DOWN,1,0.66,0.8633281152814476,no dedicated lifecycle row,taken,1790474642045,0.66,30.0,45,0.7069,14.5931,-55.79870000000002
09-26,1790475300000,1790475613673,UP,1,0.74,3.370282796339996,no dedicated lifecycle row,taken,1790475613673,0.74,25.0,33,0.4445,8.1355,-47.66320000000002
09-26,1790476200000,1790476710680,DOWN,1,0.67,-3.11437651228208,no dedicated lifecycle row,taken,1790476710680,0.67,25.0,37,0.5727,11.6373,-36.02590000000002
09-26,1790477100000,1790477343395,DOWN,1,0.71,-6.857208077295507,no dedicated lifecycle row,taken,1790477343395,0.71,25.0,35,0.5045,9.645500000000002,-26.38040000000002
09-26,1790478000000,1790478243749,UP,1,0.75,1.799211373627596,no dedicated lifecycle row,taken,1790478243749,0.75,25.0,33,0.4332,7.8168,-18.56360000000002
09-26,1790478900000,1790479147558,DOWN,1,0.69,-2.441614620308785,no dedicated lifecycle row,taken,1790479147558,0.69,25.0,36,0.5391,10.620900000000002,-7.942700000000016
09-26,1790479800000,1790480042731,UP,1,0.88,-4.42529138860448,no dedicated lifecycle row,taken,1790480042731,0.88,25.0,28,0.207,3.153,-4.789700000000016
09-26,1790480700000,1790480961505,DOWN,1,0.67,-4.6030596604851315,no dedicated lifecycle row,taken,1790480961505,0.67,25.0,37,0.5727,11.6373,6.847599999999984
09-27,1790481600000,1790481849074,DOWN,0,0.66,-1.5222255897962,no dedicated lifecycle row,taken,1790481849074,0.66,25.0,37,0.5812,-25.0012,-25.0012
09-27,1790482500000,1790482740508,DOWN,1,0.74,8.318341859645528,no dedicated lifecycle row,no_cushion,,,,,,,
09-27,1790483400000,1790483642944,DOWN,1,0.905,-11.918155127444985,no dedicated lifecycle row,taken,1790483642944,0.905,30.0,33,0.1987,2.936299999999999,-22.0649
09-27,1790484300000,1790484545653,UP,1,0.75,-1.119025864807499,no dedicated lifecycle row,taken,1790484545653,0.75,30.0,40,0.525,9.475,-12.589900000000002
09-27,1790485200000,1790485439854,UP,1,0.81,2.517442720024743,no dedicated lifecycle row,taken,1790485439854,0.81,25.0,30,0.3232,5.3767999999999985,-7.213100000000003
09-27,1790486100000,1790486346115,UP,1,0.72,3.6393519719135625,no dedicated lifecycle row,taken,1790486346115,0.72,25.0,34,0.4799,9.0401,1.8269999999999973
09-27,1790487000000,1790487243352,UP,1,0.87,6.186222853241663,no dedicated lifecycle row,taken,1790487243352,0.87,25.0,28,0.2217,3.4183000000000003,5.245299999999998
09-27,1790487900000,1790488263566,DOWN,1,0.67,7.433235712404063,no dedicated lifecycle row,taken,1790488263566,0.67,25.0,37,0.5727,11.6373,16.882599999999996
09-27,1790488800000,1790489135079,UP,1,0.68,-3.338706717791462,no dedicated lifecycle row,taken,1790489135079,0.68,25.0,36,0.5484,10.971599999999999,27.854199999999995
09-27,1790489700000,1790489953052,DOWN,0,0.68,9.269490254877333,no dedicated lifecycle row,taken,1790489953052,0.68,25.0,36,0.5484,-25.0284,2.825799999999994
09-27,1790490600000,1790490849696,DOWN,1,0.88,-6.132167919503662,no dedicated lifecycle row,taken,1790490849696,0.88,30.0,34,0.2514,3.8286000000000002,6.654399999999994
09-27,1790491500000,1790491744444,UP,1,0.7,0.8872592033704052,no dedicated lifecycle row,taken,1790491744444,0.7,30.0,42,0.6174,11.982600000000001,18.636999999999993
09-27,1790492400000,1790492662214,UP,1,0.66,-0.07670315909868997,no dedicated lifecycle row,taken,1790492662214,0.66,25.0,37,0.5812,11.998799999999997,30.63579999999999
09-27,1790493300000,1790493572405,DOWN,0,0.72,-2.7885385729076173,no dedicated lifecycle row,taken,1790493572405,0.72,25.0,34,0.4799,-24.9599,5.675899999999988
09-27,1790494200000,1790494443197,UP,1,0.78,5.535980272419749,no dedicated lifecycle row,taken,1790494492872,0.8,30.0,37,0.4144,6.985599999999999,12.661499999999986
09-27,1790495100000,1790495414525,UP,1,0.79,8.361334090372097,no dedicated lifecycle row,taken,1790495414525,0.79,30.0,37,0.4297,7.340299999999998,20.001799999999985
09-27,1790496000000,1790496292089,UP,1,0.7,21.805607356357726,no dedicated lifecycle row,taken,1790496292089,0.7,25.0,35,0.5145,9.985500000000002,29.987299999999987
09-27,1790496900000,1790497287357,UP,1,0.74,0.016250713923415816,no dedicated lifecycle row,taken,1790497287357,0.74,25.0,33,0.4445,8.1355,38.122799999999984
09-27,1790497800000,1790498047654,UP,0,0.67,5.732278680254943,no dedicated lifecycle row,taken,1790498047654,0.67,25.0,37,0.5727,-25.362700000000004,12.76009999999998
09-27,1790498700000,1790498944007,UP,1,0.74,-15.754069570523832,no dedicated lifecycle row,taken,1790499144627,0.83,30.0,36,0.3556,5.764400000000001,18.524499999999982
09-27,1790499600000,1790499845338,DOWN,1,0.81,0.012668433853058048,no dedicated lifecycle row,taken,1790499845338,0.81,30.0,37,0.3987,6.631299999999998,25.155799999999978
09-27,1790500500000,1790500963102,DOWN,0,0.65,-2.2336707911374543,no dedicated lifecycle row,taken,1790500963102,0.65,25.0,38,0.6052,-25.3052,-0.1494000000000213
09-27,1790501400000,1790501644641,UP,1,0.75,10.59942911079359,no dedicated lifecycle row,taken,1790501644641,0.75,30.0,40,0.525,9.475,9.325599999999978
09-27,1790502300000,1790502546882,UP,1,0.916,16.87744178390238,no dedicated lifecycle row,taken,1790502546882,0.916,30.0,32,0.1724,2.5155999999999987,11.841199999999978
09-27,1790503200000,1790503678007,UP,1,0.65,-0.25169084077236725,no dedicated lifecycle row,taken,1790503678007,0.65,25.0,38,0.6052,12.694799999999999,24.535999999999976
09-27,1790504100000,1790504379852,DOWN,1,0.72,11.108927624610132,no dedicated lifecycle row,taken,1790504379852,0.72,25.0,34,0.4799,9.0401,33.576099999999975
09-27,1790505000000,1790505242125,DOWN,1,0.66,-15.536055752751743,no dedicated lifecycle row,taken,1790505242125,0.66,25.0,37,0.5812,11.998799999999997,45.57489999999997
09-27,1790505900000,1790506196627,UP,1,0.8,-3.2767120706622688,no dedicated lifecycle row,taken,1790506196627,0.8,25.0,31,0.3472,5.8527999999999984,51.42769999999997
09-27,1790506800000,1790507156958,UP,1,0.72,1.519499166224847,no dedicated lifecycle row,taken,1790507156958,0.72,25.0,34,0.4799,9.0401,60.467799999999976
09-27,1790507700000,1790507944403,DOWN,1,0.82,-2.4150995273120035,no dedicated lifecycle row,taken,1790507944403,0.82,25.0,30,0.31,5.090000000000002,65.55779999999997
09-27,1790508600000,1790508840692,DOWN,1,0.81,1.0353071441215889,no dedicated lifecycle row,taken,1790508840692,0.81,25.0,30,0.3232,5.3767999999999985,70.93459999999997
09-27,1790509500000,1790509740714,DOWN,1,0.76,-0.47672545632981844,no dedicated lifecycle row,taken,1790509740714,0.76,25.0,32,0.4086,7.2714,78.20599999999997
09-27,1790510400000,1790510641571,UP,1,0.78,10.039604513323308,no dedicated lifecycle row,taken,1790510641571,0.78,25.0,32,0.3844,6.655599999999999,84.86159999999997
09-27,1790511300000,1790511831028,DOWN,1,0.65,3.7362680084029876,no dedicated lifecycle row,daily_target,,,,,,,
09-27,1790512200000,1790512496168,UP,1,0.66,-3.1619750948874703,no dedicated lifecycle row,daily_target,,,,,,,
09-27,1790513100000,1790513349408,DOWN,1,0.75,-1.3973654845533812,no dedicated lifecycle row,daily_target,,,,,,,
09-27,1790514000000,1790514242173,DOWN,1,0.78,-23.258988535000967,no dedicated lifecycle row,daily_target,,,,,,,
09-27,1790514900000,1790515145028,UP,1,0.79,-1.5717941516857348,no dedicated lifecycle row,daily_target,,,,,,,
09-27,1790515800000,1790516041920,UP,0,0.88,37.37172352090256,no dedicated lifecycle row,daily_target,,,,,,,
09-27,1790516700000,1790516944893,UP,1,0.84,-20.979665819707005,no dedicated lifecycle row,daily_target,,,,,,,
09-27,1790517600000,1790517848997,DOWN,1,0.85,6.82823067680971,no dedicated lifecycle row,daily_target,,,,,,,
09-27,1790518500000,1790518769856,DOWN,1,0.71,4.500044560673544,no dedicated lifecycle row,daily_target,,,,,,,
09-27,1790519400000,1790519650043,UP,1,0.7,-26.422254858163853,no dedicated lifecycle row,daily_target,,,,,,,
09-27,1790520300000,1790520544308,DOWN,1,0.946,-26.147538426869453,no dedicated lifecycle row,daily_target,,,,,,,
09-27,1790521200000,1790521486624,DOWN,1,0.66,-0.7052864639611744,no dedicated lifecycle row,daily_target,,,,,,,
09-27,1790522100000,1790522345359,UP,1,0.82,5.0152277671267065,no dedicated lifecycle row,daily_target,,,,,,,
09-27,1790523000000,1790523245933,DOWN,1,0.67,0.003666065451213285,no dedicated lifecycle row,daily_target,,,,,,,
09-27,1790523900000,1790524143449,UP,1,0.67,-10.44339127745375,no dedicated lifecycle row,daily_target,,,,,,,
09-27,1790524800000,1790525083877,UP,1,0.81,1.8337090003361922,no dedicated lifecycle row,daily_target,,,,,,,
09-27,1790525700000,1790526006858,UP,1,0.69,6.1121840101652225,no dedicated lifecycle row,daily_target,,,,,,,
09-27,1790526600000,1790526842277,DOWN,1,0.74,-2.543302456781138,no dedicated lifecycle row,daily_target,,,,,,,
09-27,1790527500000,1790527749454,UP,1,0.72,-13.585438673544559,no dedicated lifecycle row,daily_target,,,,,,,
09-27,1790528400000,1790528655113,UP,0,0.65,6.042452481069827,no dedicated lifecycle row,daily_target,,,,,,,
09-27,1790529300000,1790529540526,UP,1,0.78,-3.4220974507170876,no dedicated lifecycle row,daily_target,,,,,,,
09-27,1790530200000,1790530446447,UP,1,0.76,4.2119981737154255,no dedicated lifecycle row,daily_target,,,,,,,
09-27,1790531100000,1790531342231,UP,1,0.79,5.78639049173324,no dedicated lifecycle row,daily_target,,,,,,,
09-27,1790532000000,1790532350470,UP,1,0.68,1.4189653945129166,no dedicated lifecycle row,daily_target,,,,,,,
09-27,1790532900000,1790533140101,UP,1,0.74,9.176703897058047,no dedicated lifecycle row,daily_target,,,,,,,
09-27,1790533800000,1790534283200,UP,1,0.69,6.730331407591716,no dedicated lifecycle row,daily_target,,,,,,,
09-27,1790534700000,1790535238074,DOWN,0,0.54,0.2634460901340674,no dedicated lifecycle row,daily_target,,,,,,,
09-27,1790535600000,1790535848484,DOWN,1,0.83,-2.495378802684911,no dedicated lifecycle row,daily_target,,,,,,,
09-27,1790536500000,1790536761613,UP,0,0.69,11.073065699824802,no dedicated lifecycle row,daily_target,,,,,,,
09-27,1790537400000,1790537838652,UP,1,0.79,-10.721057500197029,no dedicated lifecycle row,daily_target,,,,,,,
09-27,1790538300000,1790538548985,UP,0,0.65,15.064224490610734,no dedicated lifecycle row,daily_target,,,,,,,
09-27,1790539200000,1790539447928,UP,1,0.81,-3.4491554381366196,no dedicated lifecycle row,daily_target,,,,,,,
09-27,1790540100000,1790540346840,DOWN,1,0.73,1.4203822375291608,no dedicated lifecycle row,daily_target,,,,,,,
09-27,1790541000000,1790541346867,DOWN,0,0.68,-19.42206610796471,no dedicated lifecycle row,daily_target,,,,,,,
09-27,1790541900000,1790542147455,DOWN,1,0.73,-3.422256160111603,no dedicated lifecycle row,daily_target,,,,,,,
09-27,1790542800000,1790543044766,UP,1,0.86,5.4761643877832,no dedicated lifecycle row,daily_target,,,,,,,
09-27,1790543700000,1790544171905,DOWN,1,0.68,6.072299151100857,no dedicated lifecycle row,daily_target,,,,,,,
09-27,1790544600000,1790544870030,DOWN,1,0.65,-9.26290126993412,no dedicated lifecycle row,daily_target,,,,,,,
09-27,1790545500000,1790545740886,UP,1,0.911,5.894311690946008,no dedicated lifecycle row,daily_target,,,,,,,
09-27,1790546400000,1790546640281,DOWN,1,0.921,-24.86938998682686,no dedicated lifecycle row,daily_target,,,,,,,
09-27,1790547300000,1790547540053,UP,1,0.74,-6.3487919491544975,no dedicated lifecycle row,daily_target,,,,,,,
09-27,1790548200000,1790548447790,DOWN,1,0.942,-1.1691511751166228,no dedicated lifecycle row,daily_target,,,,,,,
09-27,1790549100000,1790549527946,UP,1,0.66,-4.220281686786453,no dedicated lifecycle row,daily_target,,,,,,,
09-27,1790550000000,1790550263052,UP,1,0.75,9.263205051250889,no dedicated lifecycle row,daily_target,,,,,,,
09-27,1790550900000,1790551169168,UP,1,0.68,1.5357331695420307,no dedicated lifecycle row,daily_target,,,,,,,
09-27,1790551800000,1790552118041,UP,0,0.65,18.886943945495283,no dedicated lifecycle row,daily_target,,,,,,,
09-27,1790552700000,1790552944715,UP,1,0.82,-0.2867984199539375,no dedicated lifecycle row,daily_target,,,,,,,
09-27,1790553600000,1790553849752,UP,0,0.81,14.306411457316592,no dedicated lifecycle row,daily_target,,,,,,,
09-27,1790554500000,1790554742944,UP,1,0.87,-2.8341583119340097,no dedicated lifecycle row,daily_target,,,,,,,
09-27,1790555400000,1790555648270,DOWN,1,0.959,-15.97231735016802,no dedicated lifecycle row,daily_target,,,,,,,
09-27,1790556300000,1790556542680,UP,0,0.948,7.935192471872909,no dedicated lifecycle row,daily_target,,,,,,,
09-27,1790557200000,1790557466674,DOWN,1,0.7,-51.628025430707766,no dedicated lifecycle row,daily_target,,,,,,,
09-27,1790558100000,1790558502886,UP,1,0.86,4.969859422176981,no dedicated lifecycle row,daily_target,,,,,,,
09-27,1790559000000,1790559314067,DOWN,1,0.75,12.650890935230752,no dedicated lifecycle row,daily_target,,,,,,,
09-27,1790559900000,1790560170951,DOWN,1,0.65,-22.5972561022747,no dedicated lifecycle row,daily_target,,,,,,,
09-27,1790560800000,1790561044201,DOWN,0,0.78,-43.10644827939747,no dedicated lifecycle row,daily_target,,,,,,,
09-27,1790561700000,1790561943007,DOWN,1,0.73,17.291089861866116,no dedicated lifecycle row,daily_target,,,,,,,
09-27,1790562600000,1790562840256,DOWN,1,0.82,-20.08136996655141,no dedicated lifecycle row,daily_target,,,,,,,
09-27,1790563500000,1790563749132,DOWN,1,0.74,-12.353159874572972,no dedicated lifecycle row,daily_target,,,,,,,
09-27,1790564400000,1790564641708,UP,1,0.7,5.2454422116232635,no dedicated lifecycle row,daily_target,,,,,,,
09-27,1790565300000,1790565581528,UP,0,0.72,0.03502830663304479,no dedicated lifecycle row,daily_target,,,,,,,
09-27,1790566200000,1790566441603,DOWN,0,0.78,-29.948912312856013,no dedicated lifecycle row,daily_target,,,,,,,
09-27,1790567100000,1790567412904,DOWN,1,0.71,21.707334969736092,no dedicated lifecycle row,daily_target,,,,,,,
09-28,1790568000000,1790568249022,DOWN,0,0.67,-20.5791387523957,no dedicated lifecycle row,taken,1790568249022,0.67,25.0,37,0.5727,-25.362700000000004,-25.362700000000004
09-28,1790568900000,1790569139162,UP,1,0.69,24.848097016305637,no dedicated lifecycle row,taken,1790569139162,0.69,30.0,43,0.6439,12.686100000000001,-12.676600000000002
09-28,1790569800000,1790570059768,DOWN,0,0.65,-4.131466890303637,no dedicated lifecycle row,taken,1790570059768,0.65,30.0,46,0.7326,-30.632600000000004,-43.309200000000004
09-28,1790570700000,1790570941552,DOWN,0,0.77,-0.9136943298315714,no dedicated lifecycle row,taken,1790570941552,0.77,30.0,38,0.4711,-29.7311,-73.0403
09-28,1790571600000,1790571842647,DOWN,1,0.85,-3.8427537033169923,no dedicated lifecycle row,taken,1790571842647,0.85,30.0,35,0.3124,4.937600000000001,-68.1027
09-28,1790572500000,1790572747688,DOWN,1,0.66,-21.014696130758903,no dedicated lifecycle row,taken,1790572747688,0.66,30.0,45,0.7069,14.5931,-53.5096
09-28,1790573400000,1790573643344,DOWN,0,0.8,-30.15072299180077,no dedicated lifecycle row,taken,1790573643344,0.8,25.0,31,0.3472,-25.1472,-78.6568
09-28,1790574300000,1790574700892,DOWN,0,0.74,17.224855227251368,no dedicated lifecycle row,taken,1790574700892,0.74,30.0,40,0.5388,-30.1388,-108.79560000000001
09-28,1790575200000,1790575501370,DOWN,0,0.65,3.705759778207529,no dedicated lifecycle row,no_cushion,,,,,,,
09-28,1790576100000,1790576339376,DOWN,1,0.71,3.1011834003802363,no dedicated lifecycle row,taken,1790576339376,0.71,30.0,42,0.6054,11.574600000000002,-97.221
09-28,1790577000000,1790577249698,UP,1,0.66,-9.969314111952787,no dedicated lifecycle row,taken,1790577249698,0.66,30.0,45,0.7069,14.5931,-82.62790000000001
09-28,1790577900000,1790578144033,DOWN,1,0.67,5.969005667214589,no dedicated lifecycle row,taken,1790578144033,0.67,25.0,37,0.5727,11.6373,-70.99060000000001
09-28,1790578800000,1790579039097,UP,0,0.83,9.602649052407042,no dedicated lifecycle row,taken,1790579039097,0.83,25.0,30,0.2964,-25.196399999999997,-96.18700000000001
09-28,1790579700000,1790579942261,UP,0,0.7,-16.17075849347893,no dedicated lifecycle row,taken,1790579942261,0.7,30.0,42,0.6174,-30.0174,-126.2044
09-28,1790580600000,1790580912020,UP,0,0.67,-21.216901264087262,no dedicated lifecycle row,trend_skip,,,,,,,
09-28,1790581500000,1790581748534,UP,1,0.67,1.7035795087871897,no dedicated lifecycle row,taken,1790581748534,0.67,30.0,44,0.681,13.838999999999999,-112.36540000000001
09-28,1790582400000,1790582648304,UP,1,0.73,15.64861289009567,no dedicated lifecycle row,taken,1790582648304,0.73,30.0,41,0.5657,10.5043,-101.86110000000001
09-28,1790583300000,1790583546119,DOWN,1,0.67,-17.017840535515916,no dedicated lifecycle row,taken,1790583546119,0.67,25.0,37,0.5727,11.6373,-90.22380000000001
09-28,1790584200000,1790584447257,UP,1,0.83,-5.0859432264249715,no dedicated lifecycle row,taken,1790584447257,0.83,25.0,30,0.2964,4.803600000000001,-85.42020000000001
09-28,1790585100000,1790585349958,UP,1,0.68,3.5471735365488755,no dedicated lifecycle row,taken,1790585349958,0.68,25.0,36,0.5484,10.971599999999999,-74.44860000000001
09-28,1790586000000,1790586245473,DOWN,1,0.91,-21.911918170713918,no dedicated lifecycle row,taken,1790586245473,0.91,25.0,27,0.1548,2.2751999999999994,-72.17340000000002
09-28,1790586900000,1790587165085,UP,0,0.68,13.942404004299025,no dedicated lifecycle row,taken,1790587165085,0.68,25.0,36,0.5484,-25.0284,-97.20180000000002
09-28,1790587800000,1790588068325,DOWN,1,0.67,-11.36401091415773,no dedicated lifecycle row,taken,1790588093398,0.67,30.0,44,0.681,13.838999999999999,-83.36280000000002
09-28,1790588700000,1790588942558,UP,1,0.81,-11.640910887813494,no dedicated lifecycle row,taken,1790588942558,0.81,30.0,37,0.3987,6.631299999999998,-76.73150000000003
09-28,1790589600000,1790589849715,UP,1,0.92,9.70266129837638,no dedicated lifecycle row,taken,1790589849715,0.92,25.0,27,0.1392,2.0207999999999986,-74.71070000000003
09-28,1790590500000,1790590744928,UP,1,0.76,-0.20695953771410203,no dedicated lifecycle row,taken,1790590744928,0.76,25.0,32,0.4086,7.2714,-67.43930000000003
09-28,1790591400000,1790591641162,UP,1,0.67,5.163695557639514,no dedicated lifecycle row,taken,1790591641162,0.67,25.0,37,0.5727,11.6373,-55.802000000000035
09-28,1790592300000,1790592546357,DOWN,0,0.79,6.836230778324293,no dedicated lifecycle row,taken,1790592546357,0.79,25.0,31,0.3601,-24.8501,-80.65210000000003
09-28,1790593200000,1790593500240,UP,1,0.65,13.583801136258788,no dedicated lifecycle row,taken,1790593500240,0.65,30.0,46,0.7326,15.367399999999998,-65.28470000000003
09-28,1790594100000,1790594557167,UP,1,0.67,-3.968599757416813,no dedicated lifecycle row,taken,1790594557167,0.67,30.0,44,0.681,13.838999999999999,-51.44570000000003
09-28,1790595000000,1790595487477,UP,1,0.66,4.305799441821634,no dedicated lifecycle row,taken,1790595487477,0.66,25.0,37,0.5812,11.998799999999997,-39.446900000000035
09-28,1790595900000,1790596139381,DOWN,0,0.79,3.2449274024037855,no dedicated lifecycle row,taken,1790596139381,0.79,25.0,31,0.3601,-24.8501,-64.29700000000004
09-28,1790596800000,1790597085205,UP,1,0.72,13.063339008585473,no dedicated lifecycle row,taken,1790597098253,0.72,30.0,41,0.5786,10.9014,-53.39560000000004
09-28,1790597700000,1790597970494,UP,1,0.65,39.29358440230235,no dedicated lifecycle row,taken,1790597970494,0.65,30.0,46,0.7326,15.367399999999998,-38.02820000000004
09-28,1790598600000,1790598962999,UP,0,0.65,-2.454935996835106,no dedicated lifecycle row,taken,1790598962999,0.65,25.0,38,0.6052,-25.3052,-63.33340000000004
09-28,1790599500000,1790599740376,UP,1,0.84,10.506753247696565,no dedicated lifecycle row,taken,1790599740376,0.84,30.0,35,0.3293,5.2707000000000015,-58.062700000000035
09-28,1790600400000,1790600649735,DOWN,1,0.87,0.6127006293699111,no dedicated lifecycle row,taken,1790600649735,0.87,30.0,34,0.2692,4.1508,-53.91190000000003
09-28,1790601300000,1790601830292,UP,1,0.63,3.8935874689460803,no dedicated lifecycle row,taken,1790601830292,0.63,25.0,39,0.6364,13.7936,-40.11830000000003
09-28,1790602200000,1790602529630,UP,1,0.65,25.01446423504916,no dedicated lifecycle row,taken,1790602529630,0.65,25.0,38,0.6052,12.694799999999999,-27.423500000000033
09-28,1790603100000,1790603394369,DOWN,1,0.72,18.077335817916484,no dedicated lifecycle row,taken,1790603394369,0.72,25.0,34,0.4799,9.0401,-18.38340000000003
09-28,1790604000000,1790604424080,DOWN,1,0.85,-11.82364754541032,no dedicated lifecycle row,taken,1790604424080,0.85,25.0,29,0.2589,4.091100000000001,-14.29230000000003
09-28,1790604900000,1790605143771,DOWN,1,0.77,-23.61321362262414,no dedicated lifecycle row,taken,1790605143771,0.77,25.0,32,0.3968,6.9632,-7.32910000000003
09-28,1790605800000,1790606049193,UP,0,0.72,-5.0950534753047005,no dedicated lifecycle row,taken,1790606049193,0.72,25.0,34,0.4799,-24.9599,-32.28900000000003
09-28,1790606700000,1790607018380,UP,1,0.68,-38.5834959624487,no dedicated lifecycle row,taken,1790607018380,0.68,30.0,44,0.6703,13.409699999999999,-18.87930000000003
09-28,1790607600000,1790607847198,UP,1,0.7,17.4094180061779,no dedicated lifecycle row,taken,1790607847198,0.7,30.0,42,0.6174,11.982600000000001,-6.896700000000028
09-28,1790608500000,1790608814581,DOWN,0,0.66,-8.581020252235172,no dedicated lifecycle row,taken,1790608814581,0.66,25.0,37,0.5812,-25.0012,-31.89790000000003
09-28,1790609400000,1790609798801,UP,1,0.79,30.522080847597,no dedicated lifecycle row,taken,1790609798801,0.79,30.0,37,0.4297,7.340299999999998,-24.55760000000003
09-28,1790610300000,1790610599634,UP,1,0.7,22.30003251786572,no dedicated lifecycle row,taken,1790610599634,0.7,30.0,42,0.6174,11.982600000000001,-12.575000000000028
09-28,1790611200000,1790611440094,DOWN,0,0.78,1.2588083625675317,no dedicated lifecycle row,taken,1790611440094,0.78,25.0,32,0.3844,-25.3444,-37.919400000000024
09-28,1790612100000,1790612339671,UP,1,0.73,44.262836151920396,no dedicated lifecycle row,taken,1790612339671,0.73,30.0,41,0.5657,10.5043,-27.415100000000024
09-28,1790613000000,1790613245024,DOWN,1,0.77,36.44460978325492,no dedicated lifecycle row,taken,1790613245024,0.77,30.0,38,0.4711,8.268899999999999,-19.146200000000025
09-28,1790613900000,1790614145598,DOWN,1,0.69,-35.959766060859046,no dedicated lifecycle row,taken,1790614145598,0.69,25.0,36,0.5391,10.620900000000002,-8.525300000000023
09-28,1790614800000,1790615102819,DOWN,0,0.67,3.849904872939014,no dedicated lifecycle row,taken,1790615102819,0.67,25.0,37,0.5727,-25.362700000000004,-33.88800000000003
09-28,1790615700000,1790615945099,DOWN,1,0.65,46.18765147387904,no dedicated lifecycle row,taken,1790615945099,0.65,30.0,46,0.7326,15.367399999999998,-18.52060000000003
09-28,1790616600000,1790617069595,DOWN,0,0.69,-11.831590582797036,no dedicated lifecycle row,taken,1790617069595,0.69,30.0,43,0.6439,-30.313899999999997,-48.83450000000003
09-28,1790617500000,1790617767520,DOWN,1,0.69,1.9930287534464242,no dedicated lifecycle row,taken,1790617767520,0.69,30.0,43,0.6439,12.686100000000001,-36.148400000000024
09-28,1790618400000,1790618644188,UP,1,0.67,0.9839205123851613,no dedicated lifecycle row,taken,1790618644188,0.67,30.0,44,0.681,13.838999999999999,-22.309400000000025
09-28,1790619300000,1790619548694,DOWN,1,0.68,-3.550980021961303,filled,taken,1790619548694,0.68,25.0,36,0.5484,10.971599999999999,-11.337800000000026
09-28,1790620200000,1790620445666,DOWN,1,0.83,-10.401351980473539,filled,taken,1790620445666,0.83,25.0,30,0.2964,4.803600000000001,-6.534200000000025
09-28,1790621100000,1790621342240,UP,1,0.65,8.080055715553591,filled,taken,1790621342240,0.65,25.0,38,0.6052,12.694799999999999,6.160599999999974
09-28,1790622000000,1790622244877,DOWN,1,0.88,-1.713489381419686,filled,taken,1790622244877,0.88,25.0,28,0.207,3.153,9.313599999999974
09-28,1790622900000,1790623287519,DOWN,1,0.7,-13.857130610659407,filled,taken,1790623287519,0.7,25.0,35,0.5145,9.985500000000002,19.299099999999974
09-28,1790623800000,1790624040490,DOWN,1,0.77,-17.81928064082061,filled,taken,1790624040490,0.77,25.0,32,0.3968,6.9632,26.262299999999975
09-28,1790624700000,1790625125991,UP,1,0.79,-11.88422152231361,filled,taken,1790625125991,0.79,25.0,31,0.3601,6.149899999999999,32.41219999999997
09-28,1790625600000,1790625906172,UP,1,0.76,19.14955810241592,filled,taken,1790625906172,0.76,25.0,32,0.4086,7.2714,39.68359999999997
09-28,1790626500000,1790626739363,DOWN,1,0.77,9.165752412543249,filled,taken,1790626739363,0.77,25.0,32,0.3968,6.9632,46.64679999999997
09-28,1790627400000,1790627936285,DOWN,1,0.48,2.2521336297431915,filled,taken,1790627936285,0.48,25.0,52,0.9086,26.1314,72.77819999999997
09-28,1790628300000,1790628638697,DOWN,0,0.68,-10.011548845618723,filled,taken,1790628638697,0.68,25.0,36,0.5484,-25.0284,47.749799999999965
09-28,1790629200000,1790629447728,UP,1,0.77,17.20779476713119,filled,taken,1790629447728,0.77,30.0,38,0.4711,8.268899999999999,56.01869999999997
09-28,1790630100000,1790630340956,DOWN,1,0.8,-14.856168668212488,filled,taken,1790630340956,0.8,30.0,37,0.4144,6.985599999999999,63.004299999999965
09-28,1790631000000,1790631517815,DOWN,1,0.72,-3.3390519109921524,filled,taken,1790631517815,0.72,25.0,34,0.4799,9.0401,72.04439999999997
09-28,1790631900000,1790632262001,DOWN,1,0.65,-7.701442822933835,filled,taken,1790632262001,0.65,25.0,38,0.6052,12.694799999999999,84.73919999999997
09-28,1790632800000,1790633127866,DOWN,1,0.67,-26.26306385933086,filled,daily_target,,,,,,,
09-28,1790633700000,1790634114924,UP,1,0.71,13.360399174175974,filled,daily_target,,,,,,,
09-28,1790634600000,1790634845491,UP,1,0.89,11.79788988953101,filled,daily_target,,,,,,,
09-28,1790635500000,1790635776866,UP,1,0.71,21.69220308639641,filled,daily_target,,,,,,,
09-28,1790636400000,1790636643192,UP,0,0.81,15.880211021530588,filled,daily_target,,,,,,,
09-28,1790637300000,1790637543765,UP,1,0.74,-13.42955693999448,unfilled,daily_target,,,,,,,
09-28,1790638200000,1790638738007,UP,1,0.61,9.734285205982296,filled,daily_target,,,,,,,
09-28,1790639100000,1790639345126,DOWN,1,0.74,-4.140746755513236,filled,daily_target,,,,,,,
09-28,1790640000000,1790640397927,DOWN,0,0.65,-2.166941866463823,filled,daily_target,,,,,,,
09-28,1790640900000,1790641150329,DOWN,0,0.88,-10.919285238114584,filled,daily_target,,,,,,,
09-28,1790641800000,1790642051801,UP,0,0.69,14.836011361960555,filled,daily_target,,,,,,,
09-28,1790642700000,1790642940381,DOWN,1,0.79,-13.87383759187677,filled,daily_target,,,,,,,
09-28,1790643600000,1790643907537,DOWN,1,0.68,-24.02870691378012,unfilled,daily_target,,,,,,,
09-28,1790644500000,1790644743346,DOWN,1,0.75,-34.43955937777466,filled,daily_target,,,,,,,
09-28,1790645400000,1790645645867,UP,1,0.75,-3.6694461758512986,filled,daily_target,,,,,,,
09-28,1790646300000,1790646543483,UP,1,0.66,14.392269553344939,filled,daily_target,,,,,,,
09-28,1790647200000,1790647457999,DOWN,1,0.72,-0.10589528427473738,filled,daily_target,,,,,,,
09-28,1790648100000,1790648407486,UP,0,0.69,8.234269092830537,filled,daily_target,,,,,,,
09-28,1790649000000,1790649306052,DOWN,0,0.66,-19.05884645185263,filled,daily_target,,,,,,,
09-28,1790649900000,1790650150713,UP,0,0.72,15.842053387464805,filled,daily_target,,,,,,,
09-28,1790650800000,1790651040150,UP,0,0.67,-6.344014556360911,filled,daily_target,,,,,,,
09-28,1790651700000,1790651965966,UP,1,0.75,-8.99302240430111,filled,daily_target,,,,,,,
09-28,1790652600000,1790653073823,DOWN,1,0.75,10.601345092953185,filled,daily_target,,,,,,,
09-28,1790653500000,1790653743481,UP,0,0.65,-3.541180900457075,filled,daily_target,,,,,,,
09-29,1790654400000,1790654935880,DOWN,0,0.63,-10.631670581021657,filled,taken,1790654935880,0.63,25.0,39,0.6364,-25.2064,-25.2064
09-29,1790655300000,1790655558860,UP,1,0.71,16.121871903624907,filled,taken,1790655558860,0.71,30.0,42,0.6054,11.574600000000002,-13.631799999999997
09-29,1790656200000,1790656449837,DOWN,1,0.75,-0.29613169644893134,filled,taken,1790656449837,0.75,30.0,40,0.525,9.475,-4.156799999999997
09-29,1790657100000,1790657342917,DOWN,0,0.81,-10.267178333385196,filled,taken,1790657342917,0.81,25.0,30,0.3232,-24.6232,-28.779999999999998
09-29,1790658000000,1790658242833,UP,1,0.71,18.0696307574002,filled,taken,1790658242833,0.71,30.0,42,0.6054,11.574600000000002,-17.205399999999997
09-29,1790658900000,1790659143609,UP,1,0.69,6.949561827478412,filled,taken,1790659143609,0.69,30.0,43,0.6439,12.686100000000001,-4.519299999999996
09-29,1790659800000,1790660043484,DOWN,1,0.92,-18.204211875386676,filled,taken,1790660043484,0.92,25.0,27,0.1392,2.0207999999999986,-2.4984999999999973
09-29,1790660700000,1790661022772,UP,1,0.68,34.211278896376655,filled,taken,1790661022772,0.68,25.0,36,0.5484,10.971599999999999,8.473100000000002
09-29,1790661600000,1790661850783,UP,1,0.74,23.99443197649065,unfilled,taken,1790661850783,0.74,25.0,33,0.4445,8.1355,16.608600000000003
09-29,1790662500000,1790662747211,DOWN,0,0.8,34.69239896320975,filled,taken,1790662747211,0.8,25.0,31,0.3472,-25.1472,-8.538599999999999
09-29,1790663400000,1790663641469,UP,1,0.73,20.72658637944702,filled,taken,1790663641469,0.73,30.0,41,0.5657,10.5043,1.9657000000000018
09-29,1790664300000,1790664678922,UP,1,0.65,1.8941457824039887,filled,taken,1790664678922,0.65,30.0,46,0.7326,15.367399999999998,17.3331
09-29,1790665200000,1790665450110,DOWN,1,0.72,3.9519140973220956,filled,taken,1790665450110,0.72,25.0,34,0.4799,9.0401,26.373200000000004
09-29,1790666100000,1790666452979,UP,1,0.7,5.7948904780524835,filled,taken,1790666452979,0.7,25.0,35,0.5145,9.985500000000002,36.358700000000006
09-29,1790667000000,1790667286120,UP,1,0.67,6.851683822890475,filled,taken,1790667286120,0.67,25.0,37,0.5727,11.6373,47.99600000000001
09-29,1790667900000,1790668315797,UP,0,0.71,-1.4981346230602544,filled,taken,1790668315797,0.71,25.0,35,0.5045,-25.354499999999998,22.64150000000001
09-29,1790668800000,1790669043610,UP,1,0.8,2.142969913743187,filled,taken,1790669043610,0.8,30.0,37,0.4144,6.985599999999999,29.62710000000001
09-29,1790669700000,1790669966727,UP,1,0.68,1.1037378481204563,filled,taken,1790669966727,0.68,30.0,44,0.6703,13.409699999999999,43.03680000000001
09-29,1790670600000,1790670847443,DOWN,1,0.902,-6.529721041924619,filled,taken,1790670847443,0.902,25.0,27,0.1671,2.4788999999999994,45.51570000000001
09-29,1790671500000,1790671892080,DOWN,1,0.66,-19.750281827153326,filled,taken,1790671892080,0.66,25.0,37,0.5812,11.998799999999997,57.514500000000005
09-29,1790672400000,1790672640164,DOWN,1,0.82,-3.0759943023772607,filled,taken,1790672640164,0.82,25.0,30,0.31,5.090000000000002,62.60450000000001
09-29,1790673300000,1790673645183,UP,1,0.7,0.36034155054265327,filled,taken,1790673645183,0.7,25.0,35,0.5145,9.985500000000002,72.59
09-29,1790674200000,1790674445281,UP,1,0.84,17.03292307231319,filled,taken,1790674445281,0.84,25.0,29,0.2729,4.367100000000001,76.9571
09-29,1790675100000,1790675349707,UP,1,0.917,21.355408280987476,filled,taken,1790675349707,0.917,25.0,27,0.1439,2.097099999999999,79.0542
09-29,1790676000000,1790676239071,DOWN,1,0.81,5.486096819249386,filled,taken,1790676239071,0.81,25.0,30,0.3232,5.3767999999999985,84.431
09-29,1790676900000,1790677139369,DOWN,1,0.81,-3.134053766259415,filled,daily_target,,,,,,,
09-29,1790677800000,1790678041066,DOWN,1,0.79,-6.073246187886516,filled,daily_target,,,,,,,
09-29,1790678700000,1790679075130,UP,1,0.66,-2.4152286519862898,filled,daily_target,,,,,,,
09-29,1790679600000,1790679843151,DOWN,1,0.67,1.7256283820898943,filled,daily_target,,,,,,,
09-29,1790680500000,1790680743754,UP,1,0.67,3.6248812049266554,unfilled,daily_target,,,,,,,
09-29,1790681400000,1790681642025,UP,1,0.93,21.586959858943544,filled,daily_target,,,,,,,
09-29,1790682300000,1790682544974,UP,1,0.83,13.566698303955071,filled,daily_target,,,,,,,
09-29,1790683200000,1790683482111,UP,0,0.7,8.094694175087014,filled,daily_target,,,,,,,
09-29,1790684100000,1790684341433,UP,0,0.71,4.36167707981161,filled,daily_target,,,,,,,
09-29,1790685000000,1790685267674,UP,1,0.7,-18.705903556577308,filled,daily_target,,,,,,,
09-29,1790685900000,1790686170756,DOWN,1,0.7,7.833089256530368,filled,daily_target,,,,,,,
09-29,1790686800000,1790687044045,DOWN,0,0.69,0.42879793990202586,filled,daily_target,,,,,,,
09-29,1790687700000,1790688114296,UP,0,0.65,13.530908788588203,filled,daily_target,,,,,,,
09-29,1790688600000,1790688847900,DOWN,1,0.914,-36.517922356249514,filled,daily_target,,,,,,,
09-29,1790689500000,1790689742385,DOWN,0,0.66,-0.1933337508031041,filled,daily_target,,,,,,,
09-29,1790690400000,1790690645721,DOWN,1,0.83,-9.33701562905398,filled,daily_target,,,,,,,
09-29,1790691300000,1790691560923,UP,1,0.69,-8.91588685162703,filled,daily_target,,,,,,,
09-29,1790692200000,1790692546296,DOWN,1,0.73,-16.65865284856349,filled,daily_target,,,,,,,
09-29,1790693100000,1790693402106,DOWN,1,0.7,-9.345693636357844,filled,daily_target,,,,,,,
09-29,1790694000000,1790694240427,DOWN,1,0.78,-32.4742972530434,filled,daily_target,,,,,,,
09-29,1790694900000,1790695156427,DOWN,1,0.72,-37.82276512897198,filled,daily_target,,,,,,,
09-29,1790695800000,1790696039916,UP,1,0.83,-24.11392511061372,filled,daily_target,,,,,,,
09-29,1790696700000,1790696949033,UP,0,0.83,13.55502179182011,filled,daily_target,,,,,,,
09-29,1790697600000,1790697846808,UP,0,0.71,-16.84819123512371,filled,daily_target,,,,,,,
09-29,1790698500000,1790698746569,UP,1,0.77,-4.306420086184204,filled,daily_target,,,,,,,
09-29,1790699400000,1790699644978,DOWN,1,0.72,9.803339949261414,filled,daily_target,,,,,,,
09-29,1790700300000,1790700572577,DOWN,0,0.66,-21.0178591051835,filled,daily_target,,,,,,,
09-29,1790701200000,1790701495463,UP,1,0.67,9.766157568606992,filled,daily_target,,,,,,,
09-29,1790702100000,1790702488367,DOWN,0,0.66,-4.170549382624955,unfilled,daily_target,,,,,,,
09-29,1790703000000,1790703249205,UP,1,0.72,10.770959651269507,filled,daily_target,,,,,,,
09-29,1790703900000,1790704154817,DOWN,1,0.7,-11.30182789694234,filled,daily_target,,,,,,,
09-29,1790704800000,1790705044990,UP,1,0.89,14.295556812384813,filled,daily_target,,,,,,,
09-29,1790705700000,1790706119196,UP,1,0.73,10.19351202276475,filled,daily_target,,,,,,,
09-29,1790706600000,1790706849933,UP,1,0.82,16.605884062030896,filled,daily_target,,,,,,,
09-29,1790707500000,1790707741502,DOWN,1,0.71,6.854098551627441,filled,daily_target,,,,,,,
09-29,1790708400000,1790708790260,UP,0,0.69,3.048178125235612,filled,daily_target,,,,,,,
09-29,1790709300000,1790709545683,UP,0,0.69,-1.101127243836597,filled,daily_target,,,,,,,
09-29,1790710200000,1790710450118,UP,0,0.71,-4.332752834365072,filled,daily_target,,,,,,,
09-29,1790711100000,1790711343657,UP,1,0.78,-4.158718825756358,filled,daily_target,,,,,,,
09-29,1790712000000,1790712241403,DOWN,1,0.67,-5.024772946358169,filled,daily_target,,,,,,,
09-29,1790712900000,1790713149111,UP,1,0.67,8.60265580514552,filled,daily_target,,,,,,,
09-29,1790713800000,1790714105163,DOWN,0,0.71,-0.6835695647333662,filled,daily_target,,,,,,,
09-29,1790714700000,1790715236591,UP,0,0.56,6.38165555986836,filled,daily_target,,,,,,,
09-29,1790715600000,1790715848823,DOWN,1,0.88,-12.827154079845249,filled,daily_target,,,,,,,
09-29,1790716500000,1790716739323,DOWN,1,0.78,-6.055771680454347,filled,daily_target,,,,,,,
09-29,1790717400000,1790717640858,UP,1,0.66,-8.48371681624549,unfilled,daily_target,,,,,,,
09-29,1790718300000,1790718545230,DOWN,1,0.81,1.8049161342847952,filled,daily_target,,,,,,,
09-29,1790719200000,1790719443150,UP,1,0.84,16.5876461615011,no dedicated lifecycle row,daily_target,,,,,,,
09-29,1790720100000,1790720346643,DOWN,1,0.87,-1.1524751033775704,unfilled,daily_target,,,,,,,
09-29,1790721000000,1790721247889,DOWN,0,0.67,0.03563244786786157,unfilled,daily_target,,,,,,,
09-29,1790721900000,1790722327286,UP,1,0.7,5.324188312969547,unfilled,daily_target,,,,,,,
09-29,1790722800000,1790723039405,UP,1,0.81,10.298667911750048,filled,daily_target,,,,,,,
09-29,1790723700000,1790723947354,DOWN,1,0.65,17.258065092051744,filled,daily_target,,,,,,,
09-29,1790724600000,1790724841160,DOWN,1,0.67,-12.736943421697289,paused,daily_target,,,,,,,
09-29,1790725500000,1790725739798,UP,1,0.65,-2.5336839779821485,paused,daily_target,,,,,,,
09-29,1790726400000,1790726645334,UP,0,0.72,1.7756896893850183,paused,daily_target,,,,,,,
09-29,1790727300000,1790727539488,DOWN,0,0.76,-28.298177260593917,filled,daily_target,,,,,,,
09-29,1790728200000,1790728505309,UP,0,0.69,17.972592379511543,filled,daily_target,,,,,,,
09-29,1790729100000,1790729346244,DOWN,1,0.73,-19.141331013436957,filled,daily_target,,,,,,,
09-29,1790730000000,1790730457593,DOWN,1,0.68,2.3517279819684767,filled,daily_target,,,,,,,
09-29,1790730900000,1790731437518,UP,1,0.84,3.184544291736646,filled,daily_target,,,,,,,
09-29,1790731800000,1790732041476,DOWN,1,0.77,-10.525721983568603,filled,daily_target,,,,,,,
09-29,1790732700000,1790733065665,UP,1,0.68,12.113187769324796,filled,daily_target,,,,,,,
09-29,1790733600000,1790733870216,UP,1,0.73,8.212700617054036,filled,daily_target,,,,,,,
09-29,1790734500000,1790734744581,DOWN,1,0.74,-4.454333846528602,filled,daily_target,,,,,,,
09-29,1790735400000,1790735643842,DOWN,1,0.72,-9.06528103833737,filled,daily_target,,,,,,,
09-29,1790736300000,1790736544585,UP,0,0.73,12.9329669090672,filled,daily_target,,,,,,,
09-29,1790737200000,1790737488242,UP,0,0.69,-9.438366376766094,filled,daily_target,,,,,,,
09-29,1790738100000,1790738343890,DOWN,1,0.75,-16.59616761981564,filled,daily_target,,,,,,,
09-29,1790739000000,1790739469382,UP,1,0.66,5.864805955049235,filled,daily_target,,,,,,,
09-29,1790739900000,1790740149640,DOWN,1,0.74,4.997422301247223,filled,daily_target,,,,,,,
09-30,1790740800000,1790741040345,UP,1,0.84,9.34821349116488,filled,taken,1790741040345,0.84,25.0,29,0.2729,4.367100000000001,4.367100000000001
09-30,1790741700000,1790741939742,UP,0,0.7,2.3672806426477955,filled,taken,1790741939742,0.7,25.0,35,0.5145,-25.014499999999998,-20.647399999999998
09-30,1790742600000,1790742839115,DOWN,1,0.66,-11.36647844118821,filled,taken,1790742839115,0.66,30.0,45,0.7069,14.5931,-6.054299999999998
09-30,1790743500000,1790743794742,DOWN,1,0.68,-2.9614133849376056,unfilled,taken,1790743794742,0.68,30.0,44,0.6703,13.409699999999999,7.355400000000001
09-30,1790744400000,1790744648823,UP,1,0.8,-0.7216803732457144,filled,taken,1790744648823,0.8,25.0,31,0.3472,5.8527999999999984,13.2082
09-30,1790745300000,1790745573820,UP,1,0.66,-4.50976487932464,filled,taken,1790745573820,0.66,25.0,37,0.5812,11.998799999999997,25.206999999999997
09-30,1790746200000,1790746458225,UP,1,0.74,21.175558932799987,filled,taken,1790746458225,0.74,25.0,33,0.4445,8.1355,33.3425
09-30,1790747100000,1790747345230,DOWN,1,0.78,0.47377033802087354,filled,taken,1790747345230,0.78,25.0,32,0.3844,6.655599999999999,39.9981
09-30,1790748000000,1790748455521,DOWN,1,0.81,-6.131365527428656,filled,taken,1790748455521,0.81,25.0,30,0.3232,5.3767999999999985,45.3749
09-30,1790748900000,1790749371920,DOWN,1,0.65,-22.67641343872695,filled,taken,1790749371920,0.65,25.0,38,0.6052,12.694799999999999,58.0697
09-30,1790749800000,1790750041554,DOWN,1,0.72,-4.197587476854059,filled,taken,1790750041554,0.72,25.0,34,0.4799,9.0401,67.10979999999999
09-30,1790750700000,1790750945136,DOWN,1,0.78,-14.798692126997137,filled,taken,1790750945136,0.78,25.0,32,0.3844,6.655599999999999,73.76539999999999
09-30,1790751600000,1790751892353,DOWN,1,0.68,8.939115141304299,paused,taken,1790751892353,0.68,25.0,36,0.5484,10.971599999999999,84.73699999999998
09-30,1790752500000,1790752744305,UP,1,0.909,6.179709295819347,paused,daily_target,,,,,,,
09-30,1790753400000,1790753642164,UP,1,0.68,23.69699343497844,paused,daily_target,,,,,,,
09-30,1790754300000,1790754667677,UP,0,0.75,7.344015978949514,paused,daily_target,,,,,,,
09-30,1790755200000,1790755498352,DOWN,1,0.65,-13.483650851457973,paused,daily_target,,,,,,,
09-30,1790756100000,1790756349427,UP,1,0.92,-5.2914441224916064,paused,daily_target,,,,,,,
09-30,1790757000000,1790757245361,DOWN,1,0.85,-24.481330553396408,paused,daily_target,,,,,,,
09-30,1790757900000,1790758141903,UP,1,0.81,11.137844342468117,paused,daily_target,,,,,,,
09-30,1790758800000,1790759045188,UP,1,0.83,4.259308436900255,paused,daily_target,,,,,,,
09-30,1790759700000,1790760063711,UP,1,0.7,9.762647686661907,paused,daily_target,,,,,,,
09-30,1790760600000,1790760841119,UP,1,0.957,56.69456496500524,paused,daily_target,,,,,,,
09-30,1790761500000,1790761748283,UP,1,0.66,-19.148138074635,paused,daily_target,,,,,,,
09-30,1790762400000,1790762646162,UP,1,0.79,15.548918043202242,paused,daily_target,,,,,,,
09-30,1790763300000,1790763661661,UP,1,0.68,1.7552351218297346,paused,daily_target,,,,,,,
09-30,1790764200000,1790764444009,UP,1,0.78,17.577608292906888,paused,daily_target,,,,,,,
09-30,1790765100000,1790765553094,UP,1,0.65,5.551635359273277,paused,daily_target,,,,,,,
09-30,1790766000000,1790766247276,DOWN,1,0.918,-13.994466448032927,paused,daily_target,,,,,,,
09-30,1790766900000,1790767186761,DOWN,0,0.76,2.8933114505358404,paused,daily_target,,,,,,,
09-30,1790767800000,1790768048670,DOWN,0,0.82,-6.602156859186747,paused,daily_target,,,,,,,
09-30,1790768700000,1790768946279,DOWN,1,0.69,14.949978311549206,paused,daily_target,,,,,,,
09-30,1790769600000,1790769863015,DOWN,1,0.65,-4.16611301871761,paused,daily_target,,,,,,,
09-30,1790770500000,1790770745378,DOWN,0,0.68,-7.05670494345334,paused,daily_target,,,,,,,
09-30,1790771400000,1790771640767,UP,1,0.917,63.840097658331985,paused,daily_target,,,,,,,
09-30,1790772300000,1790772548354,UP,1,0.76,82.2479928331843,paused,daily_target,,,,,,,
09-30,1790773200000,1790773461745,DOWN,0,0.67,19.198483300155722,paused,daily_target,,,,,,,
09-30,1790774100000,1790774412622,DOWN,1,0.67,12.635807043925862,paused,daily_target,,,,,,,
09-30,1790775000000,1790775242108,UP,0,0.66,-15.111809101825413,paused,daily_target,,,,,,,
09-30,1790775900000,1790776182179,UP,1,0.78,-80.75136086669433,paused,daily_target,,,,,,,
09-30,1790776800000,1790777048747,DOWN,1,0.7,-20.591159042463445,paused,daily_target,,,,,,,
09-30,1790777700000,1790777944365,DOWN,1,0.81,-39.39375770088183,paused,daily_target,,,,,,,
09-30,1790778600000,1790778879619,DOWN,1,0.74,-66.37252400042092,paused,daily_target,,,,,,,
09-30,1790779500000,1790779749359,UP,1,0.74,30.2814667259943,paused,daily_target,,,,,,,
09-30,1790780400000,1790780701702,UP,1,0.66,18.918413406041612,paused,daily_target,,,,,,,
09-30,1790781300000,1790781547640,DOWN,1,0.82,1.706260796476844,paused,daily_target,,,,,,,
09-30,1790782200000,1790782441182,UP,1,0.902,34.021673926905024,paused,daily_target,,,,,,,
09-30,1790783100000,1790783344416,UP,1,0.83,13.52115806181331,paused,daily_target,,,,,,,
09-30,1790784000000,1790784249022,UP,1,0.82,-1.4007139385852074,paused,daily_target,,,,,,,
09-30,1790784900000,1790785156486,UP,0,0.67,13.684508965994269,paused,daily_target,,,,,,,
09-30,1790785800000,1790786075377,UP,1,0.68,-4.981419470205806,paused,daily_target,,,,,,,
09-30,1790786700000,1790787042295,UP,0,0.7,8.315188550593877,filled,daily_target,,,,,,,
09-30,1790787600000,1790787899560,DOWN,1,0.66,-6.948936887826163,filled,daily_target,,,,,,,
09-30,1790788500000,1790788747016,DOWN,1,0.8,-10.042786080080024,filled,daily_target,,,,,,,
09-30,1790789400000,1790789649526,DOWN,1,0.8,-16.335044742349368,filled,daily_target,,,,,,,
09-30,1790790300000,1790790546822,UP,1,0.71,-1.0330288067028626,filled,daily_target,,,,,,,
09-30,1790791200000,1790791454145,DOWN,1,0.76,-11.492229676098864,filled,daily_target,,,,,,,
09-30,1790792100000,1790792346693,DOWN,1,0.67,-0.11934477102237828,filled,daily_target,,,,,,,
09-30,1790793000000,1790793268099,DOWN,1,0.69,-13.11774297022561,filled,daily_target,,,,,,,
09-30,1790793900000,1790794142838,DOWN,0,0.75,-8.116076669107963,filled,daily_target,,,,,,,
09-30,1790794800000,1790795046449,DOWN,1,0.7,13.796334609326166,filled,daily_target,,,,,,,
09-30,1790795700000,1790795948755,DOWN,1,0.84,-31.01360728076319,filled,daily_target,,,,,,,
09-30,1790796600000,1790796848394,UP,1,0.81,22.312983864389846,filled,daily_target,,,,,,,
09-30,1790797500000,1790797749248,DOWN,1,0.83,-14.985039162018765,filled,daily_target,,,,,,,
09-30,1790798400000,1790798794746,DOWN,0,0.65,-6.664838140831852,filled,daily_target,,,,,,,
09-30,1790799300000,1790799653091,UP,1,0.67,6.659266705726363,filled,daily_target,,,,,,,
09-30,1790800200000,1790800449019,DOWN,1,0.81,6.320938915767016,filled,daily_target,,,,,,,
09-30,1790801100000,1790801544605,UP,0,0.71,4.508259687578953,filled,daily_target,,,,,,,
09-30,1790802000000,1790802247613,UP,1,0.8,6.642564411878382,filled,daily_target,,,,,,,
09-30,1790802900000,1790803146644,UP,0,0.71,8.99322422892812,filled,daily_target,,,,,,,
09-30,1790803800000,1790804117771,UP,0,0.68,-1.1012431875190298,filled,daily_target,,,,,,,
09-30,1790804700000,1790805041743,UP,1,0.66,-4.850395928396312,skipped,daily_target,,,,,,,
09-30,1790805600000,1790805843462,DOWN,1,0.72,-2.808859024235888,filled,daily_target,,,,,,,
09-30,1790806500000,1790806742666,UP,1,0.76,2.3690015018162924,filled,daily_target,,,,,,,
09-30,1790807400000,1790807930867,UP,0,0.63,9.051818182723714,filled,daily_target,,,,,,,
09-30,1790808300000,1790808546575,DOWN,1,0.69,-5.761845026692747,filled,daily_target,,,,,,,
09-30,1790809200000,1790809449358,UP,1,0.73,-4.728807489637887,filled,daily_target,,,,,,,
09-30,1790810100000,1790810486148,UP,0,0.68,0.2323277110116706,filled,daily_target,,,,,,,
09-30,1790811000000,1790811246384,DOWN,1,0.8,-17.954331238279053,filled,daily_target,,,,,,,
09-30,1790811900000,1790812146015,DOWN,1,0.75,-0.5580776930047548,filled,daily_target,,,,,,,
09-30,1790812800000,1790813044779,DOWN,1,0.7,-2.0503943118088674,filled,daily_target,,,,,,,
09-30,1790813700000,1790813941236,DOWN,1,0.68,-9.75011902207834,filled,daily_target,,,,,,,
09-30,1790814600000,1790814909969,DOWN,0,0.67,1.8934034482165352,filled,daily_target,,,,,,,
09-30,1790815500000,1790815839356,DOWN,1,0.66,8.787935955982817,filled,daily_target,,,,,,,
09-30,1790816400000,1790816756451,UP,1,0.77,1.3770300376481082,filled,daily_target,,,,,,,
09-30,1790817300000,1790817590192,UP,1,0.67,13.819143456412775,filled,daily_target,,,,,,,
09-30,1790818200000,1790818445931,DOWN,1,0.79,-8.24611653137075,filled,daily_target,,,,,,,
09-30,1790819100000,1790819349111,DOWN,1,0.72,-3.399313765075629,filled,daily_target,,,,,,,
09-30,1790820000000,1790820334304,UP,1,0.65,-0.12228264846148029,unfilled,daily_target,,,,,,,
09-30,1790820900000,1790821146701,DOWN,1,0.81,2.421914270551717,filled,daily_target,,,,,,,
09-30,1790821800000,1790822042855,UP,0,0.69,1.8624056018778923,filled,daily_target,,,,,,,
09-30,1790822700000,1790823193281,UP,1,0.69,-2.0951538463842567,filled,daily_target,,,,,,,
09-30,1790823600000,1790823850058,DOWN,1,0.69,5.831745635345165,filled,daily_target,,,,,,,
09-30,1790824500000,1790824868325,DOWN,0,0.72,-0.20921876293433783,filled,daily_target,,,,,,,
09-30,1790825400000,1790825816192,UP,1,0.7,10.85908559720794,filled,daily_target,,,,,,,
09-30,1790826300000,1790826541530,DOWN,0,0.8,18.053998850759978,filled,daily_target,,,,,,,
10-01,1790827200000,1790827602368,UP,1,0.72,7.359214334921038,filled,taken,1790827602368,0.72,25.0,34,0.4799,9.0401,9.0401
10-01,1790828100000,1790828344367,DOWN,1,0.84,5.607416787138941,filled,taken,1790828344367,0.84,25.0,29,0.2729,4.367100000000001,13.407200000000001
10-01,1790829000000,1790829242308,DOWN,0,0.75,-2.529404415870795,filled,taken,1790829242308,0.75,25.0,33,0.4332,-25.1832,-11.775999999999998
10-01,1790829900000,1790830147942,UP,1,0.89,35.07578878527262,filled,taken,1790830147942,0.89,30.0,33,0.2262,3.4037999999999995,-8.3722
10-01,1790830800000,1790831074081,UP,1,0.69,4.5139030373086975,filled,taken,1790831074081,0.69,30.0,43,0.6439,12.686100000000001,4.313900000000002
10-01,1790845200000,1790845499737,UP,1,0.69,,filled,taken,1790845499737,0.69,25.0,36,0.5391,10.620900000000002,14.934800000000005
10-01,1790846100000,1790846347378,UP,1,0.75,18.16775020455852,filled,taken,1790846347378,0.75,25.0,33,0.4332,7.8168,22.751600000000003
10-01,1790847000000,1790847248297,UP,1,0.78,13.896211000277159,filled,taken,1790847248297,0.78,25.0,32,0.3844,6.655599999999999,29.407200000000003
10-01,1790847900000,1790848211049,DOWN,1,0.67,2.995535848981934,filled,taken,1790848211049,0.67,25.0,37,0.5727,11.6373,41.0445
10-01,1790848800000,1790849043161,DOWN,1,0.935,-35.84743594019169,filled,taken,1790849043161,0.935,25.0,26,0.1107,1.5792999999999986,42.623799999999996
10-01,1790849700000,1790850094320,UP,0,0.7,31.51600596173365,filled,taken,1790850094320,0.7,25.0,35,0.5145,-25.014499999999998,17.609299999999998
10-01,1790850600000,1790850849629,UP,1,0.83,11.00449235580614,filled,taken,1790850849629,0.83,30.0,36,0.3556,5.764400000000001,23.3737
10-01,1790851500000,1790851740186,UP,1,0.86,24.15908558712987,filled,taken,1790851740186,0.86,30.0,34,0.2866,4.473400000000001,27.8471
10-01,1790852400000,1790852648161,DOWN,1,0.81,-15.070013629072676,filled,taken,1790852648161,0.81,25.0,30,0.3232,5.3767999999999985,33.2239
10-01,1790853300000,1790853548000,DOWN,1,0.72,-1.7259448043716041,filled,taken,1790853548000,0.72,25.0,34,0.4799,9.0401,42.264
10-01,1790854200000,1790854583206,UP,1,0.69,3.707980997627036,filled,taken,1790854583206,0.69,25.0,36,0.5391,10.620900000000002,52.8849
10-01,1790855100000,1790855347446,UP,0,0.68,24.201068205678133,filled,taken,1790855347446,0.68,25.0,36,0.5484,-25.0284,27.8565
10-01,1790856000000,1790856246066,UP,1,0.7,-4.427580618230342,filled,taken,1790856246066,0.7,30.0,42,0.6174,11.982600000000001,39.8391
10-01,1790856900000,1790857195526,DOWN,1,0.68,0.5038400171630819,filled,taken,1790857195526,0.68,30.0,44,0.6703,13.409699999999999,53.2488
10-01,1790857800000,1790858047776,DOWN,1,0.65,-7.992364618064629,filled,taken,1790858047776,0.65,25.0,38,0.6052,12.694799999999999,65.9436
10-01,1790858700000,1790858945946,DOWN,1,0.78,-2.958127941209421,filled,taken,1790858945946,0.78,25.0,32,0.3844,6.655599999999999,72.5992
10-01,1790859600000,1790859849279,DOWN,1,0.81,-21.075841539915928,filled,taken,1790859849279,0.81,25.0,30,0.3232,5.3767999999999985,77.976
10-01,1790860500000,1790860779644,UP,0,0.66,-11.81944451224326,filled,taken,1790860779644,0.66,25.0,37,0.5812,-25.0012,52.9748
10-01,1790861400000,1790861645950,UP,1,0.81,13.622464866016593,unfilled,taken,1790861645950,0.81,30.0,37,0.3987,6.631299999999998,59.6061
10-01,1790862300000,1790862589903,DOWN,0,0.77,14.614329592295139,filled,taken,1790862589903,0.77,30.0,38,0.4711,-29.7311,29.874999999999996
10-01,1790863200000,1790863442688,DOWN,1,0.81,-19.393087696455424,filled,taken,1790863442688,0.81,30.0,37,0.3987,6.631299999999998,36.506299999999996
10-01,1790864100000,1790864342359,UP,1,0.86,25.334770771769932,filled,taken,1790864342359,0.86,30.0,34,0.2866,4.473400000000001,40.979699999999994
10-01,1790865000000,1790865384206,UP,0,0.65,29.419278281967998,filled,taken,1790865384206,0.65,25.0,38,0.6052,-25.3052,15.674499999999995
10-01,1790865900000,1790866139159,DOWN,1,0.74,-35.25157712554683,filled,taken,1790866139159,0.74,30.0,40,0.5388,9.8612,25.535699999999995
10-01,1790866800000,1790867059896,UP,1,0.76,26.272355405920766,filled,taken,1790867059896,0.76,30.0,39,0.498,8.862,34.39769999999999
10-01,1790867700000,1790867950253,UP,1,0.84,15.93030135520701,filled,taken,1790867950253,0.84,25.0,29,0.2729,4.367100000000001,38.764799999999994
10-01,1790868600000,1790868847671,DOWN,1,0.83,-31.729820607230288,filled,taken,1790868847671,0.83,25.0,30,0.2964,4.803600000000001,43.5684
10-01,1790869500000,1790869747625,UP,1,0.94,27.000568876840436,filled,taken,1790869747625,0.94,25.0,26,0.1027,1.4573000000000014,45.0257
10-01,1790870400000,1790870649081,UP,1,0.79,9.692233159976915,filled,taken,1790870649081,0.79,25.0,31,0.3601,6.149899999999999,51.1756
10-01,1790871300000,1790871545976,UP,1,0.69,10.505641397937637,filled,taken,1790871545976,0.69,25.0,36,0.5391,10.620900000000002,61.79650000000001
10-01,1790872200000,1790872443547,UP,1,0.86,12.799068678122083,filled,taken,1790872443547,0.86,25.0,29,0.2445,3.8155000000000006,65.61200000000001
10-01,1790873100000,1790873382538,DOWN,1,0.65,-22.39559464049745,filled,taken,1790873382538,0.65,25.0,38,0.6052,12.694799999999999,78.30680000000001
10-01,1790874000000,1790874239188,UP,1,0.9,8.867533529692828,filled,taken,1790874239188,0.9,25.0,27,0.1701,2.529899999999999,80.83670000000001
10-01,1790874900000,1790875149674,UP,1,0.85,27.3005644180202,filled,daily_target,,,,,,,
10-01,1790875800000,1790876046630,DOWN,0,0.7,23.392666621220304,filled,daily_target,,,,,,,
10-01,1790876700000,1790877237118,UP,0,0.54,11.089365290914976,skipped,daily_target,,,,,,,
10-01,1790877600000,1790877841883,DOWN,0,0.78,-32.674159663098614,filled,daily_target,,,,,,,
10-01,1790878500000,1790878741715,DOWN,1,0.65,12.052294526192497,unfilled,daily_target,,,,,,,
10-01,1790879400000,1790879654145,UP,1,0.66,-2.106441051897834,filled,daily_target,,,,,,,
10-01,1790880300000,1790880544069,DOWN,1,0.86,-3.642310883801292,filled,daily_target,,,,,,,
10-01,1790881200000,1790881445811,DOWN,1,0.68,-7.463523381405768,filled,daily_target,,,,,,,
10-01,1790882100000,1790882341446,DOWN,1,0.68,2.385734318401944,filled,daily_target,,,,,,,
10-01,1790883000000,1790883239673,UP,1,0.904,-0.7942368418845103,filled,daily_target,,,,,,,
10-01,1790883900000,1790884148058,DOWN,0,0.66,-17.44198613361614,filled,daily_target,,,,,,,
10-01,1790884800000,1790885046524,UP,1,0.82,19.06877252316308,filled,daily_target,,,,,,,
10-01,1790885700000,1790886083649,UP,0,0.69,-0.2652245578904644,filled,daily_target,,,,,,,
10-01,1790886600000,1790886910872,DOWN,1,0.68,-6.535792471014101,unfilled,daily_target,,,,,,,
10-01,1790887500000,1790887859990,UP,1,0.69,-15.834092736098926,filled,daily_target,,,,,,,
10-01,1790888400000,1790888815112,UP,1,0.67,-1.6026952252135018,filled,daily_target,,,,,,,
10-01,1790889300000,1790889546151,DOWN,1,0.66,-2.348756540441199,filled,daily_target,,,,,,,
10-01,1790890200000,1790890467563,DOWN,1,0.66,-4.441241065259449,filled,daily_target,,,,,,,
10-01,1790891100000,1790891348915,UP,1,0.71,-2.2033358127426794,filled,daily_target,,,,,,,
10-01,1790892000000,1790892248695,UP,1,0.906,16.663363423039534,filled,daily_target,,,,,,,
10-01,1790892900000,1790893147350,DOWN,1,0.66,4.5344175248818175,filled,daily_target,,,,,,,
10-01,1790893800000,1790894047464,DOWN,1,0.79,-8.204184954690996,filled,daily_target,,,,,,,
10-01,1790894700000,1790894944014,DOWN,0,0.67,-3.068380022378525,filled,daily_target,,,,,,,
10-01,1790895600000,1790895920568,DOWN,1,0.66,9.081100272316789,filled,daily_target,,,,,,,
10-01,1790896500000,1790896748510,UP,1,0.83,-0.3137661314966955,filled,daily_target,,,,,,,
10-01,1790897400000,1790897648079,UP,1,0.77,7.780211707200113,filled,daily_target,,,,,,,
10-01,1790898300000,1790898544105,DOWN,0,0.78,0.4282043448844419,filled,daily_target,,,,,,,
10-01,1790899200000,1790899442925,DOWN,0,0.82,1.409643902212654,filled,daily_target,,,,,,,
10-01,1790900100000,1790900536990,DOWN,1,0.79,7.377317162016173,filled,daily_target,,,,,,,
10-01,1790901000000,1790901247530,DOWN,0,0.71,-17.964493415856264,filled,daily_target,,,,,,,
10-01,1790901900000,1790902149373,DOWN,1,0.67,4.448529246745547,filled,daily_target,,,,,,,
10-01,1790902800000,1790903049969,DOWN,1,0.69,-6.185224618564522,filled,daily_target,,,,,,,
10-01,1790903700000,1790903973134,DOWN,1,0.65,-9.940888125541392,filled,daily_target,,,,,,,
10-01,1790904600000,1790904861248,UP,0,0.72,-4.223347067928707,filled,daily_target,,,,,,,
10-01,1790905500000,1790905746653,UP,1,0.88,6.726289308995881,filled,daily_target,,,,,,,
10-01,1790906400000,1790906683534,UP,1,0.66,32.05072042574919,filled,daily_target,,,,,,,
10-01,1790907300000,1790907542795,DOWN,1,0.9,2.3761722701554078,filled,daily_target,,,,,,,
10-01,1790908200000,1790908737813,DOWN,0,0.49,2.3323247395379276,unfilled,daily_target,,,,,,,
10-01,1790909100000,1790909344747,UP,1,0.74,14.734798984017417,filled,daily_target,,,,,,,
10-01,1790910000000,1790910241364,UP,1,0.89,46.261229155215574,filled,daily_target,,,,,,,
10-01,1790910900000,1790911146125,DOWN,1,0.78,-22.072517124517297,filled,daily_target,,,,,,,
10-01,1790911800000,1790912042551,UP,1,0.9,20.330610290244522,filled,daily_target,,,,,,,
10-01,1790912700000,1790913087606,DOWN,0,0.67,-4.532761642753735,filled,daily_target,,,,,,,
10-02,1790913600000,1790913848296,UP,0,0.75,19.751297059946715,filled,taken,1790913848296,0.75,25.0,33,0.4332,-25.1832,-25.1832
10-02,1790914500000,1790914739325,UP,1,0.82,-0.14788873379356637,filled,taken,1790914739325,0.82,30.0,36,0.372,6.108000000000002,-19.075199999999995
10-02,1790915400000,1790915639977,DOWN,1,0.8,118.84549853413029,filled,taken,1790915639977,0.8,30.0,37,0.4144,6.985599999999999,-12.089599999999997
10-02,1790916300000,1790916548834,UP,1,0.71,3.256648181695354,filled,taken,1790916548834,0.71,25.0,35,0.5045,9.645500000000002,-2.4440999999999953
10-02,1790917200000,1790917479834,DOWN,1,0.66,-5.925921319785976,filled,taken,1790917479834,0.66,25.0,37,0.5812,11.998799999999997,9.554700000000002
10-02,1790918100000,1790918341060,DOWN,1,0.69,-11.500087135927206,filled,taken,1790918341060,0.69,25.0,36,0.5391,10.620900000000002,20.175600000000003
10-02,1790919000000,1790919313888,DOWN,1,0.65,-21.733367808733917,unfilled,taken,1790919313888,0.65,25.0,38,0.6052,12.694799999999999,32.870400000000004
10-02,1790919900000,1790920259404,DOWN,1,0.67,-20.727680006561442,filled,taken,1790920259404,0.67,25.0,37,0.5727,11.6373,44.5077
10-02,1790920800000,1790921042145,UP,0,0.66,-4.02621235456313,filled,taken,1790921042145,0.66,25.0,37,0.5812,-25.0012,19.5065
10-02,1790921700000,1790921943858,UP,1,0.72,-4.461638050573535,filled,taken,1790921943858,0.72,30.0,41,0.5786,10.9014,30.407899999999998
10-02,1790922600000,1790922878522,UP,0,0.65,8.980564937832725,filled,taken,1790922878522,0.65,30.0,46,0.7326,-30.632600000000004,-0.22470000000000567
10-02,1790923500000,1790923872525,UP,1,0.79,8.870631485125013,filled,taken,1790923883560,0.79,30.0,37,0.4297,7.340299999999998,7.115599999999993
10-02,1790924400000,1790924699408,DOWN,1,0.71,-3.5823193562989353,filled,taken,1790924699408,0.71,30.0,42,0.6054,11.574600000000002,18.690199999999994
10-02,1790925300000,1790925629200,DOWN,1,0.66,0.3127744784436892,filled,taken,1790925629200,0.66,25.0,37,0.5812,11.998799999999997,30.688999999999993
10-02,1790926200000,1790926444149,DOWN,1,0.7,-5.00990867205342,filled,taken,1790926444149,0.7,25.0,35,0.5145,9.985500000000002,40.674499999999995
10-02,1790927100000,1790927346354,UP,1,0.72,-4.39555948733239,filled,taken,1790927346354,0.72,25.0,34,0.4799,9.0401,49.7146
10-02,1790928000000,1790928248810,UP,1,0.93,50.46875751682833,filled,taken,1790928248810,0.93,25.0,26,0.1185,1.7014999999999987,51.41609999999999
10-02,1790928900000,1790929144673,UP,1,0.922,30.426769813436394,filled,taken,1790929144673,0.922,25.0,27,0.136,1.9699999999999989,53.38609999999999
10-02,1790929800000,1790930043885,DOWN,1,0.7,-27.612575184265964,filled,taken,1790930043885,0.7,25.0,35,0.5145,9.985500000000002,63.371599999999994
10-02,1790930700000,1790931035529,DOWN,1,0.66,0.25955343311734325,filled,taken,1790931035529,0.66,25.0,37,0.5812,11.998799999999997,75.37039999999999
10-02,1790931600000,1790931843480,DOWN,1,0.76,-18.130072698135933,filled,taken,1790931843480,0.76,25.0,32,0.4086,7.2714,82.64179999999999
10-02,1790932500000,1790932976459,DOWN,1,0.68,-2.166845062883116,filled,daily_target,,,,,,,
10-02,1790933400000,1790933642174,UP,1,0.942,17.504805430168524,filled,daily_target,,,,,,,
10-02,1790934300000,1790934542158,DOWN,0,0.69,-5.887578229648582,filled,daily_target,,,,,,,
10-02,1790935200000,1790935502793,UP,0,0.69,2.122259106480673,filled,daily_target,,,,,,,
10-02,1790936100000,1790936588031,DOWN,0,0.78,-9.318739600223669,unfilled,daily_target,,,,,,,
10-02,1790937000000,1790937269240,UP,1,0.65,6.344679623861982,filled,daily_target,,,,,,,
10-02,1790937900000,1790938141285,DOWN,1,0.83,-8.302574199505752,filled,daily_target,,,,,,,
10-02,1790938800000,1790939055727,UP,1,0.73,2.301099577848298,filled,daily_target,,,,,,,
10-02,1790939700000,1790940011531,UP,0,0.72,13.110135547902413,filled,daily_target,,,,,,,
10-02,1790940600000,1790940849033,UP,1,0.73,6.866560347777995,filled,daily_target,,,,,,,
10-02,1790941500000,1790941811955,UP,0,0.7,-3.0800246979123536,filled,daily_target,,,,,,,
10-02,1790942400000,1790942639325,DOWN,1,0.81,-17.572810847074074,filled,daily_target,,,,,,,
10-02,1790943300000,1790943544072,UP,1,0.84,22.982216839477765,filled,daily_target,,,,,,,
10-02,1790944200000,1790944441751,UP,0,0.75,27.39854113289919,filled,daily_target,,,,,,,
10-02,1790945100000,1790945340804,UP,1,0.84,-6.086173024070218,filled,daily_target,,,,,,,
10-02,1790946000000,1790946242785,UP,0,0.68,16.574366643298255,filled,daily_target,,,,,,,
10-02,1790946900000,1790947437089,DOWN,1,0.55,-10.053306475406032,unfilled,daily_target,,,,,,,
10-02,1790947800000,1790948044083,UP,1,0.88,17.01059218881751,filled,daily_target,,,,,,,
10-02,1790948700000,1790948946620,DOWN,1,0.72,-0.7334444377293803,filled,daily_target,,,,,,,
10-02,1790949600000,1790949846708,UP,0,0.68,-14.858666302285384,filled,daily_target,,,,,,,
10-02,1790950500000,1790950740428,UP,0,0.75,-21.116184679994543,filled,daily_target,,,,,,,
10-02,1790951400000,1790951641282,DOWN,1,0.68,-54.41030905255273,filled,daily_target,,,,,,,
10-02,1790952300000,1790952546500,UP,0,0.74,-0.5233048769737181,filled,daily_target,,,,,,,
10-02,1790953200000,1790953462716,DOWN,1,0.66,-52.2157555505276,filled,daily_target,,,,,,,
10-02,1790954100000,1790954388091,DOWN,1,0.66,0.37734687040158477,filled,daily_target,,,,,,,
10-02,1790955000000,1790955496656,DOWN,1,0.72,-9.752746194009454,filled,daily_target,,,,,,,
10-02,1790955900000,1790956222199,UP,0,0.67,-8.57464635383054,filled,daily_target,,,,,,,
10-02,1790956800000,1790957049479,UP,0,0.78,0.5741820201099479,filled,daily_target,,,,,,,
10-02,1790957700000,1790957940594,UP,0,0.68,-15.196449637597809,filled,daily_target,,,,,,,
10-02,1790958600000,1790959094901,DOWN,1,0.66,-9.399056102118442,unfilled,daily_target,,,,,,,
10-02,1790959500000,1790959743008,UP,0,0.67,7.052194015935154,filled,daily_target,,,,,,,
10-02,1790960400000,1790960640077,UP,0,0.76,-2.9961665997468856,filled,daily_target,,,,,,,
10-02,1790961300000,1790961540323,DOWN,1,0.7,-42.60922705356052,filled,daily_target,,,,,,,
10-02,1790962200000,1790962444488,UP,0,0.7,-11.77423363277752,filled,daily_target,,,,,,,
10-02,1790963100000,1790963365464,UP,1,0.66,-10.151241831349855,filled,daily_target,,,,,,,
10-02,1790964000000,1790964280664,UP,1,0.69,20.06869992050353,filled,daily_target,,,,,,,
10-02,1790964900000,1790965139731,DOWN,1,0.82,-18.72935360188177,filled,daily_target,,,,,,,
10-02,1790965800000,1790966048785,DOWN,1,0.75,-19.445689710282377,filled,daily_target,,,,,,,
10-02,1790966700000,1790967054848,UP,1,0.65,-50.50190225601714,filled,daily_target,,,,,,,
10-02,1790967600000,1790968016024,DOWN,1,0.71,14.625701293740079,filled,daily_target,,,,,,,
10-02,1790968500000,1790968741980,DOWN,0,0.66,-21.891566883625035,filled,daily_target,,,,,,,
10-02,1790969400000,1790969792633,UP,1,0.66,20.403349961977124,filled,daily_target,,,,,,,
10-02,1790970300000,1790970643767,UP,1,0.67,5.254390858717706,filled,daily_target,,,,,,,
10-02,1790971200000,1790971444750,UP,1,0.68,21.533234218447106,filled,daily_target,,,,,,,
10-02,1790972100000,1790972632553,UP,0,0.75,2.323635395888868,unfilled,daily_target,,,,,,,
10-02,1790973000000,1790973248788,UP,0,0.82,9.30032560702232,filled,daily_target,,,,,,,
10-02,1790973900000,1790974141952,UP,1,0.79,-8.142023427119005,filled,daily_target,,,,,,,
10-02,1790974800000,1790975081816,UP,1,0.68,17.537068821755764,filled,daily_target,,,,,,,
10-02,1790975700000,1790976235486,DOWN,1,0.61,-0.6490102282352694,filled,daily_target,,,,,,,
10-02,1790976600000,1790976978394,UP,1,0.69,-4.004782680109287,filled,daily_target,,,,,,,
10-02,1790977500000,1790977957692,UP,1,0.67,4.9920527838676065,filled,daily_target,,,,,,,
10-02,1790978400000,1790978705532,DOWN,0,0.7,-2.969347397606681,filled,daily_target,,,,,,,
10-02,1790979300000,1790979832616,UP,0,0.54,7.182513787153955,skipped,daily_target,,,,,,,
10-02,1790980200000,1790980528627,UP,0,0.67,0.6004323657338162,skipped,daily_target,,,,,,,
10-02,1790981100000,1790981341348,UP,1,0.65,-0.21614604701070128,skipped,daily_target,,,,,,,
10-02,1790982000000,1790982375181,DOWN,1,0.74,0.4978937950528284,filled,daily_target,,,,,,,
10-02,1790982900000,1790983431076,UP,1,0.6,-2.1530264495672746,filled,daily_target,,,,,,,
10-02,1790983800000,1790984045262,DOWN,1,0.77,2.593175834153527,filled,daily_target,,,,,,,
10-02,1790984700000,1790985231104,DOWN,1,0.72,3.7716006746157937,filled,daily_target,,,,,,,
10-02,1790985600000,1790985839274,DOWN,1,0.68,-7.691100623127278,filled,daily_target,,,,,,,
10-02,1790986500000,1790986741782,UP,1,0.69,5.376382959874082,filled,daily_target,,,,,,,
10-02,1790987400000,1790987644201,UP,1,0.79,8.404330145239669,filled,daily_target,,,,,,,
10-02,1790988300000,1790988558280,UP,1,0.69,3.0916312868289886,filled,daily_target,,,,,,,
10-02,1790989200000,1790989445950,DOWN,1,0.75,0.3933617453011351,filled,daily_target,,,,,,,
10-02,1790990100000,1790990422192,DOWN,1,0.65,-2.0930735310864534,filled,daily_target,,,,,,,
10-02,1790991000000,1790991243543,UP,1,0.68,0.30143614114797046,filled,daily_target,,,,,,,
10-02,1790991900000,1790992382853,DOWN,0,0.74,-2.6500481947178134,filled,daily_target,,,,,,,
10-02,1790992800000,1790993207661,DOWN,1,0.79,0.4292558238172539,skipped,daily_target,,,,,,,
10-02,1790993700000,1790993948323,UP,1,0.81,1.3295933704937646,filled,daily_target,,,,,,,
10-02,1790994600000,1790995130267,UP,1,0.61,-2.4136198766655514,filled,daily_target,,,,,,,
10-02,1790995500000,1790995746650,DOWN,1,0.75,-1.2622961097119578,filled,daily_target,,,,,,,
10-02,1790996400000,1790996645896,UP,0,0.7,-4.002792703419189,filled,daily_target,,,,,,,
10-02,1790997300000,1790997541461,UP,1,0.88,-1.9493757899025077,filled,daily_target,,,,,,,
10-02,1790998200000,1790998449509,UP,1,0.73,1.3938565398197156,filled,daily_target,,,,,,,
10-02,1790999100000,1790999511491,UP,1,0.66,5.063453560865128,filled,daily_target,,,,,,,
10-03,1791000000000,1791000243487,UP,0,0.74,6.340788524938912,filled,taken,1791000243487,0.74,25.0,33,0.4445,-24.8645,-24.8645
10-03,1791000900000,1791001140346,DOWN,1,0.84,-12.166858756279542,filled,taken,1791001140346,0.84,30.0,35,0.3293,5.2707000000000015,-19.593799999999998
10-03,1791001800000,1791002043914,UP,1,0.74,-6.63291499730545,filled,taken,1791002043914,0.74,30.0,40,0.5388,9.8612,-9.732599999999998
10-03,1791002700000,1791002945732,UP,1,0.85,4.289346013506279,filled,taken,1791002945732,0.85,25.0,29,0.2589,4.091100000000001,-5.641499999999997
10-03,1791003600000,1791003839727,DOWN,1,0.77,-4.449923544447287,filled,taken,1791003839727,0.77,25.0,32,0.3968,6.9632,1.3217000000000025
10-03,1791004500000,1791004748459,UP,1,0.75,4.076128530852152,filled,taken,1791004748459,0.75,25.0,33,0.4332,7.8168,9.138500000000002
10-03,1791005400000,1791005642854,UP,1,0.69,6.177343351478903,filled,taken,1791005642854,0.69,25.0,36,0.5391,10.620900000000002,19.759400000000007
10-03,1791006300000,1791006541707,UP,0,0.7,1.4211079230097567,filled,taken,1791006541707,0.7,25.0,35,0.5145,-25.014499999999998,-5.255099999999992
10-03,1791007200000,1791007440381,UP,0,0.76,1.5556110286896185,skipped,no_cushion,,,,,,,
10-03,1791008100000,1791008355747,UP,1,0.65,-2.3901602895148866,skipped,no_cushion,,,,,,,
10-03,1791009000000,1791009377309,DOWN,0,0.69,-0.7704455223045414,skipped,no_cushion,,,,,,,
10-03,1791009900000,1791010161390,DOWN,1,0.67,-2.1860055045364035,filled,taken,1791010193494,0.85,30.0,35,0.3124,4.937600000000001,-0.317499999999991
10-03,1791010800000,1791011173172,UP,1,0.72,3.398974264829935,filled,taken,1791011173172,0.72,30.0,41,0.5786,10.9014,10.58390000000001
10-03,1791011700000,1791011968779,DOWN,0,0.65,2.0417786020621165,filled,taken,1791011968779,0.65,25.0,38,0.6052,-25.3052,-14.721299999999989
10-03,1791012600000,1791012840171,UP,0,0.65,5.332672425377716,skipped,no_cushion,,,,,,,
10-03,1791013500000,1791013746594,UP,1,0.72,-5.21475071945221,skipped,no_cushion,,,,,,,
10-03,1791014400000,1791014660114,UP,1,0.66,-1.0897783903451863,unfilled,taken,1791014857325,0.85,30.0,35,0.3124,4.937600000000001,-9.783699999999989
10-03,1791015300000,1791015542343,DOWN,1,0.66,3.637636256976773,filled,taken,1791015542343,0.66,30.0,45,0.7069,14.5931,4.809400000000011
10-03,1791016200000,1791016447568,DOWN,0,0.74,-5.031200141797365,filled,taken,1791016447568,0.74,25.0,33,0.4445,-24.8645,-20.05509999999999
10-03,1791017100000,1791017445358,UP,0,0.65,5.257752293810203,skipped,no_cushion,,,,,,,
10-03,1791018000000,1791018245514,UP,1,0.72,1.647616831197407,skipped,no_cushion,,,,,,,
10-03,1791018900000,1791019147478,DOWN,1,0.65,-1.534656248443067,skipped,no_cushion,,,,,,,
10-03,1791019800000,1791020180940,DOWN,1,0.7,-1.7003853109942568,skipped,no_cushion,,,,,,,
10-03,1791020700000,1791021232553,UP,1,0.55,0.6398360884452003,skipped,no_cushion,,,,,,,
10-03,1791021600000,1791021904946,UP,0,0.72,1.3725144391041333,skipped,no_cushion,,,,,,,
10-03,1791022500000,1791022795645,DOWN,0,0.66,-2.41921559329783,skipped,no_cushion,,,,,,,
10-03,1791023400000,1791023939286,DOWN,1,0.52,4.042168857232298,skipped,no_cushion,,,,,,,
10-03,1791024300000,1791024546647,UP,1,0.73,1.6730809019538384,skipped,no_cushion,,,,,,,
10-03,1791025200000,1791025451816,DOWN,1,0.81,1.1650690914266626,skipped,no_cushion,,,,,,,
10-03,1791026100000,1791026344328,UP,1,0.7,1.2215974987039857,skipped,no_cushion,,,,,,,
10-03,1791027000000,1791027308882,UP,1,0.72,0.6216271589321032,skipped,no_cushion,,,,,,,
10-03,1791027900000,1791028149125,UP,1,0.87,4.124870171402506,skipped,no_cushion,,,,,,,
10-03,1791028800000,1791029042171,UP,1,0.79,0.5905126043170839,skipped,no_cushion,,,,,,,
10-03,1791029700000,1791029941950,UP,1,0.913,9.332670885726646,filled,taken,1791029941950,0.913,30.0,32,0.178,2.605999999999999,-17.44909999999999
10-03,1791030600000,1791030947699,UP,0,0.66,9.183117962376919,filled,taken,1791030947699,0.66,30.0,45,0.7069,-30.406900000000004,-47.855999999999995
10-03,1791031500000,1791031741371,UP,1,0.71,-1.2656906620245323,filled,taken,1791032056092,0.934,30.0,32,0.1381,1.9738999999999982,-45.882099999999994
10-03,1791032400000,1791032645392,DOWN,1,0.66,2.813578308946685,filled,taken,1791032645392,0.66,30.0,45,0.7069,14.5931,-31.288999999999994
10-03,1791033300000,1791033546812,DOWN,1,0.78,-4.368093305409104,filled,taken,1791033546812,0.78,25.0,32,0.3844,6.655599999999999,-24.633399999999995
10-03,1791034200000,1791034454134,UP,1,0.88,1.0628120381750428,filled,taken,1791034454134,0.88,25.0,28,0.207,3.153,-21.480399999999996
10-03,1791035100000,1791035361934,UP,1,0.66,3.9444227571650003,filled,taken,1791035361934,0.66,25.0,37,0.5812,11.998799999999997,-9.481599999999998
10-03,1791036000000,1791036248537,DOWN,1,0.87,-4.2511709558124,filled,taken,1791036248537,0.87,25.0,28,0.2217,3.4183000000000003,-6.063299999999998
10-03,1791036900000,1791037145017,UP,1,0.66,-1.6027488212155827,filled,taken,1791037145017,0.66,25.0,37,0.5812,11.998799999999997,5.935499999999999
10-03,1791037800000,1791038041977,DOWN,1,0.79,-1.6081503833453858,filled,taken,1791038041977,0.79,25.0,31,0.3601,6.149899999999999,12.085399999999998
10-03,1791038700000,1791038939964,UP,1,0.937,2.4657923744220156,filled,taken,1791038939964,0.937,25.0,26,0.1075,1.5304999999999986,13.615899999999996
10-03,1791039600000,1791039843536,DOWN,1,0.86,-2.3248845045320543,filled,taken,1791039843536,0.86,25.0,29,0.2445,3.8155000000000006,17.431399999999996
10-03,1791040500000,1791040837050,UP,1,0.71,5.616352636521604,filled,taken,1791040837050,0.71,25.0,35,0.5045,9.645500000000002,27.0769
10-03,1791041400000,1791041646357,DOWN,0,0.82,-4.884909855279451,filled,taken,1791041646357,0.82,25.0,30,0.31,-24.909999999999997,2.166900000000002
10-03,1791042300000,1791042600852,UP,1,0.67,7.449102437659949,skipped,no_cushion,,,,,,,
10-03,1791043200000,1791043525003,DOWN,1,0.74,-0.1966275511022797,skipped,no_cushion,,,,,,,
10-03,1791044100000,1791044342610,DOWN,1,0.66,-3.7292365779062475,filled,taken,1791044548760,0.9,30.0,33,0.2079,3.0920999999999994,5.259000000000001
10-03,1791045000000,1791045241012,UP,1,0.72,0.8146948428833234,filled,taken,1791045241012,0.72,30.0,41,0.5786,10.9014,16.160400000000003
10-03,1791045900000,1791046148900,UP,1,0.7,2.83513582043593,filled,taken,1791046148900,0.7,25.0,35,0.5145,9.985500000000002,26.145900000000005
10-03,1791046800000,1791047270247,UP,1,0.72,2.94390032473002,filled,taken,1791047270247,0.72,25.0,34,0.4799,9.0401,35.18600000000001
10-03,1791047700000,1791047942856,UP,1,0.83,4.7253792075885315,filled,taken,1791047942856,0.83,25.0,30,0.2964,4.803600000000001,39.98960000000001
10-03,1791048600000,1791048848985,DOWN,0,0.85,-6.365319743595332,filled,taken,1791048848985,0.85,25.0,29,0.2589,-24.9089,15.08070000000001
10-03,1791049500000,1791049745910,DOWN,0,0.73,9.05955943461656,skipped,no_cushion,,,,,,,
10-03,1791050400000,1791050800827,UP,0,0.65,5.903992443461181,skipped,no_cushion,,,,,,,
10-03,1791051300000,1791051541268,DOWN,1,0.65,-4.429331954959315,skipped,no_cushion,,,,,,,
10-03,1791052200000,1791052444885,DOWN,1,0.72,-0.9508886949716189,filled,taken,1791052760665,0.945,30.0,31,0.1128,1.5922000000000014,16.672900000000013
10-03,1791053100000,1791053498055,DOWN,0,0.68,-2.179553362409159,filled,taken,1791053498055,0.68,30.0,44,0.6703,-30.590300000000003,-13.91739999999999
10-03,1791054000000,1791054241398,DOWN,1,0.921,-6.430437441048431,filled,taken,1791054241398,0.921,30.0,32,0.163,2.364999999999999,-11.552399999999992
10-03,1791054900000,1791055186706,DOWN,1,0.67,-0.4920147699982724,filled,taken,1791055186706,0.67,30.0,44,0.681,13.838999999999999,2.286600000000007
10-03,1791055800000,1791056046350,DOWN,1,0.76,-5.384006943789377,filled,taken,1791056046350,0.76,25.0,32,0.4086,7.2714,9.558000000000007
10-03,1791056700000,1791056948779,DOWN,0,0.78,-5.984343162080963,filled,taken,1791056948779,0.78,25.0,32,0.3844,-25.3444,-15.786399999999993
10-03,1791057600000,1791057839838,UP,1,0.85,15.16458404732468,filled,taken,1791057839838,0.85,30.0,35,0.3124,4.937600000000001,-10.848799999999994
10-03,1791058500000,1791058813059,UP,1,0.69,1.4629375546881818,filled,taken,1791058813059,0.69,30.0,43,0.6439,12.686100000000001,1.837300000000008
10-03,1791059400000,1791059724530,DOWN,1,0.68,-0.8940432024395761,filled,taken,1791059724530,0.68,25.0,36,0.5484,10.971599999999999,12.808900000000007
10-03,1791060300000,1791060566689,DOWN,1,0.81,-6.3430246382412125,unfilled,taken,1791060566689,0.81,25.0,30,0.3232,5.3767999999999985,18.185700000000004
10-03,1791061200000,1791061444795,DOWN,1,0.69,-15.197056478403193,filled,taken,1791061444795,0.69,25.0,36,0.5391,10.620900000000002,28.806600000000007
10-03,1791062100000,1791062342362,UP,1,0.79,-2.2325505719977823,filled,taken,1791062342362,0.79,25.0,31,0.3601,6.149899999999999,34.956500000000005
10-03,1791063000000,1791063275009,UP,0,0.65,-0.6749486749890732,filled,taken,1791063275009,0.65,25.0,38,0.6052,-25.3052,9.651300000000006
10-03,1791063900000,1791064148341,UP,1,0.7,4.063007244301531,skipped,no_cushion,,,,,,,
10-03,1791064800000,1791065040671,UP,1,0.67,-0.9318866496688116,unfilled,taken,1791065181445,0.79,30.0,37,0.4297,7.340299999999998,16.991600000000005
10-03,1791065700000,1791065996255,DOWN,1,0.65,2.939129405767904,skipped,taken,1791065996255,0.65,30.0,46,0.7326,15.367399999999998,32.359
10-03,1791066600000,1791066918512,UP,1,0.65,0.8150821185926027,skipped,taken,1791066918512,0.65,25.0,38,0.6052,12.694799999999999,45.0538
10-03,1791067500000,1791067830402,UP,0,0.65,2.510504151411741,skipped,taken,1791067830402,0.65,25.0,38,0.6052,-25.3052,19.748600000000003
10-03,1791068400000,1791068819172,DOWN,1,0.74,-3.5200012907221634,skipped,no_cushion,,,,,,,
10-03,1791069300000,1791069765584,UP,0,0.82,1.644121032216006,skipped,no_cushion,,,,,,,
10-03,1791070200000,1791070491599,UP,1,0.77,-1.1704989278116251,filled,taken,1791070678591,0.89,30.0,33,0.2262,3.4037999999999995,23.152400000000004
10-03,1791071100000,1791071416513,DOWN,1,0.65,1.1743304125988452,filled,taken,1791071416513,0.65,30.0,46,0.7326,15.367399999999998,38.519800000000004
10-03,1791072000000,1791072246693,UP,1,0.71,3.9365010999903305,filled,taken,1791072246693,0.71,25.0,35,0.5045,9.645500000000002,48.1653
10-03,1791072900000,1791073206450,UP,0,0.68,2.7798714900417743,filled,taken,1791073206450,0.68,25.0,36,0.5484,-25.0284,23.1369
10-03,1791073800000,1791074081407,UP,0,0.7,-2.3326285066060937,skipped,no_cushion,,,,,,,
10-03,1791074700000,1791075003485,UP,0,0.67,-2.092145211682883,skipped,no_cushion,,,,,,,
10-03,1791075600000,1791076133657,DOWN,1,0.53,-6.39213406245287,skipped,no_cushion,,,,,,,
10-03,1791076500000,1791076747715,DOWN,1,0.72,-6.616321846433237,filled,taken,1791076747715,0.72,30.0,41,0.5786,10.9014,34.0383
10-03,1791077400000,1791077707530,UP,1,0.81,4.8077210525776515,filled,taken,1791077707530,0.81,30.0,37,0.3987,6.631299999999998,40.669599999999996
10-03,1791078300000,1791078746582,UP,1,0.71,-0.10478219840126535,filled,taken,1791078746582,0.71,25.0,35,0.5045,9.645500000000002,50.3151
10-03,1791079200000,1791079440024,UP,1,0.79,5.162009219639163,filled,taken,1791079440024,0.79,25.0,31,0.3601,6.149899999999999,56.465
10-03,1791080100000,1791080589052,UP,1,0.76,0.5710277589776602,filled,taken,1791080589052,0.76,25.0,32,0.4086,7.2714,63.7364
10-03,1791081000000,1791081249182,UP,0,0.67,1.3530388874194443,filled,taken,1791081249182,0.67,25.0,37,0.5727,-25.362700000000004,38.3737
10-03,1791081900000,1791082310044,DOWN,0,0.69,-3.166996540110434,skipped,no_cushion,,,,,,,
10-03,1791082800000,1791083330872,UP,1,0.5,1.6074643655361598,skipped,no_cushion,,,,,,,
10-03,1791083700000,1791084158915,UP,0,0.74,1.382432602181627,skipped,no_cushion,,,,,,,
10-03,1791084600000,1791084845367,UP,1,0.81,1.8390364195419728,filled,taken,1791084909704,0.931,30.0,32,0.1439,2.0640999999999985,40.437799999999996
10-03,1791085500000,1791085754228,DOWN,1,0.66,4.870698272385621,filled,taken,1791085754228,0.66,30.0,45,0.7069,14.5931,55.030899999999995
10-04,1791086400000,1791086645806,UP,0,0.69,-2.51616680680522,filled,taken,1791086645806,0.69,25.0,36,0.5391,-25.379099999999998,-25.379099999999998
10-04,1791087300000,1791087790579,UP,1,0.65,-1.6969616509487917,skipped,no_cushion,,,,,,,
10-04,1791088200000,1791088732558,DOWN,1,0.6,-0.17350269205462787,skipped,no_cushion,,,,,,,
10-04,1791089100000,1791089632372,DOWN,1,0.55,-0.14681825887374877,skipped,no_cushion,,,,,,,
10-04,1791090000000,1791090248500,UP,1,0.77,1.171069729275498,skipped,no_cushion,,,,,,,
10-04,1791090900000,1791091175285,UP,1,0.89,1.993379071076884,skipped,no_cushion,,,,,,,
10-04,1791091800000,1791092088914,UP,1,0.75,1.2853174819449364,skipped,no_cushion,,,,,,,
10-04,1791092700000,1791092939913,DOWN,1,0.71,5.052315074820513,skipped,no_cushion,,,,,,,
10-04,1791093600000,1791093910447,UP,1,0.66,1.1542236162487285,skipped,no_cushion,,,,,,,
10-04,1791094500000,1791094739259,UP,0,0.68,1.0008167143227276,filled,taken,1791094914544,0.942,30.0,31,0.1186,-29.3206,-54.69969999999999
10-04,1791095400000,1791095649930,UP,1,0.89,10.17615981544262,filled,taken,1791095649930,0.89,30.0,33,0.2262,3.4037999999999995,-51.295899999999996
10-04,1791096300000,1791096540938,UP,1,0.79,-1.8257327045367866,filled,taken,1791096540938,0.79,30.0,37,0.4297,7.340299999999998,-43.9556
10-04,1791097200000,1791097643076,DOWN,1,0.68,-0.4141449746852821,filled,taken,1791097643076,0.68,25.0,36,0.5484,10.971599999999999,-32.983999999999995
10-04,1791098100000,1791098349142,DOWN,1,0.902,-9.214216942210474,filled,taken,1791098349142,0.902,25.0,27,0.1671,2.4788999999999994,-30.505099999999995
10-04,1791099000000,1791099247575,DOWN,1,0.85,-2.2246248878265984,filled,taken,1791099247575,0.85,25.0,29,0.2589,4.091100000000001,-26.413999999999994
10-04,1791099900000,1791100148987,UP,1,0.87,9.66246502972723,filled,taken,1791100148987,0.87,25.0,28,0.2217,3.4183000000000003,-22.995699999999992
10-04,1791100800000,1791101074215,UP,1,0.68,12.73449119255643,filled,taken,1791101074215,0.68,25.0,36,0.5484,10.971599999999999,-12.024099999999994
10-04,1791101700000,1791102009622,DOWN,0,0.73,1.4630468185794498,filled,taken,1791102009622,0.73,25.0,34,0.4691,-25.2891,-37.313199999999995
10-04,1791102600000,1791102841507,DOWN,1,0.913,-8.195911654957921,filled,taken,1791102841507,0.913,30.0,32,0.178,2.605999999999999,-34.70719999999999
10-04,1791103500000,1791103747195,UP,1,0.76,3.583285495483146,filled,taken,1791103747195,0.76,30.0,39,0.498,8.862,-25.84519999999999
10-04,1791104400000,1791104639418,DOWN,0,0.82,-4.181259876787635,filled,taken,1791104639418,0.82,25.0,30,0.31,-24.909999999999997,-50.75519999999999
10-04,1791105300000,1791105548173,UP,1,0.73,9.772345360465895,filled,taken,1791105789524,0.946,30.0,31,0.1109,1.5631000000000015,-49.19209999999999
10-04,1791106200000,1791106440715,DOWN,0,0.73,11.520842934389375,filled,taken,1791106440715,0.73,30.0,41,0.5657,-30.4957,-79.68779999999998
10-04,1791107100000,1791107345182,UP,0,0.73,6.888878330424397,filled,taken,1791107388196,0.8,30.0,37,0.4144,-30.014400000000002,-109.70219999999998
10-04,1791108000000,1791108245203,UP,1,0.79,-4.932499476099084,skipped,no_cushion,,,,,,,
10-04,1791108900000,1791109140403,UP,1,0.9,5.4642045437525155,filled,taken,1791109140403,0.9,30.0,33,0.2079,3.0920999999999994,-106.61009999999997
10-04,1791109800000,1791110046251,DOWN,1,0.71,6.95519297219338,filled,taken,1791110046251,0.71,30.0,42,0.6054,11.574600000000002,-95.03549999999997
10-04,1791110700000,1791111238902,DOWN,1,0.61,1.7066053116110425,filled,taken,1791111238902,0.61,25.0,40,0.6662,14.933800000000002,-80.10169999999997
10-04,1791111600000,1791111841715,DOWN,1,0.82,-10.949097358526894,filled,taken,1791111841715,0.82,25.0,30,0.31,5.090000000000002,-75.01169999999996
10-04,1791112500000,1791112743879,UP,1,0.68,5.308990398877889,filled,taken,1791112743879,0.68,25.0,36,0.5484,10.971599999999999,-64.04009999999997
10-04,1791113400000,1791113746455,DOWN,1,0.65,3.8697265817955184,filled,taken,1791113746455,0.65,25.0,38,0.6052,12.694799999999999,-51.345299999999966
10-04,1791114300000,1791114645423,UP,1,0.7,-3.5767139821929472,filled,taken,1791114645423,0.7,25.0,35,0.5145,9.985500000000002,-41.359799999999964
10-04,1791115200000,1791115444523,UP,0,0.71,6.668968542788978,filled,taken,1791115444523,0.71,25.0,35,0.5045,-25.354499999999998,-66.71429999999997
10-04,1791116100000,1791116368776,DOWN,0,0.65,-9.284528600804753,filled,no_cushion,,,,,,,
10-04,1791117000000,1791117383752,DOWN,1,0.68,1.3578284655246797,skipped,no_cushion,,,,,,,
10-04,1791117900000,1791118145231,DOWN,1,0.8,-13.349777443063537,filled,taken,1791118145231,0.8,30.0,37,0.4144,6.985599999999999,-59.72869999999997
10-04,1791118800000,1791119226774,UP,1,0.71,-2.8812029544555973,filled,taken,1791119226774,0.71,30.0,42,0.6054,11.574600000000002,-48.154099999999964
10-04,1791119700000,1791119939264,UP,1,0.7,7.1404208813019565,filled,taken,1791119939264,0.7,25.0,35,0.5145,9.985500000000002,-38.16859999999996
10-04,1791120600000,1791120842511,UP,1,0.75,7.865947081233671,filled,taken,1791120842511,0.75,25.0,33,0.4332,7.8168,-30.35179999999996
10-04,1791121500000,1791121743150,UP,1,0.82,3.295299953429698,filled,taken,1791121743150,0.82,25.0,30,0.31,5.090000000000002,-25.26179999999996
10-04,1791122400000,1791122849458,DOWN,1,0.67,-4.567080891726416,unfilled,taken,1791122849458,0.67,25.0,37,0.5727,11.6373,-13.624499999999959
10-04,1791123300000,1791123547669,DOWN,1,0.72,-5.48920144582854,filled,taken,1791123547669,0.72,25.0,34,0.4799,9.0401,-4.584399999999958
10-04,1791124200000,1791124643451,DOWN,1,0.82,3.1110024992231367,filled,taken,1791124643451,0.82,25.0,30,0.31,5.090000000000002,0.5056000000000438
10-04,1791125100000,1791125340060,DOWN,0,0.74,-7.911675780760685,filled,taken,1791125340060,0.74,25.0,33,0.4445,-24.8645,-24.358899999999956
10-04,1791126000000,1791126247808,UP,1,0.73,23.387242217414173,filled,taken,1791126269088,0.86,30.0,34,0.2866,4.473400000000001,-19.885499999999954
10-04,1791126900000,1791127146780,UP,0,0.7,6.195341451593617,filled,taken,1791127146780,0.7,30.0,42,0.6174,-30.0174,-49.90289999999995
10-04,1791127800000,1791128041176,DOWN,0,0.65,-6.38788633226639,skipped,no_cushion,,,,,,,
10-04,1791128700000,1791128968670,UP,0,0.69,8.015528923641657,skipped,no_cushion,,,,,,,
10-04,1791129600000,1791129840430,DOWN,1,0.87,-18.455415939527818,filled,taken,1791129840430,0.87,30.0,34,0.2692,4.1508,-45.752099999999956
10-04,1791130500000,1791130898751,DOWN,1,0.68,8.389252750100606,unfilled,taken,1791130898751,0.68,30.0,44,0.6703,13.409699999999999,-32.342399999999955
10-04,1791131400000,1791131643714,UP,1,0.76,0.7322538503151677,unfilled,taken,1791131643714,0.76,25.0,32,0.4086,7.2714,-25.070999999999955
10-04,1791132300000,1791132569232,UP,1,0.85,7.267433622737407,filled,taken,1791132569232,0.85,25.0,29,0.2589,4.091100000000001,-20.979899999999954
10-04,1791133200000,1791133460713,UP,0,0.69,3.9559417483348014,filled,taken,1791133460713,0.69,25.0,36,0.5391,-25.379099999999998,-46.35899999999995
10-04,1791134100000,1791134429147,UP,1,0.65,-6.9639613924454835,filled,taken,1791134765868,0.966,30.0,31,0.0713,0.9827000000000009,-45.37629999999995
10-04,1791135000000,1791135291282,DOWN,0,0.65,5.483372131860342,filled,taken,1791135291282,0.65,30.0,46,0.7326,-30.632600000000004,-76.00889999999995
10-04,1791135900000,1791136345271,DOWN,1,0.74,2.164201019143608,filled,taken,1791136436658,0.81,30.0,37,0.3987,6.631299999999998,-69.37759999999996
10-04,1791136800000,1791137067718,UP,0,0.69,-10.002573237707368,filled,taken,1791137067718,0.69,30.0,43,0.6439,-30.313899999999997,-99.69149999999996
10-04,1791137700000,1791137958821,UP,1,0.67,-0.4615937981089502,skipped,no_cushion,,,,,,,
10-04,1791138600000,1791138979094,UP,1,0.67,0.943987775474664,skipped,no_cushion,,,,,,,
10-04,1791139500000,1791139745145,DOWN,1,0.68,1.789398632485728,skipped,no_cushion,,,,,,,
10-04,1791140400000,1791140639447,UP,1,0.74,1.8743905418294737,filled,taken,1791140703877,0.87,30.0,34,0.2692,4.1508,-95.54069999999996
10-04,1791141300000,1791141693060,UP,1,0.65,-0.24138995309397338,filled,taken,1791141693060,0.65,30.0,46,0.7326,15.367399999999998,-80.17329999999995
10-04,1791142200000,1791142448196,UP,0,0.82,15.57744974319153,filled,taken,1791142448196,0.82,25.0,30,0.31,-24.909999999999997,-105.08329999999995
10-04,1791143100000,1791143375342,UP,0,0.69,-9.645486135168024,skipped,no_cushion,,,,,,,
10-04,1791144000000,1791144306867,DOWN,0,0.65,-2.54265612355975,skipped,no_cushion,,,,,,,
10-04,1791144900000,1791145145307,UP,1,0.79,5.012445224448214,filled,taken,1791145145307,0.79,30.0,37,0.4297,7.340299999999998,-97.74299999999995
10-04,1791145800000,1791146055648,UP,1,0.79,1.781812579864095,filled,taken,1791146055648,0.79,30.0,37,0.4297,7.340299999999998,-90.40269999999995
10-04,1791146700000,1791146944535,UP,1,0.73,44.58490180717423,filled,taken,1791146944535,0.73,25.0,34,0.4691,8.7109,-81.69179999999996
10-04,1791147600000,1791147949160,UP,1,0.66,2.8239247420880353,filled,taken,1791147949160,0.66,25.0,37,0.5812,11.998799999999997,-69.69299999999996
10-04,1791148500000,1791148845524,DOWN,1,0.79,15.028617449963644,filled,taken,1791148845524,0.79,25.0,31,0.3601,6.149899999999999,-63.54309999999995
10-04,1791149400000,1791149672683,UP,1,0.65,-19.61939188875661,filled,taken,1791149672683,0.65,25.0,38,0.6052,12.694799999999999,-50.84829999999995
10-04,1791150300000,1791150585877,DOWN,1,0.7,11.814978017725686,filled,taken,1791150585877,0.7,25.0,35,0.5145,9.985500000000002,-40.86279999999995
10-04,1791151200000,1791151443921,UP,1,0.87,10.353620268275243,filled,taken,1791151443921,0.87,25.0,28,0.2217,3.4183000000000003,-37.44449999999995
10-04,1791152100000,1791152342746,UP,0,0.89,58.27191994147718,filled,taken,1791152342746,0.89,25.0,28,0.1919,-25.111900000000002,-62.556399999999954
10-04,1791153000000,1791153245491,UP,1,0.69,-28.374351392367323,filled,taken,1791153245491,0.69,30.0,43,0.6439,12.686100000000001,-49.87029999999995
10-04,1791153900000,1791154141917,DOWN,0,0.65,-2.599764646333824,filled,taken,1791154141917,0.65,30.0,46,0.7326,-30.632600000000004,-80.50289999999995
10-04,1791154800000,1791155096606,UP,1,0.67,13.49785579244811,filled,taken,1791155107601,0.67,30.0,44,0.681,13.838999999999999,-66.66389999999996
10-04,1791155700000,1791156238983,UP,1,0.62,15.289875920470042,filled,taken,1791156238983,0.62,30.0,48,0.7917,17.448300000000003,-49.21559999999995
10-04,1791156600000,1791156849014,DOWN,1,0.72,7.524977277661993,unfilled,taken,1791156849014,0.72,25.0,34,0.4799,9.0401,-40.17549999999995
10-04,1791157500000,1791157874838,UP,1,0.66,-0.5554589455281089,filled,taken,1791157874838,0.66,25.0,37,0.5812,11.998799999999997,-28.176699999999954
10-04,1791158400000,1791158647263,DOWN,1,0.78,-18.045538273403494,filled,taken,1791158647263,0.78,25.0,32,0.3844,6.655599999999999,-21.521099999999954
10-04,1791159300000,1791159540238,UP,0,0.68,9.772745222509371,filled,taken,1791159540238,0.68,25.0,36,0.5484,-25.0284,-46.54949999999995
10-04,1791160200000,1791160610116,UP,1,0.7,-20.352292323356778,filled,taken,1791160765275,0.83,30.0,36,0.3556,5.764400000000001,-40.78509999999995
10-04,1791161100000,1791161496952,UP,1,0.73,40.37401194665114,filled,taken,1791161496952,0.73,30.0,41,0.5657,10.5043,-30.28079999999995
10-04,1791162000000,1791162242348,DOWN,0,0.84,-10.84661340306714,filled,taken,1791162242348,0.84,25.0,29,0.2729,-24.6329,-54.91369999999995
10-04,1791162900000,1791163174493,UP,1,0.73,31.636154788599047,filled,taken,1791163174493,0.73,30.0,41,0.5657,10.5043,-44.40939999999995
10-04,1791163800000,1791164047782,DOWN,1,0.83,-5.397933478250572,filled,taken,1791164047782,0.83,30.0,36,0.3556,5.764400000000001,-38.644999999999946
10-04,1791164700000,1791165056935,DOWN,1,0.77,-0.7349842963233488,filled,taken,1791165056935,0.77,25.0,32,0.3968,6.9632,-31.681799999999946
10-04,1791165600000,1791165866111,UP,1,0.7,-12.603301987285098,filled,taken,1791165866111,0.7,25.0,35,0.5145,9.985500000000002,-21.696299999999944
10-04,1791166500000,1791166741717,DOWN,1,0.77,-0.22126449088721856,filled,taken,1791166741717,0.77,25.0,32,0.3968,6.9632,-14.733099999999943
10-04,1791167400000,1791167646084,DOWN,0,0.69,-16.25171091055977,filled,taken,1791167646084,0.69,25.0,36,0.5391,-25.379099999999998,-40.112199999999945
10-04,1791168300000,1791168544650,DOWN,1,0.76,20.148271744422352,filled,taken,1791168544650,0.76,30.0,39,0.498,8.862,-31.250199999999943
10-04,1791169200000,1791169533882,DOWN,1,0.68,-10.823827403225739,filled,taken,1791169533882,0.68,30.0,44,0.6703,13.409699999999999,-17.840499999999942
10-04,1791170100000,1791170339235,DOWN,1,0.75,-9.743942302784525,filled,taken,1791170339235,0.75,25.0,33,0.4332,7.8168,-10.023699999999941
10-04,1791171000000,1791171240257,DOWN,1,0.78,-5.590723313880774,filled,taken,1791171240257,0.78,25.0,32,0.3844,6.655599999999999,-3.3680999999999424
10-04,1791171900000,1791172155617,UP,0,0.68,-9.444037746620948,filled,taken,1791172155617,0.68,25.0,36,0.5484,-25.0284,-28.396499999999943
10-05,1791172800000,1791173199069,UP,0,0.7,-24.924503187597757,filled,taken,1791173199069,0.7,25.0,35,0.5145,-25.014499999999998,-25.014499999999998
10-05,1791173700000,1791173943829,DOWN,1,0.79,-25.16399986049023,filled,taken,1791173943829,0.79,30.0,37,0.4297,7.340299999999998,-17.6742
10-05,1791174600000,1791174847883,DOWN,1,0.83,-32.486030756438964,filled,taken,1791174847883,0.83,30.0,36,0.3556,5.764400000000001,-11.909799999999997
10-05,1791175500000,1791175750669,UP,0,0.71,7.386321263844753,filled,taken,1791175750669,0.71,25.0,35,0.5045,-25.354499999999998,-37.26429999999999
10-05,1791176400000,1791176649926,DOWN,1,0.66,-17.57894631594703,skipped,no_cushion,,,,,,,
10-05,1791177300000,1791177548377,DOWN,0,0.76,-3.4724188904666775,filled,taken,1791177548377,0.76,30.0,39,0.498,-30.138,-67.4023
10-05,1791178200000,1791178442954,UP,1,0.65,9.554714554673716,unfilled,taken,1791178497238,0.66,30.0,45,0.7069,14.5931,-52.8092
10-05,1791179100000,1791179630222,DOWN,0,0.64,4.0431050311262595,skipped,taken,1791179630222,0.64,30.0,46,0.7419,-30.181900000000002,-82.9911
10-05,1791180000000,1791180240772,UP,1,0.9,20.683905661493807,filled,taken,1791180240772,0.9,30.0,33,0.2079,3.0920999999999994,-79.899
10-05,1791180900000,1791181149248,UP,0,0.82,12.344669989339252,filled,taken,1791181149248,0.82,30.0,36,0.372,-29.892,-109.791
10-05,1791181800000,1791182053817,DOWN,1,0.68,-14.445725139391463,filled,taken,1791182141696,0.67,30.0,44,0.681,13.838999999999999,-95.952
10-05,1791182700000,1791182942153,UP,1,0.951,29.983055587525786,filled,taken,1791182942153,0.951,30.0,31,0.1012,1.4178000000000015,-94.5342
10-05,1791183600000,1791184115658,UP,1,0.8,17.474512301143275,filled,taken,1791184115658,0.8,25.0,31,0.3472,5.8527999999999984,-88.6814
10-05,1791184500000,1791184748790,UP,0,0.69,16.969755805624764,filled,taken,1791184748790,0.69,25.0,36,0.5391,-25.379099999999998,-114.06049999999999
10-05,1791185400000,1791185652192,UP,1,0.65,-14.025823400946047,filled,taken,1791185652192,0.65,30.0,46,0.7326,15.367399999999998,-98.69309999999999
10-05,1791186300000,1791186546902,DOWN,1,0.73,6.940047313928055,filled,taken,1791186546902,0.73,30.0,41,0.5657,10.5043,-88.18879999999999
10-05,1791187200000,1791187441194,UP,1,0.84,-1.0986724731021358,filled,taken,1791187441194,0.84,25.0,29,0.2729,4.367100000000001,-83.82169999999999
10-05,1791188100000,1791188349286,DOWN,0,0.82,4.078941896501487,filled,taken,1791188349286,0.82,25.0,30,0.31,-24.909999999999997,-108.73169999999999
10-05,1791189000000,1791189280712,DOWN,1,0.82,5.784138249356197,filled,taken,1791189280712,0.82,30.0,36,0.372,6.108000000000002,-102.62369999999999
10-05,1791189900000,1791190141359,DOWN,1,0.91,-38.801015873490826,filled,taken,1791190141359,0.91,30.0,32,0.1835,2.696499999999999,-99.92719999999998
10-05,1791190800000,1791191043616,DOWN,1,0.69,9.670335317115697,unfilled,taken,1791191043616,0.69,25.0,36,0.5391,10.620900000000002,-89.30629999999998
10-05,1791191700000,1791191946120,DOWN,1,0.89,-41.18488990034086,filled,taken,1791191946120,0.89,25.0,28,0.1919,2.8880999999999997,-86.41819999999998
10-05,1791192600000,1791193110328,UP,1,0.8,1.1964687757348713,filled,taken,1791193110328,0.8,25.0,31,0.3472,5.8527999999999984,-80.56539999999998
10-05,1791193500000,1791193796222,UP,1,0.67,13.331517643184743,filled,taken,1791193796222,0.67,25.0,37,0.5727,11.6373,-68.92809999999999
10-05,1791194400000,1791194648134,UP,1,0.8,8.997758742523843,filled,taken,1791194648134,0.8,25.0,31,0.3472,5.8527999999999984,-63.075299999999984
10-05,1791195300000,1791195549046,UP,1,0.7,4.224865131854383,filled,taken,1791195549046,0.7,25.0,35,0.5145,9.985500000000002,-53.08979999999998
10-05,1791196200000,1791196448606,DOWN,1,0.86,-4.109101145298721,filled,taken,1791196448606,0.86,25.0,29,0.2445,3.8155000000000006,-49.27429999999998
10-05,1791197100000,1791197343594,UP,1,0.87,10.381451848917589,filled,taken,1791197343594,0.87,25.0,28,0.2217,3.4183000000000003,-45.85599999999998
10-05,1791198000000,1791198245410,DOWN,1,0.86,-12.112531335228827,filled,taken,1791198245410,0.86,25.0,29,0.2445,3.8155000000000006,-42.04049999999998
10-05,1791198900000,1791199143571,UP,1,0.77,-3.2727406417931704,filled,taken,1791199143571,0.77,25.0,32,0.3968,6.9632,-35.07729999999998
10-05,1791199800000,1791200044184,DOWN,1,0.67,20.336036276131786,unfilled,taken,1791200044184,0.67,25.0,37,0.5727,11.6373,-23.43999999999998
10-05,1791200700000,1791201114689,DOWN,0,0.79,-6.6265082365513095,filled,taken,1791201114689,0.79,25.0,31,0.3601,-24.8501,-48.29009999999998
10-05,1791201600000,1791201848130,DOWN,1,0.72,11.207126270345036,filled,taken,1791201848130,0.72,30.0,41,0.5786,10.9014,-37.38869999999998
10-05,1791202500000,1791202856004,DOWN,1,0.66,-6.8993530527894364,filled,taken,1791202856004,0.66,30.0,45,0.7069,14.5931,-22.79559999999998
10-05,1791203400000,1791203642338,DOWN,1,0.77,-16.861202711973,filled,taken,1791203642338,0.77,25.0,32,0.3968,6.9632,-15.832399999999978
10-05,1791204300000,1791204546558,DOWN,1,0.77,-12.981917422889566,filled,taken,1791204546558,0.77,25.0,32,0.3968,6.9632,-8.869199999999978
10-05,1791205200000,1791205444623,UP,1,0.932,18.931993485009624,filled,taken,1791205444623,0.932,25.0,26,0.1154,1.6525999999999987,-7.216599999999979
10-05,1791206100000,1791206347201,UP,0,0.73,17.262394778767565,filled,taken,1791206347201,0.73,25.0,34,0.4691,-25.2891,-32.50569999999998
10-05,1791207000000,1791207243353,DOWN,1,0.82,-34.176722764104326,filled,taken,1791207243353,0.82,30.0,36,0.372,6.108000000000002,-26.39769999999998
10-05,1791207900000,1791208145061,UP,1,0.9,51.65961566385269,filled,taken,1791208145061,0.9,30.0,33,0.2079,3.0920999999999994,-23.30559999999998
10-05,1791208800000,1791209057044,DOWN,0,0.73,2.769013801457998,filled,taken,1791209057044,0.73,25.0,34,0.4691,-25.2891,-48.59469999999998
10-05,1791209700000,1791209939118,DOWN,1,0.74,17.544011805088466,unfilled,taken,1791209939118,0.74,30.0,40,0.5388,9.8612,-38.73349999999998
10-05,1791210600000,1791210843654,DOWN,1,0.966,-84.76771260572669,filled,taken,1791210843654,0.966,30.0,31,0.0713,0.9827000000000009,-37.75079999999998
10-05,1791211500000,1791211739250,DOWN,1,0.78,-24.190728173432152,filled,taken,1791211739250,0.78,25.0,32,0.3844,6.655599999999999,-31.095199999999977
10-05,1791212400000,1791212689581,DOWN,1,0.65,-5.7010434127047205,filled,taken,1791212689581,0.65,25.0,38,0.6052,12.694799999999999,-18.400399999999976
10-05,1791213300000,1791213833017,DOWN,1,0.56,-9.833914109660391,filled,taken,1791213833017,0.56,25.0,44,0.759,18.601,0.20060000000002276
10-05,1791214200000,1791214445122,DOWN,1,0.929,-28.394883770656023,filled,taken,1791214445122,0.929,25.0,26,0.1201,1.7258999999999987,1.9265000000000214
10-05,1791215100000,1791215348651,UP,0,0.66,13.197876513308948,filled,taken,1791215348651,0.66,25.0,37,0.5812,-25.0012,-23.07469999999998
10-05,1791216000000,1791216247976,DOWN,1,0.7,-20.725990694381302,filled,taken,1791216258995,0.7,30.0,42,0.6174,11.982600000000001,-11.092099999999977
10-05,1791216900000,1791217142141,DOWN,1,0.72,-9.024163561301979,filled,taken,1791217142141,0.72,30.0,41,0.5786,10.9014,-0.19069999999997655
10-05,1791217800000,1791218044991,UP,1,0.66,6.1960867939903075,filled,taken,1791218044991,0.66,25.0,37,0.5812,11.998799999999997,11.808100000000021
10-05,1791218700000,1791218967077,UP,1,0.72,1.7709742435423337,filled,taken,1791218967077,0.72,25.0,34,0.4799,9.0401,20.84820000000002
10-05,1791219600000,1791219839965,DOWN,1,0.85,3.342554845766621,filled,taken,1791219839965,0.85,25.0,29,0.2589,4.091100000000001,24.93930000000002
10-05,1791220500000,1791220749005,UP,1,0.86,12.932802366563134,filled,taken,1791220749005,0.86,25.0,29,0.2445,3.8155000000000006,28.75480000000002
10-05,1791221400000,1791221646466,DOWN,1,0.74,-4.322602881781101,filled,taken,1791221646466,0.74,25.0,33,0.4445,8.1355,36.890300000000025
10-05,1791222300000,1791222540404,DOWN,0,0.81,-5.784168214512109,filled,taken,1791222540404,0.81,25.0,30,0.3232,-24.6232,12.267100000000024
10-05,1791223200000,1791223505729,DOWN,0,0.7,17.15199705128123,filled,taken,1791223527961,0.7,30.0,42,0.6174,-30.0174,-17.750299999999974
10-05,1791224100000,1791224348927,UP,1,0.69,5.066052626647721,filled,taken,1791224404040,0.72,30.0,41,0.5786,10.9014,-6.848899999999974
10-05,1791225000000,1791225310772,UP,1,0.68,14.507855639849243,filled,taken,1791225310772,0.68,30.0,44,0.6703,13.409699999999999,6.560800000000025
10-05,1791225900000,1791226390145,DOWN,0,0.65,0.46906103986499303,filled,taken,1791226390145,0.65,25.0,38,0.6052,-25.3052,-18.744399999999974
10-05,1791226800000,1791227041780,DOWN,0,0.8,-4.79596066877197,filled,taken,1791227041780,0.8,30.0,37,0.4144,-30.014400000000002,-48.75879999999998
10-05,1791227700000,1791227948333,UP,1,0.81,20.24002784411838,filled,taken,1791227948333,0.81,30.0,37,0.3987,6.631299999999998,-42.12749999999998
10-05,1791228600000,1791228841675,UP,0,0.68,4.731545040979057,filled,taken,1791228841675,0.68,30.0,44,0.6703,-30.590300000000003,-72.71779999999998
10-05,1791229500000,1791229886128,DOWN,0,0.68,-3.2187988507337284,filled,taken,1791230138330,0.81,30.0,37,0.3987,-30.368700000000004,-103.08649999999999
10-05,1791230400000,1791230730256,DOWN,1,0.7,-0.19054931152506782,filled,taken,1791230751765,0.7,30.0,42,0.6174,11.982600000000001,-91.10389999999998
10-05,1791231300000,1791231543940,UP,1,0.76,5.172899557541744,filled,taken,1791231543940,0.76,30.0,39,0.498,8.862,-82.24189999999999
10-05,1791232200000,1791232538647,DOWN,0,0.79,0.10302967874853408,filled,taken,1791232538647,0.79,25.0,31,0.3601,-24.8501,-107.09199999999998
10-05,1791233100000,1791233346951,UP,1,0.69,5.8840634588275265,filled,taken,1791233446510,0.78,30.0,38,0.4565,7.903499999999999,-99.18849999999999
10-05,1791234000000,1791234245022,DOWN,1,0.82,-11.751605523914188,filled,taken,1791234245022,0.82,30.0,36,0.372,6.108000000000002,-93.08049999999999
10-05,1791234900000,1791235145631,UP,1,0.83,7.192343029727155,filled,taken,1791235145631,0.83,25.0,30,0.2964,4.803600000000001,-88.27689999999998
10-05,1791235800000,1791236047320,UP,1,0.68,5.500261600184242,filled,taken,1791236047320,0.68,25.0,36,0.5484,10.971599999999999,-77.30529999999999
10-05,1791236700000,1791237027097,UP,1,0.67,4.17695636606652,filled,taken,1791237027097,0.67,25.0,37,0.5727,11.6373,-65.66799999999999
10-05,1791237600000,1791237902298,UP,1,0.69,10.66356831505022,filled,taken,1791237902298,0.69,25.0,36,0.5391,10.620900000000002,-55.047099999999986
10-05,1791238500000,1791238764860,UP,1,0.7,-0.2532599783355849,filled,taken,1791238764860,0.7,25.0,35,0.5145,9.985500000000002,-45.061599999999984
10-05,1791239400000,1791239651371,DOWN,1,0.65,-2.1040140459704926,filled,taken,1791239651371,0.65,25.0,38,0.6052,12.694799999999999,-32.366799999999984
10-05,1791240300000,1791240565598,DOWN,1,0.65,-0.4751538698521962,filled,taken,1791240565598,0.65,25.0,38,0.6052,12.694799999999999,-19.671999999999983
10-05,1791241200000,1791241448304,UP,0,0.76,5.568674129907691,filled,taken,1791241448304,0.76,25.0,32,0.4086,-24.7286,-44.40059999999998
10-05,1791242100000,1791242358477,UP,1,0.65,-12.697030839792234,filled,taken,1791242509806,0.75,30.0,40,0.525,9.475,-34.92559999999998
10-05,1791243000000,1791243241195,DOWN,1,0.75,-2.672098640176257,filled,taken,1791243241195,0.75,30.0,40,0.525,9.475,-25.45059999999998
10-05,1791243900000,1791244146412,DOWN,1,0.83,-14.21333294378102,filled,taken,1791244146412,0.83,25.0,30,0.2964,4.803600000000001,-20.646999999999977
10-05,1791244800000,1791245040716,UP,1,0.76,11.963170637852016,filled,taken,1791245040716,0.76,25.0,32,0.4086,7.2714,-13.375599999999977
10-05,1791245700000,1791245988885,UP,0,0.67,4.101053288307899,filled,taken,1791245988885,0.67,25.0,37,0.5727,-25.362700000000004,-38.73829999999998
10-05,1791246600000,1791246841747,UP,0,0.73,-0.027673295449615054,filled,taken,1791246841747,0.73,30.0,41,0.5657,-30.4957,-69.23399999999998
10-05,1791247500000,1791247796851,UP,1,0.66,-2.925832343123602,filled,taken,1791247852638,0.76,30.0,39,0.498,8.862,-60.37199999999998
10-05,1791248400000,1791248645060,UP,1,0.904,29.3807959263348,filled,taken,1791248645060,0.904,30.0,33,0.2005,2.9674999999999994,-57.40449999999998
10-05,1791249300000,1791249545568,DOWN,1,0.91,-20.99117251231908,filled,taken,1791249545568,0.91,25.0,27,0.1548,2.2751999999999994,-55.12929999999998
10-05,1791250200000,1791250447553,DOWN,1,0.81,0.3967223549250498,filled,taken,1791250447553,0.81,25.0,30,0.3232,5.3767999999999985,-49.75249999999998
10-05,1791251100000,1791251340302,UP,0,0.67,-20.623576628053808,filled,taken,1791251340302,0.67,25.0,37,0.5727,-25.362700000000004,-75.11519999999999
10-05,1791252000000,1791252280666,DOWN,1,0.73,-14.164200920859793,filled,taken,1791252302350,0.73,30.0,41,0.5657,10.5043,-64.61089999999999
10-05,1791252900000,1791253147460,UP,1,0.68,-9.57584360119168,filled,taken,1791253147460,0.68,30.0,44,0.6703,13.409699999999999,-51.201199999999986
10-05,1791253800000,1791254078421,DOWN,1,0.7,11.275565733837034,filled,taken,1791254078421,0.7,25.0,35,0.5145,9.985500000000002,-41.215699999999984
10-05,1791254700000,1791254947167,DOWN,1,0.7,-8.41442505635892,filled,taken,1791254947167,0.7,25.0,35,0.5145,9.985500000000002,-31.230199999999982
10-05,1791255600000,1791255848869,UP,1,0.77,2.9033580414106197,filled,taken,1791255848869,0.77,25.0,32,0.3968,6.9632,-24.26699999999998
10-05,1791256500000,1791256745738,UP,0,0.66,-1.1576227197784839,filled,taken,1791256745738,0.66,25.0,37,0.5812,-25.0012,-49.26819999999998
10-05,1791257400000,1791257643994,DOWN,1,0.9,-27.9870438298746,filled,taken,1791257643994,0.9,30.0,33,0.2079,3.0920999999999994,-46.17609999999998
10-05,1791258300000,1791258542026,UP,1,0.74,20.917915512135288,filled,taken,1791258542026,0.74,30.0,40,0.5388,9.8612,-36.31489999999998
10-06,1791259200000,1791259447168,UP,1,0.79,4.622916586356496,filled,taken,1791259447168,0.79,25.0,31,0.3601,6.149899999999999,6.149899999999999
10-06,1791260100000,1791260362527,DOWN,1,0.66,4.970515342230808,filled,taken,1791260362527,0.66,25.0,37,0.5812,11.998799999999997,18.148699999999998
10-06,1791261000000,1791261311073,DOWN,0,0.68,-3.414603005050809,filled,taken,1791261311073,0.68,25.0,36,0.5484,-25.0284,-6.879700000000003
10-06,1791261900000,1791262139852,DOWN,0,0.65,-1.6237445963984687,skipped,no_cushion,,,,,,,
10-06,1791262800000,1791263046709,DOWN,0,0.67,1.2368238963755829,skipped,no_cushion,,,,,,,
10-06,1791263700000,1791263943768,DOWN,1,0.66,11.960485686499656,filled,taken,1791264141509,0.85,30.0,35,0.3124,4.937600000000001,-1.9421000000000026
10-06,1791264600000,1791264901188,DOWN,1,0.73,-1.3914951778171147,filled,taken,1791264901188,0.73,30.0,41,0.5657,10.5043,8.562199999999997
10-06,1791265500000,1791265740815,DOWN,1,0.73,-13.89519368173997,filled,taken,1791265740815,0.73,25.0,34,0.4691,8.7109,17.2731
10-06,1791266400000,1791266647694,DOWN,1,0.9,-16.213803669609117,filled,taken,1791266647694,0.9,25.0,27,0.1701,2.529899999999999,19.802999999999997
10-06,1791267300000,1791267544823,UP,1,0.8,-19.837032131970744,filled,taken,1791267544823,0.8,25.0,31,0.3472,5.8527999999999984,25.655799999999996
10-06,1791268200000,1791268439950,UP,1,0.74,4.95986355288025,filled,taken,1791268439950,0.74,25.0,33,0.4445,8.1355,33.79129999999999
10-06,1791269100000,1791269345868,UP,0,0.78,9.178137820811116,filled,taken,1791269345868,0.78,25.0,32,0.3844,-25.3444,8.446899999999992
10-06,1791270000000,1791270245189,DOWN,0,0.66,-9.423249316692361,skipped,no_cushion,,,,,,,
10-06,1791270900000,1791271315214,DOWN,1,0.8,-1.1945101998100949,filled,taken,1791271337081,0.8,30.0,37,0.4144,6.985599999999999,15.43249999999999
10-06,1791271800000,1791272046518,UP,1,0.87,3.4326821539676367,filled,taken,1791272046518,0.87,30.0,34,0.2692,4.1508,19.58329999999999
10-06,1791272700000,1791272941768,UP,1,0.83,21.089689225839425,filled,taken,1791272941768,0.83,25.0,30,0.2964,4.803600000000001,24.38689999999999
10-06,1791273600000,1791273846774,UP,1,0.75,6.118260565242117,filled,taken,1791273846774,0.75,25.0,33,0.4332,7.8168,32.20369999999999
10-06,1791274500000,1791274839928,UP,1,0.65,23.467066421909433,filled,taken,1791274839928,0.65,25.0,38,0.6052,12.694799999999999,44.89849999999999
10-06,1791275400000,1791275645368,DOWN,0,0.65,8.158355363361292,filled,taken,1791275645368,0.65,25.0,38,0.6052,-25.3052,19.593299999999992
10-06,1791276300000,1791276548070,UP,1,0.73,17.204072614167565,filled,taken,1791276548070,0.73,30.0,41,0.5657,10.5043,30.097599999999993
10-06,1791277200000,1791277574739,DOWN,1,0.72,5.045764242630479,filled,taken,1791277574739,0.72,30.0,41,0.5786,10.9014,40.998999999999995
10-06,1791278100000,1791278340887,UP,0,0.76,-5.821498065604613,filled,taken,1791278340887,0.76,25.0,32,0.4086,-24.7286,16.270399999999995
10-06,1791279000000,1791279241958,UP,1,0.88,-8.441665009967236,filled,taken,1791279241958,0.88,30.0,34,0.2514,3.8286000000000002,20.098999999999997
10-06,1791279900000,1791280146708,UP,1,0.81,7.430012346305581,filled,taken,1791280146708,0.81,30.0,37,0.3987,6.631299999999998,26.730299999999993
10-06,1791280800000,1791281263812,UP,1,0.66,-18.26426448701013,filled,taken,1791281263812,0.66,25.0,37,0.5812,11.998799999999997,38.72909999999999
10-06,1791281700000,1791281949476,DOWN,1,0.73,6.00386691506305,filled,taken,1791281949476,0.73,25.0,34,0.4691,8.7109,47.43999999999999
10-06,1791282600000,1791282844885,DOWN,0,0.71,0.6991195719385779,filled,taken,1791282844885,0.71,25.0,35,0.5045,-25.354499999999998,22.085499999999993
10-06,1791283500000,1791283848384,UP,0,0.65,18.36229387393029,filled,taken,1791283979530,0.75,30.0,40,0.525,-30.525,-8.439500000000006
10-06,1791284400000,1791284642159,UP,1,0.76,0.10093842780056761,filled,taken,1791284642159,0.76,30.0,39,0.498,8.862,0.4224999999999941
10-06,1791285300000,1791285545360,UP,1,0.912,19.49370391356231,filled,taken,1791285545360,0.912,30.0,32,0.1798,2.6361999999999988,3.058699999999993
10-06,1791286200000,1791286439412,UP,1,0.83,-7.671632353382085,filled,taken,1791286439412,0.83,25.0,30,0.2964,4.803600000000001,7.862299999999994
10-06,1791287100000,1791287344770,UP,0,0.65,3.9222059526955455,filled,taken,1791287344770,0.65,25.0,38,0.6052,-25.3052,-17.442900000000005
10-06,1791288000000,1791288243275,UP,1,0.69,-3.4306904948955275,filled,taken,1791288353021,0.63,30.0,47,0.7669,16.6231,-0.8198000000000043
10-06,1791288900000,1791289146373,DOWN,1,0.8,-1.6872759520991654,filled,taken,1791289146373,0.8,30.0,37,0.4144,6.985599999999999,6.165799999999995
10-06,1791289800000,1791290043816,UP,1,0.65,-9.593941867768185,filled,taken,1791290043816,0.65,25.0,38,0.6052,12.694799999999999,18.860599999999994
10-06,1791290700000,1791290940951,DOWN,1,0.8,-0.7058959180550328,filled,taken,1791290940951,0.8,25.0,31,0.3472,5.8527999999999984,24.713399999999993
10-06,1791291600000,1791291846198,DOWN,1,0.65,-1.917238108293251,filled,taken,1791291846198,0.65,25.0,38,0.6052,12.694799999999999,37.408199999999994
10-06,1791292500000,1791292744252,DOWN,1,0.76,-18.200819601071892,filled,taken,1791292744252,0.76,25.0,32,0.4086,7.2714,44.67959999999999
10-06,1791293400000,1791293640427,UP,1,0.8,18.30866245236429,filled,taken,1791293640427,0.8,25.0,31,0.3472,5.8527999999999984,50.532399999999996
10-06,1791294300000,1791294638582,UP,0,0.68,6.633294020981229,filled,taken,1791294638582,0.68,25.0,36,0.5484,-25.0284,25.503999999999994
10-06,1791295200000,1791295534710,DOWN,0,0.67,-12.855088859429209,filled,taken,1791295567042,0.67,30.0,44,0.681,-30.161,-4.657000000000007
10-06,1791296100000,1791296349569,DOWN,1,0.85,-24.473934829595258,filled,taken,1791296349569,0.85,30.0,35,0.3124,4.937600000000001,0.2805999999999935
10-06,1791297000000,1791297267243,UP,1,0.69,-0.34360711177128245,filled,taken,1791297267243,0.69,30.0,43,0.6439,12.686100000000001,12.966699999999996
10-06,1791297900000,1791298297475,UP,1,0.78,20.537140031320344,filled,taken,1791298297475,0.78,25.0,32,0.3844,6.655599999999999,19.622299999999996
10-06,1791298800000,1791299337265,DOWN,0,0.6,13.67007996187164,filled,taken,1791299337265,0.6,25.0,41,0.6888,-25.2888,-5.666500000000003
10-06,1791299700000,1791300007540,DOWN,1,0.71,0.25789985534929727,filled,taken,1791300018348,0.71,30.0,42,0.6054,11.574600000000002,5.908099999999999
10-06,1791300600000,1791300846512,UP,0,0.79,-21.72530484361279,filled,taken,1791300846512,0.79,30.0,37,0.4297,-29.6597,-23.751600000000003
10-06,1791301500000,1791301753366,DOWN,1,0.67,-37.332246068302325,filled,taken,1791301764743,0.67,30.0,44,0.681,13.838999999999999,-9.912600000000005
10-06,1791302400000,1791302648378,UP,1,0.7,-30.84597961698354,filled,taken,1791302648378,0.7,30.0,42,0.6174,11.982600000000001,2.0699999999999967
10-06,1791303300000,1791303655551,DOWN,1,0.71,0.38067049693113475,filled,taken,1791303655551,0.71,25.0,35,0.5045,9.645500000000002,11.715499999999999
10-06,1791304200000,1791304443835,DOWN,1,0.75,-8.434960382160961,filled,taken,1791304443835,0.75,25.0,33,0.4332,7.8168,19.5323
10-06,1791305100000,1791305368904,DOWN,1,0.65,0.44248771129629105,filled,taken,1791305368904,0.65,25.0,38,0.6052,12.694799999999999,32.2271
10-06,1791306000000,1791306532126,UP,0,0.63,-9.605301118371656,filled,taken,1791306532126,0.63,25.0,39,0.6364,-25.2064,7.0207000000000015
10-06,1791306900000,1791307221652,DOWN,0,0.66,-6.061123877885155,skipped,no_cushion,,,,,,,
10-06,1791307800000,1791308043545,DOWN,1,0.67,9.756244482115317,filled,taken,1791308230246,0.7,30.0,42,0.6174,11.982600000000001,19.003300000000003
10-06,1791308700000,1791308939799,DOWN,0,0.65,-4.625340749305762,filled,taken,1791308939799,0.65,30.0,46,0.7326,-30.632600000000004,-11.6293
10-06,1791309600000,1791309841920,UP,1,0.82,28.18760532045994,filled,taken,1791309841920,0.82,30.0,36,0.372,6.108000000000002,-5.521299999999998
10-06,1791310500000,1791310761767,DOWN,1,0.66,-5.245656571912782,filled,taken,1791310761767,0.66,30.0,45,0.7069,14.5931,9.071800000000001
10-06,1791311400000,1791311649961,DOWN,1,0.88,-12.300542349513721,filled,taken,1791311649961,0.88,25.0,28,0.207,3.153,12.224800000000002
10-06,1791312300000,1791312549853,DOWN,1,0.86,-13.937512672673735,filled,taken,1791312549853,0.86,25.0,29,0.2445,3.8155000000000006,16.040300000000002
10-06,1791313200000,1791313498551,UP,0,0.67,-1.1436813765008935,filled,taken,1791313498551,0.67,25.0,37,0.5727,-25.362700000000004,-9.322400000000002
10-06,1791314100000,1791314347658,DOWN,0,0.66,-7.440698102761933,skipped,no_cushion,,,,,,,
10-06,1791315000000,1791315246077,UP,0,0.86,15.26264860051807,filled,taken,1791315246077,0.86,30.0,34,0.2866,-29.5266,-38.849000000000004
10-06,1791315900000,1791316141685,UP,1,0.9,7.033110724883329,filled,taken,1791316141685,0.9,30.0,33,0.2079,3.0920999999999994,-35.7569
10-06,1791316800000,1791317276871,DOWN,1,0.66,2.634782054653506,filled,taken,1791317276871,0.66,30.0,45,0.7069,14.5931,-21.163800000000002
10-06,1791317700000,1791317942460,UP,0,0.68,5.788451016826013,filled,taken,1791317942460,0.68,25.0,36,0.5484,-25.0284,-46.1922
10-06,1791318600000,1791318847022,UP,1,0.65,0.03781417921455699,skipped,no_cushion,,,,,,,
10-06,1791319500000,1791319747595,UP,0,0.68,1.4950654025547294,skipped,no_cushion,,,,,,,
10-06,1791320400000,1791320640274,DOWN,1,0.83,-12.408378082581217,filled,taken,1791320640274,0.83,30.0,36,0.3556,5.764400000000001,-40.4278
10-06,1791321300000,1791321540919,DOWN,0,0.73,-2.4414989792653774,filled,taken,1791321540919,0.73,30.0,41,0.5657,-30.4957,-70.92349999999999
10-06,1791322200000,1791322444988,UP,1,0.74,8.502852690313034,filled,taken,1791322831991,0.92,30.0,32,0.1649,2.395099999999999,-68.52839999999999
10-06,1791323100000,1791323621292,DOWN,0,0.65,-1.4952907736243137,filled,taken,1791323621292,0.65,30.0,46,0.7326,-30.632600000000004,-99.161
10-06,1791324000000,1791324257939,UP,0,0.7,3.1336606841181336,filled,taken,1791324610389,0.9,30.0,33,0.2079,-29.907899999999998,-129.06889999999999
10-06,1791324900000,1791325262605,UP,0,0.77,-3.639896304569179,skipped,no_cushion,,,,,,,
10-06,1791325800000,1791326063067,UP,1,0.76,-5.891655921220762,filled,taken,1791326482512,0.87,30.0,34,0.2692,4.1508,-124.91809999999998
10-06,1791326700000,1791326944297,UP,0,0.73,9.46764454477833,filled,taken,1791326944297,0.73,30.0,41,0.5657,-30.4957,-155.41379999999998
10-06,1791327600000,1791327971639,DOWN,1,0.76,-7.936809784667709,skipped,no_cushion,,,,,,,
10-06,1791328500000,1791328938146,UP,0,0.66,1.1862173651966401,skipped,no_cushion,,,,,,,
10-06,1791329400000,1791329642427,DOWN,0,0.81,-11.143373510674737,filled,taken,1791329642427,0.81,30.0,37,0.3987,-30.368700000000004,-185.78249999999997
10-06,1791330300000,1791330586609,UP,0,0.69,22.973588955521596,filled,taken,1791330685251,0.7,30.0,42,0.6174,-30.0174,-215.79989999999998
10-06,1791331200000,1791331445975,DOWN,0,0.67,-7.231851938408473,filled,taken,1791331488994,0.72,30.0,41,0.5786,-30.0986,-245.89849999999998
10-06,1791332100000,1791332375855,DOWN,1,0.7,5.168952357219592,filled,taken,1791332463865,0.75,30.0,40,0.525,9.475,-236.4235
10-06,1791333000000,1791333324547,UP,1,0.79,-10.102014163753115,filled,taken,1791333324547,0.79,30.0,37,0.4297,7.340299999999998,-229.0832
10-06,1791333900000,1791334143513,UP,1,0.69,8.620675748476359,filled,taken,1791334143513,0.69,25.0,36,0.5391,10.620900000000002,-218.4623
10-06,1791334800000,1791335044040,DOWN,1,0.73,-6.856287134490158,filled,taken,1791335044040,0.73,25.0,34,0.4691,8.7109,-209.7514
10-06,1791335700000,1791335944684,DOWN,1,0.69,-6.734553787663966,filled,taken,1791335944684,0.69,25.0,36,0.5391,10.620900000000002,-199.13049999999998
10-06,1791336600000,1791336846951,UP,1,0.76,-9.464901007731896,filled,taken,1791336846951,0.76,25.0,32,0.4086,7.2714,-191.85909999999998
10-06,1791337500000,1791337932062,DOWN,1,0.66,8.67809804276698,filled,taken,1791337932062,0.66,25.0,37,0.5812,11.998799999999997,-179.8603
10-06,1791338400000,1791338648282,DOWN,1,0.928,-176.94045406323912,filled,taken,1791338648282,0.928,25.0,26,0.1217,1.7502999999999989,-178.10999999999999
10-06,1791339300000,1791339539601,UP,0,0.68,26.943143109714462,filled,taken,1791339539601,0.68,25.0,36,0.5484,-25.0284,-203.1384
10-06,1791340200000,1791340494076,UP,0,0.66,-19.445800679677163,filled,taken,1791340494076,0.66,30.0,45,0.7069,-30.406900000000004,-233.5453
10-06,1791341100000,1791341349243,UP,1,0.7,1.0887566874573373,filled,taken,1791341349243,0.7,30.0,42,0.6174,11.982600000000001,-221.5627
10-06,1791342000000,1791342247722,UP,1,0.9,20.82187836734084,filled,taken,1791342247722,0.9,30.0,33,0.2079,3.0920999999999994,-218.47060000000002
10-06,1791342900000,1791343147307,UP,1,0.85,4.994707481755789,filled,taken,1791343147307,0.85,25.0,29,0.2589,4.091100000000001,-214.3795
10-06,1791343800000,1791344048412,UP,1,0.75,-3.9740288455003547,filled,taken,1791344048412,0.75,25.0,33,0.4332,7.8168,-206.5627
10-06,1791344700000,1791344940160,UP,0,0.7,16.313469941724446,filled,taken,1791344940160,0.7,25.0,35,0.5145,-25.014499999999998,-231.5772
10-07,1791345600000,1791345841178,UP,1,0.77,1.9426754709739313,filled,taken,1791345841178,0.77,25.0,32,0.3968,6.9632,6.9632
10-07,1791346500000,1791346749880,DOWN,0,0.71,-15.191210333984628,filled,taken,1791346749880,0.71,25.0,35,0.5045,-25.354499999999998,-18.391299999999998
10-07,1791347400000,1791347646482,DOWN,1,0.76,-1.4833469954711465,filled,taken,1791347646482,0.76,30.0,39,0.498,8.862,-9.529299999999997
10-07,1791348300000,1791348548487,UP,1,0.66,6.299869837909089,filled,taken,1791348548487,0.66,30.0,45,0.7069,14.5931,5.063800000000002
10-07,1791349200000,1791349446395,UP,1,0.65,1.6971983028213344,filled,taken,1791349446395,0.65,25.0,38,0.6052,12.694799999999999,17.7586
10-07,1791350100000,1791350428221,UP,1,0.68,10.782689247359478,filled,taken,1791350428221,0.68,25.0,36,0.5484,10.971599999999999,28.7302
10-07,1791351000000,1791351248426,UP,1,0.72,7.085782274551811,filled,taken,1791351248426,0.72,25.0,34,0.4799,9.0401,37.7703
10-07,1791351900000,1791352140091,UP,1,0.66,2.2450133839480024,filled,taken,1791352140091,0.66,25.0,37,0.5812,11.998799999999997,49.769099999999995
10-07,1791352800000,1791353179457,DOWN,1,0.69,0.5325648453369247,filled,taken,1791353179457,0.69,25.0,36,0.5391,10.620900000000002,60.39
10-07,1791353700000,1791353949670,DOWN,1,0.86,-13.390908312138627,copied,taken,1791353949670,0.86,25.0,29,0.2445,3.8155000000000006,64.2055
10-07,1791354600000,1791354851167,UP,1,0.7,3.898442123306811,copied,taken,1791354851167,0.7,25.0,35,0.5145,9.985500000000002,74.191
10-07,1791355500000,1791355748305,DOWN,1,0.82,4.210609702315349,copied,taken,1791355748305,0.82,25.0,30,0.31,5.090000000000002,79.281
10-07,1791356400000,1791356649031,DOWN,0,0.68,-7.442118648367524,copied,taken,1791356649031,0.68,25.0,36,0.5484,-25.0284,54.2526
10-07,1791357300000,1791357544709,DOWN,1,0.83,-3.5781430225412247,copied,taken,1791357544709,0.83,30.0,36,0.3556,5.764400000000001,60.017
10-07,1791358200000,1791358444673,UP,1,0.79,10.519077183044345,copied,taken,1791358444673,0.79,30.0,37,0.4297,7.340299999999998,67.3573
10-07,1791359100000,1791359349318,DOWN,1,0.69,-1.721091337886227,copied,taken,1791359349318,0.69,25.0,36,0.5391,10.620900000000002,77.9782
10-07,1791360000000,1791360243316,DOWN,1,0.78,-21.512247805440808,copied,taken,1791360243316,0.78,25.0,32,0.3844,6.655599999999999,84.6338
10-07,1791360900000,1791361143450,DOWN,0,0.69,-10.47197298513547,copied,daily_target,,,,,,,
10-07,1791361800000,1791362068457,UP,0,0.65,8.720803306179192,copied,daily_target,,,,,,,
10-07,1791362700000,1791362944684,UP,0,0.66,-4.198521491199925,skipped,daily_target,,,,,,,
10-07,1791363600000,1791363932691,UP,0,0.7,-3.4092138504560054,skipped,daily_target,,,,,,,
10-07,1791364500000,1791364743442,DOWN,1,0.81,-15.424921974012129,copied,daily_target,,,,,,,
10-07,1791365400000,1791365645622,DOWN,1,0.67,-8.90687580350158,copied,daily_target,,,,,,,
10-07,1791366300000,1791366570565,UP,1,0.68,6.452290585838849,copied,daily_target,,,,,,,
10-07,1791367200000,1791367439452,DOWN,0,0.67,-5.0916671499734445,copied,daily_target,,,,,,,
10-07,1791368100000,1791368339832,UP,1,0.69,13.892248221365477,copied,daily_target,,,,,,,
10-07,1791369000000,1791369241771,DOWN,1,0.78,-13.030818659734988,copied,daily_target,,,,,,,
10-07,1791369900000,1791370144083,UP,1,0.73,-4.303763124599014,copied,daily_target,,,,,,,
10-07,1791370800000,1791371049401,DOWN,0,0.68,-0.9426712555338224,copied,daily_target,,,,,,,
10-07,1791371700000,1791371949390,DOWN,1,0.87,2.9343924271540978,copied,daily_target,,,,,,,
10-07,1791372600000,1791372895463,DOWN,1,0.69,-1.0479672765850712,copied,daily_target,,,,,,,
10-07,1791373500000,1791373817493,DOWN,0,0.66,-10.182126009131709,copied,daily_target,,,,,,,
10-07,1791374400000,1791374643535,DOWN,1,0.8,0.9476055092427771,copied,daily_target,,,,,,,
10-07,1791375300000,1791375547586,DOWN,1,0.83,-10.022931181878914,copied,daily_target,,,,,,,
10-07,1791376200000,1791376447699,UP,1,0.73,0.6925225595488804,copied,daily_target,,,,,,,
10-07,1791377100000,1791377344969,DOWN,1,0.73,-11.901078002609644,copied,daily_target,,,,,,,
10-07,1791378000000,1791378239290,UP,0,0.67,6.0974929425516855,copied,daily_target,,,,,,,
10-07,1791378900000,1791379146846,UP,0,0.77,-6.852502669668636,copied,daily_target,,,,,,,
10-07,1791379800000,1791380045769,UP,0,0.72,-4.577486972018319,copied,daily_target,,,,,,,
10-07,1791380700000,1791380945131,DOWN,0,0.7,-63.790879770302396,copied,daily_target,,,,,,,
10-07,1791381600000,1791381907760,DOWN,1,0.73,25.48832654207578,skipped,daily_target,,,,,,,
10-07,1791382500000,1791382747154,DOWN,1,0.71,-11.937461510617142,copied,daily_target,,,,,,,
10-07,1791383400000,1791383641375,UP,0,0.68,4.224285339062828,copied,daily_target,,,,,,,
10-07,1791384300000,1791384834107,DOWN,1,0.56,-9.18812421977555,copied,daily_target,,,,,,,
10-07,1791385200000,1791385471780,DOWN,0,0.68,-7.886046619328679,copied,daily_target,,,,,,,
10-07,1791386100000,1791386345522,DOWN,1,0.73,10.462258060583984,copied,daily_target,,,,,,,
10-07,1791387000000,1791387248508,UP,1,0.87,26.037749138778654,copied,daily_target,,,,,,,
10-07,1791387900000,1791388267835,UP,1,0.74,9.340918984757085,copied,daily_target,,,,,,,
10-07,1791388800000,1791389078777,UP,1,0.67,20.221951647974024,copied,daily_target,,,,,,,
10-07,1791389700000,1791389939291,UP,1,0.73,16.4661880582595,copied,daily_target,,,,,,,
10-07,1791390600000,1791390845475,UP,0,0.78,8.758097581835766,copied,daily_target,,,,,,,
10-07,1791391500000,1791391744261,DOWN,1,0.67,-30.063148755562487,copied,daily_target,,,,,,,
10-07,1791392400000,1791392642756,UP,1,0.84,16.854546890898714,copied,daily_target,,,,,,,
10-07,1791393300000,1791393684276,DOWN,1,0.65,0.2892825655820275,copied,daily_target,,,,,,,
10-07,1791394200000,1791394735607,DOWN,1,0.52,-29.925141371750506,copied,daily_target,,,,,,,
10-07,1791395100000,1791395378571,UP,1,0.72,-10.647027949201027,copied,daily_target,,,,,,,
10-07,1791396000000,1791396239061,UP,1,0.87,15.266130788029741,copied,daily_target,,,,,,,
10-07,1791396900000,1791397141656,DOWN,0,0.74,0.5725322705951719,copied,daily_target,,,,,,,
10-07,1791397800000,1791398064473,DOWN,1,0.7,5.949574593349105,copied,daily_target,,,,,,,
10-07,1791398700000,1791398944414,UP,1,0.7,5.437041880373972,copied,daily_target,,,,,,,
10-07,1791399600000,1791399966266,UP,0,0.65,4.338895036002377,copied,daily_target,,,,,,,
10-07,1791400500000,1791400740630,UP,1,0.81,3.3446091193845007,copied,daily_target,,,,,,,
10-07,1791401400000,1791401765614,DOWN,1,0.76,-4.078214111903344,copied,daily_target,,,,,,,
10-07,1791402300000,1791402541065,DOWN,1,0.87,-14.77651503280053,copied,daily_target,,,,,,,
10-07,1791403200000,1791403445246,UP,1,0.78,22.654821646144185,copied,daily_target,,,,,,,
10-07,1791404100000,1791404417531,UP,1,0.66,13.899258814367155,copied,daily_target,,,,,,,
10-07,1791405000000,1791405247490,DOWN,1,0.84,-7.957540083343151,copied,daily_target,,,,,,,
10-07,1791405900000,1791406436267,DOWN,0,0.64,0.990442372106326,copied,daily_target,,,,,,,
10-07,1791406800000,1791407047042,DOWN,1,0.79,-0.661539489301699,copied,daily_target,,,,,,,
10-07,1791407700000,1791407940831,UP,0,0.72,1.899550597905808,copied,daily_target,,,,,,,
10-07,1791408600000,1791408840259,DOWN,1,0.71,-9.493131771804997,copied,daily_target,,,,,,,
10-07,1791409500000,1791410007222,DOWN,1,0.76,-10.50909619220941,copied,daily_target,,,,,,,
10-07,1791410400000,1791410649086,UP,1,0.81,3.9512659575824394,copied,daily_target,,,,,,,
