window_open,signal_ms,day,time,side,ask,strike,won,coverage,efficiency15,crossings15,breakout,net
1790136000000,1790136239731,2026-09-23,2026-09-23T00:03:59.731000-04:00,DOWN,0.76,86698.29,0,True,0.783420599154605,1,False,-24.7286
1790136900000,1790137266446,2026-09-23,2026-09-23T00:21:06.446000-04:00,UP,0.79,86841.04,1,True,0.5139716218731722,3,False,6.149899999999999
1790137800000,1790138039348,2026-09-23,2026-09-23T00:33:59.348000-04:00,UP,0.84,87061.36,1,True,0.5802305555355844,3,False,4.367100000000001
1790138700000,1790138949164,2026-09-23,2026-09-23T00:49:09.164000-04:00,UP,0.65,87161.65,1,True,0.1053542068769836,4,False,12.694799999999999
1790139600000,1790139841819,2026-09-23,2026-09-23T01:04:01.819000-04:00,DOWN,0.926,87176.95,1,True,0.5539533699184833,5,True,1.7991999999999988
1790140500000,1790140743621,2026-09-23,2026-09-23T01:19:03.621000-04:00,DOWN,0.66,86935.98,1,True,0.21155012418606764,7,False,11.998799999999997
1790141400000,1790141721449,2026-09-23,2026-09-23T01:35:21.449000-04:00,DOWN,0.65,86766.64,1,True,0.5634322347861034,1,False,12.694799999999999
1790142300000,1790142605903,2026-09-23,2026-09-23T01:50:05.903000-04:00,DOWN,0.8,86730.52,1,True,0.11904531108447491,5,False,5.8527999999999984
1790143200000,1790143446339,2026-09-23,2026-09-23T02:04:06.339000-04:00,UP,0.68,86478.37,1,True,0.46932556473750714,4,False,10.971599999999999
1790144100000,1790144343379,2026-09-23,2026-09-23T02:19:03.379000-04:00,DOWN,0.69,86598.61,1,True,0.17007255338994526,0,False,10.620900000000002
1790145000000,1790145344395,2026-09-23,2026-09-23T02:35:44.395000-04:00,UP,0.67,86436.3,1,True,0.3823800223909239,2,False,11.6373
1790145900000,1790146145333,2026-09-23,2026-09-23T02:49:05.333000-04:00,DOWN,0.8,86553.08,1,True,0.27040786110000653,2,False,5.8527999999999984
1790146800000,1790147084913,2026-09-23,2026-09-23T03:04:44.913000-04:00,DOWN,0.68,86477.69,1,True,0.3483042604784163,5,True,10.971599999999999
1790147700000,1790147940074,2026-09-23,2026-09-23T03:19:00.074000-04:00,UP,0.7,86360.37,1,True,0.046392454760324095,2,False,9.985500000000002
1790148600000,1790148846393,2026-09-23,2026-09-23T03:34:06.393000-04:00,DOWN,0.78,86387.64,1,True,0.3393060858358574,3,False,6.655599999999999
1790149500000,1790149791006,2026-09-23,2026-09-23T03:49:51.006000-04:00,UP,0.65,86085.81,1,True,0.5113489485710937,1,False,12.694799999999999
1790150400000,1790150641836,2026-09-23,2026-09-23T04:04:01.836000-04:00,UP,0.68,86132.91,1,True,0.3265730744561556,1,False,10.971599999999999
1790151300000,1790151541410,2026-09-23,2026-09-23T04:19:01.410000-04:00,UP,0.79,86160.18,0,True,0.085453406628409,2,False,-24.8501
1790152200000,1790152450107,2026-09-23,2026-09-23T04:34:10.107000-04:00,UP,0.65,86152.73,0,True,0.3142416580880079,0,False,-25.3052
1790153100000,1790153347942,2026-09-23,2026-09-23T04:49:07.942000-04:00,DOWN,0.82,86093.07,1,True,0.6214388625392413,1,True,5.090000000000002
1790154000000,1790154244115,2026-09-23,2026-09-23T05:04:04.115000-04:00,UP,0.65,85890.34,1,True,0.040570223194434624,4,False,12.694799999999999
1790154900000,1790155263666,2026-09-23,2026-09-23T05:21:03.666000-04:00,DOWN,0.66,85939.87,1,True,0.05846339642884028,4,False,11.998799999999997
1790155800000,1790156080758,2026-09-23,2026-09-23T05:34:40.758000-04:00,DOWN,0.71,85883.15,1,True,0.21610955548706423,1,True,9.645500000000002
1790156700000,1790156974198,2026-09-23,2026-09-23T05:49:34.198000-04:00,UP,0.65,85796.47,1,True,0.337411386005278,0,False,12.694799999999999
1790157600000,1790157893516,2026-09-23,2026-09-23T06:04:53.516000-04:00,UP,0.67,85836.89,0,True,0.18135375898673572,3,False,-25.362700000000004
1790158500000,1790158745146,2026-09-23,2026-09-23T06:19:05.146000-04:00,DOWN,0.66,85833.66,1,True,0.386846127766696,5,False,11.998799999999997
1790159400000,1790159676352,2026-09-23,2026-09-23T06:34:36.352000-04:00,UP,0.66,85772.68,1,True,0.15724192667246178,3,False,11.998799999999997
1790160300000,1790160701491,2026-09-23,2026-09-23T06:51:41.491000-04:00,DOWN,0.68,85860.26,0,True,0.5135135694626007,3,False,-25.0284
1790161200000,1790161441910,2026-09-23,2026-09-23T07:04:01.910000-04:00,DOWN,0.77,85902.52,1,True,0.10409678972479113,2,False,6.9632
1790162100000,1790162346582,2026-09-23,2026-09-23T07:19:06.582000-04:00,DOWN,0.68,85739.6,1,True,0.4179462528381606,3,False,10.971599999999999
1790163000000,1790163242504,2026-09-23,2026-09-23T07:34:02.504000-04:00,UP,0.65,85492.25,0,True,0.5238175801303189,0,False,-25.3052
1790163900000,1790164145773,2026-09-23,2026-09-23T07:49:05.773000-04:00,UP,0.9,85486.96,1,True,0.2936394236769255,2,False,2.529899999999999
1790164800000,1790165048618,2026-09-23,2026-09-23T08:04:08.618000-04:00,DOWN,0.74,85641.64,1,True,0.42135691314448265,6,False,8.1355
1790165700000,1790165944266,2026-09-23,2026-09-23T08:19:04.266000-04:00,DOWN,0.83,85462.47,1,True,0.4847190134774953,1,True,4.803600000000001
1790166600000,1790166871108,2026-09-23,2026-09-23T08:34:31.108000-04:00,UP,0.67,85457.37,0,True,0.4815584091348613,3,False,-25.362700000000004
1790167500000,1790167742504,2026-09-23,2026-09-23T08:49:02.504000-04:00,UP,0.79,85451.95,1,True,0.12999461623039713,0,False,6.149899999999999
1790168400000,1790168647042,2026-09-23,2026-09-23T09:04:07.042000-04:00,DOWN,0.77,85473.0,1,True,0.33392940079509964,3,False,6.9632
1790169300000,1790169548054,2026-09-23,2026-09-23T09:19:08.054000-04:00,UP,0.67,85343.71,1,True,0.00023287783832273042,2,False,11.6373
1790170200000,1790170443579,2026-09-23,2026-09-23T09:34:03.579000-04:00,UP,0.67,85532.1,1,True,0.6629320946182856,3,True,11.6373
1790171100000,1790171347988,2026-09-23,2026-09-23T09:49:07.988000-04:00,DOWN,0.87,85829.1,1,True,0.08130065374294738,2,False,3.4183000000000003
1790172000000,1790172377838,2026-09-23,2026-09-23T10:06:17.838000-04:00,DOWN,0.68,85773.17,1,False,,,,10.971599999999999
1790172900000,1790173144649,2026-09-23,2026-09-23T10:19:04.649000-04:00,DOWN,0.88,84830.29,1,False,,,,3.153
1790173800000,1790174040628,2026-09-23,2026-09-23T10:34:00.628000-04:00,UP,0.75,84036.84,1,True,0.18893406921022823,2,False,7.8168
1790174700000,1790175071487,2026-09-23,2026-09-23T10:51:11.487000-04:00,DOWN,0.75,84332.26,0,True,0.21135216297286558,3,False,-25.1832
1790175600000,1790175933923,2026-09-23,2026-09-23T11:05:33.923000-04:00,UP,0.66,84507.03,1,True,0.3751237363804731,5,False,11.998799999999997
1790176500000,1790176885749,2026-09-23,2026-09-23T11:21:25.749000-04:00,DOWN,0.75,84645.21,1,True,0.1049460047967625,4,False,7.8168
1790177400000,1790177639196,2026-09-23,2026-09-23T11:33:59.196000-04:00,DOWN,0.74,84523.09,1,True,0.4736747484561057,1,True,8.1355
1790178300000,1790178547917,2026-09-23,2026-09-23T11:49:07.917000-04:00,DOWN,0.69,84309.98,1,True,0.3356981670111513,3,True,10.620900000000002
1790179200000,1790179440797,2026-09-23,2026-09-23T12:04:00.797000-04:00,DOWN,0.83,84005.77,0,True,0.7040725180328423,1,True,-25.196399999999997
1790180100000,1790180473429,2026-09-23,2026-09-23T12:21:13.429000-04:00,DOWN,0.74,84321.36,1,True,0.5022554269000464,6,False,8.1355
1790181000000,1790181247123,2026-09-23,2026-09-23T12:34:07.123000-04:00,UP,0.68,84200.6,0,True,0.10944315651264318,4,False,-25.0284
1790181900000,1790182145240,2026-09-23,2026-09-23T12:49:05.240000-04:00,DOWN,0.8,84095.35,1,True,0.48656631635550934,3,False,5.8527999999999984
1790182800000,1790183041230,2026-09-23,2026-09-23T13:04:01.230000-04:00,DOWN,0.74,84017.64,1,True,0.06653436185312372,2,False,8.1355
1790183700000,1790183948897,2026-09-23,2026-09-23T13:19:08.897000-04:00,UP,0.907,83771.23,1,True,0.17345331804140474,0,False,2.3514999999999993
1790184600000,1790184924692,2026-09-23,2026-09-23T13:35:24.692000-04:00,DOWN,0.69,84055.8,0,True,0.06266261453191155,4,False,-25.379099999999998
1790185500000,1790185784051,2026-09-23,2026-09-23T13:49:44.051000-04:00,UP,0.7,84226.51,1,True,0.5221398646963472,1,False,9.985500000000002
1790186400000,1790186644476,2026-09-23,2026-09-23T14:04:04.476000-04:00,DOWN,0.74,84315.32,1,True,0.2952423505902675,4,False,8.1355
1790187300000,1790187716097,2026-09-23,2026-09-23T14:21:56.097000-04:00,DOWN,0.7,84213.56,1,True,0.096773256482564,4,False,9.985500000000002
1790188200000,1790188739319,2026-09-23,2026-09-23T14:38:59.319000-04:00,DOWN,0.64,84161.61,0,True,0.1740390149886655,3,False,-25.589000000000002
1790189100000,1790189341355,2026-09-23,2026-09-23T14:49:01.355000-04:00,UP,0.69,84208.4,1,True,0.25345744603369613,2,False,10.620900000000002
1790190000000,1790190246488,2026-09-23,2026-09-23T15:04:06.488000-04:00,DOWN,0.71,84333.88,0,True,0.17040003806509926,4,False,-25.354499999999998
1790190900000,1790191142586,2026-09-23,2026-09-23T15:19:02.586000-04:00,DOWN,0.74,84361.36,0,True,0.0939698443719375,4,False,-24.8645
1790191800000,1790192046814,2026-09-23,2026-09-23T15:34:06.814000-04:00,UP,0.72,84401.48,1,True,0.3816840330202287,1,False,9.0401
1790192700000,1790192945876,2026-09-23,2026-09-23T15:49:05.876000-04:00,UP,0.67,84448.59,1,True,0.3012187677600811,5,True,11.6373
1790193600000,1790193842550,2026-09-23,2026-09-23T16:04:02.550000-04:00,DOWN,0.86,84476.4,1,True,0.3032840855667179,3,False,3.8155000000000006
1790194500000,1790194998668,2026-09-23,2026-09-23T16:23:18.668000-04:00,DOWN,0.73,84372.17,1,True,0.02507590511545649,6,False,8.7109
1790195400000,1790195643757,2026-09-23,2026-09-23T16:34:03.757000-04:00,UP,0.71,84284.28,1,True,0.18008890505241926,2,False,9.645500000000002
1790196300000,1790196540641,2026-09-23,2026-09-23T16:49:00.641000-04:00,DOWN,0.82,84393.67,1,True,0.03298567681588448,2,False,5.090000000000002
1790197200000,1790197447565,2026-09-23,2026-09-23T17:04:07.565000-04:00,UP,0.7,84224.07,1,True,0.38145366939509,2,False,9.985500000000002
1790198100000,1790198364792,2026-09-23,2026-09-23T17:19:24.792000-04:00,DOWN,0.72,84362.95,0,True,0.38605757703728805,2,False,-24.9599
1790199000000,1790199344103,2026-09-23,2026-09-23T17:35:44.103000-04:00,UP,0.73,84406.62,1,True,0.5701940166790895,1,False,8.7109
1790199900000,1790200146846,2026-09-23,2026-09-23T17:49:06.846000-04:00,DOWN,0.7,84481.84,1,True,0.3047532303962821,2,False,9.985500000000002
1790200800000,1790201050078,2026-09-23,2026-09-23T18:04:10.078000-04:00,DOWN,0.69,84415.13,0,True,0.533123014009747,3,False,-25.379099999999998
1790201700000,1790201948060,2026-09-23,2026-09-23T18:19:08.060000-04:00,DOWN,0.67,84591.12,1,True,0.38479352662571564,2,False,11.6373
1790202600000,1790202843381,2026-09-23,2026-09-23T18:34:03.381000-04:00,DOWN,0.71,84484.97,0,True,0.5278068651174624,1,False,-25.354499999999998
1790203500000,1790203748122,2026-09-23,2026-09-23T18:49:08.122000-04:00,UP,0.85,84490.27,1,True,0.5991697239312558,1,False,4.091100000000001
1790204400000,1790204644802,2026-09-23,2026-09-23T19:04:04.802000-04:00,DOWN,0.71,84553.11,1,True,0.3578330580823407,1,False,9.645500000000002
1790205300000,1790205580969,2026-09-23,2026-09-23T19:19:40.969000-04:00,DOWN,0.68,84493.95,1,True,0.16296311810158098,3,False,10.971599999999999
1790206200000,1790206569617,2026-09-23,2026-09-23T19:36:09.617000-04:00,UP,0.69,84471.09,0,True,0.17248589094998643,3,False,-25.379099999999998
1790207100000,1790207347400,2026-09-23,2026-09-23T19:49:07.400000-04:00,DOWN,0.69,84450.73,1,True,0.20316845546638693,3,False,10.620900000000002
1790208000000,1790208248759,2026-09-23,2026-09-23T20:04:08.759000-04:00,UP,0.83,84380.99,0,True,0.1407668924454512,2,False,-25.196399999999997
1790208900000,1790209149241,2026-09-23,2026-09-23T20:19:09.241000-04:00,UP,0.78,84345.33,0,True,0.12525591192786384,2,False,-25.3444
1790209800000,1790210040494,2026-09-23,2026-09-23T20:34:00.494000-04:00,UP,0.66,84341.96,1,True,0.04054262764016977,2,False,11.998799999999997
1790210700000,1790210942944,2026-09-23,2026-09-23T20:49:02.944000-04:00,DOWN,0.65,84342.32,1,True,0.36495685745322226,1,False,12.694799999999999
1790211600000,1790211903544,2026-09-23,2026-09-23T21:05:03.544000-04:00,DOWN,0.65,84310.98,1,True,0.03509245984774883,4,False,12.694799999999999
1790212500000,1790212818227,2026-09-23,2026-09-23T21:20:18.227000-04:00,UP,0.68,84266.56,0,True,0.049132928043545285,6,False,-25.0284
1790213400000,1790213664642,2026-09-23,2026-09-23T21:34:24.642000-04:00,UP,0.73,84263.4,0,True,0.16927139199449048,7,False,-25.2891
1790214300000,1790214545156,2026-09-23,2026-09-23T21:49:05.156000-04:00,DOWN,0.66,84156.9,1,True,0.3618127820413415,1,False,11.998799999999997
1790215200000,1790215441209,2026-09-23,2026-09-23T22:04:01.209000-04:00,DOWN,0.66,84100.7,1,True,0.13313290322321775,3,False,11.998799999999997
1790216100000,1790216348379,2026-09-23,2026-09-23T22:19:08.379000-04:00,UP,0.916,83914.1,1,True,0.1688782426926148,4,False,2.1224999999999987
1790217000000,1790217241539,2026-09-23,2026-09-23T22:34:01.539000-04:00,UP,0.81,84151.27,1,True,0.1819218896515389,4,False,5.3767999999999985
1790217900000,1790218142471,2026-09-23,2026-09-23T22:49:02.471000-04:00,UP,0.65,84321.57,1,True,0.3467722264766069,3,False,12.694799999999999
1790218800000,1790219040804,2026-09-23,2026-09-23T23:04:00.804000-04:00,UP,0.82,84349.74,0,True,0.48638085976153406,6,True,-24.909999999999997
1790219700000,1790220000310,2026-09-23,2026-09-23T23:20:00.310000-04:00,DOWN,0.67,84274.9,1,True,0.5082852549798096,3,False,11.6373
1790220600000,1790220841863,2026-09-23,2026-09-23T23:34:01.863000-04:00,DOWN,0.72,84027.6,1,True,0.933922882683106,3,False,9.0401
1790221500000,1790221745001,2026-09-23,2026-09-23T23:49:05.001000-04:00,DOWN,0.69,83987.85,1,True,0.030595868137636813,6,False,10.620900000000002
1790222400000,1790222648717,2026-09-24,2026-09-24T00:04:08.717000-04:00,DOWN,0.68,83903.22,1,True,0.3592915148443305,3,False,10.971599999999999
1790223300000,1790223748556,2026-09-24,2026-09-24T00:22:28.556000-04:00,UP,0.68,83817.71,1,True,0.03674631115407057,4,False,10.971599999999999
1790224200000,1790224674157,2026-09-24,2026-09-24T00:37:54.157000-04:00,DOWN,0.77,83904.29,1,True,0.47167446832117793,0,False,6.9632
1790225100000,1790225340238,2026-09-24,2026-09-24T00:49:00.238000-04:00,DOWN,0.81,83861.37,0,True,0.582603333171814,5,False,-24.6232
1790226000000,1790226240838,2026-09-24,2026-09-24T01:04:00.838000-04:00,UP,0.9,84020.67,1,True,0.8795815958723638,3,True,2.529899999999999
1790226900000,1790227267220,2026-09-24,2026-09-24T01:21:07.220000-04:00,DOWN,0.65,84194.9,1,True,0.312480367282835,1,False,12.694799999999999
1790227800000,1790228046829,2026-09-24,2026-09-24T01:34:06.829000-04:00,DOWN,0.72,84173.45,0,True,0.26491960992138847,6,False,-24.9599
1790228700000,1790229005945,2026-09-24,2026-09-24T01:50:05.945000-04:00,DOWN,0.72,84191.53,1,True,0.19700557269606014,6,False,9.0401
1790229600000,1790229841364,2026-09-24,2026-09-24T02:04:01.364000-04:00,DOWN,0.66,83994.31,0,True,0.7725081973377376,3,True,-25.0012
1790230500000,1790230796862,2026-09-24,2026-09-24T02:19:56.862000-04:00,UP,0.74,84119.17,1,True,0.5176018144160831,3,False,8.1355
1790231400000,1790231935733,2026-09-24,2026-09-24T02:38:55.733000-04:00,UP,0.52,84171.06,1,True,0.2968016742504088,4,False,22.2013
1790232300000,1790232549550,2026-09-24,2026-09-24T02:49:09.550000-04:00,DOWN,0.78,84179.19,1,True,0.3863631842475108,4,False,6.655599999999999
1790240400000,1790240938025,2026-09-24,2026-09-24T05:08:58.025000-04:00,DOWN,0.49,83599.88,1,False,,,,25.117800000000003
1790241300000,1790241544510,2026-09-24,2026-09-24T05:19:04.510000-04:00,DOWN,0.7,83471.49,1,False,,,,9.985500000000002
1790242200000,1790242439784,2026-09-24,2026-09-24T05:33:59.784000-04:00,DOWN,0.915,83331.38,1,True,0.5311296089077737,1,True,2.1479999999999992
1790243100000,1790243376842,2026-09-24,2026-09-24T05:49:36.842000-04:00,DOWN,0.69,83125.85,0,True,0.07011013659157157,4,False,-25.379099999999998
1790244000000,1790244247314,2026-09-24,2026-09-24T06:04:07.314000-04:00,UP,0.79,83234.03,0,True,0.6758918365272795,3,True,-24.8501
1790244900000,1790245167941,2026-09-24,2026-09-24T06:19:27.941000-04:00,UP,0.72,83214.38,1,True,0.1000334602400484,4,False,9.0401
1790245800000,1790246295287,2026-09-24,2026-09-24T06:38:15.287000-04:00,UP,0.72,83232.53,1,True,0.1056780930925234,5,False,9.0401
1790246700000,1790246989336,2026-09-24,2026-09-24T06:49:49.336000-04:00,UP,0.74,83380.22,1,True,0.5515291777052691,2,False,8.1355
1790247600000,1790247850101,2026-09-24,2026-09-24T07:04:10.101000-04:00,UP,0.72,83490.45,1,True,0.4605631019548397,5,False,9.0401
1790248500000,1790248871763,2026-09-24,2026-09-24T07:21:11.763000-04:00,DOWN,0.66,83547.02,1,True,0.07637198482638766,4,False,11.998799999999997
1790249400000,1790249649817,2026-09-24,2026-09-24T07:34:09.817000-04:00,DOWN,0.71,83515.11,1,True,0.3085761406248938,3,False,9.645500000000002
1790250300000,1790250724453,2026-09-24,2026-09-24T07:52:04.453000-04:00,UP,0.69,83427.33,1,True,0.09820146444229771,4,False,10.620900000000002
1790251200000,1790251444621,2026-09-24,2026-09-24T08:04:04.621000-04:00,DOWN,0.74,83491.93,0,True,0.03044154069493293,0,False,-24.8645
1790252100000,1790252486988,2026-09-24,2026-09-24T08:21:26.988000-04:00,UP,0.67,83508.63,1,True,0.43363488578696974,3,False,11.6373
1790253000000,1790253250225,2026-09-24,2026-09-24T08:34:10.225000-04:00,DOWN,0.88,83525.7,1,True,0.4548017994106404,5,False,3.153
1790253900000,1790254232947,2026-09-24,2026-09-24T08:50:32.947000-04:00,DOWN,0.67,83456.74,0,True,0.2255353078949701,6,False,-25.362700000000004
1790254800000,1790255045490,2026-09-24,2026-09-24T09:04:05.490000-04:00,UP,0.71,83597.51,1,True,0.5733870039617751,3,False,9.645500000000002
1790255700000,1790255940244,2026-09-24,2026-09-24T09:19:00.244000-04:00,UP,0.72,83731.52,1,True,0.4521627794816551,1,True,9.0401
1790256600000,1790256841235,2026-09-24,2026-09-24T09:34:01.235000-04:00,UP,0.88,83766.14,1,True,0.4845359353427617,0,True,3.153
1790257500000,1790257831801,2026-09-24,2026-09-24T09:50:31.801000-04:00,DOWN,0.68,83940.75,0,True,0.18476189647839558,5,False,-25.0284
1790258400000,1790258767495,2026-09-24,2026-09-24T10:06:07.495000-04:00,DOWN,0.65,84218.66,0,True,0.5262457298771813,0,False,-25.3052
1790259300000,1790259596105,2026-09-24,2026-09-24T10:19:56.105000-04:00,UP,0.69,84230.59,1,True,0.14713047267759358,3,False,10.620900000000002
1790260200000,1790260444677,2026-09-24,2026-09-24T10:34:04.677000-04:00,DOWN,0.75,84855.42,1,True,0.5094296568779864,2,False,7.8168
1790261100000,1790261341343,2026-09-24,2026-09-24T10:49:01.343000-04:00,DOWN,0.955,84401.51,1,True,0.8641337771707258,1,False,1.091700000000001
1790262000000,1790262281809,2026-09-24,2026-09-24T11:04:41.809000-04:00,UP,0.71,83600.41,1,True,0.47467081635838015,5,False,9.645500000000002
1790262900000,1790263149506,2026-09-24,2026-09-24T11:19:09.506000-04:00,UP,0.66,83854.03,1,True,0.55680767311677,3,False,11.998799999999997
1790263800000,1790264049830,2026-09-24,2026-09-24T11:34:09.830000-04:00,UP,0.71,84086.82,1,True,0.5467333144779163,3,False,9.645500000000002
1790264700000,1790264953665,2026-09-24,2026-09-24T11:49:13.665000-04:00,DOWN,0.74,84358.74,0,True,0.3735427499362213,4,False,-24.8645
1790265600000,1790265840419,2026-09-24,2026-09-24T12:04:00.419000-04:00,DOWN,0.86,84395.81,1,True,0.25114395305125575,2,False,3.8155000000000006
1790266500000,1790266742254,2026-09-24,2026-09-24T12:19:02.254000-04:00,UP,0.95,84132.49,1,True,0.4807330585562222,2,True,1.2135000000000011
1790267400000,1790267646539,2026-09-24,2026-09-24T12:34:06.539000-04:00,DOWN,0.86,84697.09,1,True,0.31358501639742337,3,False,3.8155000000000006
1790268300000,1790268650787,2026-09-24,2026-09-24T12:50:50.787000-04:00,DOWN,0.67,84606.17,1,True,0.16297439039727094,3,False,11.6373
1790269200000,1790269491993,2026-09-24,2026-09-24T13:04:51.993000-04:00,DOWN,0.68,84496.53,1,True,0.3054579378895679,4,False,10.971599999999999
1790270100000,1790270414989,2026-09-24,2026-09-24T13:20:14.989000-04:00,DOWN,0.78,84444.24,1,True,0.12417744530434001,5,False,6.655599999999999
1790271000000,1790271241528,2026-09-24,2026-09-24T13:34:01.528000-04:00,UP,0.65,84308.55,0,True,0.10886703256829122,2,False,-25.3052
1790271900000,1790272144292,2026-09-24,2026-09-24T13:49:04.292000-04:00,UP,0.69,84134.34,0,True,0.41500713965165914,2,False,-25.379099999999998
1790272800000,1790273039837,2026-09-24,2026-09-24T14:03:59.837000-04:00,DOWN,0.87,84074.78,0,True,0.5503621363282835,1,False,-24.581699999999998
1790273700000,1790273940209,2026-09-24,2026-09-24T14:19:00.209000-04:00,UP,0.82,84204.35,1,True,0.9226491792538336,1,True,5.090000000000002
1790274600000,1790274845555,2026-09-24,2026-09-24T14:34:05.555000-04:00,DOWN,0.73,84417.6,1,True,0.034806595966210774,2,False,8.7109
1790275500000,1790275878503,2026-09-24,2026-09-24T14:51:18.503000-04:00,UP,0.73,84395.31,1,True,0.35526453834652566,5,False,8.7109
1790276400000,1790276646187,2026-09-24,2026-09-24T15:04:06.187000-04:00,DOWN,0.88,84465.57,0,True,0.10917402508667631,2,False,-24.847
1790277300000,1790277575850,2026-09-24,2026-09-24T15:19:35.850000-04:00,DOWN,0.68,84583.69,0,True,0.5360956639222673,2,False,-25.0284
1790278200000,1790278440934,2026-09-24,2026-09-24T15:34:00.934000-04:00,DOWN,0.7,84615.76,1,True,0.005519839984507176,0,False,9.985500000000002
1790279100000,1790279370499,2026-09-24,2026-09-24T15:49:30.499000-04:00,UP,0.67,84439.63,0,True,0.46258272933396294,2,False,-25.362700000000004
1790280000000,1790280362737,2026-09-24,2026-09-24T16:06:02.737000-04:00,DOWN,0.66,84372.51,1,True,0.4106052108557249,3,False,11.998799999999997
1790280900000,1790281255541,2026-09-24,2026-09-24T16:20:55.541000-04:00,DOWN,0.65,84286.75,1,True,0.2701257318141993,2,False,12.694799999999999
1790281800000,1790282228784,2026-09-24,2026-09-24T16:37:08.784000-04:00,UP,0.66,84251.87,1,True,0.08213382411033406,3,False,11.998799999999997
1790282700000,1790282990791,2026-09-24,2026-09-24T16:49:50.791000-04:00,UP,0.77,84386.84,0,True,0.5416660897665883,4,False,-25.0368
1790283600000,1790284018607,2026-09-24,2026-09-24T17:06:58.607000-04:00,DOWN,0.75,84351.59,1,True,0.4780169840684175,3,False,7.8168
1790284500000,1790284745667,2026-09-24,2026-09-24T17:19:05.667000-04:00,UP,0.77,84334.81,1,True,0.2515501016357708,6,False,6.9632
1790285400000,1790285639454,2026-09-24,2026-09-24T17:33:59.454000-04:00,UP,0.78,84411.33,1,True,0.5214704911130825,5,False,6.655599999999999
1790286300000,1790286552872,2026-09-24,2026-09-24T17:49:12.872000-04:00,DOWN,0.7,84457.78,1,True,0.21417465005351097,5,False,9.985500000000002
1790287200000,1790287576764,2026-09-24,2026-09-24T18:06:16.764000-04:00,DOWN,0.81,84331.82,1,True,0.34522787885561484,3,False,5.3767999999999985
1790288100000,1790288346361,2026-09-24,2026-09-24T18:19:06.361000-04:00,DOWN,0.87,84319.53,1,True,0.49058019748239484,4,True,3.4183000000000003
1790289000000,1790289243340,2026-09-24,2026-09-24T18:34:03.340000-04:00,UP,0.71,84122.85,0,True,0.02160091162632017,2,False,-25.354499999999998
1790289900000,1790290140290,2026-09-24,2026-09-24T18:49:00.290000-04:00,UP,0.82,84109.35,1,True,0.16782496072536757,2,False,5.090000000000002
1790290800000,1790291049335,2026-09-24,2026-09-24T19:04:09.335000-04:00,UP,0.73,84244.82,1,True,0.6523352930635105,1,False,8.7109
1790291700000,1790291940238,2026-09-24,2026-09-24T19:19:00.238000-04:00,UP,0.73,84278.84,1,True,0.12303387274851227,2,False,8.7109
1790292600000,1790293004104,2026-09-24,2026-09-24T19:36:44.104000-04:00,UP,0.65,84405.96,0,True,0.8070703242573861,3,False,-25.3052
1790293500000,1790293761726,2026-09-24,2026-09-24T19:49:21.726000-04:00,DOWN,0.65,84391.1,1,True,0.24766510236696254,1,False,12.694799999999999
1790294400000,1790294644384,2026-09-24,2026-09-24T20:04:04.384000-04:00,UP,0.82,84379.39,1,True,0.3697334113430162,6,False,5.090000000000002
1790295300000,1790295546338,2026-09-24,2026-09-24T20:19:06.338000-04:00,DOWN,0.77,84630.33,0,True,0.3037472087065488,2,False,-25.0368
1790296200000,1790296442325,2026-09-24,2026-09-24T20:34:02.325000-04:00,DOWN,0.75,84639.58,1,True,0.004881024676653629,0,False,7.8168
1790298000000,1790298246580,2026-09-24,2026-09-24T21:04:06.580000-04:00,UP,0.81,84558.38,1,True,0.28168143266532625,2,False,5.3767999999999985
1790298900000,1790299195867,2026-09-24,2026-09-24T21:19:55.867000-04:00,DOWN,0.66,84708.99,1,True,0.14227299356515452,4,False,11.998799999999997
1790299800000,1790300043680,2026-09-24,2026-09-24T21:34:03.680000-04:00,DOWN,0.82,84507.42,1,True,0.726138353862668,1,False,5.090000000000002
1790300700000,1790300942082,2026-09-24,2026-09-24T21:49:02.082000-04:00,UP,0.71,84473.36,1,True,0.27027078919191333,3,False,9.645500000000002
1790301600000,1790301848425,2026-09-24,2026-09-24T22:04:08.425000-04:00,UP,0.89,84567.71,1,True,0.47466198626920597,3,True,2.8880999999999997
1790302500000,1790302992366,2026-09-24,2026-09-24T22:23:12.366000-04:00,DOWN,0.67,84813.92,1,True,0.007067100017581569,6,False,11.6373
1790303400000,1790303709849,2026-09-24,2026-09-24T22:35:09.849000-04:00,DOWN,0.68,84654.22,1,True,0.6341177305601317,3,False,10.971599999999999
1790304300000,1790304542558,2026-09-24,2026-09-24T22:49:02.558000-04:00,DOWN,0.9,84475.73,1,True,0.7474215228909911,3,True,2.529899999999999
1790305200000,1790305499980,2026-09-24,2026-09-24T23:04:59.980000-04:00,UP,0.65,84194.85,1,True,0.46461699857181016,1,False,12.694799999999999
1790306100000,1790306632601,2026-09-24,2026-09-24T23:23:52.601000-04:00,UP,0.44,84226.54,0,True,0.11127442800892216,2,False,-25.605900000000002
1790307000000,1790307245886,2026-09-24,2026-09-24T23:34:05.886000-04:00,UP,0.69,84142.15,1,True,0.15504429316947235,2,False,10.620900000000002
1790307900000,1790308165278,2026-09-24,2026-09-24T23:49:25.278000-04:00,DOWN,0.69,84218.05,1,True,0.010937025627838867,2,False,10.620900000000002
1790308800000,1790309040781,2026-09-25,2026-09-25T00:04:00.781000-04:00,DOWN,0.71,84211.53,1,True,0.13375814365186084,2,False,9.645500000000002
1790309700000,1790310120752,2026-09-25,2026-09-25T00:22:00.752000-04:00,UP,0.67,84089.41,1,True,0.18444213125896794,4,False,11.6373
1790310600000,1790310879148,2026-09-25,2026-09-25T00:34:39.148000-04:00,UP,0.71,84109.91,1,True,0.10718134224664766,4,False,9.645500000000002
1790311500000,1790311741370,2026-09-25,2026-09-25T00:49:01.370000-04:00,DOWN,0.77,84266.72,1,True,0.3885446400122916,2,False,6.9632
1790312400000,1790312656626,2026-09-25,2026-09-25T01:04:16.626000-04:00,UP,0.67,84197.14,0,True,0.06506096203808398,4,False,-25.362700000000004
1790313300000,1790313737686,2026-09-25,2026-09-25T01:22:17.686000-04:00,DOWN,0.72,84182.75,1,True,0.08863868027563894,7,False,9.0401
1790314200000,1790314590928,2026-09-25,2026-09-25T01:36:30.928000-04:00,UP,0.67,84166.12,1,True,0.006299538782524144,4,False,11.6373
1790315100000,1790315597995,2026-09-25,2026-09-25T01:53:17.995000-04:00,DOWN,0.7,84249.88,1,True,0.10402096397042512,3,False,9.985500000000002
1790316000000,1790316355488,2026-09-25,2026-09-25T02:05:55.488000-04:00,UP,0.65,84192.19,0,True,0.6830186003562901,1,False,-25.3052
1790316900000,1790317148359,2026-09-25,2026-09-25T02:19:08.359000-04:00,UP,0.73,84048.16,1,True,0.1875261770758668,2,False,8.7109
1790317800000,1790318043673,2026-09-25,2026-09-25T02:34:03.673000-04:00,DOWN,0.78,84102.63,1,True,0.1478468678401599,1,False,6.655599999999999
1790318700000,1790319096062,2026-09-25,2026-09-25T02:51:36.062000-04:00,UP,0.65,84014.1,1,True,0.09237708165004967,2,False,12.694799999999999
1790319600000,1790319888594,2026-09-25,2026-09-25T03:04:48.594000-04:00,DOWN,0.65,84029.91,1,True,0.0682173007968566,2,False,12.694799999999999
1790320500000,1790320739109,2026-09-25,2026-09-25T03:18:59.109000-04:00,UP,0.88,83815.07,1,True,0.3455343644721211,4,False,3.153
1790321400000,1790321644316,2026-09-25,2026-09-25T03:34:04.316000-04:00,DOWN,0.89,84036.19,1,True,0.014680703835574058,2,False,2.8880999999999997
1790322300000,1790322549278,2026-09-25,2026-09-25T03:49:09.278000-04:00,UP,0.72,83893.2,1,True,0.10580864672296482,2,False,9.0401
1790323200000,1790323440080,2026-09-25,2026-09-25T04:04:00.080000-04:00,UP,0.84,84052.01,1,True,0.67938907175193,3,True,4.367100000000001
1790324100000,1790324346311,2026-09-25,2026-09-25T04:19:06.311000-04:00,UP,0.84,84119.61,1,True,0.22601446485705748,2,True,4.367100000000001
1790325000000,1790325249332,2026-09-25,2026-09-25T04:34:09.332000-04:00,DOWN,0.65,84435.95,1,True,0.5864891596887424,2,False,12.694799999999999
1790325900000,1790326141183,2026-09-25,2026-09-25T04:49:01.183000-04:00,DOWN,0.65,84317.79,0,True,0.6544606667732211,3,False,-25.3052
1790326800000,1790327046916,2026-09-25,2026-09-25T05:04:06.916000-04:00,UP,0.86,84402.43,1,True,0.5734523310929839,1,True,3.8155000000000006
1790327700000,1790328042913,2026-09-25,2026-09-25T05:20:42.913000-04:00,DOWN,0.65,84603.51,0,True,0.25908114692934514,3,False,-25.3052
1790328600000,1790328845200,2026-09-25,2026-09-25T05:34:05.200000-04:00,DOWN,0.8,84806.82,1,True,0.32102509519327704,2,False,5.8527999999999984
1790329500000,1790329890309,2026-09-25,2026-09-25T05:51:30.309000-04:00,DOWN,0.69,84629.23,1,True,0.5053035397147028,1,False,10.620900000000002
1790330400000,1790330647838,2026-09-25,2026-09-25T06:04:07.838000-04:00,DOWN,0.94,84583.18,1,True,0.7216041867447235,1,True,1.4573000000000014
1790331300000,1790331548741,2026-09-25,2026-09-25T06:19:08.741000-04:00,DOWN,0.7,84484.73,0,True,0.13897330269422098,2,False,-25.014499999999998
1790332200000,1790332645572,2026-09-25,2026-09-25T06:37:25.572000-04:00,UP,0.69,84711.66,1,True,0.6592641722718187,2,False,10.620900000000002
1790333100000,1790333540262,2026-09-25,2026-09-25T06:52:20.262000-04:00,UP,0.68,84767.14,0,True,0.33152641637225916,5,False,-25.0284
1790334000000,1790334241219,2026-09-25,2026-09-25T07:04:01.219000-04:00,UP,0.73,84713.8,1,True,0.04914255067606044,2,False,8.7109
1790334900000,1790335142438,2026-09-25,2026-09-25T07:19:02.438000-04:00,DOWN,0.7,85187.07,1,True,0.5371427984067073,2,False,9.985500000000002
1790335800000,1790336042470,2026-09-25,2026-09-25T07:34:02.470000-04:00,DOWN,0.8,84935.61,1,True,0.6664920657113589,5,False,5.8527999999999984
1790336700000,1790336943802,2026-09-25,2026-09-25T07:49:03.802000-04:00,DOWN,0.84,84715.57,1,True,0.3751995055423319,3,False,4.367100000000001
1790337600000,1790337847158,2026-09-25,2026-09-25T08:04:07.158000-04:00,UP,0.69,84590.58,0,True,0.05999297158594396,2,False,-25.379099999999998
1790338500000,1790338746000,2026-09-25,2026-09-25T08:19:06-04:00,DOWN,0.901,84329.55,0,True,0.8412334755138133,1,True,-24.495600000000003
1790339400000,1790339640425,2026-09-25,2026-09-25T08:34:00.425000-04:00,UP,0.65,84377.89,1,True,0.6633225710415965,1,False,12.694799999999999
1790340300000,1790340834554,2026-09-25,2026-09-25T08:53:54.554000-04:00,DOWN,0.63,84431.5,0,True,0.22712762324470337,5,False,-25.2064
1790341200000,1790341533215,2026-09-25,2026-09-25T09:05:33.215000-04:00,UP,0.65,84474.26,0,True,0.10332765781885463,2,False,-25.3052
1790342100000,1790342346657,2026-09-25,2026-09-25T09:19:06.657000-04:00,DOWN,0.68,84426.42,1,True,0.055238589303202607,3,False,10.971599999999999
1790343000000,1790343248821,2026-09-25,2026-09-25T09:34:08.821000-04:00,DOWN,0.7,84130.18,1,True,0.7762010255444978,1,True,9.985500000000002
1790343900000,1790344140016,2026-09-25,2026-09-25T09:49:00.016000-04:00,DOWN,0.74,83884.91,0,True,0.1636520638532733,3,True,-24.8645
1790344800000,1790345049147,2026-09-25,2026-09-25T10:04:09.147000-04:00,DOWN,0.903,83912.84,1,True,0.18113534640730822,2,False,2.4533999999999994
1790345700000,1790346003966,2026-09-25,2026-09-25T10:20:03.966000-04:00,UP,0.66,83547.01,1,True,0.16008200188088884,5,False,11.998799999999997
1790346600000,1790346847120,2026-09-25,2026-09-25T10:34:07.120000-04:00,UP,0.78,83661.01,1,True,0.4558511029942766,3,False,6.655599999999999
1790347500000,1790347740475,2026-09-25,2026-09-25T10:49:00.475000-04:00,UP,0.67,83686.24,1,True,0.07819590267775502,2,False,11.6373
1790348400000,1790348648889,2026-09-25,2026-09-25T11:04:08.889000-04:00,DOWN,0.74,83997.68,1,True,0.14656330821512287,2,False,8.1355
1790349300000,1790349539480,2026-09-25,2026-09-25T11:18:59.480000-04:00,DOWN,0.65,83959.84,1,True,0.19223727535317287,3,False,12.694799999999999
1790350200000,1790350668577,2026-09-25,2026-09-25T11:37:48.577000-04:00,DOWN,0.69,83745.68,1,True,0.20062845324473766,3,True,10.620900000000002
1790351100000,1790351395724,2026-09-25,2026-09-25T11:49:55.724000-04:00,DOWN,0.65,83468.66,0,True,0.5983843745092517,5,False,-25.3052
1790352000000,1790352248526,2026-09-25,2026-09-25T12:04:08.526000-04:00,UP,0.86,83753.38,1,True,0.8307447337277469,1,True,3.8155000000000006
1790352900000,1790353207016,2026-09-25,2026-09-25T12:20:07.016000-04:00,UP,0.66,83967.51,1,True,0.14814095739594715,7,False,11.998799999999997
1790353800000,1790354050736,2026-09-25,2026-09-25T12:34:10.736000-04:00,DOWN,0.71,83972.53,1,True,0.12496938908452028,4,False,9.645500000000002
1790354700000,1790354946236,2026-09-25,2026-09-25T12:49:06.236000-04:00,DOWN,0.911,83928.15,1,True,0.3671325757983396,5,False,2.249699999999999
1790355600000,1790355840372,2026-09-25,2026-09-25T13:04:00.372000-04:00,UP,0.89,83730.65,1,True,0.272420130005268,0,False,2.8880999999999997
1790356500000,1790356858046,2026-09-25,2026-09-25T13:20:58.046000-04:00,DOWN,0.66,83936.51,1,True,0.11032236682124606,2,False,11.998799999999997
1790357400000,1790357642844,2026-09-25,2026-09-25T13:34:02.844000-04:00,UP,0.7,83697.45,1,True,0.36799771317525926,2,False,9.985500000000002
1790358300000,1790358544394,2026-09-25,2026-09-25T13:49:04.394000-04:00,DOWN,0.71,83802.22,1,True,0.07757681293351883,2,False,9.645500000000002
1790359200000,1790359453941,2026-09-25,2026-09-25T14:04:13.941000-04:00,UP,0.77,83768.0,1,True,0.23257283990875863,1,False,6.9632
1790360100000,1790360370876,2026-09-25,2026-09-25T14:19:30.876000-04:00,UP,0.65,83986.5,0,True,0.8787226184547873,3,False,-25.3052
1790361000000,1790361241367,2026-09-25,2026-09-25T14:34:01.367000-04:00,UP,0.66,83939.73,1,True,0.1905341819390584,2,False,11.998799999999997
1790361900000,1790362149605,2026-09-25,2026-09-25T14:49:09.605000-04:00,DOWN,0.68,83955.99,1,True,0.13032319527750855,5,False,10.971599999999999
1790362800000,1790363260558,2026-09-25,2026-09-25T15:07:40.558000-04:00,UP,0.75,83950.62,1,False,,,,7.8168
1790363700000,1790363946058,2026-09-25,2026-09-25T15:19:06.058000-04:00,DOWN,0.69,84031.05,1,False,,,,10.620900000000002
1790364600000,1790365034619,2026-09-25,2026-09-25T15:37:14.619000-04:00,UP,0.68,83986.92,0,True,0.08404913008683576,4,False,-25.0284
1790365500000,1790365834054,2026-09-25,2026-09-25T15:50:34.054000-04:00,UP,0.68,83970.57,1,True,0.021034800959203605,2,False,10.971599999999999
1790366400000,1790366685788,2026-09-25,2026-09-25T16:04:45.788000-04:00,DOWN,0.8,84028.57,1,True,0.20989392711733543,2,False,5.8527999999999984
1790367300000,1790367539631,2026-09-25,2026-09-25T16:18:59.631000-04:00,UP,0.72,83963.17,1,True,0.1700805569895107,4,False,9.0401
1790368200000,1790368730008,2026-09-25,2026-09-25T16:38:50.008000-04:00,UP,0.44,84053.39,1,True,0.40596727702926905,3,False,30.3941
1790369100000,1790369355608,2026-09-25,2026-09-25T16:49:15.608000-04:00,DOWN,0.65,84104.45,1,True,0.012373416593097758,4,False,12.694799999999999
1790370000000,1790370248880,2026-09-25,2026-09-25T17:04:08.880000-04:00,DOWN,0.65,83880.37,1,True,0.5373740974898372,3,False,12.694799999999999
1790370900000,1790371148932,2026-09-25,2026-09-25T17:19:08.932000-04:00,DOWN,0.67,83705.19,0,True,0.6519201815634532,3,False,-25.362700000000004
1790371800000,1790372097524,2026-09-25,2026-09-25T17:34:57.524000-04:00,UP,0.66,83766.08,1,True,0.6726913216968132,1,False,11.998799999999997
1790372700000,1790372958444,2026-09-25,2026-09-25T17:49:18.444000-04:00,UP,0.71,83807.07,0,True,0.21077128188037372,1,False,-25.354499999999998
1790373600000,1790373848612,2026-09-25,2026-09-25T18:04:08.612000-04:00,UP,0.78,83787.46,1,True,0.02139443037681361,4,False,6.655599999999999
1790374500000,1790374747433,2026-09-25,2026-09-25T18:19:07.433000-04:00,UP,0.67,83922.0,0,True,0.9431554538637162,3,False,-25.362700000000004
1790375400000,1790375649581,2026-09-25,2026-09-25T18:34:09.581000-04:00,UP,0.87,83898.72,1,True,0.22038234110707883,2,False,3.4183000000000003
1790376300000,1790376555412,2026-09-25,2026-09-25T18:49:15.412000-04:00,DOWN,0.65,84067.39,0,True,0.5990776541313974,5,False,-25.3052
1790377200000,1790377530735,2026-09-25,2026-09-25T19:05:30.735000-04:00,UP,0.66,84068.24,0,True,0.25750489959854367,3,False,-25.0012
1790378100000,1790378535052,2026-09-25,2026-09-25T19:22:15.052000-04:00,UP,0.66,84062.88,1,False,,,,11.998799999999997
1790379000000,1790379532029,2026-09-25,2026-09-25T19:38:52.029000-04:00,DOWN,0.5,84076.95,1,False,,,,24.125
1790380800000,1790381039264,2026-09-25,2026-09-25T20:03:59.264000-04:00,DOWN,0.68,84091.04,1,True,0.027676222205513596,0,False,10.971599999999999
1790381700000,1790381988899,2026-09-25,2026-09-25T20:19:48.899000-04:00,DOWN,0.69,84077.82,1,True,0.029125861114363376,4,False,10.620900000000002
1790382600000,1790382843058,2026-09-25,2026-09-25T20:34:03.058000-04:00,DOWN,0.76,83937.53,1,True,0.78545884658787,3,True,7.2714
1790383500000,1790383835046,2026-09-25,2026-09-25T20:50:35.046000-04:00,UP,0.69,83889.72,0,True,0.3149522212629587,3,False,-25.379099999999998
1790384400000,1790384642441,2026-09-25,2026-09-25T21:04:02.441000-04:00,UP,0.83,83885.1,1,True,0.37929272695633537,2,True,4.803600000000001
1790385300000,1790385541888,2026-09-25,2026-09-25T21:19:01.888000-04:00,UP,0.65,83925.95,1,True,0.041781898176927644,6,False,12.694799999999999
1790386200000,1790386538214,2026-09-25,2026-09-25T21:35:38.214000-04:00,UP,0.67,83939.7,1,True,0.008813148449722552,4,False,11.6373
1790387100000,1790387580787,2026-09-25,2026-09-25T21:53:00.787000-04:00,UP,0.7,84034.01,1,True,0.377710170310965,5,False,9.985500000000002
1790388000000,1790388241083,2026-09-25,2026-09-25T22:04:01.083000-04:00,DOWN,0.67,84065.39,0,True,0.18910694702320058,2,False,-25.362700000000004
1790388900000,1790389295883,2026-09-25,2026-09-25T22:21:35.883000-04:00,DOWN,0.72,84097.55,1,True,0.3940413740397184,3,False,9.0401
1790389800000,1790390252441,2026-09-25,2026-09-25T22:37:32.441000-04:00,DOWN,0.73,84025.97,1,True,0.4184149495562412,1,False,8.7109
1790390700000,1790390951943,2026-09-25,2026-09-25T22:49:11.943000-04:00,UP,0.67,84021.54,0,True,0.04180459220462956,6,False,-25.362700000000004
1790391600000,1790392137008,2026-09-25,2026-09-25T23:08:57.008000-04:00,DOWN,0.61,84008.94,1,True,0.3916492967028227,1,False,14.933800000000002
1790392500000,1790392919086,2026-09-25,2026-09-25T23:21:59.086000-04:00,UP,0.66,83920.25,1,True,0.5780717872974518,2,False,11.998799999999997
1790393400000,1790393721749,2026-09-25,2026-09-25T23:35:21.749000-04:00,DOWN,0.7,84017.38,1,True,0.49249515512552317,4,False,9.985500000000002
1790394300000,1790394743742,2026-09-25,2026-09-25T23:52:23.742000-04:00,DOWN,0.66,83953.14,1,True,0.33420307477535144,2,False,11.998799999999997
1790395200000,1790395439885,2026-09-26,2026-09-26T00:03:59.885000-04:00,UP,0.82,83934.82,1,True,0.4481293347650199,2,False,5.090000000000002
1790396100000,1790396345307,2026-09-26,2026-09-26T00:19:05.307000-04:00,UP,0.84,83980.55,0,True,0.314494092716852,4,False,-24.6329
1790397000000,1790397404839,2026-09-26,2026-09-26T00:36:44.839000-04:00,UP,0.66,83892.5,1,True,0.6409094103329199,3,False,11.998799999999997
1790397900000,1790398327505,2026-09-26,2026-09-26T00:52:07.505000-04:00,UP,0.66,83964.68,1,True,0.7128137398249244,1,False,11.998799999999997
1790398800000,1790399229218,2026-09-26,2026-09-26T01:07:09.218000-04:00,UP,0.69,83972.06,0,True,0.06666050722771538,2,False,-25.379099999999998
1790399700000,1790399943220,2026-09-26,2026-09-26T01:19:03.220000-04:00,DOWN,0.79,83959.3,1,True,0.4422516857293146,1,False,6.149899999999999
1790400600000,1790400847575,2026-09-26,2026-09-26T01:34:07.575000-04:00,DOWN,0.68,83920.08,0,True,0.17073533376638272,5,False,-25.0284
1790401500000,1790401746919,2026-09-26,2026-09-26T01:49:06.919000-04:00,UP,0.67,83945.29,0,True,0.7920307179586593,3,False,-25.362700000000004
1790402400000,1790402676864,2026-09-26,2026-09-26T02:04:36.864000-04:00,DOWN,0.65,83915.31,1,True,0.6709031056336512,5,False,12.694799999999999
1790403300000,1790403765307,2026-09-26,2026-09-26T02:22:45.307000-04:00,UP,0.65,83895.29,1,True,0.19478559501426643,2,False,12.694799999999999
1790404200000,1790404448659,2026-09-26,2026-09-26T02:34:08.659000-04:00,UP,0.65,83927.82,0,True,0.6808109424632414,1,False,-25.3052
1790405100000,1790405341173,2026-09-26,2026-09-26T02:49:01.173000-04:00,UP,0.68,83906.92,0,True,0.2405527943623593,6,False,-25.0284
1790406000000,1790406247130,2026-09-26,2026-09-26T03:04:07.130000-04:00,UP,0.82,83888.15,1,True,0.007736916090693896,0,False,5.090000000000002
1790406900000,1790407436277,2026-09-26,2026-09-26T03:23:56.277000-04:00,UP,0.62,83994.3,1,True,0.12248101885331916,5,False,14.540299999999998
1790407800000,1790408328040,2026-09-26,2026-09-26T03:38:48.040000-04:00,UP,0.72,83997.61,1,True,0.00022654617578435636,4,False,9.0401
1790408700000,1790408942330,2026-09-26,2026-09-26T03:49:02.330000-04:00,UP,0.77,84022.19,1,True,0.542718706443361,3,False,6.9632
1790409600000,1790409846834,2026-09-26,2026-09-26T04:04:06.834000-04:00,DOWN,0.77,84100.46,1,True,0.027235851388842634,2,False,6.9632
1790410500000,1790410896940,2026-09-26,2026-09-26T04:21:36.940000-04:00,DOWN,0.68,84046.27,0,True,0.16232178636751168,1,False,-25.0284
1790411400000,1790411648376,2026-09-26,2026-09-26T04:34:08.376000-04:00,UP,0.946,84086.05,1,True,0.8921385431337937,1,True,1.3110000000000013
1790412300000,1790412547519,2026-09-26,2026-09-26T04:49:07.519000-04:00,DOWN,0.77,84278.34,1,True,0.048847668653291466,2,False,6.9632
1790413200000,1790413730954,2026-09-26,2026-09-26T05:08:50.954000-04:00,DOWN,0.55,84200.93,1,True,0.4244129586903346,3,False,19.470299999999998
1790414100000,1790414345959,2026-09-26,2026-09-26T05:19:05.959000-04:00,DOWN,0.69,83995.58,0,True,0.9123209296555074,1,True,-25.379099999999998
1790415000000,1790415380488,2026-09-26,2026-09-26T05:36:20.488000-04:00,UP,0.68,84009.42,0,True,0.14620438043682527,7,False,-25.0284
1790415900000,1790416435534,2026-09-26,2026-09-26T05:53:55.534000-04:00,UP,0.51,84001.25,0,True,0.15029049768784497,2,False,-25.8472
1790416800000,1790417046282,2026-09-26,2026-09-26T06:04:06.282000-04:00,UP,0.79,83996.59,1,True,0.45639891677722977,4,True,6.149899999999999
1790417700000,1790417949453,2026-09-26,2026-09-26T06:19:09.453000-04:00,UP,0.77,84104.46,1,True,0.7125346012323571,3,True,6.9632
1790418600000,1790418882669,2026-09-26,2026-09-26T06:34:42.669000-04:00,DOWN,0.68,84132.38,0,True,0.08841186576936888,5,False,-25.0284
1790419500000,1790419880535,2026-09-26,2026-09-26T06:51:20.535000-04:00,UP,0.7,84139.2,1,True,0.2924656603974283,3,False,9.985500000000002
1790420400000,1790420741237,2026-09-26,2026-09-26T07:05:41.237000-04:00,DOWN,0.8,84166.78,0,True,0.08900357713044771,2,False,-25.1472
1790421300000,1790421548881,2026-09-26,2026-09-26T07:19:08.881000-04:00,UP,0.67,84167.4,0,True,0.17593862480770198,3,False,-25.362700000000004
1790422200000,1790422561048,2026-09-26,2026-09-26T07:36:01.048000-04:00,UP,0.73,84151.82,1,True,0.21166967689921123,2,False,8.7109
1790423100000,1790423605013,2026-09-26,2026-09-26T07:53:25.013000-04:00,UP,0.67,84163.19,1,True,0.09639338879019992,2,False,11.6373
1790424000000,1790424243868,2026-09-26,2026-09-26T08:04:03.868000-04:00,DOWN,0.86,84166.95,1,True,0.3890573469874712,2,False,3.8155000000000006
1790424900000,1790425142806,2026-09-26,2026-09-26T08:19:02.806000-04:00,UP,0.79,84127.65,0,True,0.1831698591418139,4,False,-24.8501
1790425800000,1790426051334,2026-09-26,2026-09-26T08:34:11.334000-04:00,UP,0.67,84092.0,0,True,0.6705352665021933,2,False,-25.362700000000004
1790426700000,1790426943231,2026-09-26,2026-09-26T08:49:03.231000-04:00,UP,0.68,84045.45,1,True,0.38624012345784087,2,False,10.971599999999999
1790427600000,1790427939647,2026-09-26,2026-09-26T09:05:39.647000-04:00,UP,0.68,84054.58,0,True,0.022368429033581418,2,False,-25.0284
1790428500000,1790428986192,2026-09-26,2026-09-26T09:23:06.192000-04:00,DOWN,0.76,83998.08,1,True,0.4895032108486568,3,False,7.2714
1790429400000,1790429936889,2026-09-26,2026-09-26T09:38:56.889000-04:00,UP,0.71,83889.87,1,False,,,,9.645500000000002
1790430300000,1790430550083,2026-09-26,2026-09-26T09:49:10.083000-04:00,UP,0.71,83909.34,1,False,,,,9.645500000000002
1790431200000,1790431494882,2026-09-26,2026-09-26T10:04:54.882000-04:00,UP,0.72,83933.37,1,False,,,,9.0401
1790432100000,1790432490004,2026-09-26,2026-09-26T10:21:30.004000-04:00,UP,0.72,83938.13,1,True,0.38231803710769935,1,False,9.0401
1790433000000,1790433244936,2026-09-26,2026-09-26T10:34:04.936000-04:00,UP,0.83,83963.76,1,True,0.8898190545191756,1,False,4.803600000000001
1790433900000,1790434219805,2026-09-26,2026-09-26T10:50:19.805000-04:00,UP,0.65,84007.65,1,True,0.14096216485110558,3,False,12.694799999999999
1790434800000,1790435111769,2026-09-26,2026-09-26T11:05:11.769000-04:00,UP,0.67,84014.24,1,True,0.10982086561480903,3,False,11.6373
1790435700000,1790436041448,2026-09-26,2026-09-26T11:20:41.448000-04:00,UP,0.68,84015.87,1,True,0.07611458273633372,2,False,10.971599999999999
1790436600000,1790436848760,2026-09-26,2026-09-26T11:34:08.760000-04:00,UP,0.86,84045.99,1,True,0.7398367745770876,1,True,3.8155000000000006
1790437500000,1790437749067,2026-09-26,2026-09-26T11:49:09.067000-04:00,DOWN,0.66,84107.22,0,True,0.33016543793314806,3,False,-25.0012
1790438400000,1790438869465,2026-09-26,2026-09-26T12:07:49.465000-04:00,DOWN,0.66,84143.81,1,True,0.4194463402158426,0,False,11.998799999999997
1790439300000,1790439668865,2026-09-26,2026-09-26T12:21:08.865000-04:00,DOWN,0.69,84118.48,1,True,0.32630894717768893,7,False,10.620900000000002
1790440200000,1790440442114,2026-09-26,2026-09-26T12:34:02.114000-04:00,UP,0.77,84104.04,1,True,0.2027078299414357,4,False,6.9632
1790441100000,1790441347146,2026-09-26,2026-09-26T12:49:07.146000-04:00,DOWN,0.67,84140.86,1,True,0.2139437872690579,7,False,11.6373
1790442000000,1790442240541,2026-09-26,2026-09-26T13:04:00.541000-04:00,DOWN,0.69,84103.03,1,True,0.33107144154196094,3,False,10.620900000000002
1790442900000,1790443152988,2026-09-26,2026-09-26T13:19:12.988000-04:00,DOWN,0.69,84077.04,1,True,0.3459065460429533,3,False,10.620900000000002
1790443800000,1790444101901,2026-09-26,2026-09-26T13:35:01.901000-04:00,DOWN,0.66,84053.37,0,True,0.14520667333561058,1,False,-25.0012
1790444700000,1790444941923,2026-09-26,2026-09-26T13:49:01.923000-04:00,UP,0.75,84090.6,1,True,0.6387605637829262,1,False,7.8168
1790445600000,1790445840264,2026-09-26,2026-09-26T14:04:00.264000-04:00,UP,0.66,84124.44,0,True,0.17334738749551928,3,False,-25.0012
1790446500000,1790446744706,2026-09-26,2026-09-26T14:19:04.706000-04:00,DOWN,0.66,84095.83,1,True,0.4549477773558481,1,False,11.998799999999997
1790447400000,1790447804606,2026-09-26,2026-09-26T14:36:44.606000-04:00,DOWN,0.65,84058.51,1,True,0.1974158157374807,7,False,12.694799999999999
1790448300000,1790448543819,2026-09-26,2026-09-26T14:49:03.819000-04:00,DOWN,0.65,84011.01,1,True,0.8708342972248587,1,False,12.694799999999999
1790449200000,1790449439905,2026-09-26,2026-09-26T15:03:59.905000-04:00,UP,0.73,83995.43,1,True,0.4317652059462089,8,False,8.7109
1790450100000,1790450637093,2026-09-26,2026-09-26T15:23:57.093000-04:00,UP,0.58,84020.08,1,True,0.004091878718449801,2,False,17.326700000000002
1790451000000,1790451241635,2026-09-26,2026-09-26T15:34:01.635000-04:00,DOWN,0.67,84025.56,1,True,0.12027686064538377,4,False,11.6373
1790451900000,1790452145732,2026-09-26,2026-09-26T15:49:05.732000-04:00,UP,0.68,84000.98,1,True,0.01763987266139913,2,False,10.971599999999999
1790452800000,1790453042206,2026-09-26,2026-09-26T16:04:02.206000-04:00,UP,0.79,84005.27,0,True,0.23066676234857753,4,False,-24.8501
1790453700000,1790453948699,2026-09-26,2026-09-26T16:19:08.699000-04:00,UP,0.79,84001.57,1,True,0.03127775662931625,4,False,6.149899999999999
1790454600000,1790454870798,2026-09-26,2026-09-26T16:34:30.798000-04:00,UP,0.65,84071.77,0,True,0.6567388994172877,3,False,-25.3052
1790455500000,1790455886147,2026-09-26,2026-09-26T16:51:26.147000-04:00,UP,0.79,83872.97,1,True,0.5567947795933997,3,False,6.149899999999999
1790456400000,1790456678815,2026-09-26,2026-09-26T17:04:38.815000-04:00,UP,0.82,84015.8,1,True,0.8326777691167487,3,False,5.090000000000002
1790457300000,1790457539910,2026-09-26,2026-09-26T17:18:59.910000-04:00,UP,0.69,84104.65,1,True,0.7856020360231294,1,False,10.620900000000002
1790458200000,1790458475474,2026-09-26,2026-09-26T17:34:35.474000-04:00,UP,0.66,84164.21,0,True,0.27506459512819115,1,False,-25.0012
1790459100000,1790459465586,2026-09-26,2026-09-26T17:51:05.586000-04:00,DOWN,0.74,84150.76,1,True,0.6794951569225173,3,False,8.1355
1790460000000,1790460244820,2026-09-26,2026-09-26T18:04:04.820000-04:00,UP,0.77,84141.16,1,True,0.2814130392475219,2,False,6.9632
1790460900000,1790461141742,2026-09-26,2026-09-26T18:19:01.742000-04:00,DOWN,0.67,84316.43,0,True,0.32385148125562496,4,False,-25.362700000000004
1790461800000,1790462048834,2026-09-26,2026-09-26T18:34:08.834000-04:00,DOWN,0.79,84336.47,1,True,0.010675941093163005,0,False,6.149899999999999
1790462700000,1790463100311,2026-09-26,2026-09-26T18:51:40.311000-04:00,UP,0.8,84275.12,0,True,0.15115408928627908,3,False,-25.1472
1790463600000,1790463842980,2026-09-26,2026-09-26T19:04:02.980000-04:00,UP,0.87,84264.76,1,True,0.3461110873067762,2,False,3.4183000000000003
1790464500000,1790464818340,2026-09-26,2026-09-26T19:20:18.340000-04:00,UP,0.75,84342.09,1,True,0.11577744020460447,1,False,7.8168
1790465400000,1790465647964,2026-09-26,2026-09-26T19:34:07.964000-04:00,UP,0.68,84353.52,0,True,0.07851258620834789,2,False,-25.0284
1790466300000,1790466542233,2026-09-26,2026-09-26T19:49:02.233000-04:00,UP,0.76,84343.8,1,True,0.09441751901549804,2,False,7.2714
1790467200000,1790467439565,2026-09-26,2026-09-26T20:03:59.565000-04:00,DOWN,0.79,84426.95,1,True,0.14411387134667122,2,False,6.149899999999999
1790468100000,1790468349833,2026-09-26,2026-09-26T20:19:09.833000-04:00,DOWN,0.7,84315.4,1,True,0.7459808577513468,1,False,9.985500000000002
1790469000000,1790469240315,2026-09-26,2026-09-26T20:34:00.315000-04:00,UP,0.87,84252.51,1,True,0.031243384161913492,2,False,3.4183000000000003
1790469900000,1790470227768,2026-09-26,2026-09-26T20:50:27.768000-04:00,DOWN,0.73,84329.21,1,True,0.3001232472309506,3,False,8.7109
1790470800000,1790471120689,2026-09-26,2026-09-26T21:05:20.689000-04:00,DOWN,0.65,84294.42,0,True,0.5997838105493488,3,False,-25.3052
1790471700000,1790471944399,2026-09-26,2026-09-26T21:19:04.399000-04:00,DOWN,0.66,84367.61,1,True,0.4820453229730554,2,False,11.998799999999997
1790472600000,1790472854630,2026-09-26,2026-09-26T21:34:14.630000-04:00,DOWN,0.7,84322.1,0,True,0.35346242451379245,2,False,-25.014499999999998
1790473500000,1790473742858,2026-09-26,2026-09-26T21:49:02.858000-04:00,UP,0.8,84385.84,1,True,0.6465055344982268,1,False,5.8527999999999984
1790474400000,1790474642045,2026-09-26,2026-09-26T22:04:02.045000-04:00,DOWN,0.66,84472.63,1,True,0.038299366305629974,4,False,11.998799999999997
1790475300000,1790475613673,2026-09-26,2026-09-26T22:20:13.673000-04:00,UP,0.74,84468.35,1,True,0.10412134460948377,4,False,8.1355
1790476200000,1790476710680,2026-09-26,2026-09-26T22:38:30.680000-04:00,DOWN,0.67,84490.91,1,True,0.26817869329018995,1,False,11.6373
1790477100000,1790477343395,2026-09-26,2026-09-26T22:49:03.395000-04:00,DOWN,0.71,84464.3,1,True,0.8635181685184742,3,False,9.645500000000002
1790478000000,1790478243749,2026-09-26,2026-09-26T23:04:03.749000-04:00,UP,0.75,84442.04,1,True,0.14712071625320097,6,False,7.8168
1790478900000,1790479147558,2026-09-26,2026-09-26T23:19:07.558000-04:00,DOWN,0.69,84465.61,1,True,0.1890888710502913,2,False,10.620900000000002
1790479800000,1790480042731,2026-09-26,2026-09-26T23:34:02.731000-04:00,UP,0.88,84375.52,1,True,0.3046825637295226,2,False,3.153
1790480700000,1790480961505,2026-09-26,2026-09-26T23:49:21.505000-04:00,DOWN,0.67,84389.59,1,True,0.2628832452412492,5,False,11.6373
1790481600000,1790481849074,2026-09-27,2026-09-27T00:04:09.074000-04:00,DOWN,0.66,84386.45,0,True,0.18210811710188576,2,False,-25.0012
1790482500000,1790482740508,2026-09-27,2026-09-27T00:19:00.508000-04:00,DOWN,0.74,84469.22,1,True,0.4805221486660631,2,False,8.1355
1790483400000,1790483642944,2026-09-27,2026-09-27T00:34:02.944000-04:00,DOWN,0.905,84416.48,1,True,0.6516478058309197,1,False,2.4024999999999994
1790484300000,1790484545653,2026-09-27,2026-09-27T00:49:05.653000-04:00,UP,0.75,84294.83,1,True,0.09180349826096657,4,False,7.8168
1790485200000,1790485439854,2026-09-27,2026-09-27T01:03:59.854000-04:00,UP,0.81,84317.38,1,True,0.29267998156812713,3,False,5.3767999999999985
1790486100000,1790486346115,2026-09-27,2026-09-27T01:19:06.115000-04:00,UP,0.72,84365.77,1,True,0.3816852710788323,3,False,9.0401
1790487000000,1790487243352,2026-09-27,2026-09-27T01:34:03.352000-04:00,UP,0.87,84377.04,1,True,0.6785337478483738,2,False,3.4183000000000003
1790487900000,1790488263566,2026-09-27,2026-09-27T01:51:03.566000-04:00,DOWN,0.67,84521.33,1,True,0.21400715425274522,4,False,11.6373
1790488800000,1790489135079,2026-09-27,2026-09-27T02:05:35.079000-04:00,UP,0.68,84477.79,1,True,0.29869524373860445,2,False,10.971599999999999
1790489700000,1790489953052,2026-09-27,2026-09-27T02:19:13.052000-04:00,DOWN,0.68,84579.6,0,True,0.4102402918125682,0,False,-25.0284
1790490600000,1790490849696,2026-09-27,2026-09-27T02:34:09.696000-04:00,DOWN,0.88,84588.14,1,True,0.23115571849320593,2,False,3.153
1790491500000,1790491744444,2026-09-27,2026-09-27T02:49:04.444000-04:00,UP,0.7,84502.01,1,True,0.05881389599215988,2,False,9.985500000000002
1790492400000,1790492662214,2026-09-27,2026-09-27T03:04:22.214000-04:00,UP,0.66,84508.51,1,True,0.009712830952497776,4,False,11.998799999999997
1790493300000,1790493572405,2026-09-27,2026-09-27T03:19:32.405000-04:00,DOWN,0.72,84508.71,0,True,0.1602561016715134,1,False,-24.9599
1790494200000,1790494443197,2026-09-27,2026-09-27T03:34:03.197000-04:00,UP,0.78,84514.78,1,True,0.36045305668382516,3,False,6.655599999999999
1790495100000,1790495414525,2026-09-27,2026-09-27T03:50:14.525000-04:00,UP,0.79,84607.61,1,True,0.39241405238310123,3,False,6.149899999999999
1790496000000,1790496292089,2026-09-27,2026-09-27T04:04:52.089000-04:00,UP,0.7,84761.85,1,True,0.4946771434618791,1,False,9.985500000000002
1790496900000,1790497287357,2026-09-27,2026-09-27T04:21:27.357000-04:00,UP,0.74,84794.7,1,True,0.09033524174080328,2,False,8.1355
1790497800000,1790498047654,2026-09-27,2026-09-27T04:34:07.654000-04:00,UP,0.67,84796.13,0,True,0.14137155870238918,2,False,-25.362700000000004
1790498700000,1790498944007,2026-09-27,2026-09-27T04:49:04.007000-04:00,UP,0.74,84706.93,1,True,0.5765103795800706,6,False,8.1355
1790499600000,1790499845338,2026-09-27,2026-09-27T05:04:05.338000-04:00,DOWN,0.81,84786.64,1,True,0.043244619576704016,2,False,5.3767999999999985
1790500500000,1790500963102,2026-09-27,2026-09-27T05:22:43.102000-04:00,DOWN,0.65,84659.72,0,True,0.1500284561147281,5,False,-25.3052
1790501400000,1790501644641,2026-09-27,2026-09-27T05:34:04.641000-04:00,UP,0.75,84691.13,1,True,0.5583482218099295,1,False,7.8168
1790502300000,1790502546882,2026-09-27,2026-09-27T05:49:06.882000-04:00,UP,0.916,84774.09,1,True,0.601234956856344,1,False,2.1224999999999987
1790503200000,1790503678007,2026-09-27,2026-09-27T06:07:58.007000-04:00,UP,0.65,84915.84,1,True,0.15396591518274502,3,False,12.694799999999999
1790504100000,1790504379852,2026-09-27,2026-09-27T06:19:39.852000-04:00,DOWN,0.72,85022.31,1,True,0.5313360170462157,3,False,9.0401
1790505000000,1790505242125,2026-09-27,2026-09-27T06:34:02.125000-04:00,DOWN,0.66,84923.4,1,True,0.8173339871486046,3,False,11.998799999999997
1790505900000,1790506196627,2026-09-27,2026-09-27T06:49:56.627000-04:00,UP,0.8,84852.39,1,True,0.4171463865094264,2,False,5.8527999999999984
1790506800000,1790507156958,2026-09-27,2026-09-27T07:05:56.958000-04:00,UP,0.72,84857.73,1,True,0.10702298348889756,2,False,9.0401
1790507700000,1790507944403,2026-09-27,2026-09-27T07:19:04.403000-04:00,DOWN,0.82,84903.62,1,True,0.11965012277941374,2,False,5.090000000000002
1790508600000,1790508840692,2026-09-27,2026-09-27T07:34:00.692000-04:00,DOWN,0.81,84901.09,1,True,0.10287183350082788,2,False,5.3767999999999985
1790509500000,1790509740714,2026-09-27,2026-09-27T07:49:00.714000-04:00,DOWN,0.76,84887.51,1,True,0.05963395625735517,2,False,7.2714
1790510400000,1790510641571,2026-09-27,2026-09-27T08:04:01.571000-04:00,UP,0.78,84881.7,1,True,0.7577133453305066,1,False,6.655599999999999
1790511300000,1790511831028,2026-09-27,2026-09-27T08:23:51.028000-04:00,DOWN,0.65,84981.42,1,True,0.22067083391341347,4,False,12.694799999999999
1790512200000,1790512496168,2026-09-27,2026-09-27T08:34:56.168000-04:00,UP,0.66,84942.08,1,True,0.34868635887935373,2,False,11.998799999999997
1790513100000,1790513349408,2026-09-27,2026-09-27T08:49:09.408000-04:00,DOWN,0.75,84974.89,1,True,0.09493758705546285,4,False,7.8168
1790514000000,1790514242173,2026-09-27,2026-09-27T09:04:02.173000-04:00,DOWN,0.78,84791.51,1,True,0.507315463051574,1,False,6.655599999999999
1790514900000,1790515145028,2026-09-27,2026-09-27T09:19:05.028000-04:00,UP,0.79,84657.95,1,True,0.0752323988152119,0,False,6.149899999999999
1790515800000,1790516041920,2026-09-27,2026-09-27T09:34:01.920000-04:00,UP,0.88,84919.49,0,True,0.9577083620018352,1,True,-24.847
1790516700000,1790516944893,2026-09-27,2026-09-27T09:49:04.893000-04:00,UP,0.84,84798.31,1,True,0.3818403086733284,2,False,4.367100000000001
1790517600000,1790517848997,2026-09-27,2026-09-27T10:04:08.997000-04:00,DOWN,0.85,85016.5,1,True,0.22773904788354613,2,False,4.091100000000001
1790518500000,1790518769856,2026-09-27,2026-09-27T10:19:29.856000-04:00,DOWN,0.71,84987.83,1,True,0.16257261526114675,4,False,9.645500000000002
1790519400000,1790519650043,2026-09-27,2026-09-27T10:34:10.043000-04:00,UP,0.7,84702.2,1,True,0.6068718732849522,0,False,9.985500000000002
1790520300000,1790520544308,2026-09-27,2026-09-27T10:49:04.308000-04:00,DOWN,0.946,84746.37,1,True,0.5326369138115785,3,True,1.3110000000000013
1790521200000,1790521486624,2026-09-27,2026-09-27T11:04:46.624000-04:00,DOWN,0.66,84540.45,1,True,0.06987744902052864,3,False,11.998799999999997
1790522100000,1790522345359,2026-09-27,2026-09-27T11:19:05.359000-04:00,UP,0.82,84478.08,1,True,0.09967968867528766,4,False,5.090000000000002
1790523000000,1790523245933,2026-09-27,2026-09-27T11:34:05.933000-04:00,DOWN,0.67,84577.8,1,True,0.018900247316242458,2,False,11.6373
1790523900000,1790524143449,2026-09-27,2026-09-27T11:49:03.449000-04:00,UP,0.67,84450.34,1,True,0.44660297484010425,2,False,11.6373
1790524800000,1790525083877,2026-09-27,2026-09-27T12:04:43.877000-04:00,UP,0.81,84455.59,1,True,0.13016677043799982,2,False,5.3767999999999985
1790525700000,1790526006858,2026-09-27,2026-09-27T12:20:06.858000-04:00,UP,0.69,84547.16,1,True,0.2280162214976391,5,False,10.620900000000002
1790526600000,1790526842277,2026-09-27,2026-09-27T12:34:02.277000-04:00,DOWN,0.74,84569.84,1,True,0.07487104129424617,4,False,8.1355
1790527500000,1790527749454,2026-09-27,2026-09-27T12:49:09.454000-04:00,UP,0.72,84370.69,1,True,0.4211056241297287,0,False,9.0401
1790528400000,1790528655113,2026-09-27,2026-09-27T13:04:15.113000-04:00,UP,0.65,84406.87,0,True,0.27193331150903155,5,False,-25.3052
1790529300000,1790529540526,2026-09-27,2026-09-27T13:19:00.526000-04:00,UP,0.78,84372.63,1,True,0.15199792320502778,6,False,6.655599999999999
1790530200000,1790530446447,2026-09-27,2026-09-27T13:34:06.447000-04:00,UP,0.76,84417.64,1,True,0.2966633473577092,2,False,7.2714
1790531100000,1790531342231,2026-09-27,2026-09-27T13:49:02.231000-04:00,UP,0.79,84464.13,1,True,0.28726568017610543,3,False,6.149899999999999
1790532000000,1790532350470,2026-09-27,2026-09-27T14:05:50.470000-04:00,UP,0.68,84548.52,1,True,0.12990178706398578,2,False,10.971599999999999
1790532900000,1790533140101,2026-09-27,2026-09-27T14:19:00.101000-04:00,UP,0.74,84585.08,1,True,0.7870530887583378,1,False,8.1355
1790533800000,1790534283200,2026-09-27,2026-09-27T14:38:03.200000-04:00,UP,0.69,84717.67,1,True,0.2757752640466909,0,False,10.620900000000002
1790534700000,1790535238074,2026-09-27,2026-09-27T14:53:58.074000-04:00,DOWN,0.54,84744.82,0,True,0.04700836432422843,4,False,-25.639900000000004
1790535600000,1790535848484,2026-09-27,2026-09-27T15:04:08.484000-04:00,DOWN,0.83,84795.5,1,True,0.13181924097090764,0,False,4.803600000000001
1790536500000,1790536761613,2026-09-27,2026-09-27T15:19:21.613000-04:00,UP,0.69,84786.32,0,True,0.9602578004978919,1,False,-25.379099999999998
1790537400000,1790537838652,2026-09-27,2026-09-27T15:37:18.652000-04:00,UP,0.79,84680.29,1,True,0.6117254935804829,2,False,6.149899999999999
1790538300000,1790538548985,2026-09-27,2026-09-27T15:49:08.985000-04:00,UP,0.65,84757.82,0,True,0.711398106365941,3,False,-25.3052
1790539200000,1790539447928,2026-09-27,2026-09-27T16:04:07.928000-04:00,UP,0.81,84720.83,1,True,0.2762249507137922,2,False,5.3767999999999985
1790540100000,1790540346840,2026-09-27,2026-09-27T16:19:06.840000-04:00,DOWN,0.73,84795.01,1,True,0.11330351772276327,2,False,8.7109
1790541000000,1790541346867,2026-09-27,2026-09-27T16:35:46.867000-04:00,DOWN,0.68,84605.94,0,True,0.7300503348910087,1,False,-25.0284
1790541900000,1790542147455,2026-09-27,2026-09-27T16:49:07.455000-04:00,DOWN,0.73,84621.47,1,True,0.17418789632782847,2,False,8.7109
1790542800000,1790543044766,2026-09-27,2026-09-27T17:04:04.766000-04:00,UP,0.86,84534.55,1,True,0.3282440042264269,0,False,3.8155000000000006
1790543700000,1790544171905,2026-09-27,2026-09-27T17:22:51.905000-04:00,DOWN,0.68,84667.05,1,True,0.39731829189021944,4,False,10.971599999999999
1790544600000,1790544870030,2026-09-27,2026-09-27T17:34:30.030000-04:00,DOWN,0.65,84606.54,1,True,0.4873005585555648,1,False,12.694799999999999
1790545500000,1790545740886,2026-09-27,2026-09-27T17:49:00.886000-04:00,UP,0.911,84532.33,1,True,0.166302757556947,2,False,2.249699999999999
1790546400000,1790546640281,2026-09-27,2026-09-27T18:04:00.281000-04:00,DOWN,0.921,84656.98,1,True,0.6051399619108271,2,False,1.9953999999999992
1790547300000,1790547540053,2026-09-27,2026-09-27T18:19:00.053000-04:00,UP,0.74,84314.62,1,True,0.12354050168230896,2,False,8.1355
1790548200000,1790548447790,2026-09-27,2026-09-27T18:34:07.790000-04:00,DOWN,0.942,84545.95,1,True,0.011200271903574557,2,False,1.4085000000000014
1790549100000,1790549527946,2026-09-27,2026-09-27T18:52:07.946000-04:00,UP,0.66,84179.88,1,True,0.18014011067855182,2,False,11.998799999999997
1790550000000,1790550263052,2026-09-27,2026-09-27T19:04:23.052000-04:00,UP,0.75,84194.99,1,True,0.6035538502379763,1,False,7.8168
1790550900000,1790551169168,2026-09-27,2026-09-27T19:19:29.168000-04:00,UP,0.68,84227.58,1,True,0.028936225638884382,4,False,10.971599999999999
1790551800000,1790552118041,2026-09-27,2026-09-27T19:35:18.041000-04:00,UP,0.65,84390.86,0,False,,,,-25.3052
1790552700000,1790552944715,2026-09-27,2026-09-27T19:49:04.715000-04:00,UP,0.82,84337.75,1,False,,,,5.090000000000002
1790553600000,1790553849752,2026-09-27,2026-09-27T20:04:09.752000-04:00,UP,0.81,84446.08,0,True,0.44220217688087715,3,False,-24.6232
1790554500000,1790554742944,2026-09-27,2026-09-27T20:19:02.944000-04:00,UP,0.87,84414.77,1,True,0.07103577782156817,2,False,3.4183000000000003
1790555400000,1790555648270,2026-09-27,2026-09-27T20:34:08.270000-04:00,DOWN,0.959,84780.77,1,True,0.08997541527476013,2,False,0.994400000000001
1790556300000,1790556542680,2026-09-27,2026-09-27T20:49:02.680000-04:00,UP,0.948,84272.52,0,True,0.1082615472917327,4,False,-24.7378
1790557200000,1790557466674,2026-09-27,2026-09-27T21:04:26.674000-04:00,DOWN,0.7,84142.39,1,True,0.5562492544518387,1,False,9.985500000000002
1790558100000,1790558502886,2026-09-27,2026-09-27T21:21:42.886000-04:00,UP,0.86,83978.57,1,True,0.11053902928331573,4,False,3.8155000000000006
1790559000000,1790559314067,2026-09-27,2026-09-27T21:35:14.067000-04:00,DOWN,0.75,84077.35,1,True,0.24996180336297866,6,False,7.8168
1790559900000,1790560170951,2026-09-27,2026-09-27T21:49:30.951000-04:00,DOWN,0.65,83836.88,1,True,0.41727671123959853,2,False,12.694799999999999
1790560800000,1790561044201,2026-09-27,2026-09-27T22:04:04.201000-04:00,DOWN,0.78,83700.88,0,True,0.5404163003983172,3,False,-25.3444
1790561700000,1790561943007,2026-09-27,2026-09-27T22:19:03.007000-04:00,DOWN,0.73,83732.16,1,True,0.3498751937118944,2,False,8.7109
1790562600000,1790562840256,2026-09-27,2026-09-27T22:34:00.256000-04:00,DOWN,0.82,83652.19,1,True,0.3560726213159812,3,False,5.090000000000002
1790563500000,1790563749132,2026-09-27,2026-09-27T22:49:09.132000-04:00,DOWN,0.74,83494.5,1,True,0.2468094322706008,5,False,8.1355
1790564400000,1790564641708,2026-09-27,2026-09-27T23:04:01.708000-04:00,UP,0.7,83394.03,1,True,0.13880831694544404,2,False,9.985500000000002
1790565300000,1790565581528,2026-09-27,2026-09-27T23:19:41.528000-04:00,UP,0.72,83429.03,0,True,0.06366776326184252,4,False,-24.9599
1790566200000,1790566441603,2026-09-27,2026-09-27T23:34:01.603000-04:00,DOWN,0.78,83317.98,0,True,0.8309093238406793,1,False,-25.3444
1790567100000,1790567412904,2026-09-27,2026-09-27T23:50:12.904000-04:00,DOWN,0.71,83457.59,1,True,0.6350515949311141,2,False,9.645500000000002
1790568000000,1790568249022,2026-09-28,2026-09-28T00:04:09.022000-04:00,DOWN,0.67,83323.89,0,True,0.6060382996831962,1,False,-25.362700000000004
1790568900000,1790569139162,2026-09-28,2026-09-28T00:18:59.162000-04:00,UP,0.69,83410.26,1,True,0.5585985071406895,0,False,10.620900000000002
1790569800000,1790570059768,2026-09-28,2026-09-28T00:34:19.768000-04:00,DOWN,0.65,83469.47,0,True,0.20721797997122116,6,False,-25.3052
1790570700000,1790570941552,2026-09-28,2026-09-28T00:49:01.552000-04:00,DOWN,0.77,83481.1,0,True,0.03554423488565939,2,False,-25.0368
1790571600000,1790571842647,2026-09-28,2026-09-28T01:04:02.647000-04:00,DOWN,0.85,83484.63,1,True,0.10807742002822046,2,False,4.091100000000001
1790572500000,1790572747688,2026-09-28,2026-09-28T01:19:07.688000-04:00,DOWN,0.66,83282.51,1,True,0.5870518092492293,3,True,11.998799999999997
1790573400000,1790573643344,2026-09-28,2026-09-28T01:34:03.344000-04:00,DOWN,0.8,83071.6,0,True,0.5737116731235737,3,True,-25.1472
1790574300000,1790574700892,2026-09-28,2026-09-28T01:51:40.892000-04:00,DOWN,0.74,83099.01,0,True,0.23888006445366322,4,False,-24.8645
1790575200000,1790575501370,2026-09-28,2026-09-28T02:05:01.370000-04:00,DOWN,0.65,83163.59,0,True,0.1314461342747901,2,False,-25.3052
1790576100000,1790576339376,2026-09-28,2026-09-28T02:18:59.376000-04:00,DOWN,0.71,83239.25,1,True,0.2883686451863737,2,False,9.645500000000002
1790577000000,1790577249698,2026-09-28,2026-09-28T02:34:09.698000-04:00,UP,0.66,83046.46,1,True,0.31525275532928837,2,False,11.998799999999997
1790577900000,1790578144033,2026-09-28,2026-09-28T02:49:04.033000-04:00,DOWN,0.67,83181.66,1,True,0.18846206893183026,4,False,11.6373
1790578800000,1790579039097,2026-09-28,2026-09-28T03:03:59.097000-04:00,UP,0.83,83131.72,0,True,0.23542652681144974,4,False,-25.196399999999997
1790579700000,1790579942261,2026-09-28,2026-09-28T03:19:02.261000-04:00,UP,0.7,83049.77,0,True,0.47961262381707875,0,False,-25.014499999999998
1790580600000,1790580912020,2026-09-28,2026-09-28T03:35:12.020000-04:00,UP,0.67,82925.22,0,True,0.6510505862502167,2,False,-25.362700000000004
1790581500000,1790581748534,2026-09-28,2026-09-28T03:49:08.534000-04:00,UP,0.67,82894.82,1,True,0.04003020610656866,0,False,11.6373
1790582400000,1790582648304,2026-09-28,2026-09-28T04:04:08.304000-04:00,UP,0.73,82951.18,1,True,0.2523185080896282,5,False,8.7109
1790583300000,1790583546119,2026-09-28,2026-09-28T04:19:06.119000-04:00,DOWN,0.67,82977.62,1,True,0.4413619810630505,3,False,11.6373
1790584200000,1790584447257,2026-09-28,2026-09-28T04:34:07.257000-04:00,UP,0.83,82795.57,1,True,0.16415184771213623,2,False,4.803600000000001
1790585100000,1790585349958,2026-09-28,2026-09-28T04:49:09.958000-04:00,UP,0.68,82861.02,1,True,0.1076135060118537,2,False,10.971599999999999
1790586000000,1790586245473,2026-09-28,2026-09-28T05:04:05.473000-04:00,DOWN,0.91,82926.45,1,True,0.4216030132443604,4,False,2.2751999999999994
1790586900000,1790587165085,2026-09-28,2026-09-28T05:19:25.085000-04:00,UP,0.68,82826.8,0,True,0.14678898239041852,3,False,-25.0284
1790587800000,1790588068325,2026-09-28,2026-09-28T05:34:28.325000-04:00,DOWN,0.67,82769.93,1,True,0.1569688611916438,2,False,11.6373
1790588700000,1790588942558,2026-09-28,2026-09-28T05:49:02.558000-04:00,UP,0.81,82602.13,1,True,0.31897021251600477,2,False,5.3767999999999985
1790589600000,1790589849715,2026-09-28,2026-09-28T06:04:09.715000-04:00,UP,0.92,82615.99,1,True,0.21873573980376446,4,False,2.0207999999999986
1790590500000,1790590744928,2026-09-28,2026-09-28T06:19:04.928000-04:00,UP,0.76,82682.18,1,True,0.004853489731917422,2,False,7.2714
1790591400000,1790591641162,2026-09-28,2026-09-28T06:34:01.162000-04:00,UP,0.67,82772.22,1,True,0.15858795037005471,3,False,11.6373
1790592300000,1790592546357,2026-09-28,2026-09-28T06:49:06.357000-04:00,DOWN,0.79,82909.09,0,True,0.32649395995565084,2,False,-24.8501
1790593200000,1790593500240,2026-09-28,2026-09-28T07:05:00.240000-04:00,UP,0.65,82924.72,1,True,0.3127964914012612,1,False,12.694799999999999
1790594100000,1790594557167,2026-09-28,2026-09-28T07:22:37.167000-04:00,UP,0.67,82956.62,1,True,0.226953823217709,3,False,11.6373
1790595000000,1790595487477,2026-09-28,2026-09-28T07:38:07.477000-04:00,UP,0.66,82989.69,1,True,0.1847966568662445,3,False,11.998799999999997
1790595900000,1790596139381,2026-09-28,2026-09-28T07:48:59.381000-04:00,DOWN,0.79,83051.43,0,True,0.1978848114170068,2,False,-24.8501
1790596800000,1790597085205,2026-09-28,2026-09-28T08:04:45.205000-04:00,UP,0.72,83058.66,1,True,0.19728612560263317,2,False,9.0401
1790597700000,1790597970494,2026-09-28,2026-09-28T08:19:30.494000-04:00,UP,0.65,83327.46,1,True,0.4541959450679635,3,False,12.694799999999999
1790598600000,1790598962999,2026-09-28,2026-09-28T08:36:02.999000-04:00,UP,0.65,83355.1,0,True,0.05430153141161049,6,False,-25.3052
1790599500000,1790599740376,2026-09-28,2026-09-28T08:49:00.376000-04:00,UP,0.84,83290.13,1,True,0.2050039067720684,2,False,4.367100000000001
1790600400000,1790600649735,2026-09-28,2026-09-28T09:04:09.735000-04:00,DOWN,0.87,83547.31,1,True,0.01842637972626444,4,False,3.4183000000000003
1790601300000,1790601830292,2026-09-28,2026-09-28T09:23:50.292000-04:00,UP,0.63,83383.49,1,True,0.01609989675812724,3,False,13.7936
1790602200000,1790602529630,2026-09-28,2026-09-28T09:35:29.630000-04:00,UP,0.65,83528.72,1,True,0.32975138882359467,2,False,12.694799999999999
1790603100000,1790603394369,2026-09-28,2026-09-28T09:49:54.369000-04:00,DOWN,0.72,83711.14,1,True,0.37047263804522995,5,False,9.0401
1790604000000,1790604424080,2026-09-28,2026-09-28T10:07:04.080000-04:00,DOWN,0.85,83635.43,1,False,,,,4.091100000000001
1790604900000,1790605143771,2026-09-28,2026-09-28T10:19:03.771000-04:00,DOWN,0.77,83398.37,1,False,,,,6.9632
1790605800000,1790606049193,2026-09-28,2026-09-28T10:34:09.193000-04:00,UP,0.72,83179.22,0,False,,,,-24.9599
1790606700000,1790607018380,2026-09-28,2026-09-28T10:50:18.380000-04:00,UP,0.68,82892.45,1,True,0.32202802877910264,4,False,10.971599999999999
1790607600000,1790607847198,2026-09-28,2026-09-28T11:04:07.198000-04:00,UP,0.7,82953.65,1,True,0.19020176582445525,3,False,9.985500000000002
1790608500000,1790608814581,2026-09-28,2026-09-28T11:20:14.581000-04:00,DOWN,0.66,82960.58,0,True,0.1182819458851441,3,False,-25.0012
1790609400000,1790609798801,2026-09-28,2026-09-28T11:36:38.801000-04:00,UP,0.79,83072.33,1,True,0.34048910341225563,5,False,6.149899999999999
1790610300000,1790610599634,2026-09-28,2026-09-28T11:49:59.634000-04:00,UP,0.7,83174.2,1,True,0.29881986335663974,3,False,9.985500000000002
1790611200000,1790611440094,2026-09-28,2026-09-28T12:04:00.094000-04:00,DOWN,0.78,83366.8,0,True,0.04362388016270308,0,False,-25.3444
1790612100000,1790612339671,2026-09-28,2026-09-28T12:18:59.671000-04:00,UP,0.73,83386.48,1,True,0.4310422584985249,3,False,8.7109
1790613000000,1790613245024,2026-09-28,2026-09-28T12:34:05.024000-04:00,DOWN,0.77,84035.19,1,True,0.39711794598109307,2,False,6.9632
1790613900000,1790614145598,2026-09-28,2026-09-28T12:49:05.598000-04:00,DOWN,0.69,83710.86,1,True,0.8478397178322814,3,False,10.620900000000002
1790614800000,1790615102819,2026-09-28,2026-09-28T13:05:02.819000-04:00,DOWN,0.67,83682.46,0,True,0.07606842320906582,6,False,-25.362700000000004
1790615700000,1790615945099,2026-09-28,2026-09-28T13:19:05.099000-04:00,DOWN,0.65,84162.53,1,True,0.3851647944273876,2,False,12.694799999999999
1790616600000,1790617069595,2026-09-28,2026-09-28T13:37:49.595000-04:00,DOWN,0.69,83890.52,0,True,0.2753297769935768,4,False,-25.379099999999998
1790617500000,1790617767520,2026-09-28,2026-09-28T13:49:27.520000-04:00,DOWN,0.69,83981.71,1,True,0.04227299527435802,2,False,10.620900000000002
1790618400000,1790618644188,2026-09-28,2026-09-28T14:04:04.188000-04:00,UP,0.67,83860.19,1,True,0.028237648099773218,6,False,11.6373
1790619300000,1790619548694,2026-09-28,2026-09-28T14:19:08.694000-04:00,DOWN,0.68,83945.17,1,True,0.1594043611099279,2,False,10.971599999999999
1790620200000,1790620445666,2026-09-28,2026-09-28T14:34:05.666000-04:00,DOWN,0.83,83920.15,1,True,0.27327003017852863,2,True,4.803600000000001
1790621100000,1790621342240,2026-09-28,2026-09-28T14:49:02.240000-04:00,UP,0.65,83836.0,1,True,0.19571559772602742,3,False,12.694799999999999
1790622000000,1790622244877,2026-09-28,2026-09-28T15:04:04.877000-04:00,DOWN,0.88,84022.16,1,True,0.013777204365293021,2,False,3.153
1790622900000,1790623287519,2026-09-28,2026-09-28T15:21:27.519000-04:00,DOWN,0.7,83703.59,1,True,0.3685989776955336,3,False,9.985500000000002
1790623800000,1790624040490,2026-09-28,2026-09-28T15:34:00.490000-04:00,DOWN,0.77,83619.94,1,True,0.8000772941026596,1,False,6.9632
1790624700000,1790625125991,2026-09-28,2026-09-28T15:52:05.991000-04:00,UP,0.79,83274.99,1,True,0.18093298037160416,4,False,6.149899999999999
1790625600000,1790625906172,2026-09-28,2026-09-28T16:05:06.172000-04:00,UP,0.76,83377.12,1,True,0.3676501388794731,3,False,7.2714
1790626500000,1790626739363,2026-09-28,2026-09-28T16:18:59.363000-04:00,DOWN,0.77,83539.92,1,True,0.41668612611213274,4,False,6.9632
1790627400000,1790627936285,2026-09-28,2026-09-28T16:38:56.285000-04:00,DOWN,0.48,83500.84,1,True,0.012428861417131315,6,False,26.1314
1790628300000,1790628638697,2026-09-28,2026-09-28T16:50:38.697000-04:00,DOWN,0.68,83459.79,0,True,0.19948614303472828,3,False,-25.0284
1790629200000,1790629447728,2026-09-28,2026-09-28T17:04:07.728000-04:00,UP,0.77,83503.87,1,True,0.5833429358190155,1,False,6.9632
1790630100000,1790630340956,2026-09-28,2026-09-28T17:19:00.956000-04:00,DOWN,0.8,83542.23,1,True,0.5010264302254364,1,False,5.8527999999999984
1790631000000,1790631517815,2026-09-28,2026-09-28T17:38:37.815000-04:00,DOWN,0.72,83415.87,1,True,0.1512421547061629,2,False,9.0401
1790631900000,1790632262001,2026-09-28,2026-09-28T17:51:02.001000-04:00,DOWN,0.65,83381.03,1,True,0.6526318997207798,5,False,12.694799999999999
1790632800000,1790633127866,2026-09-28,2026-09-28T18:05:27.866000-04:00,DOWN,0.67,83189.31,1,True,0.6595739796006052,1,False,11.6373
1790633700000,1790634114924,2026-09-28,2026-09-28T18:21:54.924000-04:00,UP,0.71,83173.05,1,True,0.17952122986572444,4,False,9.645500000000002
1790634600000,1790634845491,2026-09-28,2026-09-28T18:34:05.491000-04:00,UP,0.89,83198.55,1,True,0.5148166648916577,1,True,2.8880999999999997
1790635500000,1790635776866,2026-09-28,2026-09-28T18:49:36.866000-04:00,UP,0.71,83444.8,1,True,0.7872701020333671,1,False,9.645500000000002
1790636400000,1790636643192,2026-09-28,2026-09-28T19:04:03.192000-04:00,UP,0.81,83503.58,0,True,0.8325455288348269,1,False,-24.6232
1790637300000,1790637543765,2026-09-28,2026-09-28T19:19:03.765000-04:00,UP,0.74,83414.36,1,True,0.4100576047770783,2,False,8.1355
1790638200000,1790638738007,2026-09-28,2026-09-28T19:38:58.007000-04:00,UP,0.61,83546.39,1,True,0.6833427885776433,3,False,14.933800000000002
1790639100000,1790639345126,2026-09-28,2026-09-28T19:49:05.126000-04:00,DOWN,0.74,83559.3,1,True,0.21806489628672715,4,False,8.1355
1790640000000,1790640397927,2026-09-28,2026-09-28T20:06:37.927000-04:00,DOWN,0.65,83484.34,0,True,0.0010321711209643218,2,False,-25.3052
1790640900000,1790641150329,2026-09-28,2026-09-28T20:19:10.329000-04:00,DOWN,0.88,83495.58,0,True,0.30514040192438663,8,True,-24.847
1790641800000,1790642051801,2026-09-28,2026-09-28T20:34:11.801000-04:00,UP,0.69,83504.45,0,True,0.2797177203904828,2,False,-25.379099999999998
1790642700000,1790642940381,2026-09-28,2026-09-28T20:49:00.381000-04:00,DOWN,0.79,83495.28,1,True,0.35356140530271324,2,False,6.149899999999999
1790643600000,1790643907537,2026-09-28,2026-09-28T21:05:07.537000-04:00,DOWN,0.68,83182.19,1,True,0.4853694398212648,3,False,10.971599999999999
1790644500000,1790644743346,2026-09-28,2026-09-28T21:19:03.346000-04:00,DOWN,0.75,82991.63,1,True,0.8814840968301302,1,True,7.8168
1790645400000,1790645645867,2026-09-28,2026-09-28T21:34:05.867000-04:00,UP,0.75,82812.75,1,True,0.050122458263575344,2,False,7.8168
1790646300000,1790646543483,2026-09-28,2026-09-28T21:49:03.483000-04:00,UP,0.66,82913.76,1,True,0.27208748487053985,3,False,11.998799999999997
1790647200000,1790647457999,2026-09-28,2026-09-28T22:04:17.999000-04:00,DOWN,0.72,83035.85,1,True,0.012189373331575609,2,False,9.0401
1790648100000,1790648407486,2026-09-28,2026-09-28T22:20:07.486000-04:00,UP,0.69,83016.08,0,True,0.1557413305716242,3,False,-25.379099999999998
1790649000000,1790649306052,2026-09-28,2026-09-28T22:35:06.052000-04:00,DOWN,0.66,82922.46,0,True,0.34603530569794017,3,False,-25.0012
1790649900000,1790650150713,2026-09-28,2026-09-28T22:49:10.713000-04:00,UP,0.72,82975.22,0,True,0.4092605688617389,1,False,-24.9599
1790650800000,1790651040150,2026-09-28,2026-09-28T23:04:00.150000-04:00,UP,0.67,82932.33,0,True,0.18232106926416955,4,False,-25.362700000000004
1790651700000,1790651965966,2026-09-28,2026-09-28T23:19:25.966000-04:00,UP,0.75,82879.35,1,True,0.3659596365410194,2,False,7.8168
1790652600000,1790653073823,2026-09-28,2026-09-28T23:37:53.823000-04:00,DOWN,0.75,83168.77,1,True,0.266892169849321,0,False,7.8168
1790653500000,1790653743481,2026-09-28,2026-09-28T23:49:03.481000-04:00,UP,0.65,83099.54,0,True,0.1410644395821809,4,False,-25.3052
1790654400000,1790654935880,2026-09-29,2026-09-29T00:08:55.880000-04:00,DOWN,0.63,83027.21,0,True,0.08220415889803184,6,False,-25.2064
1790655300000,1790655558860,2026-09-29,2026-09-29T00:19:18.860000-04:00,UP,0.71,83103.78,1,True,0.507826906385109,1,True,9.645500000000002
1790656200000,1790656449837,2026-09-29,2026-09-29T00:34:09.837000-04:00,DOWN,0.75,83198.58,1,True,0.022785899261423964,4,False,7.8168
1790657100000,1790657342917,2026-09-29,2026-09-29T00:49:02.917000-04:00,DOWN,0.81,83136.9,0,True,0.39018455941250413,3,False,-24.6232
1790658000000,1790658242833,2026-09-29,2026-09-29T01:04:02.833000-04:00,UP,0.71,83169.61,1,True,0.811983240052137,1,False,9.645500000000002
1790658900000,1790659143609,2026-09-29,2026-09-29T01:19:03.609000-04:00,UP,0.69,83223.8,1,True,0.17020104081994014,3,False,10.620900000000002
1790659800000,1790660043484,2026-09-29,2026-09-29T01:34:03.484000-04:00,DOWN,0.92,83284.17,1,True,0.41179530796672303,4,False,2.0207999999999986
1790660700000,1790661022772,2026-09-29,2026-09-29T01:50:22.772000-04:00,UP,0.68,83274.19,1,True,0.3883886413979709,0,False,10.971599999999999
1790661600000,1790661850783,2026-09-29,2026-09-29T02:04:10.783000-04:00,UP,0.74,83375.74,1,True,0.836100175736351,3,True,8.1355
1790662500000,1790662747211,2026-09-29,2026-09-29T02:19:07.211000-04:00,DOWN,0.8,83822.95,0,True,0.5385647704423236,2,False,-25.1472
1790663400000,1790663641469,2026-09-29,2026-09-29T02:34:01.469000-04:00,UP,0.73,83829.44,1,True,0.6108684391044286,3,False,8.7109
1790664300000,1790664678922,2026-09-29,2026-09-29T02:51:18.922000-04:00,UP,0.65,83860.18,1,True,0.018881694806097863,4,False,12.694799999999999
1790665200000,1790665450110,2026-09-29,2026-09-29T03:04:10.110000-04:00,DOWN,0.72,83969.94,1,True,0.11858408269781605,0,False,9.0401
1790666100000,1790666452979,2026-09-29,2026-09-29T03:20:52.979000-04:00,UP,0.7,83953.97,1,True,0.13453304015755888,4,False,9.985500000000002
1790667000000,1790667286120,2026-09-29,2026-09-29T03:34:46.120000-04:00,UP,0.67,83962.58,1,True,0.011103057350777917,6,False,11.6373
1790667900000,1790668315797,2026-09-29,2026-09-29T03:51:55.797000-04:00,UP,0.71,83994.96,0,True,0.10418305783896323,0,False,-25.354499999999998
1790668800000,1790669043610,2026-09-29,2026-09-29T04:04:03.610000-04:00,UP,0.8,83944.58,1,True,0.09283114450381862,2,False,5.8527999999999984
1790669700000,1790669966727,2026-09-29,2026-09-29T04:19:26.727000-04:00,UP,0.68,84027.8,1,True,0.05774590708806873,1,False,10.971599999999999
1790670600000,1790670847443,2026-09-29,2026-09-29T04:34:07.443000-04:00,DOWN,0.902,84139.03,1,True,0.08195501602503466,2,False,2.4788999999999994
1790671500000,1790671892080,2026-09-29,2026-09-29T04:51:32.080000-04:00,DOWN,0.66,83849.11,1,True,0.37540691990369734,3,False,11.998799999999997
1790672400000,1790672640164,2026-09-29,2026-09-29T05:04:00.164000-04:00,DOWN,0.82,83844.3,1,True,0.07406366874218465,2,False,5.090000000000002
1790673300000,1790673645183,2026-09-29,2026-09-29T05:20:45.183000-04:00,UP,0.7,83760.07,1,True,0.015406208276172242,6,False,9.985500000000002
1790674200000,1790674445281,2026-09-29,2026-09-29T05:34:05.281000-04:00,UP,0.84,83824.28,1,True,0.5036789557381406,3,True,4.367100000000001
1790675100000,1790675349707,2026-09-29,2026-09-29T05:49:09.707000-04:00,UP,0.917,83950.8,1,True,0.6060372695334012,5,True,2.097099999999999
1790676000000,1790676239071,2026-09-29,2026-09-29T06:03:59.071000-04:00,DOWN,0.81,84222.03,1,True,0.31984246466508726,4,False,5.3767999999999985
1790676900000,1790677139369,2026-09-29,2026-09-29T06:18:59.369000-04:00,DOWN,0.81,84201.18,1,True,0.0005526495751313756,2,False,5.3767999999999985
1790677800000,1790678041066,2026-09-29,2026-09-29T06:34:01.066000-04:00,DOWN,0.79,84118.44,1,True,0.24206899363861703,2,False,6.149899999999999
1790678700000,1790679075130,2026-09-29,2026-09-29T06:51:15.130000-04:00,UP,0.66,83991.08,1,True,0.15609924765843433,4,False,11.998799999999997
1790679600000,1790679843151,2026-09-29,2026-09-29T07:04:03.151000-04:00,DOWN,0.67,84006.07,1,True,0.09029962435422911,6,False,11.6373
1790680500000,1790680743754,2026-09-29,2026-09-29T07:19:03.754000-04:00,UP,0.67,83981.12,1,True,0.049684802415489976,4,False,11.6373
1790681400000,1790681642025,2026-09-29,2026-09-29T07:34:02.025000-04:00,UP,0.93,84039.9,1,True,0.6247683933180023,3,True,1.7014999999999987
1790682300000,1790682544974,2026-09-29,2026-09-29T07:49:04.974000-04:00,UP,0.83,84214.47,1,True,0.4547033320080423,3,True,4.803600000000001
1790683200000,1790683482111,2026-09-29,2026-09-29T08:04:42.111000-04:00,UP,0.7,84346.5,0,True,0.16545152525546966,5,False,-25.014499999999998
1790684100000,1790684341433,2026-09-29,2026-09-29T08:19:01.433000-04:00,UP,0.71,84325.86,0,True,0.16028048850113985,2,False,-25.354499999999998
1790685000000,1790685267674,2026-09-29,2026-09-29T08:34:27.674000-04:00,UP,0.7,84166.09,1,True,0.46292204321156477,4,False,9.985500000000002
1790685900000,1790686170756,2026-09-29,2026-09-29T08:49:30.756000-04:00,DOWN,0.7,84329.45,1,True,0.1310633398768317,2,False,9.985500000000002
1790686800000,1790687044045,2026-09-29,2026-09-29T09:04:04.045000-04:00,DOWN,0.69,84313.62,0,True,0.013894326733810431,4,False,-25.379099999999998
1790687700000,1790688114296,2026-09-29,2026-09-29T09:21:54.296000-04:00,UP,0.65,84389.45,0,True,0.43311689504094647,7,False,-25.3052
1790688600000,1790688847900,2026-09-29,2026-09-29T09:34:07.900000-04:00,DOWN,0.914,84342.18,1,True,0.7004102060728061,1,True,2.173399999999999
1790689500000,1790689742385,2026-09-29,2026-09-29T09:49:02.385000-04:00,DOWN,0.66,84169.68,0,True,0.014641487784702123,6,False,-25.0012
1790690400000,1790690645721,2026-09-29,2026-09-29T10:04:05.721000-04:00,DOWN,0.83,84204.14,1,True,0.12690266512461795,2,False,4.803600000000001
1790691300000,1790691560923,2026-09-29,2026-09-29T10:19:20.923000-04:00,UP,0.69,83927.02,1,True,0.1762506053151633,4,False,10.620900000000002
1790692200000,1790692546296,2026-09-29,2026-09-29T10:35:46.296000-04:00,DOWN,0.73,83943.38,1,True,0.11986469658360237,5,False,8.7109
1790693100000,1790693402106,2026-09-29,2026-09-29T10:50:02.106000-04:00,DOWN,0.7,83842.21,1,True,0.1207598783964844,2,False,9.985500000000002
1790694000000,1790694240427,2026-09-29,2026-09-29T11:04:00.427000-04:00,DOWN,0.78,83763.79,1,True,0.4420618022155138,3,False,6.655599999999999
1790694900000,1790695156427,2026-09-29,2026-09-29T11:19:16.427000-04:00,DOWN,0.72,83384.36,1,True,0.40127846783638693,3,False,9.0401
1790695800000,1790696039916,2026-09-29,2026-09-29T11:33:59.916000-04:00,UP,0.83,82984.7,1,True,0.5237472946601947,2,False,4.803600000000001
1790696700000,1790696949033,2026-09-29,2026-09-29T11:49:09.033000-04:00,UP,0.83,83129.81,0,True,0.256066074020748,2,False,-25.196399999999997
1790697600000,1790697846808,2026-09-29,2026-09-29T12:04:06.808000-04:00,UP,0.71,82996.92,0,True,0.22991392540646402,4,False,-25.354499999999998
1790698500000,1790698746569,2026-09-29,2026-09-29T12:19:06.569000-04:00,UP,0.77,82970.75,1,True,0.07593049412968882,2,False,6.9632
1790699400000,1790699644978,2026-09-29,2026-09-29T12:34:04.978000-04:00,DOWN,0.72,83238.1,1,True,0.2586603088126924,2,False,9.0401
1790700300000,1790700572577,2026-09-29,2026-09-29T12:49:32.577000-04:00,DOWN,0.66,83031.08,0,True,0.37612923381335867,3,False,-25.0012
1790701200000,1790701495463,2026-09-29,2026-09-29T13:04:55.463000-04:00,UP,0.67,83036.99,1,True,0.03745246889171699,2,False,11.6373
1790702100000,1790702488367,2026-09-29,2026-09-29T13:21:28.367000-04:00,DOWN,0.66,83110.23,0,True,0.0601663219612784,5,False,-25.0012
1790703000000,1790703249205,2026-09-29,2026-09-29T13:34:09.205000-04:00,UP,0.72,83111.58,1,True,0.33157885648912444,3,False,9.0401
1790703900000,1790704154817,2026-09-29,2026-09-29T13:49:14.817000-04:00,DOWN,0.7,83121.33,1,True,0.4346346387248723,5,False,9.985500000000002
1790704800000,1790705044990,2026-09-29,2026-09-29T14:04:04.990000-04:00,UP,0.89,83014.32,1,True,0.24747946508003146,6,False,2.8880999999999997
1790705700000,1790706119196,2026-09-29,2026-09-29T14:21:59.196000-04:00,UP,0.73,83388.93,1,True,0.2879309198117496,3,False,8.7109
1790706600000,1790706849933,2026-09-29,2026-09-29T14:34:09.933000-04:00,UP,0.82,83422.15,1,True,0.4847048394430536,3,False,5.090000000000002
1790707500000,1790707741502,2026-09-29,2026-09-29T14:49:01.502000-04:00,DOWN,0.71,83626.6,1,True,0.20921575604581275,2,False,9.645500000000002
1790708400000,1790708790260,2026-09-29,2026-09-29T15:06:30.260000-04:00,UP,0.69,83603.76,0,True,0.09411673042769562,3,False,-25.379099999999998
1790709300000,1790709545683,2026-09-29,2026-09-29T15:19:05.683000-04:00,UP,0.69,83568.3,0,True,0.04153896590198064,2,False,-25.379099999999998
1790710200000,1790710450118,2026-09-29,2026-09-29T15:34:10.118000-04:00,UP,0.71,83519.15,0,True,0.13753313910112155,2,False,-25.354499999999998
1790711100000,1790711343657,2026-09-29,2026-09-29T15:49:03.657000-04:00,UP,0.78,83441.05,1,True,0.10274455476121698,2,False,6.655599999999999
1790712000000,1790712241403,2026-09-29,2026-09-29T16:04:01.403000-04:00,DOWN,0.67,83558.13,1,True,0.15371839278578817,4,False,11.6373
1790712900000,1790713149111,2026-09-29,2026-09-29T16:19:09.111000-04:00,UP,0.67,83532.07,1,True,0.28808883553764375,5,False,11.6373
1790713800000,1790714105163,2026-09-29,2026-09-29T16:35:05.163000-04:00,DOWN,0.71,83606.84,0,True,0.0044611744751951845,2,False,-25.354499999999998
1790714700000,1790715236591,2026-09-29,2026-09-29T16:53:56.591000-04:00,UP,0.56,83616.78,0,True,0.4693737190352982,3,False,-25.399
1790715600000,1790715848823,2026-09-29,2026-09-29T17:04:08.823000-04:00,DOWN,0.88,83610.58,1,True,0.5893602840164233,3,False,3.153
1790716500000,1790716739323,2026-09-29,2026-09-29T17:18:59.323000-04:00,DOWN,0.78,83525.39,1,True,0.47302380351739015,3,False,6.655599999999999
1790717400000,1790717640858,2026-09-29,2026-09-29T17:34:00.858000-04:00,UP,0.66,83365.49,1,True,0.4461866611711703,2,False,11.998799999999997
1790718300000,1790718545230,2026-09-29,2026-09-29T17:49:05.230000-04:00,DOWN,0.81,83486.71,1,True,0.07654374547081928,2,False,5.3767999999999985
1790719200000,1790719443150,2026-09-29,2026-09-29T18:04:03.150000-04:00,UP,0.84,83465.72,1,True,0.7167791032939461,1,True,4.367100000000001
1790720100000,1790720346643,2026-09-29,2026-09-29T18:19:06.643000-04:00,DOWN,0.87,83643.89,1,True,0.012616846568790948,2,False,3.4183000000000003
1790721000000,1790721247889,2026-09-29,2026-09-29T18:34:07.889000-04:00,DOWN,0.67,83566.62,0,True,0.005329184297237444,2,False,-25.362700000000004
1790721900000,1790722327286,2026-09-29,2026-09-29T18:52:07.286000-04:00,UP,0.7,83572.15,1,True,0.2474719859875465,5,False,9.985500000000002
1790722800000,1790723039405,2026-09-29,2026-09-29T19:03:59.405000-04:00,UP,0.81,83573.58,1,True,0.4906057643656898,1,False,5.3767999999999985
1790723700000,1790723947354,2026-09-29,2026-09-29T19:19:07.354000-04:00,DOWN,0.65,83807.85,1,True,0.5200500445750842,0,False,12.694799999999999
1790724600000,1790724841160,2026-09-29,2026-09-29T19:34:01.160000-04:00,DOWN,0.67,83713.91,1,True,0.7077072584027286,3,False,11.6373
1790725500000,1790725739798,2026-09-29,2026-09-29T19:48:59.798000-04:00,UP,0.65,83623.33,1,True,0.1114454472430811,2,False,12.694799999999999
1790726400000,1790726645334,2026-09-29,2026-09-29T20:04:05.334000-04:00,UP,0.72,83629.68,0,True,0.0977113537290787,4,False,-24.9599
1790727300000,1790727539488,2026-09-29,2026-09-29T20:18:59.488000-04:00,DOWN,0.76,83513.23,0,True,0.6105190311425673,3,False,-24.7286
1790728200000,1790728505309,2026-09-29,2026-09-29T20:35:05.309000-04:00,UP,0.69,83545.85,0,True,0.5500745939303201,3,False,-25.379099999999998
1790729100000,1790729346244,2026-09-29,2026-09-29T20:49:06.244000-04:00,DOWN,0.73,83450.91,1,True,0.4874522970210058,1,False,8.7109
1790730000000,1790730457593,2026-09-29,2026-09-29T21:07:37.593000-04:00,DOWN,0.68,83408.05,1,True,0.22955747312767255,2,False,10.971599999999999
1790730900000,1790731437518,2026-09-29,2026-09-29T21:23:57.518000-04:00,UP,0.84,83377.69,1,True,0.02379101647611899,4,False,4.367100000000001
1790731800000,1790732041476,2026-09-29,2026-09-29T21:34:01.476000-04:00,DOWN,0.77,83420.05,1,True,0.2319661459739658,2,True,6.9632
1790732700000,1790733065665,2026-09-29,2026-09-29T21:51:05.665000-04:00,UP,0.68,83399.79,1,True,0.5150966660083008,3,False,10.971599999999999
1790733600000,1790733870216,2026-09-29,2026-09-29T22:04:30.216000-04:00,UP,0.73,83410.72,1,True,0.22066075061930032,3,False,8.7109
1790734500000,1790734744581,2026-09-29,2026-09-29T22:19:04.581000-04:00,DOWN,0.74,83456.46,1,True,0.10164963112456325,4,False,8.1355
1790735400000,1790735643842,2026-09-29,2026-09-29T22:34:03.842000-04:00,DOWN,0.72,83380.97,1,True,0.20107208816110858,3,False,9.0401
1790736300000,1790736544585,2026-09-29,2026-09-29T22:49:04.585000-04:00,UP,0.73,83342.68,0,True,0.2427065220647646,3,False,-25.2891
1790737200000,1790737488242,2026-09-29,2026-09-29T23:04:48.242000-04:00,UP,0.69,83334.16,0,True,0.5135497110760701,3,False,-25.379099999999998
1790738100000,1790738343890,2026-09-29,2026-09-29T23:19:03.890000-04:00,DOWN,0.75,83296.48,1,True,0.5122033932240387,1,True,7.8168
1790739000000,1790739469382,2026-09-29,2026-09-29T23:37:49.382000-04:00,UP,0.66,83283.66,1,True,0.1542787742896335,2,False,11.998799999999997
1790739900000,1790740149640,2026-09-29,2026-09-29T23:49:09.640000-04:00,DOWN,0.74,83349.14,1,True,0.1716946560225293,2,False,8.1355
1790740800000,1790741040345,2026-09-30,2026-09-30T00:04:00.345000-04:00,UP,0.84,83269.85,1,True,0.41887857067516726,4,False,4.367100000000001
1790741700000,1790741939742,2026-09-30,2026-09-30T00:18:59.742000-04:00,UP,0.7,83335.03,0,True,0.1749870320351887,3,False,-25.014499999999998
1790742600000,1790742839115,2026-09-30,2026-09-30T00:33:59.115000-04:00,DOWN,0.66,83331.58,1,True,0.31950741805122557,1,False,11.998799999999997
1790743500000,1790743794742,2026-09-30,2026-09-30T00:49:54.742000-04:00,DOWN,0.68,83282.27,1,True,0.06890761112507565,5,False,10.971599999999999
1790744400000,1790744648823,2026-09-30,2026-09-30T01:04:08.823000-04:00,UP,0.8,83180.06,1,True,0.017154923210655745,0,False,5.8527999999999984
1790745300000,1790745573820,2026-09-30,2026-09-30T01:19:33.820000-04:00,UP,0.66,83204.29,1,True,0.2264914068029995,2,False,11.998799999999997
1790746200000,1790746458225,2026-09-30,2026-09-30T01:34:18.225000-04:00,UP,0.74,83338.4,1,True,0.46937668365198454,1,False,8.1355
1790747100000,1790747345230,2026-09-30,2026-09-30T01:49:05.230000-04:00,DOWN,0.78,83445.81,1,True,0.037157547028183406,0,False,6.655599999999999
1790748000000,1790748455521,2026-09-30,2026-09-30T02:07:35.521000-04:00,DOWN,0.81,83364.29,1,True,0.1479197257718187,7,False,5.3767999999999985
1790748900000,1790749371920,2026-09-30,2026-09-30T02:22:51.920000-04:00,DOWN,0.65,83130.38,1,True,0.7624236548820204,1,False,12.694799999999999
1790749800000,1790750041554,2026-09-30,2026-09-30T02:34:01.554000-04:00,DOWN,0.72,83128.91,1,True,0.1432545442387214,4,False,9.0401
1790750700000,1790750945136,2026-09-30,2026-09-30T02:49:05.136000-04:00,DOWN,0.78,83075.87,1,True,0.5388243766828489,3,False,6.655599999999999
1790751600000,1790751892353,2026-09-30,2026-09-30T03:04:52.353000-04:00,DOWN,0.68,83060.44,1,True,0.19448597552667393,2,False,10.971599999999999
1790752500000,1790752744305,2026-09-30,2026-09-30T03:19:04.305000-04:00,UP,0.909,82987.04,1,True,0.1401862691385684,4,False,2.300599999999999
1790753400000,1790753642164,2026-09-30,2026-09-30T03:34:02.164000-04:00,UP,0.68,83259.44,1,True,0.5386317953098577,3,False,10.971599999999999
1790754300000,1790754667677,2026-09-30,2026-09-30T03:51:07.677000-04:00,UP,0.75,83383.77,0,True,0.4328337417086099,3,False,-25.1832
1790755200000,1790755498352,2026-09-30,2026-09-30T04:04:58.352000-04:00,DOWN,0.65,83280.55,1,True,0.34684970525045317,1,False,12.694799999999999
1790756100000,1790756349427,2026-09-30,2026-09-30T04:19:09.427000-04:00,UP,0.92,83098.03,1,True,0.15239110163858954,0,False,2.0207999999999986
1790757000000,1790757245361,2026-09-30,2026-09-30T04:34:05.361000-04:00,DOWN,0.85,83118.58,1,True,0.6106757293274088,3,True,4.091100000000001
1790757900000,1790758141903,2026-09-30,2026-09-30T04:49:01.903000-04:00,UP,0.81,83036.4,1,True,0.3505225816268485,3,False,5.3767999999999985
1790758800000,1790759045188,2026-09-30,2026-09-30T05:04:05.188000-04:00,UP,0.83,83040.58,1,True,0.13306598703060174,4,False,4.803600000000001
1790759700000,1790760063711,2026-09-30,2026-09-30T05:21:03.711000-04:00,UP,0.7,83246.91,1,True,0.43849205199192276,1,False,9.985500000000002
1790760600000,1790760841119,2026-09-30,2026-09-30T05:34:01.119000-04:00,UP,0.957,83375.98,1,True,0.9343884149516001,3,True,1.043100000000001
1790761500000,1790761748283,2026-09-30,2026-09-30T05:49:08.283000-04:00,UP,0.66,83520.76,1,True,0.5213928378868447,2,False,11.998799999999997
1790762400000,1790762646162,2026-09-30,2026-09-30T06:04:06.162000-04:00,UP,0.79,83599.56,1,True,0.43420163549313934,3,False,6.149899999999999
1790763300000,1790763661661,2026-09-30,2026-09-30T06:21:01.661000-04:00,UP,0.68,83715.52,1,True,0.028192503477652432,4,False,10.971599999999999
1790764200000,1790764444009,2026-09-30,2026-09-30T06:34:04.009000-04:00,UP,0.78,83766.86,1,True,0.37157606334438126,7,False,6.655599999999999
1790765100000,1790765553094,2026-09-30,2026-09-30T06:52:33.094000-04:00,UP,0.65,83874.16,1,True,0.19264558335296264,3,False,12.694799999999999
1790766000000,1790766247276,2026-09-30,2026-09-30T07:04:07.276000-04:00,DOWN,0.918,83889.75,1,True,0.43297092285202093,6,True,2.071699999999999
1790766900000,1790767186761,2026-09-30,2026-09-30T07:19:46.761000-04:00,DOWN,0.76,83806.52,0,True,0.12098402790507713,2,False,-24.7286
1790767800000,1790768048670,2026-09-30,2026-09-30T07:34:08.670000-04:00,DOWN,0.82,83830.62,0,True,0.14050583561756513,4,False,-24.909999999999997
1790768700000,1790768946279,2026-09-30,2026-09-30T07:49:06.279000-04:00,DOWN,0.69,83914.02,1,True,0.41733051413601713,2,False,10.620900000000002
1790769600000,1790769863015,2026-09-30,2026-09-30T08:04:23.015000-04:00,DOWN,0.65,83861.86,1,True,0.12335820021736359,3,False,12.694799999999999
1790770500000,1790770745378,2026-09-30,2026-09-30T08:19:05.378000-04:00,DOWN,0.68,83825.81,0,True,0.2764496892221069,1,False,-25.0284
1790771400000,1790771640767,2026-09-30,2026-09-30T08:34:00.767000-04:00,UP,0.917,83882.72,1,True,0.6618341410485454,1,False,2.097099999999999
1790772300000,1790772548354,2026-09-30,2026-09-30T08:49:08.354000-04:00,UP,0.76,84847.58,1,True,0.4711229632806841,5,False,7.2714
1790773200000,1790773461745,2026-09-30,2026-09-30T09:04:21.745000-04:00,DOWN,0.67,85281.14,0,True,0.23161353353615263,2,False,-25.362700000000004
1790774100000,1790774412622,2026-09-30,2026-09-30T09:20:12.622000-04:00,DOWN,0.67,85369.62,1,True,0.24024551787046353,2,False,11.6373
1790775000000,1790775242108,2026-09-30,2026-09-30T09:34:02.108000-04:00,UP,0.66,85154.03,0,True,0.14432609273224342,2,False,-25.0012
1790775900000,1790776182179,2026-09-30,2026-09-30T09:49:42.179000-04:00,UP,0.78,84435.58,1,True,0.4069033685435124,4,False,6.655599999999999
1790776800000,1790777048747,2026-09-30,2026-09-30T10:04:08.747000-04:00,DOWN,0.7,84541.46,1,True,0.2847968447470576,5,False,9.985500000000002
1790777700000,1790777944365,2026-09-30,2026-09-30T10:19:04.365000-04:00,DOWN,0.81,84331.93,1,True,0.28477455993574763,3,True,5.3767999999999985
1790778600000,1790778879619,2026-09-30,2026-09-30T10:34:39.619000-04:00,DOWN,0.74,83669.21,1,True,0.49562910859498244,3,True,8.1355
1790779500000,1790779749359,2026-09-30,2026-09-30T10:49:09.359000-04:00,UP,0.74,83547.76,1,True,0.32968760148584275,3,False,8.1355
1790780400000,1790780701702,2026-09-30,2026-09-30T11:05:01.702000-04:00,UP,0.66,83780.25,1,True,0.307708157829731,5,False,11.998799999999997
1790781300000,1790781547640,2026-09-30,2026-09-30T11:19:07.640000-04:00,DOWN,0.82,83924.6,1,True,0.08169245080474176,6,False,5.090000000000002
1790782200000,1790782441182,2026-09-30,2026-09-30T11:34:01.182000-04:00,UP,0.902,83818.67,1,True,0.30156247665079694,3,True,2.4788999999999994
1790783100000,1790783344416,2026-09-30,2026-09-30T11:49:04.416000-04:00,UP,0.83,84078.68,1,True,0.2289709624388529,4,False,4.803600000000001
1790784000000,1790784249022,2026-09-30,2026-09-30T12:04:09.022000-04:00,UP,0.82,84088.21,1,True,0.00012952940506085676,2,False,5.090000000000002
1790784900000,1790785156486,2026-09-30,2026-09-30T12:19:16.486000-04:00,UP,0.67,84303.25,0,True,0.27176903183440154,2,False,-25.362700000000004
1790785800000,1790786075377,2026-09-30,2026-09-30T12:34:35.377000-04:00,UP,0.68,84260.24,1,True,0.08652873684609325,2,False,10.971599999999999
1790786700000,1790787042295,2026-09-30,2026-09-30T12:50:42.295000-04:00,UP,0.7,84308.23,0,False,,,,-25.014499999999998
1790787600000,1790787899560,2026-09-30,2026-09-30T13:04:59.560000-04:00,DOWN,0.66,84285.68,1,False,,,,11.998799999999997
1790788500000,1790788747016,2026-09-30,2026-09-30T13:19:07.016000-04:00,DOWN,0.8,84272.96,1,True,0.21636105037717243,2,False,5.8527999999999984
1790789400000,1790789649526,2026-09-30,2026-09-30T13:34:09.526000-04:00,DOWN,0.8,84153.44,1,True,0.24717165278070133,1,False,5.8527999999999984
1790790300000,1790790546822,2026-09-30,2026-09-30T13:49:06.822000-04:00,UP,0.71,83975.81,1,True,0.047040862037309505,6,False,9.645500000000002
1790791200000,1790791454145,2026-09-30,2026-09-30T14:04:14.145000-04:00,DOWN,0.76,84009.31,1,True,0.2809845247580611,3,False,7.2714
1790792100000,1790792346693,2026-09-30,2026-09-30T14:19:06.693000-04:00,DOWN,0.67,84008.6,1,True,0.020216660971989226,2,False,11.6373
1790793000000,1790793268099,2026-09-30,2026-09-30T14:34:28.099000-04:00,DOWN,0.69,83877.59,1,True,0.4299431494901462,3,False,10.620900000000002
1790793900000,1790794142838,2026-09-30,2026-09-30T14:49:02.838000-04:00,DOWN,0.75,83837.45,0,True,0.3535229676100503,3,False,-25.1832
1790794800000,1790795046449,2026-09-30,2026-09-30T15:04:06.449000-04:00,DOWN,0.7,83935.01,1,True,0.35620704749266047,2,False,9.985500000000002
1790795700000,1790795948755,2026-09-30,2026-09-30T15:19:08.755000-04:00,DOWN,0.84,83728.93,1,True,0.8734725171535973,3,True,4.367100000000001
1790796600000,1790796848394,2026-09-30,2026-09-30T15:34:08.394000-04:00,UP,0.81,83725.04,1,True,0.5185049847267001,3,False,5.3767999999999985
1790797500000,1790797749248,2026-09-30,2026-09-30T15:49:09.248000-04:00,DOWN,0.83,83779.03,1,True,0.41831986766258683,1,False,4.803600000000001
1790798400000,1790798794746,2026-09-30,2026-09-30T16:06:34.746000-04:00,DOWN,0.65,83567.11,0,True,0.22304532639859917,3,False,-25.3052
1790799300000,1790799653091,2026-09-30,2026-09-30T16:20:53.091000-04:00,UP,0.67,83597.88,1,True,0.12837579102351956,4,False,11.6373
1790800200000,1790800449019,2026-09-30,2026-09-30T16:34:09.019000-04:00,DOWN,0.81,83703.31,1,True,0.21030202749230442,2,False,5.3767999999999985
1790801100000,1790801544605,2026-09-30,2026-09-30T16:52:24.605000-04:00,UP,0.71,83645.5,0,True,0.07987732740542763,6,False,-25.354499999999998
1790802000000,1790802247613,2026-09-30,2026-09-30T17:04:07.613000-04:00,UP,0.8,83620.46,1,True,0.19043423362211456,4,False,5.8527999999999984
1790802900000,1790803146644,2026-09-30,2026-09-30T17:19:06.644000-04:00,UP,0.71,83712.16,0,True,0.42112651292817904,5,False,-25.354499999999998
1790803800000,1790804117771,2026-09-30,2026-09-30T17:35:17.771000-04:00,UP,0.68,83705.29,0,True,0.10805448818197104,6,False,-25.0284
1790804700000,1790805041743,2026-09-30,2026-09-30T17:50:41.743000-04:00,UP,0.66,83680.23,1,True,0.21947088655818142,2,False,11.998799999999997
1790805600000,1790805843462,2026-09-30,2026-09-30T18:04:03.462000-04:00,DOWN,0.72,83708.91,1,True,0.16900864995318576,4,False,9.0401
1790806500000,1790806742666,2026-09-30,2026-09-30T18:19:02.666000-04:00,UP,0.76,83663.4,1,True,0.09204415843697791,2,False,7.2714
1790807400000,1790807930867,2026-09-30,2026-09-30T18:38:50.867000-04:00,UP,0.63,83769.42,0,True,0.7574394371293667,1,False,-25.2064
1790808300000,1790808546575,2026-09-30,2026-09-30T18:49:06.575000-04:00,DOWN,0.69,83762.43,1,True,0.41894821244428926,1,False,10.620900000000002
1790809200000,1790809449358,2026-09-30,2026-09-30T19:04:09.358000-04:00,UP,0.73,83642.7,1,True,0.22425464426998576,2,False,8.7109
1790810100000,1790810486148,2026-09-30,2026-09-30T19:21:26.148000-04:00,UP,0.68,83662.71,0,True,0.06115138567924469,4,False,-25.0284
1790811000000,1790811246384,2026-09-30,2026-09-30T19:34:06.384000-04:00,DOWN,0.8,83622.59,1,True,0.4554355679327817,1,True,5.8527999999999984
1790811900000,1790812146015,2026-09-30,2026-09-30T19:49:06.015000-04:00,DOWN,0.75,83574.27,1,True,0.02516143397923147,2,False,7.8168
1790812800000,1790813044779,2026-09-30,2026-09-30T20:04:04.779000-04:00,DOWN,0.7,83569.02,1,True,0.09460162554781375,2,False,9.985500000000002
1790813700000,1790813941236,2026-09-30,2026-09-30T20:19:01.236000-04:00,DOWN,0.68,83482.25,1,True,0.3316903966071319,5,False,10.971599999999999
1790814600000,1790814909969,2026-09-30,2026-09-30T20:35:09.969000-04:00,DOWN,0.67,83440.51,0,True,0.11137067240973758,2,False,-25.362700000000004
1790815500000,1790815839356,2026-09-30,2026-09-30T20:50:39.356000-04:00,DOWN,0.66,83504.04,1,True,0.22027740765404016,2,False,11.998799999999997
1790816400000,1790816756451,2026-09-30,2026-09-30T21:05:56.451000-04:00,UP,0.77,83472.82,1,True,0.019453083877143246,4,False,6.9632
1790817300000,1790817590192,2026-09-30,2026-09-30T21:19:50.192000-04:00,UP,0.67,83554.46,1,True,0.2891478451471111,3,False,11.6373
1790818200000,1790818445931,2026-09-30,2026-09-30T21:34:05.931000-04:00,DOWN,0.79,83587.92,1,True,0.2245006917629243,3,False,6.149899999999999
1790819100000,1790819349111,2026-09-30,2026-09-30T21:49:09.111000-04:00,DOWN,0.72,83546.42,1,True,0.10908402417239302,2,False,9.0401
1790820000000,1790820334304,2026-09-30,2026-09-30T22:05:34.304000-04:00,UP,0.65,83463.29,1,True,0.09701786027264564,0,False,12.694799999999999
1790820900000,1790821146701,2026-09-30,2026-09-30T22:19:06.701000-04:00,DOWN,0.81,83560.25,1,True,0.1136709656315493,2,False,5.3767999999999985
1790821800000,1790822042855,2026-09-30,2026-09-30T22:34:02.855000-04:00,UP,0.69,83460.64,0,True,0.05013043065159394,4,False,-25.379099999999998
1790822700000,1790823193281,2026-09-30,2026-09-30T22:53:13.281000-04:00,UP,0.69,83391.88,1,True,0.1855766526085576,4,False,10.620900000000002
1790823600000,1790823850058,2026-09-30,2026-09-30T23:04:10.058000-04:00,DOWN,0.69,83447.47,1,True,0.2802079783007379,4,False,10.620900000000002
1790824500000,1790824868325,2026-09-30,2026-09-30T23:21:08.325000-04:00,DOWN,0.72,83430.79,0,True,0.017552742466913747,4,False,-24.9599
1790825400000,1790825816192,2026-09-30,2026-09-30T23:36:56.192000-04:00,UP,0.7,83466.97,1,True,0.2635848365078588,1,False,9.985500000000002
1790826300000,1790826541530,2026-09-30,2026-09-30T23:49:01.530000-04:00,DOWN,0.8,83663.77,0,True,0.594820693327701,2,False,-25.1472
1790827200000,1790827602368,2026-10-01,2026-10-01T00:06:42.368000-04:00,UP,0.72,83701.88,1,True,0.569607631943112,1,False,9.0401
1790828100000,1790828344367,2026-10-01,2026-10-01T00:19:04.367000-04:00,DOWN,0.84,83860.66,1,True,0.1315390399109239,0,False,4.367100000000001
1790829000000,1790829242308,2026-10-01,2026-10-01T00:34:02.308000-04:00,DOWN,0.75,83805.54,0,True,0.059950904458586675,2,False,-25.1832
1790829900000,1790830147942,2026-10-01,2026-10-01T00:49:07.942000-04:00,UP,0.89,83864.14,1,True,0.9066302971575795,1,True,2.8880999999999997
1790830800000,1790831074081,2026-10-01,2026-10-01T01:04:34.081000-04:00,UP,0.69,84035.06,1,True,0.07234821760694246,3,False,10.620900000000002
1790845200000,1790845499737,2026-10-01,2026-10-01T05:04:59.737000-04:00,UP,0.69,83516.36,1,False,,,,10.620900000000002
1790846100000,1790846347378,2026-10-01,2026-10-01T05:19:07.378000-04:00,UP,0.75,83637.96,1,False,,,,7.8168
1790847000000,1790847248297,2026-10-01,2026-10-01T05:34:08.297000-04:00,UP,0.78,83716.99,1,False,,,,6.655599999999999
1790847900000,1790848211049,2026-10-01,2026-10-01T05:50:11.049000-04:00,DOWN,0.67,83846.0,1,True,0.13543365789111014,2,False,11.6373
1790848800000,1790849043161,2026-10-01,2026-10-01T06:04:03.161000-04:00,DOWN,0.935,83744.96,1,True,0.7889153105229381,3,True,1.5792999999999986
1790849700000,1790850094320,2026-10-01,2026-10-01T06:21:34.320000-04:00,UP,0.7,83658.6,0,True,0.3858938732596238,1,False,-25.014499999999998
1790850600000,1790850849629,2026-10-01,2026-10-01T06:34:09.629000-04:00,UP,0.83,83644.36,1,True,0.31042852775857166,3,True,4.803600000000001
1790851500000,1790851740186,2026-10-01,2026-10-01T06:49:00.186000-04:00,UP,0.86,83826.63,1,True,0.6795507227671447,1,True,3.8155000000000006
1790852400000,1790852648161,2026-10-01,2026-10-01T07:04:08.161000-04:00,DOWN,0.81,83936.72,1,True,0.3560361311938324,3,False,5.3767999999999985
1790853300000,1790853548000,2026-10-01,2026-10-01T07:19:08-04:00,DOWN,0.72,83842.28,1,True,0.07840279205129548,4,False,9.0401
1790854200000,1790854583206,2026-10-01,2026-10-01T07:36:23.206000-04:00,UP,0.69,83815.5,1,True,0.034830525314872046,3,False,10.620900000000002
1790855100000,1790855347446,2026-10-01,2026-10-01T07:49:07.446000-04:00,UP,0.68,83928.49,0,True,0.8098019372194211,1,False,-25.0284
1790856000000,1790856246066,2026-10-01,2026-10-01T08:04:06.066000-04:00,UP,0.7,83893.39,1,True,0.12226788836134937,0,False,9.985500000000002
1790856900000,1790857195526,2026-10-01,2026-10-01T08:19:55.526000-04:00,DOWN,0.68,83969.94,1,True,0.26616087313775516,2,False,10.971599999999999
1790857800000,1790858047776,2026-10-01,2026-10-01T08:34:07.776000-04:00,DOWN,0.65,83902.4,1,True,0.17118904482310407,6,False,12.694799999999999
1790858700000,1790858945946,2026-10-01,2026-10-01T08:49:05.946000-04:00,DOWN,0.78,83892.25,1,True,0.047577675465421,4,False,6.655599999999999
1790859600000,1790859849279,2026-10-01,2026-10-01T09:04:09.279000-04:00,DOWN,0.81,83729.78,1,True,0.4326999623479397,1,False,5.3767999999999985
1790860500000,1790860779644,2026-10-01,2026-10-01T09:19:39.644000-04:00,UP,0.66,83495.41,0,True,0.25356657530478915,4,False,-25.0012
1790861400000,1790861645950,2026-10-01,2026-10-01T09:34:05.950000-04:00,UP,0.81,83473.44,1,True,0.1728625656921604,4,False,5.3767999999999985
1790862300000,1790862589903,2026-10-01,2026-10-01T09:49:49.903000-04:00,DOWN,0.77,83888.12,0,True,0.4488825593586863,3,False,-25.0368
1790863200000,1790863442688,2026-10-01,2026-10-01T10:04:02.688000-04:00,DOWN,0.81,83888.9,1,True,0.20795350709145363,3,False,5.3767999999999985
1790864100000,1790864342359,2026-10-01,2026-10-01T10:19:02.359000-04:00,UP,0.86,83725.7,1,True,0.22705004972057122,4,False,3.8155000000000006
1790865000000,1790865384206,2026-10-01,2026-10-01T10:36:24.206000-04:00,UP,0.65,84108.68,0,True,0.3160572769497903,5,False,-25.3052
1790865900000,1790866139159,2026-10-01,2026-10-01T10:48:59.159000-04:00,DOWN,0.74,83987.78,1,True,0.2700109546773167,1,False,8.1355
1790866800000,1790867059896,2026-10-01,2026-10-01T11:04:19.896000-04:00,UP,0.76,83980.21,1,True,0.3456490034029215,3,False,7.2714
1790867700000,1790867950253,2026-10-01,2026-10-01T11:19:10.253000-04:00,UP,0.84,84017.51,1,True,0.16929248454741364,2,False,4.367100000000001
1790868600000,1790868847671,2026-10-01,2026-10-01T11:34:07.671000-04:00,DOWN,0.83,84089.5,1,True,0.5566270190281719,1,False,4.803600000000001
1790869500000,1790869747625,2026-10-01,2026-10-01T11:49:07.625000-04:00,UP,0.94,83816.31,1,True,0.3107575661094553,2,False,1.4573000000000014
1790870400000,1790870649081,2026-10-01,2026-10-01T12:04:09.081000-04:00,UP,0.79,84085.18,1,True,0.21564058957522653,4,False,6.149899999999999
1790871300000,1790871545976,2026-10-01,2026-10-01T12:19:05.976000-04:00,UP,0.69,84227.21,1,True,0.19084726953370523,5,False,10.620900000000002
1790872200000,1790872443547,2026-10-01,2026-10-01T12:34:03.547000-04:00,UP,0.86,84249.36,1,True,0.24799625849843776,2,True,3.8155000000000006
1790873100000,1790873382538,2026-10-01,2026-10-01T12:49:42.538000-04:00,DOWN,0.65,84287.16,1,True,0.12909129269947078,2,False,12.694799999999999
1790874000000,1790874239188,2026-10-01,2026-10-01T13:03:59.188000-04:00,UP,0.9,84142.82,1,True,0.06642188310655299,2,False,2.529899999999999
1790874900000,1790875149674,2026-10-01,2026-10-01T13:19:09.674000-04:00,UP,0.85,84406.27,1,True,0.5642779983978918,5,True,4.091100000000001
1790875800000,1790876046630,2026-10-01,2026-10-01T13:34:06.630000-04:00,DOWN,0.7,84868.05,0,True,0.3474383269713639,2,False,-25.014499999999998
1790876700000,1790877237118,2026-10-01,2026-10-01T13:53:57.118000-04:00,UP,0.54,85003.43,0,True,0.5701424784807932,3,False,-25.639900000000004
1790877600000,1790877841883,2026-10-01,2026-10-01T14:04:01.883000-04:00,DOWN,0.78,84838.39,0,True,0.5652742542110729,1,False,-25.3444
1790878500000,1790878741715,2026-10-01,2026-10-01T14:19:01.715000-04:00,DOWN,0.65,84881.89,1,True,0.2281668874266796,2,False,12.694799999999999
1790879400000,1790879654145,2026-10-01,2026-10-01T14:34:14.145000-04:00,UP,0.66,84777.35,1,True,0.047499482344869996,2,False,11.998799999999997
1790880300000,1790880544069,2026-10-01,2026-10-01T14:49:04.069000-04:00,DOWN,0.86,84913.74,1,True,0.014908923025123285,2,False,3.8155000000000006
1790881200000,1790881445811,2026-10-01,2026-10-01T15:04:05.811000-04:00,DOWN,0.68,84778.66,1,True,0.28645851690021695,1,False,10.971599999999999
1790882100000,1790882341446,2026-10-01,2026-10-01T15:19:01.446000-04:00,DOWN,0.68,84776.11,1,True,0.0658197077922308,6,False,10.971599999999999
1790883000000,1790883239673,2026-10-01,2026-10-01T15:33:59.673000-04:00,UP,0.904,84589.89,1,True,0.1405263512149244,4,False,2.4278999999999993
1790883900000,1790884148058,2026-10-01,2026-10-01T15:49:08.058000-04:00,DOWN,0.66,84618.66,0,True,0.5382561616792454,5,False,-25.0012
1790884800000,1790885046524,2026-10-01,2026-10-01T16:04:06.524000-04:00,UP,0.82,84636.71,1,True,0.41701970106722225,3,True,5.090000000000002
1790885700000,1790886083649,2026-10-01,2026-10-01T16:21:23.649000-04:00,UP,0.69,84762.29,0,True,0.15411054110087213,6,False,-25.379099999999998
1790886600000,1790886910872,2026-10-01,2026-10-01T16:35:10.872000-04:00,DOWN,0.68,84751.56,1,True,0.34691749280654316,1,False,10.971599999999999
1790887500000,1790887859990,2026-10-01,2026-10-01T16:50:59.990000-04:00,UP,0.69,84586.89,1,True,0.5700428760683843,2,False,10.620900000000002
1790888400000,1790888815112,2026-10-01,2026-10-01T17:06:55.112000-04:00,UP,0.67,84609.34,1,True,0.035855868858572386,4,False,11.6373
1790889300000,1790889546151,2026-10-01,2026-10-01T17:19:06.151000-04:00,DOWN,0.66,84615.87,1,True,0.09770097026124644,4,False,11.998799999999997
1790890200000,1790890467563,2026-10-01,2026-10-01T17:34:27.563000-04:00,DOWN,0.66,84577.43,1,True,0.13745835781185636,1,False,11.998799999999997
1790891100000,1790891348915,2026-10-01,2026-10-01T17:49:08.915000-04:00,UP,0.71,84483.47,1,True,0.16960312952449885,4,False,9.645500000000002
1790892000000,1790892248695,2026-10-01,2026-10-01T18:04:08.695000-04:00,UP,0.906,84535.71,1,True,0.6319725232494444,1,True,2.3769999999999993
1790892900000,1790893147350,2026-10-01,2026-10-01T18:19:07.350000-04:00,DOWN,0.66,84734.36,1,True,0.20515004746070536,4,False,11.998799999999997
1790893800000,1790894047464,2026-10-01,2026-10-01T18:34:07.464000-04:00,DOWN,0.79,84686.18,1,True,0.3925236172618667,1,False,6.149899999999999
1790894700000,1790894944014,2026-10-01,2026-10-01T18:49:04.014000-04:00,DOWN,0.67,84668.34,0,True,0.10662268991193677,2,False,-25.362700000000004
1790895600000,1790895920568,2026-10-01,2026-10-01T19:05:20.568000-04:00,DOWN,0.66,84721.46,1,True,0.2645881461037438,4,False,11.998799999999997
1790896500000,1790896748510,2026-10-01,2026-10-01T19:19:08.510000-04:00,UP,0.83,84643.16,1,True,0.009798713067207043,2,False,4.803600000000001
1790897400000,1790897648079,2026-10-01,2026-10-01T19:34:08.079000-04:00,UP,0.77,84722.37,1,True,0.3327129745538159,5,False,6.9632
1790898300000,1790898544105,2026-10-01,2026-10-01T19:49:04.105000-04:00,DOWN,0.78,84819.52,0,True,0.012943520239006742,2,False,-25.3444
1790899200000,1790899442925,2026-10-01,2026-10-01T20:04:02.925000-04:00,DOWN,0.82,84860.17,0,True,0.06927632353287651,2,False,-24.909999999999997
1790900100000,1790900536990,2026-10-01,2026-10-01T20:22:16.990000-04:00,DOWN,0.79,84874.21,1,True,0.2492754818950115,4,False,6.149899999999999
1790901000000,1790901247530,2026-10-01,2026-10-01T20:34:07.530000-04:00,DOWN,0.71,84786.81,0,True,0.4983057407840884,1,False,-25.354499999999998
1790901900000,1790902149373,2026-10-01,2026-10-01T20:49:09.373000-04:00,DOWN,0.67,84832.88,1,True,0.07047150084655843,2,False,11.6373
1790902800000,1790903049969,2026-10-01,2026-10-01T21:04:09.969000-04:00,DOWN,0.69,84760.87,1,True,0.2665490169423326,7,False,10.620900000000002
1790903700000,1790903973134,2026-10-01,2026-10-01T21:19:33.134000-04:00,DOWN,0.65,84648.28,1,True,0.4226597404896511,3,False,12.694799999999999
1790904600000,1790904861248,2026-10-01,2026-10-01T21:34:21.248000-04:00,UP,0.72,84580.64,0,True,0.17145886008362657,6,False,-24.9599
1790905500000,1790905746653,2026-10-01,2026-10-01T21:49:06.653000-04:00,UP,0.88,84553.06,1,True,0.23296791241398698,0,False,3.153
1790906400000,1790906683534,2026-10-01,2026-10-01T22:04:43.534000-04:00,UP,0.66,84893.21,1,True,0.5310916209018038,5,False,11.998799999999997
1790907300000,1790907542795,2026-10-01,2026-10-01T22:19:02.795000-04:00,DOWN,0.9,85065.02,1,True,0.06770809544598362,4,False,2.529899999999999
1790908200000,1790908737813,2026-10-01,2026-10-01T22:38:57.813000-04:00,DOWN,0.49,84901.83,0,True,0.14072023853365642,3,False,-25.882199999999997
1790909100000,1790909344747,2026-10-01,2026-10-01T22:49:04.747000-04:00,UP,0.74,84948.97,1,True,0.5530995816652775,1,False,8.1355
1790910000000,1790910241364,2026-10-01,2026-10-01T23:04:01.364000-04:00,UP,0.89,85154.23,1,True,0.7880857488059457,1,True,2.8880999999999997
1790910900000,1790911146125,2026-10-01,2026-10-01T23:19:06.125000-04:00,DOWN,0.78,85308.27,1,True,0.36177804230213684,3,False,6.655599999999999
1790911800000,1790912042551,2026-10-01,2026-10-01T23:34:02.551000-04:00,UP,0.9,85229.01,1,True,0.5885134395815136,1,False,2.529899999999999
1790912700000,1790913087606,2026-10-01,2026-10-01T23:51:27.606000-04:00,DOWN,0.67,85397.89,0,True,0.06865879569301771,6,False,-25.362700000000004
1790913600000,1790913848296,2026-10-02,2026-10-02T00:04:08.296000-04:00,UP,0.75,85497.31,0,True,0.6590314897637578,1,False,-25.1832
1790914500000,1790914739325,2026-10-02,2026-10-02T00:18:59.325000-04:00,UP,0.82,85450.85,1,True,0.0026841646006657348,2,False,5.090000000000002
1790915400000,1790915639977,2026-10-02,2026-10-02T00:33:59.977000-04:00,DOWN,0.8,86728.02,1,True,0.7141167879367113,2,False,5.8527999999999984
1790916300000,1790916548834,2026-10-02,2026-10-02T00:49:08.834000-04:00,UP,0.71,86513.45,1,True,0.03298588237048266,4,False,9.645500000000002
1790917200000,1790917479834,2026-10-02,2026-10-02T01:04:39.834000-04:00,DOWN,0.66,86599.03,1,True,0.0773628914801992,5,False,11.998799999999997
1790918100000,1790918341060,2026-10-02,2026-10-02T01:19:01.060000-04:00,DOWN,0.69,86551.05,1,True,0.23981870307425943,5,True,10.620900000000002
1790919000000,1790919313888,2026-10-02,2026-10-02T01:35:13.888000-04:00,DOWN,0.65,86306.67,1,True,0.474521639893157,3,False,12.694799999999999
1790919900000,1790920259404,2026-10-02,2026-10-02T01:50:59.404000-04:00,DOWN,0.67,86109.54,1,True,0.33488406910830554,1,False,11.6373
1790920800000,1790921042145,2026-10-02,2026-10-02T02:04:02.145000-04:00,UP,0.66,85976.62,0,True,0.11653225732633855,4,False,-25.0012
1790921700000,1790921943858,2026-10-02,2026-10-02T02:19:03.858000-04:00,UP,0.72,85908.54,1,True,0.0692470486722254,2,False,9.0401
1790922600000,1790922878522,2026-10-02,2026-10-02T02:34:38.522000-04:00,UP,0.65,86003.92,0,True,0.16312532923420425,3,False,-25.3052
1790923500000,1790923872525,2026-10-02,2026-10-02T02:51:12.525000-04:00,UP,0.79,85967.2,1,True,0.13449542585981109,3,False,6.149899999999999
1790924400000,1790924699408,2026-10-02,2026-10-02T03:04:59.408000-04:00,DOWN,0.71,85969.7,1,True,0.06197482247071956,2,False,9.645500000000002
1790925300000,1790925629200,2026-10-02,2026-10-02T03:20:29.200000-04:00,DOWN,0.66,85946.41,1,True,0.020994372642504536,2,False,11.998799999999997
1790926200000,1790926444149,2026-10-02,2026-10-02T03:34:04.149000-04:00,DOWN,0.7,85931.72,1,True,0.14663890473716543,2,False,9.985500000000002
1790927100000,1790927346354,2026-10-02,2026-10-02T03:49:06.354000-04:00,UP,0.72,85771.02,1,True,0.10715707701927282,2,False,9.0401
1790928000000,1790928248810,2026-10-02,2026-10-02T04:04:08.810000-04:00,UP,0.93,86044.66,1,True,0.7926709858381685,3,True,1.7014999999999987
1790928900000,1790929144673,2026-10-02,2026-10-02T04:19:04.673000-04:00,UP,0.922,86299.65,1,True,0.6810726628150916,3,True,1.9699999999999989
1790929800000,1790930043885,2026-10-02,2026-10-02T04:34:03.885000-04:00,DOWN,0.7,86367.08,1,True,0.46667952627558,5,False,9.985500000000002
1790930700000,1790931035529,2026-10-02,2026-10-02T04:50:35.529000-04:00,DOWN,0.66,86317.98,1,True,0.06940108710381668,2,False,11.998799999999997
1790931600000,1790931843480,2026-10-02,2026-10-02T05:04:03.480000-04:00,DOWN,0.76,86218.51,1,True,0.5104897930554745,1,True,7.2714
1790932500000,1790932976459,2026-10-02,2026-10-02T05:22:56.459000-04:00,DOWN,0.68,86207.79,1,True,0.06020546144424596,3,False,10.971599999999999
1790933400000,1790933642174,2026-10-02,2026-10-02T05:34:02.174000-04:00,UP,0.942,86138.46,1,True,0.4261346007420457,2,True,1.4085000000000014
1790934300000,1790934542158,2026-10-02,2026-10-02T05:49:02.158000-04:00,DOWN,0.69,86337.29,0,True,0.2875238579921308,3,False,-25.379099999999998
1790935200000,1790935502793,2026-10-02,2026-10-02T06:05:02.793000-04:00,UP,0.69,86349.51,0,True,0.05114615455624278,6,False,-25.379099999999998
1790936100000,1790936588031,2026-10-02,2026-10-02T06:23:08.031000-04:00,DOWN,0.78,86328.52,0,True,0.3253649051550806,3,False,-25.3444
1790937000000,1790937269240,2026-10-02,2026-10-02T06:34:29.240000-04:00,UP,0.65,86390.54,1,True,0.08080392056016994,0,False,12.694799999999999
1790937900000,1790938141285,2026-10-02,2026-10-02T06:49:01.285000-04:00,DOWN,0.83,86415.39,1,True,0.176617191311122,4,False,4.803600000000001
1790938800000,1790939055727,2026-10-02,2026-10-02T07:04:15.727000-04:00,UP,0.73,86289.8,1,True,0.009318323514144078,4,False,8.7109
1790939700000,1790940011531,2026-10-02,2026-10-02T07:20:11.531000-04:00,UP,0.72,86432.59,0,True,0.3709369644387792,1,False,-24.9599
1790940600000,1790940849033,2026-10-02,2026-10-02T07:34:09.033000-04:00,UP,0.73,86420.77,1,True,0.2878253853328615,2,True,8.7109
1790941500000,1790941811955,2026-10-02,2026-10-02T07:50:11.955000-04:00,UP,0.7,86451.4,0,True,0.12888852391135772,0,False,-25.014499999999998
1790942400000,1790942639325,2026-10-02,2026-10-02T08:03:59.325000-04:00,DOWN,0.81,86427.0,1,True,0.532258462216681,1,True,5.3767999999999985
1790943300000,1790943544072,2026-10-02,2026-10-02T08:19:04.072000-04:00,UP,0.84,86397.36,1,True,0.5710947068496295,3,False,4.367100000000001
1790944200000,1790944441751,2026-10-02,2026-10-02T08:34:01.751000-04:00,UP,0.75,86612.97,0,True,0.282116963868495,3,False,-25.1832
1790945100000,1790945340804,2026-10-02,2026-10-02T08:49:00.804000-04:00,UP,0.84,86490.32,1,True,0.057459157017458795,2,False,4.367100000000001
1790946000000,1790946242785,2026-10-02,2026-10-02T09:04:02.785000-04:00,UP,0.68,86822.4,0,True,0.29982170989310303,3,False,-25.0284
1790946900000,1790947437089,2026-10-02,2026-10-02T09:23:57.089000-04:00,DOWN,0.55,86699.19,1,True,0.2663842284120554,7,False,19.470299999999998
1790947800000,1790948044083,2026-10-02,2026-10-02T09:34:04.083000-04:00,UP,0.88,86615.1,1,True,0.31229327991844347,2,False,3.153
1790948700000,1790948946620,2026-10-02,2026-10-02T09:49:06.620000-04:00,DOWN,0.72,86888.85,1,True,0.010882047106881202,2,False,9.0401
1790949600000,1790949846708,2026-10-02,2026-10-02T10:04:06.708000-04:00,UP,0.68,86611.96,0,True,0.20104047009751697,4,False,-25.0284
1790950500000,1790950740428,2026-10-02,2026-10-02T10:19:00.428000-04:00,UP,0.75,86381.45,0,True,0.18605501172301073,2,False,-25.1832
1790951400000,1790951641282,2026-10-02,2026-10-02T10:34:01.282000-04:00,DOWN,0.68,86140.06,1,True,0.6198857358443534,1,False,10.971599999999999
1790952300000,1790952546500,2026-10-02,2026-10-02T10:49:06.500000-04:00,UP,0.74,85929.07,0,True,0.03710795491636734,4,False,-24.8645
1790953200000,1790953462716,2026-10-02,2026-10-02T11:04:22.716000-04:00,DOWN,0.66,85666.06,1,True,0.49799130132675007,3,False,11.998799999999997
1790954100000,1790954388091,2026-10-02,2026-10-02T11:19:48.091000-04:00,DOWN,0.66,85602.81,1,True,0.05849889420885354,2,False,11.998799999999997
1790955000000,1790955496656,2026-10-02,2026-10-02T11:38:16.656000-04:00,DOWN,0.72,85456.87,1,True,0.1346408628129576,7,False,9.0401
1790955900000,1790956222199,2026-10-02,2026-10-02T11:50:22.199000-04:00,UP,0.67,85322.87,0,True,0.21948133271244752,2,False,-25.362700000000004
1790956800000,1790957049479,2026-10-02,2026-10-02T12:04:09.479000-04:00,UP,0.78,85274.11,0,True,0.04127826365643147,2,False,-25.3444
1790957700000,1790957940594,2026-10-02,2026-10-02T12:19:00.594000-04:00,UP,0.68,85192.21,0,True,0.27768965165845433,2,False,-25.0284
1790958600000,1790959094901,2026-10-02,2026-10-02T12:38:14.901000-04:00,DOWN,0.66,85181.71,1,True,0.27686982373422,5,False,11.998799999999997
1790959500000,1790959743008,2026-10-02,2026-10-02T12:49:03.008000-04:00,UP,0.67,85156.37,0,True,0.12718256476141865,2,False,-25.362700000000004
1790960400000,1790960640077,2026-10-02,2026-10-02T13:04:00.077000-04:00,UP,0.76,85128.18,0,True,0.057361903429704396,2,False,-24.7286
1790961300000,1790961540323,2026-10-02,2026-10-02T13:19:00.323000-04:00,DOWN,0.7,84953.3,1,True,0.7503318993085678,1,False,9.985500000000002
1790962200000,1790962444488,2026-10-02,2026-10-02T13:34:04.488000-04:00,UP,0.7,84634.79,0,True,0.11427794121411054,2,False,-25.014499999999998
1790963100000,1790963365464,2026-10-02,2026-10-02T13:49:25.464000-04:00,UP,0.66,84596.14,1,True,0.23325107751180357,6,False,11.998799999999997
1790964000000,1790964280664,2026-10-02,2026-10-02T14:04:40.664000-04:00,UP,0.69,84787.33,1,True,0.6389926176284755,1,False,10.620900000000002
1790964900000,1790965139731,2026-10-02,2026-10-02T14:18:59.731000-04:00,DOWN,0.82,84862.65,1,True,0.4324073572742918,0,False,5.090000000000002
1790965800000,1790966048785,2026-10-02,2026-10-02T14:34:08.785000-04:00,DOWN,0.75,84596.57,1,True,0.512934212886715,1,False,7.8168
1790966700000,1790967054848,2026-10-02,2026-10-02T14:50:54.848000-04:00,UP,0.65,83957.42,1,True,0.49927024462688246,4,False,12.694799999999999
1790967600000,1790968016024,2026-10-02,2026-10-02T15:06:56.024000-04:00,DOWN,0.71,84250.56,1,True,0.5310150914361073,2,False,9.645500000000002
1790968500000,1790968741980,2026-10-02,2026-10-02T15:19:01.980000-04:00,DOWN,0.66,84118.74,0,True,0.5503620398325972,3,False,-25.0012
1790969400000,1790969792633,2026-10-02,2026-10-02T15:36:32.633000-04:00,UP,0.66,84124.9,1,True,0.35593709649279226,5,False,11.998799999999997
1790970300000,1790970643767,2026-10-02,2026-10-02T15:50:43.767000-04:00,UP,0.67,84153.27,1,True,0.2628544111016595,3,False,11.6373
1790971200000,1790971444750,2026-10-02,2026-10-02T16:04:04.750000-04:00,UP,0.68,84282.63,1,True,0.5301869882854151,3,False,10.971599999999999
1790972100000,1790972632553,2026-10-02,2026-10-02T16:23:52.553000-04:00,UP,0.75,84364.16,0,True,0.20357060075915193,7,False,-25.1832
1790973000000,1790973248788,2026-10-02,2026-10-02T16:34:08.788000-04:00,UP,0.82,84340.96,0,True,0.156881260821502,2,False,-24.909999999999997
1790973900000,1790974141952,2026-10-02,2026-10-02T16:49:01.952000-04:00,UP,0.79,84223.83,1,True,0.1588166579389184,2,False,6.149899999999999
1790974800000,1790975081816,2026-10-02,2026-10-02T17:04:41.816000-04:00,UP,0.68,84445.85,1,True,0.4174313883844439,1,False,10.971599999999999
1790975700000,1790976235486,2026-10-02,2026-10-02T17:23:55.486000-04:00,DOWN,0.61,84484.76,1,True,0.004635699568467869,4,False,14.933800000000002
1790976600000,1790976978394,2026-10-02,2026-10-02T17:36:18.394000-04:00,UP,0.69,84426.38,1,True,0.3887061979364812,4,False,10.620900000000002
1790977500000,1790977957692,2026-10-02,2026-10-02T17:52:37.692000-04:00,UP,0.67,84503.88,1,True,0.3581614200513304,2,False,11.6373
1790978400000,1790978705532,2026-10-02,2026-10-02T18:05:05.532000-04:00,DOWN,0.7,84509.61,0,True,0.19661648191529202,4,False,-25.014499999999998
1790979300000,1790979832616,2026-10-02,2026-10-02T18:23:52.616000-04:00,UP,0.54,84515.14,0,True,0.7096355262926373,1,False,-25.639900000000004
1790980200000,1790980528627,2026-10-02,2026-10-02T18:35:28.627000-04:00,UP,0.67,84503.14,0,True,0.019201204977203522,2,False,-25.362700000000004
1790981100000,1790981341348,2026-10-02,2026-10-02T18:49:01.348000-04:00,UP,0.65,84498.49,1,True,0.03014303950764672,2,False,12.694799999999999
1790982000000,1790982375181,2026-10-02,2026-10-02T19:06:15.181000-04:00,DOWN,0.74,84542.53,1,True,0.04862550739421589,2,False,8.1355
1790982900000,1790983431076,2026-10-02,2026-10-02T19:23:51.076000-04:00,UP,0.6,84479.01,1,True,0.38492734192161115,2,False,15.711200000000002
1790983800000,1790984045262,2026-10-02,2026-10-02T19:34:05.262000-04:00,DOWN,0.77,84545.77,1,True,0.2274411974324435,0,False,6.9632
1790984700000,1790985231104,2026-10-02,2026-10-02T19:53:51.104000-04:00,DOWN,0.72,84543.92,1,True,0.4709015804820565,3,False,9.0401
1790985600000,1790985839274,2026-10-02,2026-10-02T20:03:59.274000-04:00,DOWN,0.68,84503.96,1,True,0.6427109237968041,3,False,10.971599999999999
1790986500000,1790986741782,2026-10-02,2026-10-02T20:19:01.782000-04:00,UP,0.69,84497.77,1,True,0.22212686302679213,1,False,10.620900000000002
1790987400000,1790987644201,2026-10-02,2026-10-02T20:34:04.201000-04:00,UP,0.79,84544.05,1,True,0.7979402062707917,1,False,6.149899999999999
1790988300000,1790988558280,2026-10-02,2026-10-02T20:49:18.280000-04:00,UP,0.69,84610.46,1,True,0.18711144404242985,3,False,10.620900000000002
1790989200000,1790989445950,2026-10-02,2026-10-02T21:04:05.950000-04:00,DOWN,0.75,84643.39,1,True,0.04791267159099467,4,False,7.8168
1790990100000,1790990422192,2026-10-02,2026-10-02T21:20:22.192000-04:00,DOWN,0.65,84634.23,1,True,0.03833939559207646,2,False,12.694799999999999
1790991000000,1790991243543,2026-10-02,2026-10-02T21:34:03.543000-04:00,UP,0.68,84604.32,1,True,0.03608101004538962,4,False,10.971599999999999
1790991900000,1790992382853,2026-10-02,2026-10-02T21:53:02.853000-04:00,DOWN,0.74,84621.6,0,True,0.30818552875769045,3,False,-24.8645
1790992800000,1790993207661,2026-10-02,2026-10-02T22:06:47.661000-04:00,DOWN,0.79,84631.56,1,True,0.04329510190015563,1,False,6.149899999999999
1790993700000,1790993948323,2026-10-02,2026-10-02T22:19:08.323000-04:00,UP,0.81,84608.95,1,True,0.0914864643434868,2,False,5.3767999999999985
1790994600000,1790995130267,2026-10-02,2026-10-02T22:38:50.267000-04:00,UP,0.61,84642.18,1,True,0.2393988887212675,4,False,14.933800000000002
1790995500000,1790995746650,2026-10-02,2026-10-02T22:49:06.650000-04:00,DOWN,0.75,84665.22,1,True,0.1619536555189355,2,False,7.8168
1790996400000,1790996645896,2026-10-02,2026-10-02T23:04:05.896000-04:00,UP,0.7,84588.68,0,True,0.43143437582985167,2,False,-25.014499999999998
1790997300000,1790997541461,2026-10-02,2026-10-02T23:19:01.461000-04:00,UP,0.88,84517.64,1,True,0.10141691131055011,0,False,3.153
1790998200000,1790998449509,2026-10-02,2026-10-02T23:34:09.509000-04:00,UP,0.73,84578.63,1,True,0.1163267078203518,4,False,8.7109
1790999100000,1790999511491,2026-10-02,2026-10-02T23:51:51.491000-04:00,UP,0.66,84634.81,1,True,0.6706790320314259,1,False,11.998799999999997
1791000000000,1791000243487,2026-10-03,2026-10-03T00:04:03.487000-04:00,UP,0.74,84681.46,0,True,0.7643214536053677,1,False,-24.8645
1791000900000,1791001140346,2026-10-03,2026-10-03T00:19:00.346000-04:00,DOWN,0.84,84646.65,1,True,0.7509484064452154,3,False,4.367100000000001
1791001800000,1791002043914,2026-10-03,2026-10-03T00:34:03.914000-04:00,UP,0.74,84520.59,1,True,0.46277209071759956,0,False,8.1355
1791002700000,1791002945732,2026-10-03,2026-10-03T00:49:05.732000-04:00,UP,0.85,84539.71,1,True,0.2819862624815568,4,False,4.091100000000001
1791003600000,1791003839727,2026-10-03,2026-10-03T01:03:59.727000-04:00,DOWN,0.77,84571.37,1,True,0.2526013678334268,6,False,6.9632
1791004500000,1791004748459,2026-10-03,2026-10-03T01:19:08.459000-04:00,UP,0.75,84554.53,1,True,0.49997952670445844,7,False,7.8168
1791005400000,1791005642854,2026-10-03,2026-10-03T01:34:02.854000-04:00,UP,0.69,84612.03,1,True,0.9382169384560711,1,False,10.620900000000002
1791006300000,1791006541707,2026-10-03,2026-10-03T01:49:01.707000-04:00,UP,0.7,84625.51,0,True,0.29134330541252484,6,False,-25.014499999999998
1791007200000,1791007440381,2026-10-03,2026-10-03T02:04:00.381000-04:00,UP,0.76,84621.88,0,True,0.09590795192512534,4,False,-24.7286
1791008100000,1791008355747,2026-10-03,2026-10-03T02:19:15.747000-04:00,UP,0.65,84619.88,1,True,0.24956688414524514,2,False,12.694799999999999
1791009000000,1791009377309,2026-10-03,2026-10-03T02:36:17.309000-04:00,DOWN,0.69,84634.87,0,True,0.0011289259533216205,2,False,-25.379099999999998
1791009900000,1791010161390,2026-10-03,2026-10-03T02:49:21.390000-04:00,DOWN,0.67,84639.29,1,True,0.15709510042553926,7,False,11.6373
1791010800000,1791011173172,2026-10-03,2026-10-03T03:06:13.172000-04:00,UP,0.72,84559.59,1,True,0.3604320300645071,1,False,9.0401
1791011700000,1791011968779,2026-10-03,2026-10-03T03:19:28.779000-04:00,DOWN,0.65,84598.41,0,True,0.2877784146740205,0,False,-25.3052
1791012600000,1791012840171,2026-10-03,2026-10-03T03:34:00.171000-04:00,UP,0.65,84608.85,0,True,0.506551310262296,1,False,-25.3052
1791013500000,1791013746594,2026-10-03,2026-10-03T03:49:06.594000-04:00,UP,0.72,84570.13,1,True,0.4282314460229757,2,False,9.0401
1791014400000,1791014660114,2026-10-03,2026-10-03T04:04:20.114000-04:00,UP,0.66,84571.61,1,True,0.04562951351398034,4,False,11.998799999999997
1791015300000,1791015542343,2026-10-03,2026-10-03T04:19:02.343000-04:00,DOWN,0.66,84630.53,1,True,0.3777115648165347,4,False,11.998799999999997
1791016200000,1791016447568,2026-10-03,2026-10-03T04:34:07.568000-04:00,DOWN,0.74,84599.07,0,True,0.35189433903283923,1,False,-24.8645
1791017100000,1791017445358,2026-10-03,2026-10-03T04:50:45.358000-04:00,UP,0.65,84615.35,0,True,0.5900907593677955,3,False,-25.3052
1791018000000,1791018245514,2026-10-03,2026-10-03T05:04:05.514000-04:00,UP,0.72,84614.3,1,True,0.28861462463094445,3,False,9.0401
1791018900000,1791019147478,2026-10-03,2026-10-03T05:19:07.478000-04:00,DOWN,0.65,84629.41,1,True,0.1492641239342463,4,False,12.694799999999999
1791019800000,1791020180940,2026-10-03,2026-10-03T05:36:20.940000-04:00,DOWN,0.7,84585.68,1,True,0.45961607219519157,1,False,9.985500000000002
1791020700000,1791021232553,2026-10-03,2026-10-03T05:53:52.553000-04:00,UP,0.55,84578.45,1,True,0.2395333369192327,3,False,19.470299999999998
1791021600000,1791021904946,2026-10-03,2026-10-03T06:05:04.946000-04:00,UP,0.72,84584.03,0,True,0.22435888940497392,5,False,-24.9599
1791022500000,1791022795645,2026-10-03,2026-10-03T06:19:55.645000-04:00,DOWN,0.66,84575.05,0,True,0.22779227160083462,1,False,-25.0012
1791023400000,1791023939286,2026-10-03,2026-10-03T06:38:59.286000-04:00,DOWN,0.52,84597.34,1,True,0.33750593179875454,6,False,22.2013
1791024300000,1791024546647,2026-10-03,2026-10-03T06:49:06.647000-04:00,UP,0.73,84596.4,1,True,0.2973873701017727,6,False,8.7109
1791025200000,1791025451816,2026-10-03,2026-10-03T07:04:11.816000-04:00,DOWN,0.81,84626.79,1,True,0.23617569742758568,2,False,5.3767999999999985
1791026100000,1791026344328,2026-10-03,2026-10-03T07:19:04.328000-04:00,UP,0.7,84621.61,1,True,0.1069516087305448,3,False,9.985500000000002
1791027000000,1791027308882,2026-10-03,2026-10-03T07:35:08.882000-04:00,UP,0.72,84634.39,1,True,0.0697409707383385,4,False,9.0401
1791027900000,1791028149125,2026-10-03,2026-10-03T07:49:09.125000-04:00,UP,0.87,84646.45,1,True,0.642377251377286,5,False,3.4183000000000003
1791028800000,1791029042171,2026-10-03,2026-10-03T08:04:02.171000-04:00,UP,0.79,84656.19,1,True,0.084270892616142,2,False,6.149899999999999
1791029700000,1791029941950,2026-10-03,2026-10-03T08:19:01.950000-04:00,UP,0.913,84678.67,1,True,0.6730270650273079,1,False,2.1987999999999994
1791030600000,1791030947699,2026-10-03,2026-10-03T08:35:47.699000-04:00,UP,0.66,84847.04,0,True,0.39921080409614146,2,False,-25.0012
1791031500000,1791031741371,2026-10-03,2026-10-03T08:49:01.371000-04:00,UP,0.71,84802.16,1,True,0.07775366764701781,2,False,9.645500000000002
1791032400000,1791032645392,2026-10-03,2026-10-03T09:04:05.392000-04:00,DOWN,0.66,84872.72,1,True,0.13211696490912703,2,False,11.998799999999997
1791033300000,1791033546812,2026-10-03,2026-10-03T09:19:06.812000-04:00,DOWN,0.78,84846.15,1,True,0.23338599688816597,4,False,6.655599999999999
1791034200000,1791034454134,2026-10-03,2026-10-03T09:34:14.134000-04:00,UP,0.88,84803.91,1,True,0.08261969321577128,4,False,3.153
1791035100000,1791035361934,2026-10-03,2026-10-03T09:49:21.934000-04:00,UP,0.66,84838.01,1,True,0.15058370205477214,3,False,11.998799999999997
1791036000000,1791036248537,2026-10-03,2026-10-03T10:04:08.537000-04:00,DOWN,0.87,84856.02,1,True,0.38412919773427756,2,False,3.4183000000000003
1791036900000,1791037145017,2026-10-03,2026-10-03T10:19:05.017000-04:00,UP,0.66,84792.09,1,True,0.20387505316226714,4,False,11.998799999999997
1791037800000,1791038041977,2026-10-03,2026-10-03T10:34:01.977000-04:00,DOWN,0.79,84814.79,1,True,0.20353695698086086,2,False,6.149899999999999
1791038700000,1791038939964,2026-10-03,2026-10-03T10:48:59.964000-04:00,UP,0.937,84753.89,1,True,0.13909931590508054,2,False,1.5304999999999986
1791039600000,1791039843536,2026-10-03,2026-10-03T11:04:03.536000-04:00,DOWN,0.86,84832.02,1,True,0.17700964976204023,2,False,3.8155000000000006
1791040500000,1791040837050,2026-10-03,2026-10-03T11:20:37.050000-04:00,UP,0.71,84829.17,1,True,0.3803872370211791,7,False,9.645500000000002
1791041400000,1791041646357,2026-10-03,2026-10-03T11:34:06.357000-04:00,DOWN,0.82,84833.49,0,True,0.42260258614323426,2,False,-24.909999999999997
1791042300000,1791042600852,2026-10-03,2026-10-03T11:50:00.852000-04:00,UP,0.67,84834.47,1,True,0.7158592550854264,3,False,11.6373
1791043200000,1791043525003,2026-10-03,2026-10-03T12:05:25.003000-04:00,DOWN,0.74,84856.47,1,True,0.03815558851294082,2,False,8.1355
1791044100000,1791044342610,2026-10-03,2026-10-03T12:19:02.610000-04:00,DOWN,0.66,84824.26,1,True,0.4639351427720117,1,False,11.998799999999997
1791045000000,1791045241012,2026-10-03,2026-10-03T12:34:01.012000-04:00,UP,0.72,84799.78,1,True,0.10923176271266864,2,False,9.0401
1791045900000,1791046148900,2026-10-03,2026-10-03T12:49:08.900000-04:00,UP,0.7,84824.82,1,True,0.3779301873295559,3,False,9.985500000000002
1791046800000,1791047270247,2026-10-03,2026-10-03T13:07:50.247000-04:00,UP,0.72,84856.61,1,True,0.26746866777072326,3,False,9.0401
1791047700000,1791047942856,2026-10-03,2026-10-03T13:19:02.856000-04:00,UP,0.83,84873.43,1,True,0.6961988542990558,1,False,4.803600000000001
1791048600000,1791048848985,2026-10-03,2026-10-03T13:34:08.985000-04:00,DOWN,0.85,84893.66,0,True,0.3528967144397593,3,False,-24.9089
1791049500000,1791049745910,2026-10-03,2026-10-03T13:49:05.910000-04:00,DOWN,0.73,84950.17,0,True,0.4486607533371159,2,False,-25.2891
1791050400000,1791050800827,2026-10-03,2026-10-03T14:06:40.827000-04:00,UP,0.65,84996.59,0,True,0.5357962597668198,5,False,-25.3052
1791051300000,1791051541268,2026-10-03,2026-10-03T14:19:01.268000-04:00,DOWN,0.65,84981.12,1,True,0.21143827294101378,5,False,12.694799999999999
1791052200000,1791052444885,2026-10-03,2026-10-03T14:34:04.885000-04:00,DOWN,0.72,84978.53,1,True,0.12046151563143864,2,False,9.0401
1791053100000,1791053498055,2026-10-03,2026-10-03T14:51:38.055000-04:00,DOWN,0.68,84931.72,0,True,0.2780157858899532,3,False,-25.0284
1791054000000,1791054241398,2026-10-03,2026-10-03T15:04:01.398000-04:00,DOWN,0.921,84934.77,1,True,0.5052381551638938,2,False,1.9953999999999992
1791054900000,1791055186706,2026-10-03,2026-10-03T15:19:46.706000-04:00,DOWN,0.67,84856.01,1,True,0.345746934225758,5,False,11.6373
1791055800000,1791056046350,2026-10-03,2026-10-03T15:34:06.350000-04:00,DOWN,0.76,84830.61,1,True,0.68334070101066,1,False,7.2714
1791056700000,1791056948779,2026-10-03,2026-10-03T15:49:08.779000-04:00,DOWN,0.78,84798.53,0,True,0.5474705297399013,3,True,-25.3444
1791057600000,1791057839838,2026-10-03,2026-10-03T16:03:59.838000-04:00,UP,0.85,84834.38,1,True,0.8123082342030082,3,False,4.091100000000001
1791058500000,1791058813059,2026-10-03,2026-10-03T16:20:13.059000-04:00,UP,0.69,84873.32,1,True,0.0549218621178645,3,False,10.620900000000002
1791059400000,1791059724530,2026-10-03,2026-10-03T16:35:24.530000-04:00,DOWN,0.68,84883.92,1,True,0.05772867170986935,4,False,10.971599999999999
1791060300000,1791060566689,2026-10-03,2026-10-03T16:49:26.689000-04:00,DOWN,0.81,84847.22,1,True,0.5259418019974531,0,False,5.3767999999999985
1791061200000,1791061444795,2026-10-03,2026-10-03T17:04:04.795000-04:00,DOWN,0.69,84739.29,1,True,0.6824757990681108,7,False,10.620900000000002
1791062100000,1791062342362,2026-10-03,2026-10-03T17:19:02.362000-04:00,UP,0.79,84670.39,1,True,0.07426676919101592,4,False,6.149899999999999
1791063000000,1791063275009,2026-10-03,2026-10-03T17:34:35.009000-04:00,UP,0.65,84694.41,0,True,0.24261417686746503,3,False,-25.3052
1791063900000,1791064148341,2026-10-03,2026-10-03T17:49:08.341000-04:00,UP,0.7,84689.46,1,True,0.32150323099395717,1,False,9.985500000000002
1791064800000,1791065040671,2026-10-03,2026-10-03T18:04:00.671000-04:00,UP,0.67,84706.65,1,True,0.12926263487452513,4,False,11.6373
1791065700000,1791065996255,2026-10-03,2026-10-03T18:19:56.255000-04:00,DOWN,0.65,84776.27,1,True,0.3274515322695722,0,False,12.694799999999999
1791066600000,1791066918512,2026-10-03,2026-10-03T18:35:18.512000-04:00,UP,0.65,84761.62,1,True,0.11188275333561294,3,False,12.694799999999999
1791067500000,1791067830402,2026-10-03,2026-10-03T18:50:30.402000-04:00,UP,0.65,84780.82,0,True,0.7094698994257153,1,False,-25.3052
1791068400000,1791068819172,2026-10-03,2026-10-03T19:06:59.172000-04:00,DOWN,0.74,84767.33,1,True,0.3463535417978025,3,False,8.1355
1791069300000,1791069765584,2026-10-03,2026-10-03T19:22:45.584000-04:00,UP,0.82,84755.73,0,True,0.07165680075380924,4,False,-24.909999999999997
1791070200000,1791070491599,2026-10-03,2026-10-03T19:34:51.599000-04:00,UP,0.77,84733.88,1,True,0.15815254977213683,0,False,6.9632
1791071100000,1791071416513,2026-10-03,2026-10-03T19:50:16.513000-04:00,DOWN,0.65,84773.99,1,True,0.43761382665099613,4,False,12.694799999999999
1791072000000,1791072246693,2026-10-03,2026-10-03T20:04:06.693000-04:00,UP,0.71,84746.01,1,True,0.18754044137419207,2,True,9.645500000000002
1791072900000,1791073206450,2026-10-03,2026-10-03T20:20:06.450000-04:00,UP,0.68,84805.54,0,True,0.2840517203752367,4,False,-25.0284
1791073800000,1791074081407,2026-10-03,2026-10-03T20:34:41.407000-04:00,UP,0.7,84797.08,0,True,0.35695317000445886,4,False,-25.014499999999998
1791074700000,1791075003485,2026-10-03,2026-10-03T20:50:03.485000-04:00,UP,0.67,84790.67,0,True,0.18783817346038176,4,False,-25.362700000000004
1791075600000,1791076133657,2026-10-03,2026-10-03T21:08:53.657000-04:00,DOWN,0.53,84776.72,1,True,0.317707625282997,7,False,21.2704
1791076500000,1791076747715,2026-10-03,2026-10-03T21:19:07.715000-04:00,DOWN,0.72,84768.08,1,True,0.4302869037975471,3,False,9.0401
1791077400000,1791077707530,2026-10-03,2026-10-03T21:35:07.530000-04:00,UP,0.81,84739.37,1,True,0.6655859828758506,1,False,5.3767999999999985
1791078300000,1791078746582,2026-10-03,2026-10-03T21:52:26.582000-04:00,UP,0.71,84771.37,1,True,0.12230887893543257,4,False,9.645500000000002
1791079200000,1791079440024,2026-10-03,2026-10-03T22:04:00.024000-04:00,UP,0.79,84793.43,1,True,0.7378467401791668,3,False,6.149899999999999
1791080100000,1791080589052,2026-10-03,2026-10-03T22:23:09.052000-04:00,UP,0.76,84817.37,1,True,0.0010714129949039,4,False,7.2714
1791081000000,1791081249182,2026-10-03,2026-10-03T22:34:09.182000-04:00,UP,0.67,84822.76,0,True,0.09562007829913201,5,False,-25.362700000000004
1791081900000,1791082310044,2026-10-03,2026-10-03T22:51:50.044000-04:00,DOWN,0.69,84792.27,0,True,0.3200852581579307,2,False,-25.379099999999998
1791082800000,1791083330872,2026-10-03,2026-10-03T23:08:50.872000-04:00,UP,0.5,84793.71,1,True,0.5239520587773336,3,False,24.125
1791083700000,1791084158915,2026-10-03,2026-10-03T23:22:38.915000-04:00,UP,0.74,84796.66,0,True,0.16616105902138056,3,False,-24.8645
1791084600000,1791084845367,2026-10-03,2026-10-03T23:34:05.367000-04:00,UP,0.81,84787.45,1,True,0.18633790275766327,2,False,5.3767999999999985
1791085500000,1791085754228,2026-10-03,2026-10-03T23:49:14.228000-04:00,DOWN,0.66,84862.28,1,True,0.4178111494432511,4,False,11.998799999999997
1791086400000,1791086645806,2026-10-04,2026-10-04T00:04:05.806000-04:00,UP,0.69,84826.77,0,True,0.7037817382214615,0,False,-25.379099999999998
1791087300000,1791087790579,2026-10-04,2026-10-04T00:23:10.579000-04:00,UP,0.65,84804.99,1,True,0.5378884165281711,0,False,12.694799999999999
1791088200000,1791088732558,2026-10-04,2026-10-04T00:38:52.558000-04:00,DOWN,0.6,84811.96,1,True,0.024444444450927583,4,False,15.711200000000002
1791089100000,1791089632372,2026-10-04,2026-10-04T00:53:52.372000-04:00,DOWN,0.55,84810.05,1,True,0.16372645815504985,3,False,19.470299999999998
1791090000000,1791090248500,2026-10-04,2026-10-04T01:04:08.500000-04:00,UP,0.77,84809.33,1,True,0.3695386476691452,4,False,6.9632
1791090900000,1791091175285,2026-10-04,2026-10-04T01:19:35.285000-04:00,UP,0.89,84823.05,1,True,0.02047322225181581,2,False,2.8880999999999997
1791091800000,1791092088914,2026-10-04,2026-10-04T01:34:48.914000-04:00,UP,0.75,84847.51,1,True,0.4336668180263517,5,False,7.8168
1791092700000,1791092939913,2026-10-04,2026-10-04T01:48:59.913000-04:00,DOWN,0.71,84904.15,1,True,0.7670932424124399,2,False,9.645500000000002
1791093600000,1791093910447,2026-10-04,2026-10-04T02:05:10.447000-04:00,UP,0.66,84899.44,1,True,0.1818783802212336,3,False,11.998799999999997
1791094500000,1791094739259,2026-10-04,2026-10-04T02:18:59.259000-04:00,UP,0.68,84903.57,0,True,0.19603797511241025,0,False,-25.0284
1791095400000,1791095649930,2026-10-04,2026-10-04T02:34:09.930000-04:00,UP,0.89,84900.41,1,True,0.3156182456841432,2,False,2.8880999999999997
1791096300000,1791096540938,2026-10-04,2026-10-04T02:49:00.938000-04:00,UP,0.79,84952.51,1,True,0.15353147867633452,2,False,6.149899999999999
1791097200000,1791097643076,2026-10-04,2026-10-04T03:07:23.076000-04:00,DOWN,0.68,85019.96,1,True,0.08011803168256293,4,False,10.971599999999999
1791098100000,1791098349142,2026-10-04,2026-10-04T03:19:09.142000-04:00,DOWN,0.902,84983.89,1,True,0.9707477878165477,1,False,2.4788999999999994
1791099000000,1791099247575,2026-10-04,2026-10-04T03:34:07.575000-04:00,DOWN,0.85,84967.14,1,True,0.15108483154800514,2,False,4.091100000000001
1791099900000,1791100148987,2026-10-04,2026-10-04T03:49:08.987000-04:00,UP,0.87,84959.41,1,True,0.6530627993761974,1,False,3.4183000000000003
1791100800000,1791101074215,2026-10-04,2026-10-04T04:04:34.215000-04:00,UP,0.68,85086.47,1,True,0.718294578421688,1,False,10.971599999999999
1791101700000,1791102009622,2026-10-04,2026-10-04T04:20:09.622000-04:00,DOWN,0.73,85142.88,0,True,0.10422637840621289,2,False,-25.2891
1791102600000,1791102841507,2026-10-04,2026-10-04T04:34:01.507000-04:00,DOWN,0.913,85156.97,1,True,0.31546428593851605,2,False,2.1987999999999994
1791103500000,1791103747195,2026-10-04,2026-10-04T04:49:07.195000-04:00,UP,0.76,85066.29,1,True,0.23142161799905997,2,False,7.2714
1791104400000,1791104639418,2026-10-04,2026-10-04T05:03:59.418000-04:00,DOWN,0.82,85094.19,0,True,0.48188276240265876,1,False,-24.909999999999997
1791105300000,1791105548173,2026-10-04,2026-10-04T05:19:08.173000-04:00,UP,0.73,85121.78,1,True,0.8019710279161694,3,False,8.7109
1791106200000,1791106440715,2026-10-04,2026-10-04T05:34:00.715000-04:00,DOWN,0.73,85260.53,0,True,0.6633255852162216,2,False,-25.2891
1791107100000,1791107345182,2026-10-04,2026-10-04T05:49:05.182000-04:00,UP,0.73,85267.49,0,True,0.2551634663217274,3,False,-25.2891
1791108000000,1791108245203,2026-10-04,2026-10-04T06:04:05.203000-04:00,UP,0.79,85224.2,1,True,0.24865072314348413,2,False,6.149899999999999
1791108900000,1791109140403,2026-10-04,2026-10-04T06:19:00.403000-04:00,UP,0.9,85232.28,1,True,0.303248325885064,2,False,2.529899999999999
1791109800000,1791110046251,2026-10-04,2026-10-04T06:34:06.251000-04:00,DOWN,0.71,85398.04,1,True,0.23566044091550134,2,False,9.645500000000002
1791110700000,1791111238902,2026-10-04,2026-10-04T06:53:58.902000-04:00,DOWN,0.61,85330.13,1,True,0.33896379296643503,4,False,14.933800000000002
1791111600000,1791111841715,2026-10-04,2026-10-04T07:04:01.715000-04:00,DOWN,0.82,85265.68,1,True,0.8470988577357733,1,True,5.090000000000002
1791112500000,1791112743879,2026-10-04,2026-10-04T07:19:03.879000-04:00,UP,0.68,85251.91,1,True,0.468486540517035,1,False,10.971599999999999
1791113400000,1791113746455,2026-10-04,2026-10-04T07:35:46.455000-04:00,DOWN,0.65,85305.87,1,True,0.49629067980847286,3,False,12.694799999999999
1791114300000,1791114645423,2026-10-04,2026-10-04T07:50:45.423000-04:00,UP,0.7,85263.95,1,True,0.5345469177753427,1,False,9.985500000000002
1791115200000,1791115444523,2026-10-04,2026-10-04T08:04:04.523000-04:00,UP,0.71,85300.7,0,True,0.535854965527199,1,False,-25.354499999999998
1791116100000,1791116368776,2026-10-04,2026-10-04T08:19:28.776000-04:00,DOWN,0.65,85248.8,0,True,0.3606327562429365,1,False,-25.3052
1791117000000,1791117383752,2026-10-04,2026-10-04T08:36:23.752000-04:00,DOWN,0.68,85265.05,1,True,0.1693415472783775,2,False,10.971599999999999
1791117900000,1791118145231,2026-10-04,2026-10-04T08:49:05.231000-04:00,DOWN,0.8,85203.41,1,True,0.9571366889165237,1,False,5.8527999999999984
1791118800000,1791119226774,2026-10-04,2026-10-04T09:07:06.774000-04:00,UP,0.71,85125.56,1,True,0.20455921255611817,4,False,9.645500000000002
1791119700000,1791119939264,2026-10-04,2026-10-04T09:18:59.264000-04:00,UP,0.7,85153.13,1,True,0.504136669763545,1,False,9.985500000000002
1791120600000,1791120842511,2026-10-04,2026-10-04T09:34:02.511000-04:00,UP,0.75,85211.39,1,True,0.6769407839691354,1,False,7.8168
1791121500000,1791121743150,2026-10-04,2026-10-04T09:49:03.150000-04:00,UP,0.82,85221.14,1,True,0.10741334905164468,4,False,5.090000000000002
1791122400000,1791122849458,2026-10-04,2026-10-04T10:07:29.458000-04:00,DOWN,0.67,85235.33,1,True,0.5751774439047083,3,False,11.6373
1791123300000,1791123547669,2026-10-04,2026-10-04T10:19:07.669000-04:00,DOWN,0.72,85199.51,1,True,0.37618967128584047,1,False,9.0401
1791124200000,1791124643451,2026-10-04,2026-10-04T10:37:23.451000-04:00,DOWN,0.82,85169.62,1,True,0.6320950980682642,3,False,5.090000000000002
1791125100000,1791125340060,2026-10-04,2026-10-04T10:49:00.060000-04:00,DOWN,0.74,85125.9,0,True,0.8403560111939833,1,False,-24.8645
1791126000000,1791126247808,2026-10-04,2026-10-04T11:04:07.808000-04:00,UP,0.73,85266.07,1,True,1.0,1,False,8.7109
1791126900000,1791127146780,2026-10-04,2026-10-04T11:19:06.780000-04:00,UP,0.7,85320.6,0,True,0.22689329858040388,3,False,-25.014499999999998
1791127800000,1791128041176,2026-10-04,2026-10-04T11:34:01.176000-04:00,DOWN,0.65,85315.71,0,True,0.14485874327906842,3,False,-25.3052
1791128700000,1791128968670,2026-10-04,2026-10-04T11:49:28.670000-04:00,UP,0.69,85329.37,0,True,0.6314714235875499,3,False,-25.379099999999998
1791129600000,1791129840430,2026-10-04,2026-10-04T12:04:00.430000-04:00,DOWN,0.87,85275.02,1,True,0.9367641605050724,1,False,3.4183000000000003
1791130500000,1791130898751,2026-10-04,2026-10-04T12:21:38.751000-04:00,DOWN,0.68,85269.54,1,True,0.5025745193447714,4,False,10.971599999999999
1791131400000,1791131643714,2026-10-04,2026-10-04T12:34:03.714000-04:00,UP,0.76,85233.37,1,True,0.02931907987262506,2,False,7.2714
1791132300000,1791132569232,2026-10-04,2026-10-04T12:49:29.232000-04:00,UP,0.85,85331.76,1,True,0.7023467603452224,2,False,4.091100000000001
1791133200000,1791133460713,2026-10-04,2026-10-04T13:04:20.713000-04:00,UP,0.69,85358.37,0,False,,,,-25.379099999999998
1791134100000,1791134429147,2026-10-04,2026-10-04T13:20:29.147000-04:00,UP,0.65,85308.62,1,False,,,,12.694799999999999
1791135000000,1791135291282,2026-10-04,2026-10-04T13:34:51.282000-04:00,DOWN,0.65,85370.31,0,True,0.7454663942532691,1,False,-25.3052
1791135900000,1791136345271,2026-10-04,2026-10-04T13:52:25.271000-04:00,DOWN,0.74,85385.92,1,True,0.11142881071080336,2,False,8.1355
1791136800000,1791137067718,2026-10-04,2026-10-04T14:04:27.718000-04:00,UP,0.69,85307.54,0,True,0.7243462939022923,2,False,-25.379099999999998
1791137700000,1791137958821,2026-10-04,2026-10-04T14:19:18.821000-04:00,UP,0.67,85305.92,1,True,0.0653669955073448,4,False,11.6373
1791138600000,1791138979094,2026-10-04,2026-10-04T14:36:19.094000-04:00,UP,0.67,85312.09,1,True,0.09304512355815847,3,False,11.6373
1791139500000,1791139745145,2026-10-04,2026-10-04T14:49:05.145000-04:00,DOWN,0.68,85335.57,1,True,0.34124403300609574,1,False,10.971599999999999
1791140400000,1791140639447,2026-10-04,2026-10-04T15:03:59.447000-04:00,UP,0.74,85327.74,1,True,0.12203723032513523,4,False,8.1355
1791141300000,1791141693060,2026-10-04,2026-10-04T15:21:33.060000-04:00,UP,0.65,85371.53,1,True,0.00814986861780904,4,False,12.694799999999999
1791142200000,1791142448196,2026-10-04,2026-10-04T15:34:08.196000-04:00,UP,0.82,85447.0,0,True,0.8114319250524247,3,True,-24.909999999999997
1791143100000,1791143375342,2026-10-04,2026-10-04T15:49:35.342000-04:00,UP,0.69,85417.94,0,True,0.40095945527557175,4,False,-25.379099999999998
1791144000000,1791144306867,2026-10-04,2026-10-04T16:05:06.867000-04:00,DOWN,0.65,85414.8,0,True,0.21908222831982746,3,False,-25.3052
1791144900000,1791145145307,2026-10-04,2026-10-04T16:19:05.307000-04:00,UP,0.79,85415.86,1,True,0.32720610506358383,2,False,6.149899999999999
1791145800000,1791146055648,2026-10-04,2026-10-04T16:34:15.648000-04:00,UP,0.79,85452.46,1,True,0.04374843727333,4,False,6.149899999999999
1791146700000,1791146944535,2026-10-04,2026-10-04T16:49:04.535000-04:00,UP,0.73,85742.33,1,True,0.784476932429191,3,True,8.7109
1791147600000,1791147949160,2026-10-04,2026-10-04T17:05:49.160000-04:00,UP,0.66,85817.53,1,True,0.05979514531347859,8,False,11.998799999999997
1791148500000,1791148845524,2026-10-04,2026-10-04T17:20:45.524000-04:00,DOWN,0.79,86008.37,1,True,0.6643035145132514,3,False,6.149899999999999
1791149400000,1791149672683,2026-10-04,2026-10-04T17:34:32.683000-04:00,UP,0.65,85812.33,1,True,0.44812748611107267,2,False,12.694799999999999
1791150300000,1791150585877,2026-10-04,2026-10-04T17:49:45.877000-04:00,DOWN,0.7,85964.27,1,True,0.7158568872166423,3,False,9.985500000000002
1791151200000,1791151443921,2026-10-04,2026-10-04T18:04:03.921000-04:00,UP,0.87,85831.75,1,True,0.1736583896849077,2,True,3.4183000000000003
1791152100000,1791152342746,2026-10-04,2026-10-04T18:19:02.746000-04:00,UP,0.89,86315.92,0,True,0.8048211552550806,1,True,-25.111900000000002
1791153000000,1791153245491,2026-10-04,2026-10-04T18:34:05.491000-04:00,UP,0.69,86266.78,1,True,0.44367448450209623,2,False,10.620900000000002
1791153900000,1791154141917,2026-10-04,2026-10-04T18:49:01.917000-04:00,DOWN,0.65,86382.01,0,True,0.052563804797338694,4,False,-25.3052
1791154800000,1791155096606,2026-10-04,2026-10-04T19:04:56.606000-04:00,UP,0.67,86404.71,1,True,0.15194364364754195,4,False,11.6373
1791155700000,1791156238983,2026-10-04,2026-10-04T19:23:58.983000-04:00,UP,0.62,86577.85,1,True,0.4063083287683172,5,False,14.540299999999998
1791156600000,1791156849014,2026-10-04,2026-10-04T19:34:09.014000-04:00,DOWN,0.72,86697.4,1,True,0.10977363447118671,2,False,9.0401
1791157500000,1791157874838,2026-10-04,2026-10-04T19:51:14.838000-04:00,UP,0.66,86485.78,1,True,0.07593439831853283,2,False,11.998799999999997
1791158400000,1791158647263,2026-10-04,2026-10-04T20:04:07.263000-04:00,DOWN,0.78,86505.93,1,True,0.4128609738366172,3,True,6.655599999999999
1791159300000,1791159540238,2026-10-04,2026-10-04T20:19:00.238000-04:00,UP,0.68,86344.42,0,True,0.18801415596833765,3,False,-25.0284
1791160200000,1791160610116,2026-10-04,2026-10-04T20:36:50.116000-04:00,UP,0.7,86262.95,1,True,0.7492486831165844,1,False,9.985500000000002
1791161100000,1791161496952,2026-10-04,2026-10-04T20:51:36.952000-04:00,UP,0.73,86587.36,1,True,0.6607936410757285,2,False,8.7109
1791162000000,1791162242348,2026-10-04,2026-10-04T21:04:02.348000-04:00,DOWN,0.84,86659.29,0,True,0.2133513800903944,2,False,-24.6329
1791162900000,1791163174493,2026-10-04,2026-10-04T21:19:34.493000-04:00,UP,0.73,86664.33,1,True,0.5597883399145394,1,True,8.7109
1791163800000,1791164047782,2026-10-04,2026-10-04T21:34:07.782000-04:00,DOWN,0.83,86947.11,1,True,0.09083405406345038,2,False,4.803600000000001
1791164700000,1791165056935,2026-10-04,2026-10-04T21:50:56.935000-04:00,DOWN,0.77,86711.67,1,True,0.10066631812109308,5,False,6.9632
1791165600000,1791165866111,2026-10-04,2026-10-04T22:04:26.111000-04:00,UP,0.7,86601.75,1,True,0.6908083388291043,3,False,9.985500000000002
1791166500000,1791166741717,2026-10-04,2026-10-04T22:19:01.717000-04:00,DOWN,0.77,86672.54,1,True,0.005684574431099075,6,False,6.9632
1791167400000,1791167646084,2026-10-04,2026-10-04T22:34:06.084000-04:00,DOWN,0.69,86516.66,0,True,0.5159710353233576,1,True,-25.379099999999998
1791168300000,1791168544650,2026-10-04,2026-10-04T22:49:04.650000-04:00,DOWN,0.76,86660.91,1,True,0.43404880160030235,4,False,7.2714
1791169200000,1791169533882,2026-10-04,2026-10-04T23:05:33.882000-04:00,DOWN,0.68,86505.49,1,True,0.42230106978037923,3,False,10.971599999999999
1791170100000,1791170339235,2026-10-04,2026-10-04T23:18:59.235000-04:00,DOWN,0.75,86486.54,1,True,0.26756069785708547,1,False,7.8168
1791171000000,1791171240257,2026-10-04,2026-10-04T23:34:00.257000-04:00,DOWN,0.78,86433.24,1,True,0.15552701455513462,2,False,6.655599999999999
1791171900000,1791172155617,2026-10-04,2026-10-04T23:49:15.617000-04:00,UP,0.68,86243.85,0,True,0.34302705613942924,0,False,-25.0284
1791172800000,1791173199069,2026-10-05,2026-10-05T00:06:39.069000-04:00,UP,0.7,86045.36,0,True,0.6110390984421564,5,False,-25.014499999999998
1791173700000,1791173943829,2026-10-05,2026-10-05T00:19:03.829000-04:00,DOWN,0.79,85946.09,1,True,0.530513932854517,3,False,6.149899999999999
1791174600000,1791174847883,2026-10-05,2026-10-05T00:34:07.883000-04:00,DOWN,0.83,85755.53,1,True,0.4381553195655843,3,True,4.803600000000001
1791175500000,1791175750669,2026-10-05,2026-10-05T00:49:10.669000-04:00,UP,0.71,85573.46,0,True,0.2807154673465334,3,False,-25.354499999999998
1791176400000,1791176649926,2026-10-05,2026-10-05T01:04:09.926000-04:00,DOWN,0.66,85503.02,1,True,0.652991761399539,5,False,11.998799999999997
1791177300000,1791177548377,2026-10-05,2026-10-05T01:19:08.377000-04:00,DOWN,0.76,85489.06,0,True,0.0987862760841928,2,False,-24.7286
1791178200000,1791178442954,2026-10-05,2026-10-05T01:34:02.954000-04:00,UP,0.65,85501.39,1,True,0.25368431614388864,1,False,12.694799999999999
1791179100000,1791179630222,2026-10-05,2026-10-05T01:53:50.222000-04:00,DOWN,0.64,85720.37,0,True,0.17228028801402676,4,False,-25.589000000000002
1791180000000,1791180240772,2026-10-05,2026-10-05T02:04:00.772000-04:00,UP,0.9,85724.84,1,True,0.7681129733838876,5,True,2.529899999999999
1791180900000,1791181149248,2026-10-05,2026-10-05T02:19:09.248000-04:00,UP,0.82,85884.15,0,True,0.5375682086651261,1,True,-24.909999999999997
1791181800000,1791182053817,2026-10-05,2026-10-05T02:34:13.817000-04:00,DOWN,0.68,85876.79,1,True,0.38941599495487483,3,False,10.971599999999999
1791182700000,1791182942153,2026-10-05,2026-10-05T02:49:02.153000-04:00,UP,0.951,85797.86,1,True,0.535057785358829,2,False,1.1891000000000012
1791183600000,1791184115658,2026-10-05,2026-10-05T03:08:35.658000-04:00,UP,0.8,86207.8,1,True,0.3218594802797241,5,False,5.8527999999999984
1791184500000,1791184748790,2026-10-05,2026-10-05T03:19:08.790000-04:00,UP,0.69,86269.96,0,True,0.2470837119614528,5,True,-25.379099999999998
1791185400000,1791185652192,2026-10-05,2026-10-05T03:34:12.192000-04:00,UP,0.65,86190.88,1,True,0.30921856048969754,2,False,12.694799999999999
1791186300000,1791186546902,2026-10-05,2026-10-05T03:49:06.902000-04:00,DOWN,0.73,86363.11,1,True,0.15942080735500747,2,False,8.7109
1791187200000,1791187441194,2026-10-05,2026-10-05T04:04:01.194000-04:00,UP,0.84,86188.6,1,True,0.0641242660293044,2,False,4.367100000000001
1791188100000,1791188349286,2026-10-05,2026-10-05T04:19:09.286000-04:00,DOWN,0.82,86395.4,0,True,0.16421103987731797,2,False,-24.909999999999997
1791189000000,1791189280712,2026-10-05,2026-10-05T04:34:40.712000-04:00,DOWN,0.82,86401.75,1,True,0.26225322281568203,1,False,5.090000000000002
1791189900000,1791190141359,2026-10-05,2026-10-05T04:49:01.359000-04:00,DOWN,0.91,86268.15,1,True,0.6971406150884638,1,True,2.2751999999999994
1791190800000,1791191043616,2026-10-05,2026-10-05T05:04:03.616000-04:00,DOWN,0.69,86205.14,1,True,0.2635340835224854,4,False,10.620900000000002
1791191700000,1791191946120,2026-10-05,2026-10-05T05:19:06.120000-04:00,DOWN,0.89,85970.27,1,True,0.9216236402808741,3,True,2.8880999999999997
1791192600000,1791193110328,2026-10-05,2026-10-05T05:38:30.328000-04:00,UP,0.8,85868.12,1,True,0.05232354262053732,7,False,5.8527999999999984
1791193500000,1791193796222,2026-10-05,2026-10-05T05:49:56.222000-04:00,UP,0.67,85939.7,1,True,0.3425477889128185,2,False,11.6373
1791194400000,1791194648134,2026-10-05,2026-10-05T06:04:08.134000-04:00,UP,0.8,85950.36,1,True,0.4241766517860694,5,False,5.8527999999999984
1791195300000,1791195549046,2026-10-05,2026-10-05T06:19:09.046000-04:00,UP,0.7,86006.62,1,True,0.22941087787769937,2,False,9.985500000000002
1791196200000,1791196448606,2026-10-05,2026-10-05T06:34:08.606000-04:00,DOWN,0.86,86085.0,1,True,0.16502121453283233,2,False,3.8155000000000006
1791197100000,1791197343594,2026-10-05,2026-10-05T06:49:03.594000-04:00,UP,0.87,86016.03,1,True,0.29104428890006484,3,False,3.4183000000000003
1791198000000,1791198245410,2026-10-05,2026-10-05T07:04:05.410000-04:00,DOWN,0.86,86097.13,1,True,0.3287161451359366,3,False,3.8155000000000006
1791198900000,1791199143571,2026-10-05,2026-10-05T07:19:03.571000-04:00,UP,0.77,85931.95,1,True,0.15198827205794196,2,False,6.9632
1791199800000,1791200044184,2026-10-05,2026-10-05T07:34:04.184000-04:00,DOWN,0.67,86189.77,1,True,0.5909529208792972,2,False,11.6373
1791200700000,1791201114689,2026-10-05,2026-10-05T07:51:54.689000-04:00,DOWN,0.79,86064.36,0,True,0.22144801655211932,3,False,-24.8501
1791201600000,1791201848130,2026-10-05,2026-10-05T08:04:08.130000-04:00,DOWN,0.72,86195.77,1,True,0.3493774176557209,2,False,9.0401
1791202500000,1791202856004,2026-10-05,2026-10-05T08:20:56.004000-04:00,DOWN,0.66,86118.82,1,True,0.20006179738231683,3,False,11.998799999999997
1791203400000,1791203642338,2026-10-05,2026-10-05T08:34:02.338000-04:00,DOWN,0.77,86033.69,1,True,0.6766184314356319,3,False,6.9632
1791204300000,1791204546558,2026-10-05,2026-10-05T08:49:06.558000-04:00,DOWN,0.77,85909.59,1,True,0.3602810645739693,3,False,6.9632
1791205200000,1791205444623,2026-10-05,2026-10-05T09:04:04.623000-04:00,UP,0.932,85875.89,1,True,0.42788731744406966,5,False,1.6525999999999987
1791206100000,1791206347201,2026-10-05,2026-10-05T09:19:07.201000-04:00,UP,0.73,86120.91,0,True,0.5521203646965918,3,False,-25.2891
1791207000000,1791207243353,2026-10-05,2026-10-05T09:34:03.353000-04:00,DOWN,0.82,86093.08,1,True,0.5267147680871145,1,False,5.090000000000002
1791207900000,1791208145061,2026-10-05,2026-10-05T09:49:05.061000-04:00,UP,0.9,85967.08,1,True,0.4445385119803083,7,False,2.529899999999999
1791208800000,1791209057044,2026-10-05,2026-10-05T10:04:17.044000-04:00,DOWN,0.73,86409.81,0,True,0.0802012166103692,4,False,-25.2891
1791209700000,1791209939118,2026-10-05,2026-10-05T10:18:59.118000-04:00,DOWN,0.74,86650.13,1,True,0.3052833353787447,4,False,8.1355
1791210600000,1791210843654,2026-10-05,2026-10-05T10:34:03.654000-04:00,DOWN,0.966,86279.12,1,True,0.7715634137518846,1,True,0.7925000000000008
1791211500000,1791211739250,2026-10-05,2026-10-05T10:48:59.250000-04:00,DOWN,0.78,85781.88,1,True,0.38973715523109587,3,False,6.655599999999999
1791212400000,1791212689581,2026-10-05,2026-10-05T11:04:49.581000-04:00,DOWN,0.65,85605.89,1,True,0.23122407540816953,5,False,12.694799999999999
1791213300000,1791213833017,2026-10-05,2026-10-05T11:23:53.017000-04:00,DOWN,0.56,85532.09,1,True,0.2390462048740925,7,False,18.601
1791214200000,1791214445122,2026-10-05,2026-10-05T11:34:05.122000-04:00,DOWN,0.929,85524.5,1,True,0.45665761565675456,6,True,1.7258999999999987
1791215100000,1791215348651,2026-10-05,2026-10-05T11:49:08.651000-04:00,UP,0.66,85311.71,0,True,0.19810939855823897,5,False,-25.0012
1791216000000,1791216247976,2026-10-05,2026-10-05T12:04:07.976000-04:00,DOWN,0.7,85246.9,1,True,0.6088961048179258,3,False,9.985500000000002
1791216900000,1791217142141,2026-10-05,2026-10-05T12:19:02.141000-04:00,DOWN,0.72,85238.81,1,True,0.25532780291926976,2,True,9.0401
1791217800000,1791218044991,2026-10-05,2026-10-05T12:34:04.991000-04:00,UP,0.66,85131.8,1,True,0.15650614705589916,3,False,11.998799999999997
1791218700000,1791218967077,2026-10-05,2026-10-05T12:49:27.077000-04:00,UP,0.72,85164.11,1,True,0.01465177008675876,2,False,9.0401
1791219600000,1791219839965,2026-10-05,2026-10-05T13:03:59.965000-04:00,DOWN,0.85,85305.08,1,True,0.2886365664319511,2,False,4.091100000000001
1791220500000,1791220749005,2026-10-05,2026-10-05T13:19:09.005000-04:00,UP,0.86,85250.58,1,True,0.48470222489176207,3,False,3.8155000000000006
1791221400000,1791221646466,2026-10-05,2026-10-05T13:34:06.466000-04:00,DOWN,0.74,85366.38,1,True,0.18832435124148733,2,False,8.1355
1791222300000,1791222540404,2026-10-05,2026-10-05T13:49:00.404000-04:00,DOWN,0.81,85319.11,0,True,0.29811391300739565,4,True,-24.6232
1791223200000,1791223505729,2026-10-05,2026-10-05T14:05:05.729000-04:00,DOWN,0.7,85423.41,0,True,0.4922514910297788,2,False,-25.014499999999998
1791224100000,1791224348927,2026-10-05,2026-10-05T14:19:08.927000-04:00,UP,0.69,85432.83,1,True,0.16029659261726775,2,False,10.620900000000002
1791225000000,1791225310772,2026-10-05,2026-10-05T14:35:10.772000-04:00,UP,0.68,85579.27,1,True,0.42881915680824695,3,False,10.971599999999999
1791225900000,1791226390145,2026-10-05,2026-10-05T14:53:10.145000-04:00,DOWN,0.65,85615.46,0,True,0.012324878487171186,4,False,-25.3052
1791226800000,1791227041780,2026-10-05,2026-10-05T15:04:01.780000-04:00,DOWN,0.8,85652.99,0,True,0.25887693452489846,4,False,-25.1472
1791227700000,1791227948333,2026-10-05,2026-10-05T15:19:08.333000-04:00,UP,0.81,85684.11,1,True,0.5790104672713133,3,False,5.3767999999999985
1791228600000,1791228841675,2026-10-05,2026-10-05T15:34:01.675000-04:00,UP,0.68,85731.12,0,True,0.14992761427616338,2,False,-25.0284
1791229500000,1791229886128,2026-10-05,2026-10-05T15:51:26.128000-04:00,DOWN,0.68,85718.26,0,True,0.1745565218257676,3,False,-25.0284
1791230400000,1791230730256,2026-10-05,2026-10-05T16:05:30.256000-04:00,DOWN,0.7,85729.81,1,True,0.04137161762017182,2,False,9.985500000000002
1791231300000,1791231543940,2026-10-05,2026-10-05T16:19:03.940000-04:00,UP,0.76,85679.51,1,True,0.2377270590279103,4,False,7.2714
1791232200000,1791232538647,2026-10-05,2026-10-05T16:35:38.647000-04:00,DOWN,0.79,85770.8,0,True,0.15337885925223457,6,False,-24.8501
1791233100000,1791233346951,2026-10-05,2026-10-05T16:49:06.951000-04:00,UP,0.69,85787.94,1,True,0.31736030559717576,3,False,10.620900000000002
1791234000000,1791234245022,2026-10-05,2026-10-05T17:04:05.022000-04:00,DOWN,0.82,85791.7,1,True,0.5056224557580624,1,True,5.090000000000002
1791234900000,1791235145631,2026-10-05,2026-10-05T17:19:05.631000-04:00,UP,0.83,85733.2,1,True,0.2996795859269674,3,False,4.803600000000001
1791235800000,1791236047320,2026-10-05,2026-10-05T17:34:07.320000-04:00,UP,0.68,85805.68,1,True,0.3781019108133378,3,False,10.971599999999999
1791236700000,1791237027097,2026-10-05,2026-10-05T17:50:27.097000-04:00,UP,0.67,85912.96,1,True,0.182333693128411,2,False,11.6373
1791237600000,1791237902298,2026-10-05,2026-10-05T18:05:02.298000-04:00,UP,0.69,85952.42,1,True,0.5652424569025484,1,False,10.620900000000002
1791238500000,1791238764860,2026-10-05,2026-10-05T18:19:24.860000-04:00,UP,0.7,85962.14,1,True,0.00478639523158676,2,False,9.985500000000002
1791239400000,1791239651371,2026-10-05,2026-10-05T18:34:11.371000-04:00,DOWN,0.65,85978.33,1,True,0.08167654050687546,2,False,12.694799999999999
1791240300000,1791240565598,2026-10-05,2026-10-05T18:49:25.598000-04:00,DOWN,0.65,85963.6,1,True,0.02564559038491768,4,False,12.694799999999999
1791241200000,1791241448304,2026-10-05,2026-10-05T19:04:08.304000-04:00,UP,0.76,85925.79,0,True,0.2541234429557827,4,True,-24.7286
1791242100000,1791242358477,2026-10-05,2026-10-05T19:19:18.477000-04:00,UP,0.65,85868.65,1,True,0.3702652327812956,2,False,12.694799999999999
1791243000000,1791243241195,2026-10-05,2026-10-05T19:34:01.195000-04:00,DOWN,0.75,85917.79,1,True,0.09991708226061063,4,False,7.8168
1791243900000,1791244146412,2026-10-05,2026-10-05T19:49:06.412000-04:00,DOWN,0.83,85831.89,1,True,0.8318772058698193,3,True,4.803600000000001
1791244800000,1791245040716,2026-10-05,2026-10-05T20:04:00.716000-04:00,UP,0.76,85776.0,1,True,0.44716793665067966,3,False,7.2714
1791245700000,1791245988885,2026-10-05,2026-10-05T20:19:48.885000-04:00,UP,0.67,85845.19,0,True,0.18759437472310783,3,False,-25.362700000000004
1791246600000,1791246841747,2026-10-05,2026-10-05T20:34:01.747000-04:00,UP,0.73,85828.14,0,True,0.014163581532744517,2,False,-25.2891
1791247500000,1791247796851,2026-10-05,2026-10-05T20:49:56.851000-04:00,UP,0.66,85795.29,1,True,0.3450105539520557,6,False,11.998799999999997
1791248400000,1791248645060,2026-10-05,2026-10-05T21:04:05.060000-04:00,UP,0.904,85861.4,1,True,0.8796869155985715,1,True,2.4278999999999993
1791249300000,1791249545568,2026-10-05,2026-10-05T21:19:05.568000-04:00,DOWN,0.91,86047.2,1,True,0.45004719571347895,3,False,2.2751999999999994
1791250200000,1791250447553,2026-10-05,2026-10-05T21:34:07.553000-04:00,DOWN,0.81,85970.96,1,True,0.03069665726557786,0,False,5.3767999999999985
1791251100000,1791251340302,2026-10-05,2026-10-05T21:49:00.302000-04:00,UP,0.67,85676.72,0,True,0.446775409389346,2,False,-25.362700000000004
1791252000000,1791252280666,2026-10-05,2026-10-05T22:04:40.666000-04:00,DOWN,0.73,85623.37,1,True,0.6212199234967409,5,False,8.7109
1791252900000,1791253147460,2026-10-05,2026-10-05T22:19:07.460000-04:00,UP,0.68,85466.61,1,True,0.3173329128891545,2,False,10.971599999999999
1791253800000,1791254078421,2026-10-05,2026-10-05T22:34:38.421000-04:00,DOWN,0.7,85629.96,1,True,0.32723412196476603,4,False,9.985500000000002
1791254700000,1791254947167,2026-10-05,2026-10-05T22:49:07.167000-04:00,DOWN,0.7,85610.62,1,True,0.2931115360166908,3,False,9.985500000000002
1791255600000,1791255848869,2026-10-05,2026-10-05T23:04:08.869000-04:00,UP,0.77,85517.0,1,True,0.1699442472930572,2,False,6.9632
1791256500000,1791256745738,2026-10-05,2026-10-05T23:19:05.738000-04:00,UP,0.66,85519.28,0,True,0.05172994526843976,4,False,-25.0012
1791257400000,1791257643994,2026-10-05,2026-10-05T23:34:03.994000-04:00,DOWN,0.9,85461.7,1,True,0.9772201654690048,1,True,2.529899999999999
1791258300000,1791258542026,2026-10-05,2026-10-05T23:49:02.026000-04:00,UP,0.74,85452.04,1,True,0.7479091251707926,1,False,8.1355
1791259200000,1791259447168,2026-10-06,2026-10-06T00:04:07.168000-04:00,UP,0.79,85482.32,1,True,0.24977498008883683,0,False,6.149899999999999
1791260100000,1791260362527,2026-10-06,2026-10-06T00:19:22.527000-04:00,DOWN,0.66,85602.2,1,True,0.3259110767884523,4,False,11.998799999999997
1791261000000,1791261311073,2026-10-06,2026-10-06T00:35:11.073000-04:00,DOWN,0.68,85571.0,0,True,0.23860993003171882,5,False,-25.0284
1791261900000,1791262139852,2026-10-06,2026-10-06T00:48:59.852000-04:00,DOWN,0.65,85576.76,0,True,0.03190870339865585,2,False,-25.3052
1791262800000,1791263046709,2026-10-06,2026-10-06T01:04:06.709000-04:00,DOWN,0.67,85598.49,0,True,0.07818955064610365,2,False,-25.362700000000004
1791263700000,1791263943768,2026-10-06,2026-10-06T01:19:03.768000-04:00,DOWN,0.66,85690.09,1,True,0.46522356098275225,4,False,11.998799999999997
1791264600000,1791264901188,2026-10-06,2026-10-06T01:35:01.188000-04:00,DOWN,0.73,85668.35,1,True,0.057497664032071835,4,False,8.7109
1791265500000,1791265740815,2026-10-06,2026-10-06T01:49:00.815000-04:00,DOWN,0.73,85576.35,1,True,0.6662810587590275,3,False,8.7109
1791266400000,1791266647694,2026-10-06,2026-10-06T02:04:07.694000-04:00,DOWN,0.9,85502.44,1,True,0.6824973128223727,1,True,2.529899999999999
1791267300000,1791267544823,2026-10-06,2026-10-06T02:19:04.823000-04:00,UP,0.8,85163.92,1,True,0.47114456112991154,2,False,5.8527999999999984
1791268200000,1791268439950,2026-10-06,2026-10-06T02:33:59.950000-04:00,UP,0.74,85232.74,1,True,0.3121298757121862,3,False,8.1355
1791269100000,1791269345868,2026-10-06,2026-10-06T02:49:05.868000-04:00,UP,0.78,85301.31,0,True,0.36101742135936776,3,False,-25.3444
1791270000000,1791270245189,2026-10-06,2026-10-06T03:04:05.189000-04:00,DOWN,0.66,85294.06,0,True,0.6616664911565695,1,False,-25.0012
1791270900000,1791271315214,2026-10-06,2026-10-06T03:21:55.214000-04:00,DOWN,0.8,85335.33,1,True,0.040139777522963195,4,False,5.8527999999999984
1791271800000,1791272046518,2026-10-06,2026-10-06T03:34:06.518000-04:00,UP,0.87,85286.79,1,True,0.1357691825020325,2,False,3.4183000000000003
1791272700000,1791272941768,2026-10-06,2026-10-06T03:49:01.768000-04:00,UP,0.83,85480.8,1,True,0.8771988407731116,1,True,4.803600000000001
1791273600000,1791273846774,2026-10-06,2026-10-06T04:04:06.774000-04:00,UP,0.75,85550.9,1,True,0.2982709071476604,3,False,7.8168
1791274500000,1791274839928,2026-10-06,2026-10-06T04:20:39.928000-04:00,UP,0.65,85781.39,1,True,0.32244710693401907,5,False,12.694799999999999
1791275400000,1791275645368,2026-10-06,2026-10-06T04:34:05.368000-04:00,DOWN,0.65,85877.22,0,True,0.3369637159399338,2,False,-25.3052
1791276300000,1791276548070,2026-10-06,2026-10-06T04:49:08.070000-04:00,UP,0.73,85934.54,1,True,0.5391023219708839,1,True,8.7109
1791277200000,1791277574739,2026-10-06,2026-10-06T05:06:14.739000-04:00,DOWN,0.72,86020.52,1,True,0.31303156671025056,4,False,9.0401
1791278100000,1791278340887,2026-10-06,2026-10-06T05:19:00.887000-04:00,UP,0.76,85917.83,0,True,0.20110510912022628,4,False,-24.7286
1791279000000,1791279241958,2026-10-06,2026-10-06T05:34:01.958000-04:00,UP,0.88,85735.81,1,True,0.09699803877218476,0,False,3.153
1791279900000,1791280146708,2026-10-06,2026-10-06T05:49:06.708000-04:00,UP,0.81,85884.4,1,True,0.18449727248202655,4,False,5.3767999999999985
1791280800000,1791281263812,2026-10-06,2026-10-06T06:07:43.812000-04:00,UP,0.66,85972.66,1,True,0.20145552853180382,4,False,11.998799999999997
1791281700000,1791281949476,2026-10-06,2026-10-06T06:19:09.476000-04:00,DOWN,0.73,86130.4,1,True,0.1306515765168636,0,False,8.7109
1791282600000,1791282844885,2026-10-06,2026-10-06T06:34:04.885000-04:00,DOWN,0.71,86100.68,0,True,0.041333697077114394,4,False,-25.354499999999998
1791283500000,1791283848384,2026-10-06,2026-10-06T06:50:48.384000-04:00,UP,0.65,86175.23,0,True,0.569231108242454,1,False,-25.3052
1791284400000,1791284642159,2026-10-06,2026-10-06T07:04:02.159000-04:00,UP,0.76,86125.05,1,True,0.013595129609877734,2,False,7.2714
1791285300000,1791285545360,2026-10-06,2026-10-06T07:19:05.360000-04:00,UP,0.912,86184.01,1,True,0.4240581791960691,1,False,2.224299999999999
1791286200000,1791286439412,2026-10-06,2026-10-06T07:33:59.412000-04:00,UP,0.83,86190.94,1,True,0.31009874699200785,0,False,4.803600000000001
1791287100000,1791287344770,2026-10-06,2026-10-06T07:49:04.770000-04:00,UP,0.65,86292.9,0,True,0.1166932109615872,3,False,-25.3052
1791288000000,1791288243275,2026-10-06,2026-10-06T08:04:03.275000-04:00,UP,0.69,86239.73,1,True,0.15231776143871273,0,False,10.620900000000002
1791288900000,1791289146373,2026-10-06,2026-10-06T08:19:06.373000-04:00,DOWN,0.8,86355.6,1,True,0.05782208006163881,2,False,5.8527999999999984
1791289800000,1791290043816,2026-10-06,2026-10-06T08:34:03.816000-04:00,UP,0.65,86150.88,1,True,0.24584060030075258,4,False,12.694799999999999
1791290700000,1791290940951,2026-10-06,2026-10-06T08:49:00.951000-04:00,DOWN,0.8,86242.09,1,True,0.006930572801224967,2,False,5.8527999999999984
1791291600000,1791291846198,2026-10-06,2026-10-06T09:04:06.198000-04:00,DOWN,0.65,86207.18,1,True,0.06465495002937494,2,False,12.694799999999999
1791292500000,1791292744252,2026-10-06,2026-10-06T09:19:04.252000-04:00,DOWN,0.76,86079.33,1,True,0.5495457309983556,1,True,7.2714
1791293400000,1791293640427,2026-10-06,2026-10-06T09:34:00.427000-04:00,UP,0.8,86007.18,1,True,0.43873291981241513,3,False,5.8527999999999984
1791294300000,1791294638582,2026-10-06,2026-10-06T09:50:38.582000-04:00,UP,0.68,86335.68,0,True,0.11520202642672658,3,False,-25.0284
1791295200000,1791295534710,2026-10-06,2026-10-06T10:05:34.710000-04:00,DOWN,0.67,86282.61,0,True,0.12609957481384257,2,False,-25.362700000000004
1791296100000,1791296349569,2026-10-06,2026-10-06T10:19:09.569000-04:00,DOWN,0.85,86304.41,1,True,0.3068277499877069,3,False,4.091100000000001
1791297000000,1791297267243,2026-10-06,2026-10-06T10:34:27.243000-04:00,UP,0.69,86065.81,1,True,0.07508114938160305,5,False,10.620900000000002
1791297900000,1791298297475,2026-10-06,2026-10-06T10:51:37.475000-04:00,UP,0.78,86300.19,1,True,0.4129289767419482,2,False,6.655599999999999
1791298800000,1791299337265,2026-10-06,2026-10-06T11:08:57.265000-04:00,DOWN,0.6,86591.76,0,True,0.24829708219365262,4,False,-25.2888
1791299700000,1791300007540,2026-10-06,2026-10-06T11:20:07.540000-04:00,DOWN,0.71,86595.4,1,True,0.01660607479393423,6,False,9.645500000000002
1791300600000,1791300846512,2026-10-06,2026-10-06T11:34:06.512000-04:00,UP,0.79,86281.03,0,True,0.4078442931852402,4,False,-24.8501
1791301500000,1791301753366,2026-10-06,2026-10-06T11:49:13.366000-04:00,DOWN,0.67,86105.99,1,True,0.5691563942034151,1,False,11.6373
1791302400000,1791302648378,2026-10-06,2026-10-06T12:04:08.378000-04:00,UP,0.7,85735.8,1,True,0.5796048333845548,0,False,9.985500000000002
1791303300000,1791303655551,2026-10-06,2026-10-06T12:20:55.551000-04:00,DOWN,0.71,85758.97,1,True,0.03868898010545924,8,False,9.645500000000002
1791304200000,1791304443835,2026-10-06,2026-10-06T12:34:03.835000-04:00,DOWN,0.75,85730.54,1,True,0.18268432401074405,6,False,7.8168
1791305100000,1791305368904,2026-10-06,2026-10-06T12:49:28.904000-04:00,DOWN,0.65,85690.16,1,True,0.039635710853853805,2,False,12.694799999999999
1791306000000,1791306532126,2026-10-06,2026-10-06T13:08:52.126000-04:00,UP,0.63,85588.06,0,True,0.49980149061115187,2,False,-25.2064
1791306900000,1791307221652,2026-10-06,2026-10-06T13:20:21.652000-04:00,DOWN,0.66,85530.47,0,True,0.2163157970404105,3,False,-25.0012
1791307800000,1791308043545,2026-10-06,2026-10-06T13:34:03.545000-04:00,DOWN,0.67,85627.02,1,True,0.3087380968860491,2,False,11.6373
1791308700000,1791308939799,2026-10-06,2026-10-06T13:48:59.799000-04:00,DOWN,0.65,85586.99,0,True,0.05568184186518861,4,False,-25.3052
1791309600000,1791309841920,2026-10-06,2026-10-06T14:04:01.920000-04:00,UP,0.82,85707.35,1,True,0.6661881259611554,3,False,5.090000000000002
1791310500000,1791310761767,2026-10-06,2026-10-06T14:19:21.767000-04:00,DOWN,0.66,85768.68,1,True,0.27993741253605203,5,False,11.998799999999997
1791311400000,1791311649961,2026-10-06,2026-10-06T14:34:09.961000-04:00,DOWN,0.88,85719.39,1,True,0.43583470686016806,1,False,3.153
1791312300000,1791312549853,2026-10-06,2026-10-06T14:49:09.853000-04:00,DOWN,0.86,85627.34,1,True,0.3950447112865826,3,False,3.8155000000000006
1791313200000,1791313498551,2026-10-06,2026-10-06T15:04:58.551000-04:00,UP,0.67,85501.45,0,True,0.12368006477190034,4,False,-25.362700000000004
1791314100000,1791314347658,2026-10-06,2026-10-06T15:19:07.658000-04:00,DOWN,0.66,85473.66,0,True,0.21973225935460647,3,False,-25.0012
1791315000000,1791315246077,2026-10-06,2026-10-06T15:34:06.077000-04:00,UP,0.86,85491.23,0,True,0.5722002047333501,3,True,-25.1845
1791315900000,1791316141685,2026-10-06,2026-10-06T15:49:01.685000-04:00,UP,0.9,85490.48,1,True,0.19319383861076958,0,False,2.529899999999999
1791316800000,1791317276871,2026-10-06,2026-10-06T16:07:56.871000-04:00,DOWN,0.66,85618.0,1,True,0.1169600756290237,2,False,11.998799999999997
1791317700000,1791317942460,2026-10-06,2026-10-06T16:19:02.460000-04:00,UP,0.68,85617.39,0,True,0.3493794138970609,1,False,-25.0284
1791318600000,1791318847022,2026-10-06,2026-10-06T16:34:07.022000-04:00,UP,0.65,85611.1,1,True,0.010023939370547805,4,False,12.694799999999999
1791319500000,1791319747595,2026-10-06,2026-10-06T16:49:07.595000-04:00,UP,0.68,85627.71,0,True,0.12176891635199974,2,False,-25.0284
1791320400000,1791320640274,2026-10-06,2026-10-06T17:04:00.274000-04:00,DOWN,0.83,85611.7,1,True,0.6787356097557299,3,False,4.803600000000001
1791321300000,1791321540919,2026-10-06,2026-10-06T17:19:00.919000-04:00,DOWN,0.73,85558.36,0,True,0.12710125700079045,2,False,-25.2891
1791322200000,1791322444988,2026-10-06,2026-10-06T17:34:04.988000-04:00,UP,0.74,85561.51,1,True,0.45863609772038894,1,False,8.1355
1791323100000,1791323621292,2026-10-06,2026-10-06T17:53:41.292000-04:00,DOWN,0.65,85586.19,0,True,0.27330188612684325,5,False,-25.3052
1791324000000,1791324257939,2026-10-06,2026-10-06T18:04:17.939000-04:00,UP,0.7,85605.76,0,True,0.06380541932444794,2,False,-25.014499999999998
1791324900000,1791325262605,2026-10-06,2026-10-06T18:21:02.605000-04:00,UP,0.77,85579.58,0,True,0.19180938278082774,2,False,-25.0368
1791325800000,1791326063067,2026-10-06,2026-10-06T18:34:23.067000-04:00,UP,0.76,85492.63,1,True,0.2634861208153072,2,False,7.2714
1791326700000,1791326944297,2026-10-06,2026-10-06T18:49:04.297000-04:00,UP,0.73,85546.13,0,True,0.7687348093998397,3,False,-25.2891
1791327600000,1791327971639,2026-10-06,2026-10-06T19:06:11.639000-04:00,DOWN,0.76,85531.02,1,True,0.5851251410173227,1,False,7.2714
1791328500000,1791328938146,2026-10-06,2026-10-06T19:22:18.146000-04:00,UP,0.66,85495.4,0,True,0.010946596708323047,3,False,-25.0012
1791329400000,1791329642427,2026-10-06,2026-10-06T19:34:02.427000-04:00,DOWN,0.81,85481.41,0,True,0.39055153692244515,2,True,-24.6232
1791330300000,1791330586609,2026-10-06,2026-10-06T19:49:46.609000-04:00,UP,0.69,85556.64,0,True,0.9339291339158179,1,False,-25.379099999999998
1791331200000,1791331445975,2026-10-06,2026-10-06T20:04:05.975000-04:00,DOWN,0.67,85549.85,0,True,0.553956130042754,1,False,-25.362700000000004
1791332100000,1791332375855,2026-10-06,2026-10-06T20:19:35.855000-04:00,DOWN,0.7,85573.48,1,True,0.21268680885718647,6,False,9.985500000000002
1791333000000,1791333324547,2026-10-06,2026-10-06T20:35:24.547000-04:00,UP,0.79,85433.01,1,True,0.5863241911031881,2,False,6.149899999999999
1791333900000,1791334143513,2026-10-06,2026-10-06T20:49:03.513000-04:00,UP,0.69,85501.67,1,True,0.29080389921140953,3,False,10.620900000000002
1791334800000,1791335044040,2026-10-06,2026-10-06T21:04:04.040000-04:00,DOWN,0.73,85537.85,1,True,0.2754830617381244,2,False,8.7109
1791335700000,1791335944684,2026-10-06,2026-10-06T21:19:04.684000-04:00,DOWN,0.69,85445.32,1,True,0.28949587342356775,1,False,10.620900000000002
1791336600000,1791336846951,2026-10-06,2026-10-06T21:34:06.951000-04:00,UP,0.76,85258.88,1,True,0.32379326176624923,2,False,7.2714
1791337500000,1791337932062,2026-10-06,2026-10-06T21:52:12.062000-04:00,DOWN,0.66,85278.91,1,True,0.41287063082351394,4,False,11.998799999999997
1791338400000,1791338648282,2026-10-06,2026-10-06T22:04:08.282000-04:00,DOWN,0.928,84573.15,1,True,0.8920946777397694,1,False,1.7502999999999989
1791339300000,1791339539601,2026-10-06,2026-10-06T22:18:59.601000-04:00,UP,0.68,83924.25,0,True,0.13306898790536156,4,False,-25.0284
1791340200000,1791340494076,2026-10-06,2026-10-06T22:34:54.076000-04:00,UP,0.66,83818.84,0,False,,,,-25.0012
1791341100000,1791341349243,2026-10-06,2026-10-06T22:49:09.243000-04:00,UP,0.7,83792.85,1,False,,,,9.985500000000002
1791342000000,1791342247722,2026-10-06,2026-10-06T23:04:07.722000-04:00,UP,0.9,83852.84,1,True,0.5451485171110302,2,True,2.529899999999999
1791342900000,1791343147307,2026-10-06,2026-10-06T23:19:07.307000-04:00,UP,0.85,83934.62,1,True,0.09489108747394248,0,False,4.091100000000001
1791343800000,1791344048412,2026-10-06,2026-10-06T23:34:08.412000-04:00,UP,0.75,83957.39,1,True,0.09808701414801582,2,False,7.8168
1791344700000,1791344940160,2026-10-06,2026-10-06T23:49:00.160000-04:00,UP,0.7,84121.82,0,True,1.0,1,False,-25.014499999999998
1791345600000,1791345841178,2026-10-07,2026-10-07T00:04:01.178000-04:00,UP,0.77,84114.94,1,True,0.06401976673716805,0,False,6.9632
1791346500000,1791346749880,2026-10-07,2026-10-07T00:19:09.880000-04:00,DOWN,0.71,84117.35,0,True,0.5399339205437608,3,False,-25.354499999999998
1791347400000,1791347646482,2026-10-07,2026-10-07T00:34:06.482000-04:00,DOWN,0.76,84118.56,1,True,0.05952527539734578,2,False,7.2714
1791348300000,1791348548487,2026-10-07,2026-10-07T00:49:08.487000-04:00,UP,0.66,84043.54,1,True,0.2472315292482891,3,False,11.998799999999997
1791349200000,1791349446395,2026-10-07,2026-10-07T01:04:06.395000-04:00,UP,0.65,84078.57,1,True,0.09829504972734834,2,False,12.694799999999999
1791350100000,1791350428221,2026-10-07,2026-10-07T01:20:28.221000-04:00,UP,0.68,84158.01,1,True,0.4834034433501532,5,False,10.971599999999999
1791351000000,1791351248426,2026-10-07,2026-10-07T01:34:08.426000-04:00,UP,0.72,84181.84,1,True,0.43507289428509,1,False,9.0401
1791351900000,1791352140091,2026-10-07,2026-10-07T01:49:00.091000-04:00,UP,0.66,84200.88,1,True,0.11737252344815835,4,False,11.998799999999997
1791352800000,1791353179457,2026-10-07,2026-10-07T02:06:19.457000-04:00,DOWN,0.69,84309.0,1,True,0.08762618885339567,2,False,10.620900000000002
1791353700000,1791353949670,2026-10-07,2026-10-07T02:19:09.670000-04:00,DOWN,0.86,84285.79,1,True,0.6475450213996821,3,False,3.8155000000000006
1791354600000,1791354851167,2026-10-07,2026-10-07T02:34:11.167000-04:00,UP,0.7,84197.67,1,True,0.10489975898319358,3,False,9.985500000000002
1791355500000,1791355748305,2026-10-07,2026-10-07T02:49:08.305000-04:00,DOWN,0.82,84323.56,1,True,0.1678560882874735,2,False,5.090000000000002
1791356400000,1791356649031,2026-10-07,2026-10-07T03:04:09.031000-04:00,DOWN,0.68,84220.03,0,False,,,,-25.0284
1791357300000,1791357544709,2026-10-07,2026-10-07T03:19:04.709000-04:00,DOWN,0.83,84233.95,1,False,,,,4.803600000000001
1791358200000,1791358444673,2026-10-07,2026-10-07T03:34:04.673000-04:00,UP,0.79,84199.35,1,False,,,,6.149899999999999
1791359100000,1791359349318,2026-10-07,2026-10-07T03:49:09.318000-04:00,DOWN,0.69,84274.88,1,True,0.0968047358539028,2,False,10.620900000000002
1791360000000,1791360243316,2026-10-07,2026-10-07T04:04:03.316000-04:00,DOWN,0.78,84132.98,1,True,0.6100893257959543,3,False,6.655599999999999
1791360900000,1791361143450,2026-10-07,2026-10-07T04:19:03.450000-04:00,DOWN,0.69,84012.98,0,True,0.40637710536461413,3,True,-25.379099999999998
1791361800000,1791362068457,2026-10-07,2026-10-07T04:34:28.457000-04:00,UP,0.65,84018.7,0,True,0.20996971726634894,5,False,-25.3052
1791362700000,1791362944684,2026-10-07,2026-10-07T04:49:04.684000-04:00,UP,0.66,83968.07,0,True,0.11865356874536187,2,False,-25.0012
1791363600000,1791363932691,2026-10-07,2026-10-07T05:05:32.691000-04:00,UP,0.7,83933.38,0,True,0.24751314224133913,0,False,-25.014499999999998
1791364500000,1791364743442,2026-10-07,2026-10-07T05:19:03.442000-04:00,DOWN,0.81,83913.32,1,True,0.4433858913966942,3,True,5.3767999999999985
1791365400000,1791365645622,2026-10-07,2026-10-07T05:34:05.622000-04:00,DOWN,0.67,83802.62,1,True,0.2880155634807869,5,False,11.6373
1791366300000,1791366570565,2026-10-07,2026-10-07T05:49:30.565000-04:00,UP,0.68,83762.63,1,True,0.010064061963308854,4,False,10.971599999999999
1791367200000,1791367439452,2026-10-07,2026-10-07T06:03:59.452000-04:00,DOWN,0.67,83773.42,0,True,0.01648988495834485,4,False,-25.362700000000004
1791368100000,1791368339832,2026-10-07,2026-10-07T06:18:59.832000-04:00,UP,0.69,83792.63,1,True,0.07324825087428562,3,False,10.620900000000002
1791369000000,1791369241771,2026-10-07,2026-10-07T06:34:01.771000-04:00,DOWN,0.78,83848.7,1,True,0.3839513663889596,4,False,6.655599999999999
1791369900000,1791370144083,2026-10-07,2026-10-07T06:49:04.083000-04:00,UP,0.73,83633.3,1,True,0.16169480875457126,0,False,8.7109
1791370800000,1791371049401,2026-10-07,2026-10-07T07:04:09.401000-04:00,DOWN,0.68,83723.93,0,True,0.008136606078398698,6,False,-25.0284
1791371700000,1791371949390,2026-10-07,2026-10-07T07:19:09.390000-04:00,DOWN,0.87,83796.16,1,True,0.13307419440676524,2,False,3.4183000000000003
1791372600000,1791372895463,2026-10-07,2026-10-07T07:34:55.463000-04:00,DOWN,0.69,83700.46,1,True,0.13836477393388194,5,False,10.620900000000002
1791373500000,1791373817493,2026-10-07,2026-10-07T07:50:17.493000-04:00,DOWN,0.66,83624.07,0,True,0.37324363841359115,3,False,-25.0012
1791374400000,1791374643535,2026-10-07,2026-10-07T08:04:03.535000-04:00,DOWN,0.8,83710.72,1,True,0.04328657168284517,0,False,5.8527999999999984
1791375300000,1791375547586,2026-10-07,2026-10-07T08:19:07.586000-04:00,DOWN,0.83,83623.03,1,True,0.3394579516930686,6,False,4.803600000000001
1791376200000,1791376447699,2026-10-07,2026-10-07T08:34:07.699000-04:00,UP,0.73,83439.89,1,True,0.007708360994779845,2,False,8.7109
1791377100000,1791377344969,2026-10-07,2026-10-07T08:49:04.969000-04:00,DOWN,0.73,83483.44,1,True,0.22449730410264876,3,False,8.7109
1791378000000,1791378239290,2026-10-07,2026-10-07T09:03:59.290000-04:00,UP,0.67,83449.86,0,True,0.03726427212053658,4,False,-25.362700000000004
1791378900000,1791379146846,2026-10-07,2026-10-07T09:19:06.846000-04:00,UP,0.77,83345.82,0,True,0.12330974532081503,2,False,-25.0368
1791379800000,1791380045769,2026-10-07,2026-10-07T09:34:05.769000-04:00,UP,0.72,83299.08,0,True,0.11187159904374419,4,False,-24.9599
1791380700000,1791380945131,2026-10-07,2026-10-07T09:49:05.131000-04:00,DOWN,0.7,83072.73,0,True,0.6589237870605826,3,True,-25.014499999999998
1791381600000,1791381907760,2026-10-07,2026-10-07T10:05:07.760000-04:00,DOWN,0.73,83180.95,1,True,0.2903382761919442,2,False,8.7109
1791382500000,1791382747154,2026-10-07,2026-10-07T10:19:07.154000-04:00,DOWN,0.71,83142.31,1,True,0.15571218102458073,2,False,9.645500000000002
1791383400000,1791383641375,2026-10-07,2026-10-07T10:34:01.375000-04:00,UP,0.68,83031.07,0,True,0.06955646199903844,6,False,-25.0284
1791384300000,1791384834107,2026-10-07,2026-10-07T10:53:54.107000-04:00,DOWN,0.56,82959.63,1,True,0.3754674031758478,2,False,18.601
1791385200000,1791385471780,2026-10-07,2026-10-07T11:04:31.780000-04:00,DOWN,0.68,82955.97,0,True,0.19352159604144845,5,False,-25.0284
1791386100000,1791386345522,2026-10-07,2026-10-07T11:19:05.522000-04:00,DOWN,0.73,83070.1,1,True,0.16627634138193934,4,False,8.7109
1791387000000,1791387248508,2026-10-07,2026-10-07T11:34:08.508000-04:00,UP,0.87,83009.13,1,True,0.4149014381426852,1,True,3.4183000000000003
1791387900000,1791388267835,2026-10-07,2026-10-07T11:51:07.835000-04:00,UP,0.74,83280.34,1,True,0.28796199787567855,3,False,8.1355
1791388800000,1791389078777,2026-10-07,2026-10-07T12:04:38.777000-04:00,UP,0.67,83406.45,1,True,0.39986127743809236,3,False,11.6373
1791389700000,1791389939291,2026-10-07,2026-10-07T12:18:59.291000-04:00,UP,0.73,83475.38,1,True,0.42458450054736835,3,False,8.7109
1791390600000,1791390845475,2026-10-07,2026-10-07T12:34:05.475000-04:00,UP,0.78,83532.9,0,True,0.15916487719399403,2,False,-25.3444
1791391500000,1791391744261,2026-10-07,2026-10-07T12:49:04.261000-04:00,DOWN,0.67,83399.03,1,True,0.6385242874597389,3,False,11.6373
1791392400000,1791392642756,2026-10-07,2026-10-07T13:04:02.756000-04:00,UP,0.84,83355.86,1,True,0.4429838517803885,4,False,4.367100000000001
1791393300000,1791393684276,2026-10-07,2026-10-07T13:21:24.276000-04:00,DOWN,0.65,83488.31,1,True,0.03957625659378113,2,False,12.694799999999999
1791394200000,1791394735607,2026-10-07,2026-10-07T13:38:55.607000-04:00,DOWN,0.52,83170.45,1,True,0.6962583989269603,2,False,22.2013
1791395100000,1791395378571,2026-10-07,2026-10-07T13:49:38.571000-04:00,UP,0.72,83047.88,1,True,0.3224710582784213,2,False,9.0401
1791396000000,1791396239061,2026-10-07,2026-10-07T14:03:59.061000-04:00,UP,0.87,83115.01,1,True,0.5144903279563822,7,False,3.4183000000000003
1791396900000,1791397141656,2026-10-07,2026-10-07T14:19:01.656000-04:00,DOWN,0.74,83297.34,0,True,0.03725333200096234,4,False,-24.8645
1791397800000,1791398064473,2026-10-07,2026-10-07T14:34:24.473000-04:00,DOWN,0.7,83308.98,1,True,0.11616038094053958,2,False,9.985500000000002
1791398700000,1791398944414,2026-10-07,2026-10-07T14:49:04.414000-04:00,UP,0.7,83286.61,1,True,0.21190173946434568,4,False,9.985500000000002
1791399600000,1791399966266,2026-10-07,2026-10-07T15:06:06.266000-04:00,UP,0.65,83373.63,0,True,0.10587324300816278,5,False,-25.3052
1791400500000,1791400740630,2026-10-07,2026-10-07T15:19:00.630000-04:00,UP,0.81,83353.5,1,True,0.07816163961228201,4,False,5.3767999999999985
1791401400000,1791401765614,2026-10-07,2026-10-07T15:36:05.614000-04:00,DOWN,0.76,83416.25,1,True,0.10283243007995307,5,False,7.2714
1791402300000,1791402541065,2026-10-07,2026-10-07T15:49:01.065000-04:00,DOWN,0.87,83411.94,1,True,0.3262541545292259,1,False,3.4183000000000003
1791403200000,1791403445246,2026-10-07,2026-10-07T16:04:05.246000-04:00,UP,0.78,83382.33,1,True,0.5893562869855065,5,True,6.655599999999999
1791404100000,1791404417531,2026-10-07,2026-10-07T16:20:17.531000-04:00,UP,0.66,83506.46,1,True,0.5407195436981729,5,False,11.998799999999997
1791405000000,1791405247490,2026-10-07,2026-10-07T16:34:07.490000-04:00,DOWN,0.84,83518.14,1,True,0.38069011885327775,3,False,4.367100000000001
1791405900000,1791406436267,2026-10-07,2026-10-07T16:53:56.267000-04:00,DOWN,0.64,83349.21,0,True,0.12752427318020057,4,False,-25.589000000000002
1791406800000,1791407047042,2026-10-07,2026-10-07T17:04:07.042000-04:00,DOWN,0.79,83392.87,1,True,0.03627972606011204,2,False,6.149899999999999
1791407700000,1791407940831,2026-10-07,2026-10-07T17:19:00.831000-04:00,UP,0.72,83317.42,0,True,0.15066784065429792,2,False,-24.9599
1791408600000,1791408840259,2026-10-07,2026-10-07T17:34:00.259000-04:00,DOWN,0.71,83293.61,1,True,0.6891488121804579,1,False,9.645500000000002
1791409500000,1791410007222,2026-10-07,2026-10-07T17:53:27.222000-04:00,DOWN,0.76,83177.69,1,True,0.7424601369675431,1,False,7.2714
1791410400000,1791410649086,2026-10-07,2026-10-07T18:04:09.086000-04:00,UP,0.81,83120.05,1,True,0.20463561489411983,2,False,5.3767999999999985
